time_from_start_s,level,message
0.00,INFO,"Mister pulse started; ON until 0.25s, cooldown until 4.25s"
5.01,INFO,"Mister pulse started; ON until 5.26s, cooldown until 9.26s"
10.02,INFO,"Mister pulse started; ON until 10.27s, cooldown until 14.27s"
15.03,INFO,"Mister pulse started; ON until 15.28s, cooldown until 19.28s"
20.04,INFO,"Mister pulse started; ON until 20.29s, cooldown until 24.29s"
25.04,INFO,"Mister pulse started; ON until 25.29s, cooldown until 29.29s"
30.01,INFO,"Mister pulse started; ON until 30.26s, cooldown until 34.26s"
35.01,INFO,"Mister pulse started; ON until 35.26s, cooldown until 39.26s"
70.01,INFO,"Mister pulse started; ON until 70.26s, cooldown until 74.26s"
116.02,INFO,"Mister pulse started; ON until 116.27s, cooldown until 120.27s"
154.01,INFO,"Mister pulse started; ON until 154.26s, cooldown until 158.26s"
185.05,INFO,"Mister pulse started; ON until 185.30s, cooldown until 189.30s"
218.03,INFO,"Mister pulse started; ON until 218.28s, cooldown until 222.28s"
252.01,INFO,"Mister pulse started; ON until 252.26s, cooldown until 256.26s"
269.04,INFO,"Mister pulse started; ON until 269.29s, cooldown until 273.29s"
289.03,INFO,"Mister pulse started; ON until 289.28s, cooldown until 293.28s"
321.04,INFO,"Mister pulse started; ON until 321.29s, cooldown until 325.29s"
351.04,INFO,"Mister pulse started; ON until 351.29s, cooldown until 355.29s"
378.04,INFO,"Mister pulse started; ON until 378.29s, cooldown until 382.29s"
411.04,INFO,"Mister pulse started; ON until 411.29s, cooldown until 415.29s"
427.05,INFO,"Mister pulse started; ON until 427.30s, cooldown until 431.30s"
441.04,INFO,"Mister pulse started; ON until 441.29s, cooldown until 445.29s"
473.05,INFO,"Mister pulse started; ON until 473.30s, cooldown until 477.30s"
504.03,INFO,"Mister pulse started; ON until 504.28s, cooldown until 508.28s"
535.01,INFO,"Mister pulse started; ON until 535.26s, cooldown until 539.26s"
565.01,INFO,"Mister pulse started; ON until 565.26s, cooldown until 569.26s"
591.04,INFO,"Mister pulse started; ON until 591.29s, cooldown until 595.29s"
619.00,INFO,"Mister pulse started; ON until 619.25s, cooldown until 623.25s"
639.03,INFO,"Mister pulse started; ON until 639.28s, cooldown until 643.28s"
666.04,INFO,"Mister pulse started; ON until 666.29s, cooldown until 670.29s"
684.01,INFO,"Mister pulse started; ON until 684.26s, cooldown until 688.26s"
708.02,INFO,"Mister pulse started; ON until 708.27s, cooldown until 712.27s"
732.02,INFO,"Mister pulse started; ON until 732.27s, cooldown until 736.27s"
755.01,INFO,"Mister pulse started; ON until 755.26s, cooldown until 759.26s"
778.03,INFO,"Mister pulse started; ON until 778.28s, cooldown until 782.28s"
796.00,INFO,"Mister pulse started; ON until 796.25s, cooldown until 800.25s"
822.02,INFO,"Mister pulse started; ON until 822.27s, cooldown until 826.27s"
835.03,INFO,"Mister pulse started; ON until 835.28s, cooldown until 839.28s"
856.03,INFO,"Mister pulse started; ON until 856.28s, cooldown until 860.28s"
871.00,INFO,"Mister pulse started; ON until 871.25s, cooldown until 875.25s"
887.01,INFO,"Mister pulse started; ON until 887.26s, cooldown until 891.26s"
899.04,INFO,"Mister pulse started; ON until 899.29s, cooldown until 903.29s"
921.04,INFO,"Mister pulse started; ON until 921.29s, cooldown until 925.29s"
939.02,INFO,"Mister pulse started; ON until 939.27s, cooldown until 943.27s"
963.03,INFO,"Mister pulse started; ON until 963.28s, cooldown until 967.28s"
986.01,INFO,"Mister pulse started; ON until 986.26s, cooldown until 990.26s"
1010.01,INFO,"Mister pulse started; ON until 1010.26s, cooldown until 1014.26s"
1033.04,INFO,"Mister pulse started; ON until 1033.29s, cooldown until 1037.29s"
1054.02,INFO,"Mister pulse started; ON until 1054.27s, cooldown until 1058.27s"
1071.01,INFO,"Mister pulse started; ON until 1071.26s, cooldown until 1075.26s"
1091.04,INFO,"Mister pulse started; ON until 1091.29s, cooldown until 1095.29s"
1096.04,INFO,"Mister pulse started; ON until 1096.29s, cooldown until 1100.29s"
1121.03,INFO,"Mister pulse started; ON until 1121.28s, cooldown until 1125.28s"
1143.02,INFO,"Mister pulse started; ON until 1143.27s, cooldown until 1147.27s"
1161.04,INFO,"Mister pulse started; ON until 1161.29s, cooldown until 1165.29s"
1185.05,INFO,"Mister pulse started; ON until 1185.30s, cooldown until 1189.30s"
1206.00,INFO,"Mister pulse started; ON until 1206.25s, cooldown until 1210.25s"
1226.04,INFO,"Mister pulse started; ON until 1226.29s, cooldown until 1230.29s"
1231.05,INFO,"Mister pulse started; ON until 1231.30s, cooldown until 1235.30s"
1255.01,INFO,"Mister pulse started; ON until 1255.26s, cooldown until 1259.26s"
1275.00,INFO,"Mister pulse started; ON until 1275.25s, cooldown until 1279.25s"
1291.01,INFO,"Mister pulse started; ON until 1291.26s, cooldown until 1295.26s"
1309.03,INFO,"Mister pulse started; ON until 1309.28s, cooldown until 1313.28s"
1330.04,INFO,"Mister pulse started; ON until 1330.29s, cooldown until 1334.29s"
1344.03,INFO,"Mister pulse started; ON until 1344.28s, cooldown until 1348.28s"
1353.01,INFO,"Mister pulse started; ON until 1353.26s, cooldown until 1357.26s"
1370.00,INFO,"Mister pulse started; ON until 1370.25s, cooldown until 1374.25s"
1388.02,INFO,"Mister pulse started; ON until 1388.27s, cooldown until 1392.27s"
1409.03,INFO,"Mister pulse started; ON until 1409.28s, cooldown until 1413.28s"
1424.01,INFO,"Mister pulse started; ON until 1424.26s, cooldown until 1428.26s"
1439.03,INFO,"Mister pulse started; ON until 1439.28s, cooldown until 1443.28s"
1451.02,INFO,"Mister pulse started; ON until 1451.27s, cooldown until 1455.27s"
1474.04,INFO,"Mister pulse started; ON until 1474.29s, cooldown until 1478.29s"
1491.03,INFO,"Mister pulse started; ON until 1491.28s, cooldown until 1495.28s"
1514.01,INFO,"Mister pulse started; ON until 1514.26s, cooldown until 1518.26s"
1537.03,INFO,"Mister pulse started; ON until 1537.28s, cooldown until 1541.28s"
1556.03,INFO,"Mister pulse started; ON until 1556.28s, cooldown until 1560.28s"
1584.01,INFO,"Mister pulse started; ON until 1584.26s, cooldown until 1588.26s"
1602.03,INFO,"Mister pulse started; ON until 1602.28s, cooldown until 1606.28s"
1624.03,INFO,"Mister pulse started; ON until 1624.28s, cooldown until 1628.28s"
1643.03,INFO,"Mister pulse started; ON until 1643.28s, cooldown until 1647.28s"
1668.02,INFO,"Mister pulse started; ON until 1668.27s, cooldown until 1672.27s"
1678.03,INFO,"Mister pulse started; ON until 1678.28s, cooldown until 1682.28s"
1694.04,INFO,"Mister pulse started; ON until 1694.29s, cooldown until 1698.29s"
1709.01,INFO,"Mister pulse started; ON until 1709.26s, cooldown until 1713.26s"
1724.04,INFO,"Mister pulse started; ON until 1724.29s, cooldown until 1728.29s"
1731.01,INFO,"Mister pulse started; ON until 1731.26s, cooldown until 1735.26s"
1747.01,INFO,"Mister pulse started; ON until 1747.26s, cooldown until 1751.26s"
1752.02,INFO,"Mister pulse started; ON until 1752.27s, cooldown until 1756.27s"
1777.02,INFO,"Mister pulse started; ON until 1777.27s, cooldown until 1781.27s"
1799.01,INFO,"Mister pulse started; ON until 1799.26s, cooldown until 1803.26s"
1816.05,INFO,"Mister pulse started; ON until 1816.30s, cooldown until 1820.30s"
1834.01,INFO,"Mister pulse started; ON until 1834.26s, cooldown until 1838.26s"
1844.03,INFO,"Mister pulse started; ON until 1844.28s, cooldown until 1848.28s"
1857.04,INFO,"Mister pulse started; ON until 1857.29s, cooldown until 1861.29s"
1880.02,INFO,"Mister pulse started; ON until 1880.27s, cooldown until 1884.27s"
1901.03,INFO,"Mister pulse started; ON until 1901.28s, cooldown until 1905.28s"
1918.04,INFO,"Mister pulse started; ON until 1918.29s, cooldown until 1922.29s"
1939.05,INFO,"Mister pulse started; ON until 1939.30s, cooldown until 1943.30s"
1949.02,INFO,"Mister pulse started; ON until 1949.27s, cooldown until 1953.27s"
1969.00,INFO,"Mister pulse started; ON until 1969.25s, cooldown until 1973.25s"
1981.03,INFO,"Mister pulse started; ON until 1981.28s, cooldown until 1985.28s"
1996.01,INFO,"Mister pulse started; ON until 1996.26s, cooldown until 2000.26s"
2016.04,INFO,"Mister pulse started; ON until 2016.29s, cooldown until 2020.29s"
2039.02,INFO,"Mister pulse started; ON until 2039.27s, cooldown until 2043.27s"
2052.03,INFO,"Mister pulse started; ON until 2052.28s, cooldown until 2056.28s"
2076.04,INFO,"Mister pulse started; ON until 2076.29s, cooldown until 2080.29s"
2099.01,INFO,"Mister pulse started; ON until 2099.26s, cooldown until 2103.26s"
2120.03,INFO,"Mister pulse started; ON until 2120.28s, cooldown until 2124.28s"
2134.01,INFO,"Mister pulse started; ON until 2134.26s, cooldown until 2138.26s"
2140.01,INFO,"Mister pulse started; ON until 2140.26s, cooldown until 2144.26s"
2170.01,INFO,"Mister pulse started; ON until 2170.26s, cooldown until 2174.26s"
2192.00,INFO,"Mister pulse started; ON until 2192.25s, cooldown until 2196.25s"
2209.03,INFO,"Mister pulse started; ON until 2209.28s, cooldown until 2213.28s"
2229.02,INFO,"Mister pulse started; ON until 2229.27s, cooldown until 2233.27s"
2236.05,INFO,"Mister pulse started; ON until 2236.30s, cooldown until 2240.30s"
2266.04,INFO,"Mister pulse started; ON until 2266.29s, cooldown until 2270.29s"
2285.05,INFO,"Mister pulse started; ON until 2285.30s, cooldown until 2289.30s"
2293.00,INFO,"Mister pulse started; ON until 2293.25s, cooldown until 2297.25s"
2310.04,INFO,"Mister pulse started; ON until 2310.29s, cooldown until 2314.29s"
2322.03,INFO,"Mister pulse started; ON until 2322.28s, cooldown until 2326.28s"
2349.04,INFO,"Mister pulse started; ON until 2349.29s, cooldown until 2353.29s"
2366.02,INFO,"Mister pulse started; ON until 2366.27s, cooldown until 2370.27s"
2384.05,INFO,"Mister pulse started; ON until 2384.30s, cooldown until 2388.30s"
2406.04,INFO,"Mister pulse started; ON until 2406.29s, cooldown until 2410.29s"
2423.03,INFO,"Mister pulse started; ON until 2423.28s, cooldown until 2427.28s"
2445.02,INFO,"Mister pulse started; ON until 2445.27s, cooldown until 2449.27s"
2462.01,INFO,"Mister pulse started; ON until 2462.26s, cooldown until 2466.26s"
2482.04,INFO,"Mister pulse started; ON until 2482.29s, cooldown until 2486.29s"
2487.05,INFO,"Mister pulse started; ON until 2487.30s, cooldown until 2491.30s"
2514.00,INFO,"Mister pulse started; ON until 2514.25s, cooldown until 2518.25s"
2528.04,INFO,"Mister pulse started; ON until 2528.29s, cooldown until 2532.29s"
2552.05,INFO,"Mister pulse started; ON until 2552.30s, cooldown until 2556.30s"
2579.01,INFO,"Mister pulse started; ON until 2579.26s, cooldown until 2583.26s"
2596.05,INFO,"Mister pulse started; ON until 2596.30s, cooldown until 2600.30s"
2613.04,INFO,"Mister pulse started; ON until 2613.29s, cooldown until 2617.29s"
2638.02,INFO,"Mister pulse started; ON until 2638.27s, cooldown until 2642.27s"
2660.01,INFO,"Mister pulse started; ON until 2660.26s, cooldown until 2664.26s"
2681.02,INFO,"Mister pulse started; ON until 2681.27s, cooldown until 2685.27s"
2693.02,INFO,"Mister pulse started; ON until 2693.27s, cooldown until 2697.27s"
2717.03,INFO,"Mister pulse started; ON until 2717.28s, cooldown until 2721.28s"
2742.02,INFO,"Mister pulse started; ON until 2742.27s, cooldown until 2746.27s"
2747.03,INFO,"Mister pulse started; ON until 2747.28s, cooldown until 2751.28s"
2774.03,INFO,"Mister pulse started; ON until 2774.28s, cooldown until 2778.28s"
2780.03,INFO,"Mister pulse started; ON until 2780.28s, cooldown until 2784.28s"
2808.01,INFO,"Mister pulse started; ON until 2808.26s, cooldown until 2812.26s"
2826.04,INFO,"Mister pulse started; ON until 2826.29s, cooldown until 2830.29s"
2848.03,INFO,"Mister pulse started; ON until 2848.28s, cooldown until 2852.28s"
2866.00,INFO,"Mister pulse started; ON until 2866.25s, cooldown until 2870.25s"
2888.04,INFO,"Mister pulse started; ON until 2888.29s, cooldown until 2892.29s"
2907.05,INFO,"Mister pulse started; ON until 2907.30s, cooldown until 2911.30s"
2931.00,INFO,"Mister pulse started; ON until 2931.25s, cooldown until 2935.25s"
2936.01,INFO,"Mister pulse started; ON until 2936.26s, cooldown until 2940.26s"
2960.02,INFO,"Mister pulse started; ON until 2960.27s, cooldown until 2964.27s"
2980.05,INFO,"Mister pulse started; ON until 2980.30s, cooldown until 2984.30s"
2992.03,INFO,"Mister pulse started; ON until 2992.28s, cooldown until 2996.28s"
3016.04,INFO,"Mister pulse started; ON until 3016.29s, cooldown until 3020.29s"
3037.04,INFO,"Mister pulse started; ON until 3037.29s, cooldown until 3041.29s"
3048.04,INFO,"Mister pulse started; ON until 3048.29s, cooldown until 3052.29s"
3071.02,INFO,"Mister pulse started; ON until 3071.27s, cooldown until 3075.27s"
3092.02,INFO,"Mister pulse started; ON until 3092.27s, cooldown until 3096.27s"
3107.04,INFO,"Mister pulse started; ON until 3107.29s, cooldown until 3111.29s"
3112.01,INFO,"Mister pulse started; ON until 3112.26s, cooldown until 3116.26s"
3142.01,INFO,"Mister pulse started; ON until 3142.26s, cooldown until 3146.26s"
3163.02,INFO,"Mister pulse started; ON until 3163.27s, cooldown until 3167.27s"
3172.00,INFO,"Mister pulse started; ON until 3172.25s, cooldown until 3176.25s"
3196.02,INFO,"Mister pulse started; ON until 3196.27s, cooldown until 3200.27s"
3211.00,INFO,"Mister pulse started; ON until 3211.25s, cooldown until 3215.25s"
3231.04,INFO,"Mister pulse started; ON until 3231.29s, cooldown until 3235.29s"
3252.05,INFO,"Mister pulse started; ON until 3252.30s, cooldown until 3256.30s"
3267.02,INFO,"Mister pulse started; ON until 3267.27s, cooldown until 3271.27s"
3285.05,INFO,"Mister pulse started; ON until 3285.30s, cooldown until 3289.30s"
3310.04,INFO,"Mister pulse started; ON until 3310.29s, cooldown until 3314.29s"
3332.03,INFO,"Mister pulse started; ON until 3332.28s, cooldown until 3336.28s"
3354.03,INFO,"Mister pulse started; ON until 3354.28s, cooldown until 3358.28s"
3372.00,INFO,"Mister pulse started; ON until 3372.25s, cooldown until 3376.25s"
3396.01,INFO,"Mister pulse started; ON until 3396.26s, cooldown until 3400.26s"
3420.01,INFO,"Mister pulse started; ON until 3420.26s, cooldown until 3424.26s"
3441.03,INFO,"Mister pulse started; ON until 3441.28s, cooldown until 3445.28s"
3459.04,INFO,"Mister pulse started; ON until 3459.29s, cooldown until 3463.29s"
3477.00,INFO,"Mister pulse started; ON until 3477.25s, cooldown until 3481.25s"
3483.05,INFO,"Mister pulse started; ON until 3483.30s, cooldown until 3487.30s"
3507.01,INFO,"Mister pulse started; ON until 3507.26s, cooldown until 3511.26s"
3531.03,INFO,"Mister pulse started; ON until 3531.28s, cooldown until 3535.28s"
3555.05,INFO,"Mister pulse started; ON until 3555.30s, cooldown until 3559.30s"
3577.05,INFO,"Mister pulse started; ON until 3577.30s, cooldown until 3581.30s"
3597.03,INFO,"Mister pulse started; ON until 3597.28s, cooldown until 3601.28s"
3609.02,INFO,"Mister pulse started; ON until 3609.27s, cooldown until 3613.27s"
3635.04,INFO,"Mister pulse started; ON until 3635.29s, cooldown until 3639.29s"
3640.00,INFO,"Mister pulse started; ON until 3640.25s, cooldown until 3644.25s"
3667.05,INFO,"Mister pulse started; ON until 3667.30s, cooldown until 3671.30s"
3673.04,INFO,"Mister pulse started; ON until 3673.29s, cooldown until 3677.29s"
3703.05,INFO,"Mister pulse started; ON until 3703.30s, cooldown until 3707.30s"
3722.04,INFO,"Mister pulse started; ON until 3722.29s, cooldown until 3726.29s"
3732.01,INFO,"Mister pulse started; ON until 3732.26s, cooldown until 3736.26s"
3754.01,INFO,"Mister pulse started; ON until 3754.26s, cooldown until 3758.26s"
3762.01,INFO,"Mister pulse started; ON until 3762.26s, cooldown until 3766.26s"
3781.01,INFO,"Mister pulse started; ON until 3781.26s, cooldown until 3785.26s"
3801.04,INFO,"Mister pulse started; ON until 3801.29s, cooldown until 3805.29s"
3806.00,INFO,"Mister pulse started; ON until 3806.25s, cooldown until 3810.25s"
3837.03,INFO,"Mister pulse started; ON until 3837.28s, cooldown until 3841.28s"
3855.05,INFO,"Mister pulse started; ON until 3855.30s, cooldown until 3859.30s"
3879.01,INFO,"Mister pulse started; ON until 3879.26s, cooldown until 3883.26s"
3890.00,INFO,"Mister pulse started; ON until 3890.25s, cooldown until 3894.25s"
3909.01,INFO,"Mister pulse started; ON until 3909.26s, cooldown until 3913.26s"
3930.03,INFO,"Mister pulse started; ON until 3930.28s, cooldown until 3934.28s"
3948.00,INFO,"Mister pulse started; ON until 3948.25s, cooldown until 3952.25s"
3972.02,INFO,"Mister pulse started; ON until 3972.27s, cooldown until 3976.27s"
3994.01,INFO,"Mister pulse started; ON until 3994.26s, cooldown until 3998.26s"
4015.02,INFO,"Mister pulse started; ON until 4015.27s, cooldown until 4019.27s"
4028.03,INFO,"Mister pulse started; ON until 4028.28s, cooldown until 4032.28s"
4051.01,INFO,"Mister pulse started; ON until 4051.26s, cooldown until 4055.26s"
4079.04,INFO,"Mister pulse started; ON until 4079.29s, cooldown until 4083.29s"
4092.00,INFO,"Mister pulse started; ON until 4092.25s, cooldown until 4096.25s"
4101.04,INFO,"Mister pulse started; ON until 4101.29s, cooldown until 4105.29s"
4109.04,INFO,"Mister pulse started; ON until 4109.29s, cooldown until 4113.29s"
4123.04,INFO,"Mister pulse started; ON until 4123.29s, cooldown until 4127.29s"
4147.05,INFO,"Mister pulse started; ON until 4147.30s, cooldown until 4151.30s"
4168.02,INFO,"Mister pulse started; ON until 4168.27s, cooldown until 4172.27s"
4190.01,INFO,"Mister pulse started; ON until 4190.26s, cooldown until 4194.26s"
4207.04,INFO,"Mister pulse started; ON until 4207.29s, cooldown until 4211.29s"
4225.02,INFO,"Mister pulse started; ON until 4225.27s, cooldown until 4229.27s"
4248.04,INFO,"Mister pulse started; ON until 4248.29s, cooldown until 4252.29s"
4270.04,INFO,"Mister pulse started; ON until 4270.29s, cooldown until 4274.29s"
4287.02,INFO,"Mister pulse started; ON until 4287.27s, cooldown until 4291.27s"
4308.03,INFO,"Mister pulse started; ON until 4308.28s, cooldown until 4312.28s"
4320.02,INFO,"Mister pulse started; ON until 4320.27s, cooldown until 4324.27s"
4345.00,INFO,"Mister pulse started; ON until 4345.25s, cooldown until 4349.25s"
4351.05,INFO,"Mister pulse started; ON until 4351.30s, cooldown until 4355.30s"
4375.01,INFO,"Mister pulse started; ON until 4375.26s, cooldown until 4379.26s"
4396.02,INFO,"Mister pulse started; ON until 4396.27s, cooldown until 4400.27s"
4413.00,INFO,"Mister pulse started; ON until 4413.25s, cooldown until 4417.25s"
4436.02,INFO,"Mister pulse started; ON until 4436.27s, cooldown until 4440.27s"
4452.03,INFO,"Mister pulse started; ON until 4452.28s, cooldown until 4456.28s"
4472.02,INFO,"Mister pulse started; ON until 4472.27s, cooldown until 4476.27s"
4479.04,INFO,"Mister pulse started; ON until 4479.29s, cooldown until 4483.29s"
4509.04,INFO,"Mister pulse started; ON until 4509.29s, cooldown until 4513.29s"
4528.00,INFO,"Mister pulse started; ON until 4528.25s, cooldown until 4532.25s"
4541.01,INFO,"Mister pulse started; ON until 4541.26s, cooldown until 4545.26s"
4566.01,INFO,"Mister pulse started; ON until 4566.26s, cooldown until 4570.26s"
4571.02,INFO,"Mister pulse started; ON until 4571.27s, cooldown until 4575.27s"
4595.05,INFO,"Mister pulse started; ON until 4595.30s, cooldown until 4599.30s"
4617.04,INFO,"Mister pulse started; ON until 4617.29s, cooldown until 4621.29s"
4631.03,INFO,"Mister pulse started; ON until 4631.28s, cooldown until 4635.28s"
4646.01,INFO,"Mister pulse started; ON until 4646.26s, cooldown until 4650.26s"
4659.03,INFO,"Mister pulse started; ON until 4659.28s, cooldown until 4663.28s"
4683.03,INFO,"Mister pulse started; ON until 4683.28s, cooldown until 4687.28s"
4705.03,INFO,"Mister pulse started; ON until 4705.28s, cooldown until 4709.28s"
4725.00,INFO,"Mister pulse started; ON until 4725.25s, cooldown until 4729.25s"
4738.01,INFO,"Mister pulse started; ON until 4738.26s, cooldown until 4742.26s"
4759.04,INFO,"Mister pulse started; ON until 4759.29s, cooldown until 4763.29s"
4775.04,INFO,"Mister pulse started; ON until 4775.29s, cooldown until 4779.29s"
4790.01,INFO,"Mister pulse started; ON until 4790.26s, cooldown until 4794.26s"
4809.01,INFO,"Mister pulse started; ON until 4809.26s, cooldown until 4813.26s"
4830.03,INFO,"Mister pulse started; ON until 4830.28s, cooldown until 4834.28s"
4847.02,INFO,"Mister pulse started; ON until 4847.27s, cooldown until 4851.27s"
4866.01,INFO,"Mister pulse started; ON until 4866.26s, cooldown until 4870.26s"
4873.04,INFO,"Mister pulse started; ON until 4873.29s, cooldown until 4877.29s"
4901.02,INFO,"Mister pulse started; ON until 4901.27s, cooldown until 4905.27s"
4915.00,INFO,"Mister pulse started; ON until 4915.25s, cooldown until 4919.25s"
4926.00,INFO,"Mister pulse started; ON until 4926.25s, cooldown until 4930.25s"
4948.05,INFO,"Mister pulse started; ON until 4948.30s, cooldown until 4952.30s"
4962.04,INFO,"Mister pulse started; ON until 4962.29s, cooldown until 4966.29s"
4968.03,INFO,"Mister pulse started; ON until 4968.28s, cooldown until 4972.28s"
4996.02,INFO,"Mister pulse started; ON until 4996.27s, cooldown until 5000.27s"
5008.05,INFO,"Mister pulse started; ON until 5008.30s, cooldown until 5012.30s"
5034.03,INFO,"Mister pulse started; ON until 5034.28s, cooldown until 5038.28s"
5048.02,INFO,"Mister pulse started; ON until 5048.27s, cooldown until 5052.27s"
5055.04,INFO,"Mister pulse started; ON until 5055.29s, cooldown until 5059.29s"
5071.05,INFO,"Mister pulse started; ON until 5071.30s, cooldown until 5075.30s"
5076.01,INFO,"Mister pulse started; ON until 5076.26s, cooldown until 5080.26s"
5104.05,INFO,"Mister pulse started; ON until 5104.30s, cooldown until 5108.30s"
5116.03,INFO,"Mister pulse started; ON until 5116.28s, cooldown until 5120.28s"
5140.04,INFO,"Mister pulse started; ON until 5140.29s, cooldown until 5144.29s"
5160.02,INFO,"Mister pulse started; ON until 5160.27s, cooldown until 5164.27s"
5172.00,INFO,"Mister pulse started; ON until 5172.25s, cooldown until 5176.25s"
5182.02,INFO,"Mister pulse started; ON until 5182.27s, cooldown until 5186.27s"
5200.03,INFO,"Mister pulse started; ON until 5200.28s, cooldown until 5204.28s"
5214.03,INFO,"Mister pulse started; ON until 5214.28s, cooldown until 5218.28s"
5230.02,INFO,"Mister pulse started; ON until 5230.27s, cooldown until 5234.27s"
5243.02,INFO,"Mister pulse started; ON until 5243.27s, cooldown until 5247.27s"
5267.04,INFO,"Mister pulse started; ON until 5267.29s, cooldown until 5271.29s"
5286.04,INFO,"Mister pulse started; ON until 5286.29s, cooldown until 5290.29s"
5299.05,INFO,"Mister pulse started; ON until 5299.30s, cooldown until 5303.30s"
5320.02,INFO,"Mister pulse started; ON until 5320.27s, cooldown until 5324.27s"
5338.04,INFO,"Mister pulse started; ON until 5338.29s, cooldown until 5342.29s"
5359.05,INFO,"Mister pulse started; ON until 5359.30s, cooldown until 5363.30s"
5374.02,INFO,"Mister pulse started; ON until 5374.27s, cooldown until 5378.27s"
5390.03,INFO,"Mister pulse started; ON until 5390.28s, cooldown until 5394.28s"
5406.03,INFO,"Mister pulse started; ON until 5406.28s, cooldown until 5410.28s"
5422.03,INFO,"Mister pulse started; ON until 5422.28s, cooldown until 5426.28s"
5439.03,INFO,"Mister pulse started; ON until 5439.28s, cooldown until 5443.28s"
5457.00,INFO,"Mister pulse started; ON until 5457.25s, cooldown until 5461.25s"
5462.02,INFO,"Mister pulse started; ON until 5462.27s, cooldown until 5466.27s"
5487.00,INFO,"Mister pulse started; ON until 5487.25s, cooldown until 5491.25s"
5509.04,INFO,"Mister pulse started; ON until 5509.29s, cooldown until 5513.29s"
5524.01,INFO,"Mister pulse started; ON until 5524.26s, cooldown until 5528.26s"
5537.02,INFO,"Mister pulse started; ON until 5537.27s, cooldown until 5541.27s"
5547.04,INFO,"Mister pulse started; ON until 5547.29s, cooldown until 5551.29s"
5562.02,INFO,"Mister pulse started; ON until 5562.27s, cooldown until 5566.27s"
5575.04,INFO,"Mister pulse started; ON until 5575.29s, cooldown until 5579.29s"
5595.02,INFO,"Mister pulse started; ON until 5595.27s, cooldown until 5599.27s"
5608.03,INFO,"Mister pulse started; ON until 5608.28s, cooldown until 5612.28s"
5613.04,INFO,"Mister pulse started; ON until 5613.29s, cooldown until 5617.29s"
5641.03,INFO,"Mister pulse started; ON until 5641.28s, cooldown until 5645.28s"
5650.01,INFO,"Mister pulse started; ON until 5650.26s, cooldown until 5654.26s"
5669.01,INFO,"Mister pulse started; ON until 5669.26s, cooldown until 5673.26s"
5691.02,INFO,"Mister pulse started; ON until 5691.27s, cooldown until 5695.27s"
5708.05,INFO,"Mister pulse started; ON until 5708.30s, cooldown until 5712.30s"
5729.01,INFO,"Mister pulse started; ON until 5729.26s, cooldown until 5733.26s"
5744.03,INFO,"Mister pulse started; ON until 5744.28s, cooldown until 5748.28s"
5757.05,INFO,"Mister pulse started; ON until 5757.30s, cooldown until 5761.30s"
5778.00,INFO,"Mister pulse started; ON until 5778.25s, cooldown until 5782.25s"
5796.02,INFO,"Mister pulse started; ON until 5796.27s, cooldown until 5800.27s"
5816.01,INFO,"Mister pulse started; ON until 5816.26s, cooldown until 5820.26s"
5832.02,INFO,"Mister pulse started; ON until 5832.27s, cooldown until 5836.27s"
5848.02,INFO,"Mister pulse started; ON until 5848.27s, cooldown until 5852.27s"
5865.00,INFO,"Mister pulse started; ON until 5865.25s, cooldown until 5869.25s"
5884.05,INFO,"Mister pulse started; ON until 5884.30s, cooldown until 5888.30s"
5903.05,INFO,"Mister pulse started; ON until 5903.30s, cooldown until 5907.30s"
5913.01,INFO,"Mister pulse started; ON until 5913.26s, cooldown until 5917.26s"
5935.00,INFO,"Mister pulse started; ON until 5935.25s, cooldown until 5939.25s"
5953.02,INFO,"Mister pulse started; ON until 5953.27s, cooldown until 5957.27s"
5970.01,INFO,"Mister pulse started; ON until 5970.26s, cooldown until 5974.26s"
5995.01,INFO,"Mister pulse started; ON until 5995.26s, cooldown until 5999.26s"
6000.02,INFO,"Mister pulse started; ON until 6000.27s, cooldown until 6004.27s"
6025.01,INFO,"Mister pulse started; ON until 6025.26s, cooldown until 6029.26s"
6043.02,INFO,"Mister pulse started; ON until 6043.27s, cooldown until 6047.27s"
6048.04,INFO,"Mister pulse started; ON until 6048.29s, cooldown until 6052.29s"
6071.02,INFO,"Mister pulse started; ON until 6071.27s, cooldown until 6075.27s"
6087.03,INFO,"Mister pulse started; ON until 6087.28s, cooldown until 6091.28s"
6107.01,INFO,"Mister pulse started; ON until 6107.26s, cooldown until 6111.26s"
6119.05,INFO,"Mister pulse started; ON until 6119.30s, cooldown until 6123.30s"
6141.04,INFO,"Mister pulse started; ON until 6141.29s, cooldown until 6145.29s"
6154.05,INFO,"Mister pulse started; ON until 6154.30s, cooldown until 6158.30s"
6163.03,INFO,"Mister pulse started; ON until 6163.28s, cooldown until 6167.28s"
6180.02,INFO,"Mister pulse started; ON until 6180.27s, cooldown until 6184.27s"
6192.05,INFO,"Mister pulse started; ON until 6192.30s, cooldown until 6196.30s"
6214.05,INFO,"Mister pulse started; ON until 6214.30s, cooldown until 6218.30s"
6233.05,INFO,"Mister pulse started; ON until 6233.30s, cooldown until 6237.30s"
6238.03,INFO,"Mister pulse started; ON until 6238.28s, cooldown until 6242.28s"
6263.00,INFO,"Mister pulse started; ON until 6263.25s, cooldown until 6267.25s"
6274.00,INFO,"Mister pulse started; ON until 6274.25s, cooldown until 6278.25s"
6290.01,INFO,"Mister pulse started; ON until 6290.26s, cooldown until 6294.26s"
6307.04,INFO,"Mister pulse started; ON until 6307.29s, cooldown until 6311.29s"
6318.04,INFO,"Mister pulse started; ON until 6318.29s, cooldown until 6322.29s"
6339.00,INFO,"Mister pulse started; ON until 6339.25s, cooldown until 6343.25s"
6360.02,INFO,"Mister pulse started; ON until 6360.27s, cooldown until 6364.27s"
6365.03,INFO,"Mister pulse started; ON until 6365.28s, cooldown until 6369.28s"
6391.04,INFO,"Mister pulse started; ON until 6391.29s, cooldown until 6395.29s"
6397.03,INFO,"Mister pulse started; ON until 6397.28s, cooldown until 6401.28s"
6427.04,INFO,"Mister pulse started; ON until 6427.29s, cooldown until 6431.29s"
6442.02,INFO,"Mister pulse started; ON until 6442.27s, cooldown until 6446.27s"
6460.04,INFO,"Mister pulse started; ON until 6460.29s, cooldown until 6464.29s"
6481.05,INFO,"Mister pulse started; ON until 6481.30s, cooldown until 6485.30s"
6495.04,INFO,"Mister pulse started; ON until 6495.29s, cooldown until 6499.29s"
6506.03,INFO,"Mister pulse started; ON until 6506.28s, cooldown until 6510.28s"
6531.02,INFO,"Mister pulse started; ON until 6531.27s, cooldown until 6535.27s"
6549.04,INFO,"Mister pulse started; ON until 6549.29s, cooldown until 6553.29s"
6554.01,INFO,"Mister pulse started; ON until 6554.26s, cooldown until 6558.26s"
6578.01,INFO,"Mister pulse started; ON until 6578.26s, cooldown until 6582.26s"
6598.04,INFO,"Mister pulse started; ON until 6598.29s, cooldown until 6602.29s"
6607.03,INFO,"Mister pulse started; ON until 6607.28s, cooldown until 6611.28s"
6627.01,INFO,"Mister pulse started; ON until 6627.26s, cooldown until 6631.26s"
6632.02,INFO,"Mister pulse started; ON until 6632.27s, cooldown until 6636.27s"
6655.05,INFO,"Mister pulse started; ON until 6655.30s, cooldown until 6659.30s"
6665.02,INFO,"Mister pulse started; ON until 6665.27s, cooldown until 6669.27s"
6690.00,INFO,"Mister pulse started; ON until 6690.25s, cooldown until 6694.25s"
6695.01,INFO,"Mister pulse started; ON until 6695.26s, cooldown until 6699.26s"
6715.04,INFO,"Mister pulse started; ON until 6715.29s, cooldown until 6719.29s"
6721.03,INFO,"Mister pulse started; ON until 6721.28s, cooldown until 6725.28s"
6747.00,INFO,"Mister pulse started; ON until 6747.25s, cooldown until 6751.25s"
6755.00,INFO,"Mister pulse started; ON until 6755.25s, cooldown until 6759.25s"
6771.01,INFO,"Mister pulse started; ON until 6771.26s, cooldown until 6775.26s"
6785.05,INFO,"Mister pulse started; ON until 6785.30s, cooldown until 6789.30s"
6806.02,INFO,"Mister pulse started; ON until 6806.27s, cooldown until 6810.27s"
6823.01,INFO,"Mister pulse started; ON until 6823.26s, cooldown until 6827.26s"
6845.01,INFO,"Mister pulse started; ON until 6845.26s, cooldown until 6849.26s"
6863.03,INFO,"Mister pulse started; ON until 6863.28s, cooldown until 6867.28s"
6883.00,INFO,"Mister pulse started; ON until 6883.25s, cooldown until 6887.25s"
6898.03,INFO,"Mister pulse started; ON until 6898.28s, cooldown until 6902.28s"
6911.05,INFO,"Mister pulse started; ON until 6911.30s, cooldown until 6915.30s"
6931.02,INFO,"Mister pulse started; ON until 6931.27s, cooldown until 6935.27s"
6946.04,INFO,"Mister pulse started; ON until 6946.29s, cooldown until 6950.29s"
6958.02,INFO,"Mister pulse started; ON until 6958.27s, cooldown until 6962.27s"
6980.01,INFO,"Mister pulse started; ON until 6980.26s, cooldown until 6984.26s"
7000.00,INFO,"Mister pulse started; ON until 7000.25s, cooldown until 7004.25s"
7005.01,INFO,"Mister pulse started; ON until 7005.26s, cooldown until 7009.26s"
7032.02,INFO,"Mister pulse started; ON until 7032.27s, cooldown until 7036.27s"
7043.02,INFO,"Mister pulse started; ON until 7043.27s, cooldown until 7047.27s"
7064.04,INFO,"Mister pulse started; ON until 7064.29s, cooldown until 7068.29s"
7074.01,INFO,"Mister pulse started; ON until 7074.26s, cooldown until 7078.26s"
7095.02,INFO,"Mister pulse started; ON until 7095.27s, cooldown until 7099.27s"
7101.01,INFO,"Mister pulse started; ON until 7101.26s, cooldown until 7105.26s"
7115.01,INFO,"Mister pulse started; ON until 7115.26s, cooldown until 7119.26s"
7139.03,INFO,"Mister pulse started; ON until 7139.28s, cooldown until 7143.28s"
7158.02,INFO,"Mister pulse started; ON until 7158.27s, cooldown until 7162.27s"
7169.02,INFO,"Mister pulse started; ON until 7169.27s, cooldown until 7173.27s"
7190.04,INFO,"Mister pulse started; ON until 7190.29s, cooldown until 7194.29s"
7196.03,INFO,"Mister pulse started; ON until 7196.28s, cooldown until 7200.28s"
7211.01,INFO,"Mister pulse started; ON until 7211.26s, cooldown until 7215.26s"
7216.02,INFO,"Mister pulse started; ON until 7216.27s, cooldown until 7220.27s"
7240.03,INFO,"Mister pulse started; ON until 7240.28s, cooldown until 7244.28s"
7258.04,INFO,"Mister pulse started; ON until 7258.29s, cooldown until 7262.29s"
7278.03,INFO,"Mister pulse started; ON until 7278.28s, cooldown until 7282.28s"
7292.02,INFO,"Mister pulse started; ON until 7292.27s, cooldown until 7296.27s"
7303.01,INFO,"Mister pulse started; ON until 7303.26s, cooldown until 7307.26s"
7325.01,INFO,"Mister pulse started; ON until 7325.26s, cooldown until 7329.26s"
7341.02,INFO,"Mister pulse started; ON until 7341.27s, cooldown until 7345.27s"
7357.03,INFO,"Mister pulse started; ON until 7357.28s, cooldown until 7361.28s"
7372.05,INFO,"Mister pulse started; ON until 7372.30s, cooldown until 7376.30s"
7381.04,INFO,"Mister pulse started; ON until 7381.29s, cooldown until 7385.29s"
7400.04,INFO,"Mister pulse started; ON until 7400.29s, cooldown until 7404.29s"
7420.02,INFO,"Mister pulse started; ON until 7420.27s, cooldown until 7424.27s"
7438.05,INFO,"Mister pulse started; ON until 7438.30s, cooldown until 7442.30s"
7454.01,INFO,"Mister pulse started; ON until 7454.26s, cooldown until 7458.26s"
7475.02,INFO,"Mister pulse started; ON until 7475.27s, cooldown until 7479.27s"
7489.01,INFO,"Mister pulse started; ON until 7489.26s, cooldown until 7493.26s"
7503.04,INFO,"Mister pulse started; ON until 7503.29s, cooldown until 7507.29s"
7526.02,INFO,"Mister pulse started; ON until 7526.27s, cooldown until 7530.27s"
7544.03,INFO,"Mister pulse started; ON until 7544.28s, cooldown until 7548.28s"
7550.03,INFO,"Mister pulse started; ON until 7550.28s, cooldown until 7554.28s"
7576.00,INFO,"Mister pulse started; ON until 7576.25s, cooldown until 7580.25s"
7581.01,INFO,"Mister pulse started; ON until 7581.26s, cooldown until 7585.26s"
7606.01,INFO,"Mister pulse started; ON until 7606.26s, cooldown until 7610.26s"
7612.00,INFO,"Mister pulse started; ON until 7612.25s, cooldown until 7616.25s"
7639.04,INFO,"Mister pulse started; ON until 7639.29s, cooldown until 7643.29s"
7644.00,INFO,"Mister pulse started; ON until 7644.25s, cooldown until 7648.25s"
7668.02,INFO,"Mister pulse started; ON until 7668.27s, cooldown until 7672.27s"
7690.02,INFO,"Mister pulse started; ON until 7690.27s, cooldown until 7694.27s"
7707.02,INFO,"Mister pulse started; ON until 7707.27s, cooldown until 7711.27s"
7730.03,INFO,"Mister pulse started; ON until 7730.28s, cooldown until 7734.28s"
7745.01,INFO,"Mister pulse started; ON until 7745.26s, cooldown until 7749.26s"
7765.04,INFO,"Mister pulse started; ON until 7765.29s, cooldown until 7769.29s"
7770.00,INFO,"Mister pulse started; ON until 7770.25s, cooldown until 7774.25s"
7794.01,INFO,"Mister pulse started; ON until 7794.26s, cooldown until 7798.26s"
7815.03,INFO,"Mister pulse started; ON until 7815.28s, cooldown until 7819.28s"
7828.03,INFO,"Mister pulse started; ON until 7828.28s, cooldown until 7832.28s"
7835.01,INFO,"Mister pulse started; ON until 7835.26s, cooldown until 7839.26s"
7847.04,INFO,"Mister pulse started; ON until 7847.29s, cooldown until 7851.29s"
7863.00,INFO,"Mister pulse started; ON until 7863.25s, cooldown until 7867.25s"
7881.02,INFO,"Mister pulse started; ON until 7881.27s, cooldown until 7885.27s"
7902.04,INFO,"Mister pulse started; ON until 7902.29s, cooldown until 7906.29s"
7914.01,INFO,"Mister pulse started; ON until 7914.26s, cooldown until 7918.26s"
7921.03,INFO,"Mister pulse started; ON until 7921.28s, cooldown until 7925.28s"
7944.01,INFO,"Mister pulse started; ON until 7944.26s, cooldown until 7948.26s"
7963.01,INFO,"Mister pulse started; ON until 7963.26s, cooldown until 7967.26s"
7975.04,INFO,"Mister pulse started; ON until 7975.29s, cooldown until 7979.29s"
7995.02,INFO,"Mister pulse started; ON until 7995.27s, cooldown until 7999.27s"
8006.03,INFO,"Mister pulse started; ON until 8006.28s, cooldown until 8010.28s"
8027.05,INFO,"Mister pulse started; ON until 8027.30s, cooldown until 8031.30s"
8040.01,INFO,"Mister pulse started; ON until 8040.26s, cooldown until 8044.26s"
8045.02,INFO,"Mister pulse started; ON until 8045.27s, cooldown until 8049.27s"
8069.03,INFO,"Mister pulse started; ON until 8069.28s, cooldown until 8073.28s"
8083.02,INFO,"Mister pulse started; ON until 8083.27s, cooldown until 8087.27s"
8098.04,INFO,"Mister pulse started; ON until 8098.29s, cooldown until 8102.29s"
8111.00,INFO,"Mister pulse started; ON until 8111.25s, cooldown until 8115.25s"
8121.01,INFO,"Mister pulse started; ON until 8121.26s, cooldown until 8125.26s"
8136.04,INFO,"Mister pulse started; ON until 8136.29s, cooldown until 8140.29s"
8142.03,INFO,"Mister pulse started; ON until 8142.28s, cooldown until 8146.28s"
8167.02,INFO,"Mister pulse started; ON until 8167.27s, cooldown until 8171.27s"
8175.02,INFO,"Mister pulse started; ON until 8175.27s, cooldown until 8179.27s"
8182.04,INFO,"Mister pulse started; ON until 8182.29s, cooldown until 8186.29s"
8204.04,INFO,"Mister pulse started; ON until 8204.29s, cooldown until 8208.29s"
8222.02,INFO,"Mister pulse started; ON until 8222.27s, cooldown until 8226.27s"
8230.02,INFO,"Mister pulse started; ON until 8230.27s, cooldown until 8234.27s"
8238.03,INFO,"Mister pulse started; ON until 8238.28s, cooldown until 8242.28s"
8253.01,INFO,"Mister pulse started; ON until 8253.26s, cooldown until 8257.26s"
8260.03,INFO,"Mister pulse started; ON until 8260.28s, cooldown until 8264.28s"
8284.04,INFO,"Mister pulse started; ON until 8284.29s, cooldown until 8288.29s"
8300.04,INFO,"Mister pulse started; ON until 8300.29s, cooldown until 8304.29s"
8321.00,INFO,"Mister pulse started; ON until 8321.25s, cooldown until 8325.25s"
8338.04,INFO,"Mister pulse started; ON until 8338.29s, cooldown until 8342.29s"
8358.01,INFO,"Mister pulse started; ON until 8358.26s, cooldown until 8362.26s"
8365.04,INFO,"Mister pulse started; ON until 8365.29s, cooldown until 8369.29s"
8379.03,INFO,"Mister pulse started; ON until 8379.28s, cooldown until 8383.28s"
8400.05,INFO,"Mister pulse started; ON until 8400.30s, cooldown until 8404.30s"
8415.02,INFO,"Mister pulse started; ON until 8415.27s, cooldown until 8419.27s"
8429.01,INFO,"Mister pulse started; ON until 8429.26s, cooldown until 8433.26s"
8442.02,INFO,"Mister pulse started; ON until 8442.27s, cooldown until 8446.27s"
8462.00,INFO,"Mister pulse started; ON until 8462.25s, cooldown until 8466.25s"
8478.05,INFO,"Mister pulse started; ON until 8478.30s, cooldown until 8482.30s"
8489.00,INFO,"Mister pulse started; ON until 8489.25s, cooldown until 8493.25s"
8513.02,INFO,"Mister pulse started; ON until 8513.27s, cooldown until 8517.27s"
8529.02,INFO,"Mister pulse started; ON until 8529.27s, cooldown until 8533.27s"
8553.04,INFO,"Mister pulse started; ON until 8553.29s, cooldown until 8557.29s"
8573.04,INFO,"Mister pulse started; ON until 8573.29s, cooldown until 8577.29s"
8584.04,INFO,"Mister pulse started; ON until 8584.29s, cooldown until 8588.29s"
8609.03,INFO,"Mister pulse started; ON until 8609.28s, cooldown until 8613.28s"
8614.04,INFO,"Mister pulse started; ON until 8614.29s, cooldown until 8618.29s"
8637.01,INFO,"Mister pulse started; ON until 8637.26s, cooldown until 8641.26s"
8652.03,INFO,"Mister pulse started; ON until 8652.28s, cooldown until 8656.28s"
8666.02,INFO,"Mister pulse started; ON until 8666.27s, cooldown until 8670.27s"
8677.01,INFO,"Mister pulse started; ON until 8677.26s, cooldown until 8681.26s"
8693.02,INFO,"Mister pulse started; ON until 8693.27s, cooldown until 8697.27s"
8714.03,INFO,"Mister pulse started; ON until 8714.28s, cooldown until 8718.28s"
8724.05,INFO,"Mister pulse started; ON until 8724.30s, cooldown until 8728.30s"
8743.01,INFO,"Mister pulse started; ON until 8743.26s, cooldown until 8747.26s"
8748.02,INFO,"Mister pulse started; ON until 8748.27s, cooldown until 8752.27s"
8771.05,INFO,"Mister pulse started; ON until 8771.30s, cooldown until 8775.30s"
8786.03,INFO,"Mister pulse started; ON until 8786.28s, cooldown until 8790.28s"
8799.04,INFO,"Mister pulse started; ON until 8799.29s, cooldown until 8803.29s"
8806.01,INFO,"Mister pulse started; ON until 8806.26s, cooldown until 8810.26s"
8819.02,INFO,"Mister pulse started; ON until 8819.27s, cooldown until 8823.27s"
8841.03,INFO,"Mister pulse started; ON until 8841.28s, cooldown until 8845.28s"
8855.01,INFO,"Mister pulse started; ON until 8855.26s, cooldown until 8859.26s"
8870.04,INFO,"Mister pulse started; ON until 8870.29s, cooldown until 8874.29s"
8875.00,INFO,"Mister pulse started; ON until 8875.25s, cooldown until 8879.25s"
8900.04,INFO,"Mister pulse started; ON until 8900.29s, cooldown until 8904.29s"
8921.01,INFO,"Mister pulse started; ON until 8921.26s, cooldown until 8925.26s"
8936.03,INFO,"Mister pulse started; ON until 8936.28s, cooldown until 8940.28s"
8953.02,INFO,"Mister pulse started; ON until 8953.27s, cooldown until 8957.27s"
8972.01,INFO,"Mister pulse started; ON until 8972.26s, cooldown until 8976.26s"
8977.03,INFO,"Mister pulse started; ON until 8977.28s, cooldown until 8981.28s"
9000.00,INFO,"Mister pulse started; ON until 9000.25s, cooldown until 9004.25s"
9017.04,INFO,"Mister pulse started; ON until 9017.29s, cooldown until 9021.29s"
9036.05,INFO,"Mister pulse started; ON until 9036.30s, cooldown until 9040.30s"
9041.01,INFO,"Mister pulse started; ON until 9041.26s, cooldown until 9045.26s"
9066.04,INFO,"Mister pulse started; ON until 9066.29s, cooldown until 9070.29s"
9088.05,INFO,"Mister pulse started; ON until 9088.30s, cooldown until 9092.30s"
9105.04,INFO,"Mister pulse started; ON until 9105.29s, cooldown until 9109.29s"
9125.02,INFO,"Mister pulse started; ON until 9125.27s, cooldown until 9129.27s"
9137.04,INFO,"Mister pulse started; ON until 9137.29s, cooldown until 9141.29s"
9161.05,INFO,"Mister pulse started; ON until 9161.30s, cooldown until 9165.30s"
9181.03,INFO,"Mister pulse started; ON until 9181.28s, cooldown until 9185.28s"
9192.03,INFO,"Mister pulse started; ON until 9192.28s, cooldown until 9196.28s"
9216.04,INFO,"Mister pulse started; ON until 9216.29s, cooldown until 9220.29s"
9234.02,INFO,"Mister pulse started; ON until 9234.27s, cooldown until 9238.27s"
9249.04,INFO,"Mister pulse started; ON until 9249.29s, cooldown until 9253.29s"
9254.05,INFO,"Mister pulse started; ON until 9254.30s, cooldown until 9258.30s"
9273.00,INFO,"Mister pulse started; ON until 9273.25s, cooldown until 9277.25s"
9285.04,INFO,"Mister pulse started; ON until 9285.29s, cooldown until 9289.29s"
9304.04,INFO,"Mister pulse started; ON until 9304.29s, cooldown until 9308.29s"
9309.04,INFO,"Mister pulse started; ON until 9309.29s, cooldown until 9313.29s"
9332.02,INFO,"Mister pulse started; ON until 9332.27s, cooldown until 9336.27s"
9349.01,INFO,"Mister pulse started; ON until 9349.26s, cooldown until 9353.26s"
9369.04,INFO,"Mister pulse started; ON until 9369.29s, cooldown until 9373.29s"
9382.00,INFO,"Mister pulse started; ON until 9382.25s, cooldown until 9386.25s"
9388.04,INFO,"Mister pulse started; ON until 9388.29s, cooldown until 9392.29s"
9410.04,INFO,"Mister pulse started; ON until 9410.29s, cooldown until 9414.29s"
9426.04,INFO,"Mister pulse started; ON until 9426.29s, cooldown until 9430.29s"
9439.05,INFO,"Mister pulse started; ON until 9439.30s, cooldown until 9443.30s"
9448.04,INFO,"Mister pulse started; ON until 9448.29s, cooldown until 9452.29s"
9463.01,INFO,"Mister pulse started; ON until 9463.26s, cooldown until 9467.26s"
9469.00,INFO,"Mister pulse started; ON until 9469.25s, cooldown until 9473.25s"
9485.00,INFO,"Mister pulse started; ON until 9485.25s, cooldown until 9489.25s"
9491.05,INFO,"Mister pulse started; ON until 9491.30s, cooldown until 9495.30s"
9514.02,INFO,"Mister pulse started; ON until 9514.27s, cooldown until 9518.27s"
9530.02,INFO,"Mister pulse started; ON until 9530.27s, cooldown until 9534.27s"
9548.04,INFO,"Mister pulse started; ON until 9548.29s, cooldown until 9552.29s"
9569.05,INFO,"Mister pulse started; ON until 9569.30s, cooldown until 9573.30s"
9583.04,INFO,"Mister pulse started; ON until 9583.29s, cooldown until 9587.29s"
9593.02,INFO,"Mister pulse started; ON until 9593.27s, cooldown until 9597.27s"
9615.02,INFO,"Mister pulse started; ON until 9615.27s, cooldown until 9619.27s"
9622.04,INFO,"Mister pulse started; ON until 9622.29s, cooldown until 9626.29s"
9638.04,INFO,"Mister pulse started; ON until 9638.29s, cooldown until 9642.29s"
9651.01,INFO,"Mister pulse started; ON until 9651.26s, cooldown until 9655.26s"
9657.00,INFO,"Mister pulse started; ON until 9657.25s, cooldown until 9661.25s"
9681.00,INFO,"Mister pulse started; ON until 9681.25s, cooldown until 9685.25s"
9698.04,INFO,"Mister pulse started; ON until 9698.29s, cooldown until 9702.29s"
9721.01,INFO,"Mister pulse started; ON until 9721.26s, cooldown until 9725.26s"
9740.01,INFO,"Mister pulse started; ON until 9740.26s, cooldown until 9744.26s"
9746.05,INFO,"Mister pulse started; ON until 9746.30s, cooldown until 9750.30s"
9774.03,INFO,"Mister pulse started; ON until 9774.28s, cooldown until 9778.28s"
9788.02,INFO,"Mister pulse started; ON until 9788.27s, cooldown until 9792.27s"
9801.03,INFO,"Mister pulse started; ON until 9801.28s, cooldown until 9805.28s"
9823.03,INFO,"Mister pulse started; ON until 9823.28s, cooldown until 9827.28s"
9837.02,INFO,"Mister pulse started; ON until 9837.27s, cooldown until 9841.27s"
9855.04,INFO,"Mister pulse started; ON until 9855.29s, cooldown until 9859.29s"
9871.00,INFO,"Mister pulse started; ON until 9871.25s, cooldown until 9875.25s"
9889.02,INFO,"Mister pulse started; ON until 9889.27s, cooldown until 9893.27s"
9894.03,INFO,"Mister pulse started; ON until 9894.28s, cooldown until 9898.28s"
9918.05,INFO,"Mister pulse started; ON until 9918.30s, cooldown until 9922.30s"
9932.04,INFO,"Mister pulse started; ON until 9932.29s, cooldown until 9936.29s"
9945.00,INFO,"Mister pulse started; ON until 9945.25s, cooldown until 9949.25s"
9959.04,INFO,"Mister pulse started; ON until 9959.29s, cooldown until 9963.29s"
9983.00,INFO,"Mister pulse started; ON until 9983.25s, cooldown until 9987.25s"
9988.01,INFO,"Mister pulse started; ON until 9988.26s, cooldown until 9992.26s"
10011.00,INFO,"Mister pulse started; ON until 10011.25s, cooldown until 10015.25s"
10026.03,INFO,"Mister pulse started; ON until 10026.28s, cooldown until 10030.28s"
10040.02,INFO,"Mister pulse started; ON until 10040.27s, cooldown until 10044.27s"
10053.03,INFO,"Mister pulse started; ON until 10053.28s, cooldown until 10057.28s"
10071.00,INFO,"Mister pulse started; ON until 10071.25s, cooldown until 10075.25s"
10084.01,INFO,"Mister pulse started; ON until 10084.26s, cooldown until 10088.26s"
10106.01,INFO,"Mister pulse started; ON until 10106.26s, cooldown until 10110.26s"
10123.04,INFO,"Mister pulse started; ON until 10123.29s, cooldown until 10127.29s"
10140.04,INFO,"Mister pulse started; ON until 10140.29s, cooldown until 10144.29s"
10159.03,INFO,"Mister pulse started; ON until 10159.28s, cooldown until 10163.28s"
10171.01,INFO,"Mister pulse started; ON until 10171.26s, cooldown until 10175.26s"
10194.04,INFO,"Mister pulse started; ON until 10194.29s, cooldown until 10198.29s"
10210.05,INFO,"Mister pulse started; ON until 10210.30s, cooldown until 10214.30s"
10229.00,INFO,"Mister pulse started; ON until 10229.25s, cooldown until 10233.25s"
10236.02,INFO,"Mister pulse started; ON until 10236.27s, cooldown until 10240.27s"
10249.03,INFO,"Mister pulse started; ON until 10249.28s, cooldown until 10253.28s"
10267.05,INFO,"Mister pulse started; ON until 10267.30s, cooldown until 10271.30s"
10286.00,INFO,"Mister pulse started; ON until 10286.25s, cooldown until 10290.25s"
10301.03,INFO,"Mister pulse started; ON until 10301.28s, cooldown until 10305.28s"
10312.02,INFO,"Mister pulse started; ON until 10312.27s, cooldown until 10316.27s"
10331.02,INFO,"Mister pulse started; ON until 10331.27s, cooldown until 10335.27s"
10336.03,INFO,"Mister pulse started; ON until 10336.28s, cooldown until 10340.28s"
10359.05,INFO,"Mister pulse started; ON until 10359.30s, cooldown until 10363.30s"
10366.02,INFO,"Mister pulse started; ON until 10366.27s, cooldown until 10370.27s"
10388.02,INFO,"Mister pulse started; ON until 10388.27s, cooldown until 10392.27s"
10398.04,INFO,"Mister pulse started; ON until 10398.29s, cooldown until 10402.29s"
10414.05,INFO,"Mister pulse started; ON until 10414.30s, cooldown until 10418.30s"
10431.03,INFO,"Mister pulse started; ON until 10431.28s, cooldown until 10435.28s"
10449.00,INFO,"Mister pulse started; ON until 10449.25s, cooldown until 10453.25s"
10455.05,INFO,"Mister pulse started; ON until 10455.30s, cooldown until 10459.30s"
10477.05,INFO,"Mister pulse started; ON until 10477.30s, cooldown until 10481.30s"
10483.04,INFO,"Mister pulse started; ON until 10483.29s, cooldown until 10487.29s"
10502.04,INFO,"Mister pulse started; ON until 10502.29s, cooldown until 10506.29s"
10520.05,INFO,"Mister pulse started; ON until 10520.30s, cooldown until 10524.30s"
10538.02,INFO,"Mister pulse started; ON until 10538.27s, cooldown until 10542.27s"
10545.04,INFO,"Mister pulse started; ON until 10545.29s, cooldown until 10549.29s"
10560.02,INFO,"Mister pulse started; ON until 10560.27s, cooldown until 10564.27s"
10567.05,INFO,"Mister pulse started; ON until 10567.30s, cooldown until 10571.30s"
10592.03,INFO,"Mister pulse started; ON until 10592.28s, cooldown until 10596.28s"
10597.04,INFO,"Mister pulse started; ON until 10597.29s, cooldown until 10601.29s"
10620.02,INFO,"Mister pulse started; ON until 10620.27s, cooldown until 10624.27s"
10636.01,INFO,"Mister pulse started; ON until 10636.26s, cooldown until 10640.26s"
10656.03,INFO,"Mister pulse started; ON until 10656.28s, cooldown until 10660.28s"
10661.04,INFO,"Mister pulse started; ON until 10661.29s, cooldown until 10665.29s"
10682.01,INFO,"Mister pulse started; ON until 10682.26s, cooldown until 10686.26s"
10687.02,INFO,"Mister pulse started; ON until 10687.27s, cooldown until 10691.27s"
10704.01,INFO,"Mister pulse started; ON until 10704.26s, cooldown until 10708.26s"
10718.05,INFO,"Mister pulse started; ON until 10718.30s, cooldown until 10722.30s"
10738.04,INFO,"Mister pulse started; ON until 10738.29s, cooldown until 10742.29s"
10748.01,INFO,"Mister pulse started; ON until 10748.26s, cooldown until 10752.26s"
10772.01,INFO,"Mister pulse started; ON until 10772.26s, cooldown until 10776.26s"
10791.01,INFO,"Mister pulse started; ON until 10791.26s, cooldown until 10795.26s"
10799.01,INFO,"Mister pulse started; ON until 10799.26s, cooldown until 10803.26s"
10813.05,INFO,"Mister pulse started; ON until 10813.30s, cooldown until 10817.30s"
10834.01,INFO,"Mister pulse started; ON until 10834.26s, cooldown until 10838.26s"
10850.02,INFO,"Mister pulse started; ON until 10850.27s, cooldown until 10854.27s"
10866.02,INFO,"Mister pulse started; ON until 10866.27s, cooldown until 10870.27s"
10884.04,INFO,"Mister pulse started; ON until 10884.29s, cooldown until 10888.29s"
10902.01,INFO,"Mister pulse started; ON until 10902.26s, cooldown until 10906.26s"
10914.04,INFO,"Mister pulse started; ON until 10914.29s, cooldown until 10918.29s"
10934.01,INFO,"Mister pulse started; ON until 10934.26s, cooldown until 10938.26s"
10939.02,INFO,"Mister pulse started; ON until 10939.27s, cooldown until 10943.27s"
10964.01,INFO,"Mister pulse started; ON until 10964.26s, cooldown until 10968.26s"
10969.02,INFO,"Mister pulse started; ON until 10969.27s, cooldown until 10973.27s"
10992.04,INFO,"Mister pulse started; ON until 10992.29s, cooldown until 10996.29s"
11002.00,INFO,"Mister pulse started; ON until 11002.25s, cooldown until 11006.25s"
11024.04,INFO,"Mister pulse started; ON until 11024.29s, cooldown until 11028.29s"
11039.02,INFO,"Mister pulse started; ON until 11039.27s, cooldown until 11043.27s"
11049.04,INFO,"Mister pulse started; ON until 11049.29s, cooldown until 11053.29s"
11071.03,INFO,"Mister pulse started; ON until 11071.28s, cooldown until 11075.28s"
11085.02,INFO,"Mister pulse started; ON until 11085.27s, cooldown until 11089.27s"
11094.00,INFO,"Mister pulse started; ON until 11094.25s, cooldown until 11098.25s"
11113.01,INFO,"Mister pulse started; ON until 11113.26s, cooldown until 11117.26s"
11133.04,INFO,"Mister pulse started; ON until 11133.29s, cooldown until 11137.29s"
11139.03,INFO,"Mister pulse started; ON until 11139.28s, cooldown until 11143.28s"
11151.00,INFO,"Mister pulse started; ON until 11151.25s, cooldown until 11155.25s"
11171.03,INFO,"Mister pulse started; ON until 11171.28s, cooldown until 11175.28s"
11176.05,INFO,"Mister pulse started; ON until 11176.30s, cooldown until 11180.30s"
11199.02,INFO,"Mister pulse started; ON until 11199.27s, cooldown until 11203.27s"
11215.03,INFO,"Mister pulse started; ON until 11215.28s, cooldown until 11219.28s"
11232.02,INFO,"Mister pulse started; ON until 11232.27s, cooldown until 11236.27s"
11254.03,INFO,"Mister pulse started; ON until 11254.28s, cooldown until 11258.28s"
11269.01,INFO,"Mister pulse started; ON until 11269.26s, cooldown until 11273.26s"
11288.01,INFO,"Mister pulse started; ON until 11288.26s, cooldown until 11292.26s"
11293.02,INFO,"Mister pulse started; ON until 11293.27s, cooldown until 11297.27s"
11311.03,INFO,"Mister pulse started; ON until 11311.28s, cooldown until 11315.28s"
11332.05,INFO,"Mister pulse started; ON until 11332.30s, cooldown until 11336.30s"
11343.05,INFO,"Mister pulse started; ON until 11343.30s, cooldown until 11347.30s"
11365.04,INFO,"Mister pulse started; ON until 11365.29s, cooldown until 11369.29s"
11381.01,INFO,"Mister pulse started; ON until 11381.26s, cooldown until 11385.26s"
11399.03,INFO,"Mister pulse started; ON until 11399.28s, cooldown until 11403.28s"
11406.05,INFO,"Mister pulse started; ON until 11406.30s, cooldown until 11410.30s"
11431.04,INFO,"Mister pulse started; ON until 11431.29s, cooldown until 11435.29s"
11436.00,INFO,"Mister pulse started; ON until 11436.25s, cooldown until 11440.25s"
11458.04,INFO,"Mister pulse started; ON until 11458.29s, cooldown until 11462.29s"
11472.03,INFO,"Mister pulse started; ON until 11472.28s, cooldown until 11476.28s"
11484.01,INFO,"Mister pulse started; ON until 11484.26s, cooldown until 11488.26s"
11505.02,INFO,"Mister pulse started; ON until 11505.27s, cooldown until 11509.27s"
11518.03,INFO,"Mister pulse started; ON until 11518.28s, cooldown until 11522.28s"
11524.02,INFO,"Mister pulse started; ON until 11524.27s, cooldown until 11528.27s"
11549.01,INFO,"Mister pulse started; ON until 11549.26s, cooldown until 11553.26s"
11554.02,INFO,"Mister pulse started; ON until 11554.27s, cooldown until 11558.27s"
11573.01,INFO,"Mister pulse started; ON until 11573.26s, cooldown until 11577.26s"
11578.02,INFO,"Mister pulse started; ON until 11578.27s, cooldown until 11582.27s"
11600.01,INFO,"Mister pulse started; ON until 11600.26s, cooldown until 11604.26s"
11614.00,INFO,"Mister pulse started; ON until 11614.25s, cooldown until 11618.25s"
11626.04,INFO,"Mister pulse started; ON until 11626.29s, cooldown until 11630.29s"
11644.00,INFO,"Mister pulse started; ON until 11644.25s, cooldown until 11648.25s"
11650.04,INFO,"Mister pulse started; ON until 11650.29s, cooldown until 11654.29s"
11670.02,INFO,"Mister pulse started; ON until 11670.27s, cooldown until 11674.27s"
11679.01,INFO,"Mister pulse started; ON until 11679.26s, cooldown until 11683.26s"
11695.01,INFO,"Mister pulse started; ON until 11695.26s, cooldown until 11699.26s"
11710.03,INFO,"Mister pulse started; ON until 11710.28s, cooldown until 11714.28s"
11720.00,INFO,"Mister pulse started; ON until 11720.25s, cooldown until 11724.25s"
11739.04,INFO,"Mister pulse started; ON until 11739.29s, cooldown until 11743.29s"
11759.03,INFO,"Mister pulse started; ON until 11759.28s, cooldown until 11763.28s"
11775.03,INFO,"Mister pulse started; ON until 11775.28s, cooldown until 11779.28s"
11788.04,INFO,"Mister pulse started; ON until 11788.29s, cooldown until 11792.29s"
11793.00,INFO,"Mister pulse started; ON until 11793.25s, cooldown until 11797.25s"
11817.01,INFO,"Mister pulse started; ON until 11817.26s, cooldown until 11821.26s"
11837.04,INFO,"Mister pulse started; ON until 11837.29s, cooldown until 11841.29s"
11843.03,INFO,"Mister pulse started; ON until 11843.28s, cooldown until 11847.28s"
11857.02,INFO,"Mister pulse started; ON until 11857.27s, cooldown until 11861.27s"
11875.04,INFO,"Mister pulse started; ON until 11875.29s, cooldown until 11879.29s"
11880.05,INFO,"Mister pulse started; ON until 11880.30s, cooldown until 11884.30s"
11901.01,INFO,"Mister pulse started; ON until 11901.26s, cooldown until 11905.26s"
11913.04,INFO,"Mister pulse started; ON until 11913.29s, cooldown until 11917.29s"
11934.00,INFO,"Mister pulse started; ON until 11934.25s, cooldown until 11938.25s"
11951.04,INFO,"Mister pulse started; ON until 11951.29s, cooldown until 11955.29s"
11969.01,INFO,"Mister pulse started; ON until 11969.26s, cooldown until 11973.26s"
11974.02,INFO,"Mister pulse started; ON until 11974.27s, cooldown until 11978.27s"
11995.03,INFO,"Mister pulse started; ON until 11995.28s, cooldown until 11999.28s"
12005.05,INFO,"Mister pulse started; ON until 12005.30s, cooldown until 12009.30s"
12019.04,INFO,"Mister pulse started; ON until 12019.29s, cooldown until 12023.29s"
12031.02,INFO,"Mister pulse started; ON until 12031.27s, cooldown until 12035.27s"
12052.04,INFO,"Mister pulse started; ON until 12052.29s, cooldown until 12056.29s"
12064.01,INFO,"Mister pulse started; ON until 12064.26s, cooldown until 12068.26s"
12071.04,INFO,"Mister pulse started; ON until 12071.29s, cooldown until 12075.29s"
12095.04,INFO,"Mister pulse started; ON until 12095.29s, cooldown until 12099.29s"
12113.01,INFO,"Mister pulse started; ON until 12113.26s, cooldown until 12117.26s"
12120.04,INFO,"Mister pulse started; ON until 12120.29s, cooldown until 12124.29s"
12134.03,INFO,"Mister pulse started; ON until 12134.28s, cooldown until 12138.28s"
12155.04,INFO,"Mister pulse started; ON until 12155.29s, cooldown until 12159.29s"
12167.02,INFO,"Mister pulse started; ON until 12167.27s, cooldown until 12171.27s"
12176.00,INFO,"Mister pulse started; ON until 12176.25s, cooldown until 12180.25s"
12189.02,INFO,"Mister pulse started; ON until 12189.27s, cooldown until 12193.27s"
12208.01,INFO,"Mister pulse started; ON until 12208.26s, cooldown until 12212.26s"
12216.01,INFO,"Mister pulse started; ON until 12216.26s, cooldown until 12220.26s"
12232.02,INFO,"Mister pulse started; ON until 12232.27s, cooldown until 12236.27s"
12239.04,INFO,"Mister pulse started; ON until 12239.29s, cooldown until 12243.29s"
12252.01,INFO,"Mister pulse started; ON until 12252.26s, cooldown until 12256.26s"
12273.03,INFO,"Mister pulse started; ON until 12273.28s, cooldown until 12277.28s"
12286.05,INFO,"Mister pulse started; ON until 12286.30s, cooldown until 12290.30s"
12291.01,INFO,"Mister pulse started; ON until 12291.26s, cooldown until 12295.26s"
12312.01,INFO,"Mister pulse started; ON until 12312.26s, cooldown until 12316.26s"
12325.02,INFO,"Mister pulse started; ON until 12325.27s, cooldown until 12329.27s"
12335.04,INFO,"Mister pulse started; ON until 12335.29s, cooldown until 12339.29s"
12342.01,INFO,"Mister pulse started; ON until 12342.26s, cooldown until 12346.26s"
12360.03,INFO,"Mister pulse started; ON until 12360.28s, cooldown until 12364.28s"
12373.04,INFO,"Mister pulse started; ON until 12373.29s, cooldown until 12377.29s"
12378.01,INFO,"Mister pulse started; ON until 12378.26s, cooldown until 12382.26s"
12402.02,INFO,"Mister pulse started; ON until 12402.27s, cooldown until 12406.27s"
12422.04,INFO,"Mister pulse started; ON until 12422.29s, cooldown until 12426.29s"
12430.04,INFO,"Mister pulse started; ON until 12430.29s, cooldown until 12434.29s"
12444.04,INFO,"Mister pulse started; ON until 12444.29s, cooldown until 12448.29s"
12450.03,INFO,"Mister pulse started; ON until 12450.28s, cooldown until 12454.28s"
12476.01,INFO,"Mister pulse started; ON until 12476.26s, cooldown until 12480.26s"
12481.02,INFO,"Mister pulse started; ON until 12481.27s, cooldown until 12485.27s"
12505.03,INFO,"Mister pulse started; ON until 12505.28s, cooldown until 12509.28s"
12524.03,INFO,"Mister pulse started; ON until 12524.28s, cooldown until 12528.28s"
12535.02,INFO,"Mister pulse started; ON until 12535.27s, cooldown until 12539.27s"
12554.03,INFO,"Mister pulse started; ON until 12554.28s, cooldown until 12558.28s"
12559.04,INFO,"Mister pulse started; ON until 12559.29s, cooldown until 12563.29s"
12579.02,INFO,"Mister pulse started; ON until 12579.27s, cooldown until 12583.27s"
12589.04,INFO,"Mister pulse started; ON until 12589.29s, cooldown until 12593.29s"
12605.05,INFO,"Mister pulse started; ON until 12605.30s, cooldown until 12609.30s"
12618.01,INFO,"Mister pulse started; ON until 12618.26s, cooldown until 12622.26s"
12628.04,INFO,"Mister pulse started; ON until 12628.29s, cooldown until 12632.29s"
12646.00,INFO,"Mister pulse started; ON until 12646.25s, cooldown until 12650.25s"
12665.01,INFO,"Mister pulse started; ON until 12665.26s, cooldown until 12669.26s"
12675.02,INFO,"Mister pulse started; ON until 12675.27s, cooldown until 12679.27s"
12691.03,INFO,"Mister pulse started; ON until 12691.28s, cooldown until 12695.28s"
12705.02,INFO,"Mister pulse started; ON until 12705.27s, cooldown until 12709.27s"
12716.02,INFO,"Mister pulse started; ON until 12716.27s, cooldown until 12720.27s"
12736.00,INFO,"Mister pulse started; ON until 12736.25s, cooldown until 12740.25s"
12741.01,INFO,"Mister pulse started; ON until 12741.26s, cooldown until 12745.26s"
12767.03,INFO,"Mister pulse started; ON until 12767.28s, cooldown until 12771.28s"
12772.04,INFO,"Mister pulse started; ON until 12772.29s, cooldown until 12776.29s"
12792.02,INFO,"Mister pulse started; ON until 12792.27s, cooldown until 12796.27s"
12797.03,INFO,"Mister pulse started; ON until 12797.28s, cooldown until 12801.28s"
12822.02,INFO,"Mister pulse started; ON until 12822.27s, cooldown until 12826.27s"
12827.03,INFO,"Mister pulse started; ON until 12827.28s, cooldown until 12831.28s"
12847.01,INFO,"Mister pulse started; ON until 12847.26s, cooldown until 12851.26s"
12854.03,INFO,"Mister pulse started; ON until 12854.28s, cooldown until 12858.28s"
12866.03,INFO,"Mister pulse started; ON until 12866.28s, cooldown until 12870.28s"
12883.02,INFO,"Mister pulse started; ON until 12883.27s, cooldown until 12887.27s"
12902.02,INFO,"Mister pulse started; ON until 12902.27s, cooldown until 12906.27s"
12907.02,INFO,"Mister pulse started; ON until 12907.27s, cooldown until 12911.27s"
12934.02,INFO,"Mister pulse started; ON until 12934.27s, cooldown until 12938.27s"
12939.03,INFO,"Mister pulse started; ON until 12939.28s, cooldown until 12943.28s"
12961.02,INFO,"Mister pulse started; ON until 12961.27s, cooldown until 12965.27s"
12977.03,INFO,"Mister pulse started; ON until 12977.28s, cooldown until 12981.28s"
12994.02,INFO,"Mister pulse started; ON until 12994.27s, cooldown until 12998.27s"
13014.05,INFO,"Mister pulse started; ON until 13014.30s, cooldown until 13018.30s"
13019.05,INFO,"Mister pulse started; ON until 13019.30s, cooldown until 13023.30s"
13043.00,INFO,"Mister pulse started; ON until 13043.25s, cooldown until 13047.25s"
13048.01,INFO,"Mister pulse started; ON until 13048.26s, cooldown until 13052.26s"
13068.05,INFO,"Mister pulse started; ON until 13068.30s, cooldown until 13072.30s"
13074.04,INFO,"Mister pulse started; ON until 13074.29s, cooldown until 13078.29s"
13094.04,INFO,"Mister pulse started; ON until 13094.29s, cooldown until 13098.29s"
13109.01,INFO,"Mister pulse started; ON until 13109.26s, cooldown until 13113.26s"
13119.02,INFO,"Mister pulse started; ON until 13119.27s, cooldown until 13123.27s"
13140.03,INFO,"Mister pulse started; ON until 13140.28s, cooldown until 13144.28s"
13146.02,INFO,"Mister pulse started; ON until 13146.27s, cooldown until 13150.27s"
13158.05,INFO,"Mister pulse started; ON until 13158.30s, cooldown until 13162.30s"
13175.03,INFO,"Mister pulse started; ON until 13175.28s, cooldown until 13179.28s"
13191.04,INFO,"Mister pulse started; ON until 13191.29s, cooldown until 13195.29s"
13207.04,INFO,"Mister pulse started; ON until 13207.29s, cooldown until 13211.29s"
13226.04,INFO,"Mister pulse started; ON until 13226.29s, cooldown until 13230.29s"
13231.01,INFO,"Mister pulse started; ON until 13231.26s, cooldown until 13235.26s"
13254.02,INFO,"Mister pulse started; ON until 13254.27s, cooldown until 13258.27s"
13272.04,INFO,"Mister pulse started; ON until 13272.29s, cooldown until 13276.29s"
13290.01,INFO,"Mister pulse started; ON until 13290.26s, cooldown until 13294.26s"
13298.02,INFO,"Mister pulse started; ON until 13298.27s, cooldown until 13302.27s"
13313.04,INFO,"Mister pulse started; ON until 13313.29s, cooldown until 13317.29s"
13320.00,INFO,"Mister pulse started; ON until 13320.25s, cooldown until 13324.25s"
13331.01,INFO,"Mister pulse started; ON until 13331.26s, cooldown until 13335.26s"
13345.01,INFO,"Mister pulse started; ON until 13345.26s, cooldown until 13349.26s"
13357.05,INFO,"Mister pulse started; ON until 13357.30s, cooldown until 13361.30s"
13375.02,INFO,"Mister pulse started; ON until 13375.27s, cooldown until 13379.27s"
13380.03,INFO,"Mister pulse started; ON until 13380.28s, cooldown until 13384.28s"
13399.02,INFO,"Mister pulse started; ON until 13399.27s, cooldown until 13403.27s"
13405.01,INFO,"Mister pulse started; ON until 13405.26s, cooldown until 13409.26s"
13429.03,INFO,"Mister pulse started; ON until 13429.28s, cooldown until 13433.28s"
13446.01,INFO,"Mister pulse started; ON until 13446.26s, cooldown until 13450.26s"
13453.04,INFO,"Mister pulse started; ON until 13453.29s, cooldown until 13457.29s"
13477.05,INFO,"Mister pulse started; ON until 13477.30s, cooldown until 13481.30s"
13497.02,INFO,"Mister pulse started; ON until 13497.27s, cooldown until 13501.27s"
13509.05,INFO,"Mister pulse started; ON until 13509.30s, cooldown until 13513.30s"
13529.03,INFO,"Mister pulse started; ON until 13529.28s, cooldown until 13533.28s"
13545.03,INFO,"Mister pulse started; ON until 13545.28s, cooldown until 13549.28s"
13558.04,INFO,"Mister pulse started; ON until 13558.29s, cooldown until 13562.29s"
13564.04,INFO,"Mister pulse started; ON until 13564.29s, cooldown until 13568.29s"
13585.05,INFO,"Mister pulse started; ON until 13585.30s, cooldown until 13589.30s"
13599.04,INFO,"Mister pulse started; ON until 13599.29s, cooldown until 13603.29s"
13605.04,INFO,"Mister pulse started; ON until 13605.29s, cooldown until 13609.29s"
13619.03,INFO,"Mister pulse started; ON until 13619.28s, cooldown until 13623.28s"
13639.01,INFO,"Mister pulse started; ON until 13639.26s, cooldown until 13643.26s"
13645.00,INFO,"Mister pulse started; ON until 13645.25s, cooldown until 13649.25s"
13661.01,INFO,"Mister pulse started; ON until 13661.26s, cooldown until 13665.26s"
13668.03,INFO,"Mister pulse started; ON until 13668.28s, cooldown until 13672.28s"
13684.04,INFO,"Mister pulse started; ON until 13684.29s, cooldown until 13688.29s"
13689.00,INFO,"Mister pulse started; ON until 13689.25s, cooldown until 13693.25s"
13713.02,INFO,"Mister pulse started; ON until 13713.27s, cooldown until 13717.27s"
13732.02,INFO,"Mister pulse started; ON until 13732.27s, cooldown until 13736.27s"
13743.01,INFO,"Mister pulse started; ON until 13743.26s, cooldown until 13747.26s"
13762.00,INFO,"Mister pulse started; ON until 13762.25s, cooldown until 13766.25s"
13767.01,INFO,"Mister pulse started; ON until 13767.26s, cooldown until 13771.26s"
13785.03,INFO,"Mister pulse started; ON until 13785.28s, cooldown until 13789.28s"
13805.01,INFO,"Mister pulse started; ON until 13805.26s, cooldown until 13809.26s"
13818.01,INFO,"Mister pulse started; ON until 13818.26s, cooldown until 13822.26s"
13823.03,INFO,"Mister pulse started; ON until 13823.28s, cooldown until 13827.28s"
13846.05,INFO,"Mister pulse started; ON until 13846.30s, cooldown until 13850.30s"
13851.05,INFO,"Mister pulse started; ON until 13851.30s, cooldown until 13855.30s"
13866.02,INFO,"Mister pulse started; ON until 13866.27s, cooldown until 13870.27s"
13871.03,INFO,"Mister pulse started; ON until 13871.28s, cooldown until 13875.28s"
13892.04,INFO,"Mister pulse started; ON until 13892.29s, cooldown until 13896.29s"
13899.01,INFO,"Mister pulse started; ON until 13899.26s, cooldown until 13903.26s"
13916.04,INFO,"Mister pulse started; ON until 13916.29s, cooldown until 13920.29s"
13921.05,INFO,"Mister pulse started; ON until 13921.30s, cooldown until 13925.30s"
13946.05,INFO,"Mister pulse started; ON until 13946.30s, cooldown until 13950.30s"
13951.01,INFO,"Mister pulse started; ON until 13951.26s, cooldown until 13955.26s"
13973.01,INFO,"Mister pulse started; ON until 13973.26s, cooldown until 13977.26s"
13991.03,INFO,"Mister pulse started; ON until 13991.28s, cooldown until 13995.28s"
14009.04,INFO,"Mister pulse started; ON until 14009.29s, cooldown until 14013.29s"
14015.03,INFO,"Mister pulse started; ON until 14015.28s, cooldown until 14019.28s"
14039.05,INFO,"Mister pulse started; ON until 14039.30s, cooldown until 14043.30s"
14055.00,INFO,"Mister pulse started; ON until 14055.25s, cooldown until 14059.25s"
14060.01,INFO,"Mister pulse started; ON until 14060.26s, cooldown until 14064.26s"
14080.05,INFO,"Mister pulse started; ON until 14080.30s, cooldown until 14084.30s"
14085.01,INFO,"Mister pulse started; ON until 14085.26s, cooldown until 14089.26s"
14108.04,INFO,"Mister pulse started; ON until 14108.29s, cooldown until 14112.29s"
14124.04,INFO,"Mister pulse started; ON until 14124.29s, cooldown until 14128.29s"
14138.03,INFO,"Mister pulse started; ON until 14138.28s, cooldown until 14142.28s"
14153.01,INFO,"Mister pulse started; ON until 14153.26s, cooldown until 14157.26s"
14166.02,INFO,"Mister pulse started; ON until 14166.27s, cooldown until 14170.27s"
14175.02,INFO,"Mister pulse started; ON until 14175.27s, cooldown until 14179.27s"
14182.04,INFO,"Mister pulse started; ON until 14182.29s, cooldown until 14186.29s"
14196.03,INFO,"Mister pulse started; ON until 14196.28s, cooldown until 14200.28s"
14216.02,INFO,"Mister pulse started; ON until 14216.27s, cooldown until 14220.27s"
14230.01,INFO,"Mister pulse started; ON until 14230.26s, cooldown until 14234.26s"
14235.02,INFO,"Mister pulse started; ON until 14235.27s, cooldown until 14239.27s"
14261.05,INFO,"Mister pulse started; ON until 14261.30s, cooldown until 14265.30s"
14266.01,INFO,"Mister pulse started; ON until 14266.26s, cooldown until 14270.26s"
14285.00,INFO,"Mister pulse started; ON until 14285.25s, cooldown until 14289.25s"
14294.03,INFO,"Mister pulse started; ON until 14294.28s, cooldown until 14298.28s"
14309.00,INFO,"Mister pulse started; ON until 14309.25s, cooldown until 14313.25s"
14315.04,INFO,"Mister pulse started; ON until 14315.29s, cooldown until 14319.29s"
14338.01,INFO,"Mister pulse started; ON until 14338.26s, cooldown until 14342.26s"
14357.02,INFO,"Mister pulse started; ON until 14357.27s, cooldown until 14361.27s"
14363.00,INFO,"Mister pulse started; ON until 14363.25s, cooldown until 14367.25s"
14374.00,INFO,"Mister pulse started; ON until 14374.25s, cooldown until 14378.25s"
14390.01,INFO,"Mister pulse started; ON until 14390.26s, cooldown until 14394.26s"
14405.03,INFO,"Mister pulse started; ON until 14405.28s, cooldown until 14409.28s"
14411.02,INFO,"Mister pulse started; ON until 14411.27s, cooldown until 14415.27s"
14425.02,INFO,"Mister pulse started; ON until 14425.27s, cooldown until 14429.27s"
14443.03,INFO,"Mister pulse started; ON until 14443.28s, cooldown until 14447.28s"
14448.04,INFO,"Mister pulse started; ON until 14448.29s, cooldown until 14452.29s"
14468.02,INFO,"Mister pulse started; ON until 14468.27s, cooldown until 14472.27s"
14478.04,INFO,"Mister pulse started; ON until 14478.29s, cooldown until 14482.29s"
14494.00,INFO,"Mister pulse started; ON until 14494.25s, cooldown until 14498.25s"
14512.02,INFO,"Mister pulse started; ON until 14512.27s, cooldown until 14516.27s"
14529.01,INFO,"Mister pulse started; ON until 14529.26s, cooldown until 14533.26s"
14534.02,INFO,"Mister pulse started; ON until 14534.27s, cooldown until 14538.27s"
14555.02,INFO,"Mister pulse started; ON until 14555.27s, cooldown until 14559.27s"
14561.01,INFO,"Mister pulse started; ON until 14561.26s, cooldown until 14565.26s"
14567.01,INFO,"Mister pulse started; ON until 14567.26s, cooldown until 14571.26s"
14592.00,INFO,"Mister pulse started; ON until 14592.25s, cooldown until 14596.25s"
14597.02,INFO,"Mister pulse started; ON until 14597.27s, cooldown until 14601.27s"
14616.02,INFO,"Mister pulse started; ON until 14616.27s, cooldown until 14620.27s"
14621.03,INFO,"Mister pulse started; ON until 14621.28s, cooldown until 14625.28s"
14640.05,INFO,"Mister pulse started; ON until 14640.30s, cooldown until 14644.30s"
14645.01,INFO,"Mister pulse started; ON until 14645.26s, cooldown until 14649.26s"
14667.00,INFO,"Mister pulse started; ON until 14667.25s, cooldown until 14671.25s"
14682.02,INFO,"Mister pulse started; ON until 14682.27s, cooldown until 14686.27s"
14696.02,INFO,"Mister pulse started; ON until 14696.27s, cooldown until 14700.27s"
14704.02,INFO,"Mister pulse started; ON until 14704.27s, cooldown until 14708.27s"
14717.03,INFO,"Mister pulse started; ON until 14717.28s, cooldown until 14721.28s"
14737.01,INFO,"Mister pulse started; ON until 14737.26s, cooldown until 14741.26s"
14749.05,INFO,"Mister pulse started; ON until 14749.30s, cooldown until 14753.30s"
14770.02,INFO,"Mister pulse started; ON until 14770.27s, cooldown until 14774.27s"
14785.04,INFO,"Mister pulse started; ON until 14785.29s, cooldown until 14789.29s"
14798.05,INFO,"Mister pulse started; ON until 14798.30s, cooldown until 14802.30s"
14804.04,INFO,"Mister pulse started; ON until 14804.29s, cooldown until 14808.29s"
14826.04,INFO,"Mister pulse started; ON until 14826.29s, cooldown until 14830.29s"
14840.03,INFO,"Mister pulse started; ON until 14840.28s, cooldown until 14844.28s"
14852.01,INFO,"Mister pulse started; ON until 14852.26s, cooldown until 14856.26s"
14860.01,INFO,"Mister pulse started; ON until 14860.26s, cooldown until 14864.26s"
14872.04,INFO,"Mister pulse started; ON until 14872.29s, cooldown until 14876.29s"
14884.02,INFO,"Mister pulse started; ON until 14884.27s, cooldown until 14888.27s"
14891.05,INFO,"Mister pulse started; ON until 14891.30s, cooldown until 14895.30s"
14914.03,INFO,"Mister pulse started; ON until 14914.28s, cooldown until 14918.28s"
14933.02,INFO,"Mister pulse started; ON until 14933.27s, cooldown until 14937.27s"
14939.01,INFO,"Mister pulse started; ON until 14939.26s, cooldown until 14943.26s"
14950.01,INFO,"Mister pulse started; ON until 14950.26s, cooldown until 14954.26s"
14965.03,INFO,"Mister pulse started; ON until 14965.28s, cooldown until 14969.28s"
14970.04,INFO,"Mister pulse started; ON until 14970.29s, cooldown until 14974.29s"
14993.02,INFO,"Mister pulse started; ON until 14993.27s, cooldown until 14997.27s"
15011.04,INFO,"Mister pulse started; ON until 15011.29s, cooldown until 15015.29s"
15016.05,INFO,"Mister pulse started; ON until 15016.30s, cooldown until 15020.30s"
15036.02,INFO,"Mister pulse started; ON until 15036.27s, cooldown until 15040.27s"
15041.03,INFO,"Mister pulse started; ON until 15041.28s, cooldown until 15045.28s"
15064.01,INFO,"Mister pulse started; ON until 15064.26s, cooldown until 15068.26s"
15081.05,INFO,"Mister pulse started; ON until 15081.30s, cooldown until 15085.30s"
15095.05,INFO,"Mister pulse started; ON until 15095.30s, cooldown until 15099.30s"
15112.03,INFO,"Mister pulse started; ON until 15112.28s, cooldown until 15116.28s"
15129.02,INFO,"Mister pulse started; ON until 15129.27s, cooldown until 15133.27s"
15137.02,INFO,"Mister pulse started; ON until 15137.27s, cooldown until 15141.27s"
15142.03,INFO,"Mister pulse started; ON until 15142.28s, cooldown until 15146.28s"
15164.02,INFO,"Mister pulse started; ON until 15164.27s, cooldown until 15168.27s"
15176.00,INFO,"Mister pulse started; ON until 15176.25s, cooldown until 15180.25s"
15182.00,INFO,"Mister pulse started; ON until 15182.25s, cooldown until 15186.25s"
15205.02,INFO,"Mister pulse started; ON until 15205.27s, cooldown until 15209.27s"
15218.04,INFO,"Mister pulse started; ON until 15218.29s, cooldown until 15222.29s"
15228.02,INFO,"Mister pulse started; ON until 15228.27s, cooldown until 15232.27s"
15246.03,INFO,"Mister pulse started; ON until 15246.28s, cooldown until 15250.28s"
15262.03,INFO,"Mister pulse started; ON until 15262.28s, cooldown until 15266.28s"
15280.01,INFO,"Mister pulse started; ON until 15280.26s, cooldown until 15284.26s"
15286.05,INFO,"Mister pulse started; ON until 15286.30s, cooldown until 15290.30s"
15311.04,INFO,"Mister pulse started; ON until 15311.29s, cooldown until 15315.29s"
15316.05,INFO,"Mister pulse started; ON until 15316.30s, cooldown until 15320.30s"
15334.02,INFO,"Mister pulse started; ON until 15334.27s, cooldown until 15338.27s"
15339.03,INFO,"Mister pulse started; ON until 15339.28s, cooldown until 15343.28s"
15360.04,INFO,"Mister pulse started; ON until 15360.29s, cooldown until 15364.29s"
15365.05,INFO,"Mister pulse started; ON until 15365.30s, cooldown until 15369.30s"
15388.03,INFO,"Mister pulse started; ON until 15388.28s, cooldown until 15392.28s"
15405.01,INFO,"Mister pulse started; ON until 15405.26s, cooldown until 15409.26s"
15410.02,INFO,"Mister pulse started; ON until 15410.27s, cooldown until 15414.27s"
15431.02,INFO,"Mister pulse started; ON until 15431.27s, cooldown until 15435.27s"
15436.03,INFO,"Mister pulse started; ON until 15436.28s, cooldown until 15440.28s"
15460.03,INFO,"Mister pulse started; ON until 15460.28s, cooldown until 15464.28s"
15477.01,INFO,"Mister pulse started; ON until 15477.26s, cooldown until 15481.26s"
15483.00,INFO,"Mister pulse started; ON until 15483.25s, cooldown until 15487.25s"
15506.04,INFO,"Mister pulse started; ON until 15506.29s, cooldown until 15510.29s"
15521.02,INFO,"Mister pulse started; ON until 15521.27s, cooldown until 15525.27s"
15535.01,INFO,"Mister pulse started; ON until 15535.26s, cooldown until 15539.26s"
15549.00,INFO,"Mister pulse started; ON until 15549.25s, cooldown until 15553.25s"
15554.02,INFO,"Mister pulse started; ON until 15554.27s, cooldown until 15558.27s"
15577.04,INFO,"Mister pulse started; ON until 15577.29s, cooldown until 15581.29s"
15594.03,INFO,"Mister pulse started; ON until 15594.28s, cooldown until 15598.28s"
15610.03,INFO,"Mister pulse started; ON until 15610.28s, cooldown until 15614.28s"
15628.01,INFO,"Mister pulse started; ON until 15628.26s, cooldown until 15632.26s"
15637.04,INFO,"Mister pulse started; ON until 15637.29s, cooldown until 15641.29s"
15649.02,INFO,"Mister pulse started; ON until 15649.27s, cooldown until 15653.27s"
15669.00,INFO,"Mister pulse started; ON until 15669.25s, cooldown until 15673.25s"
15682.01,INFO,"Mister pulse started; ON until 15682.26s, cooldown until 15686.26s"
15687.02,INFO,"Mister pulse started; ON until 15687.27s, cooldown until 15691.27s"
15705.04,INFO,"Mister pulse started; ON until 15705.29s, cooldown until 15709.29s"
15724.04,INFO,"Mister pulse started; ON until 15724.29s, cooldown until 15728.29s"
15730.03,INFO,"Mister pulse started; ON until 15730.28s, cooldown until 15734.28s"
15743.05,INFO,"Mister pulse started; ON until 15743.30s, cooldown until 15747.30s"
15760.04,INFO,"Mister pulse started; ON until 15760.29s, cooldown until 15764.29s"
15777.03,INFO,"Mister pulse started; ON until 15777.28s, cooldown until 15781.28s"
15784.00,INFO,"Mister pulse started; ON until 15784.25s, cooldown until 15788.25s"
15789.01,INFO,"Mister pulse started; ON until 15789.26s, cooldown until 15793.26s"
15810.04,INFO,"Mister pulse started; ON until 15810.29s, cooldown until 15814.29s"
15817.01,INFO,"Mister pulse started; ON until 15817.26s, cooldown until 15821.26s"
15831.00,INFO,"Mister pulse started; ON until 15831.25s, cooldown until 15835.25s"
15838.03,INFO,"Mister pulse started; ON until 15838.28s, cooldown until 15842.28s"
15858.01,INFO,"Mister pulse started; ON until 15858.26s, cooldown until 15862.26s"
15866.01,INFO,"Mister pulse started; ON until 15866.26s, cooldown until 15870.26s"
15882.02,INFO,"Mister pulse started; ON until 15882.27s, cooldown until 15886.27s"
15895.02,INFO,"Mister pulse started; ON until 15895.27s, cooldown until 15899.27s"
15901.01,INFO,"Mister pulse started; ON until 15901.26s, cooldown until 15905.26s"
15922.03,INFO,"Mister pulse started; ON until 15922.28s, cooldown until 15926.28s"
15934.01,INFO,"Mister pulse started; ON until 15934.26s, cooldown until 15938.26s"
15939.01,INFO,"Mister pulse started; ON until 15939.26s, cooldown until 15943.26s"
15961.00,INFO,"Mister pulse started; ON until 15961.25s, cooldown until 15965.25s"
15966.01,INFO,"Mister pulse started; ON until 15966.26s, cooldown until 15970.26s"
15979.02,INFO,"Mister pulse started; ON until 15979.27s, cooldown until 15983.27s"
15997.03,INFO,"Mister pulse started; ON until 15997.28s, cooldown until 16001.28s"
16014.02,INFO,"Mister pulse started; ON until 16014.27s, cooldown until 16018.27s"
16019.04,INFO,"Mister pulse started; ON until 16019.29s, cooldown until 16023.29s"
16040.00,INFO,"Mister pulse started; ON until 16040.25s, cooldown until 16044.25s"
16047.03,INFO,"Mister pulse started; ON until 16047.28s, cooldown until 16051.28s"
16062.04,INFO,"Mister pulse started; ON until 16062.29s, cooldown until 16066.29s"
16067.00,INFO,"Mister pulse started; ON until 16067.25s, cooldown until 16071.25s"
16088.01,INFO,"Mister pulse started; ON until 16088.26s, cooldown until 16092.26s"
16094.05,INFO,"Mister pulse started; ON until 16094.30s, cooldown until 16098.30s"
16106.03,INFO,"Mister pulse started; ON until 16106.28s, cooldown until 16110.28s"
16122.04,INFO,"Mister pulse started; ON until 16122.29s, cooldown until 16126.29s"
16137.02,INFO,"Mister pulse started; ON until 16137.27s, cooldown until 16141.27s"
16153.02,INFO,"Mister pulse started; ON until 16153.27s, cooldown until 16157.27s"
16166.03,INFO,"Mister pulse started; ON until 16166.28s, cooldown until 16170.28s"
16173.05,INFO,"Mister pulse started; ON until 16173.30s, cooldown until 16177.30s"
16183.02,INFO,"Mister pulse started; ON until 16183.27s, cooldown until 16187.27s"
16199.03,INFO,"Mister pulse started; ON until 16199.28s, cooldown until 16203.28s"
16204.03,INFO,"Mister pulse started; ON until 16204.28s, cooldown until 16208.28s"
16217.05,INFO,"Mister pulse started; ON until 16217.30s, cooldown until 16221.30s"
16231.03,INFO,"Mister pulse started; ON until 16231.28s, cooldown until 16235.28s"
16244.05,INFO,"Mister pulse started; ON until 16244.30s, cooldown until 16248.30s"
16249.00,INFO,"Mister pulse started; ON until 16249.25s, cooldown until 16253.25s"
16271.00,INFO,"Mister pulse started; ON until 16271.25s, cooldown until 16275.25s"
16283.05,INFO,"Mister pulse started; ON until 16283.30s, cooldown until 16287.30s"
16288.01,INFO,"Mister pulse started; ON until 16288.26s, cooldown until 16292.26s"
16312.01,INFO,"Mister pulse started; ON until 16312.26s, cooldown until 16316.26s"
16327.03,INFO,"Mister pulse started; ON until 16327.28s, cooldown until 16331.28s"
16341.02,INFO,"Mister pulse started; ON until 16341.27s, cooldown until 16345.27s"
16355.02,INFO,"Mister pulse started; ON until 16355.27s, cooldown until 16359.27s"
16360.03,INFO,"Mister pulse started; ON until 16360.28s, cooldown until 16364.28s"
16382.03,INFO,"Mister pulse started; ON until 16382.28s, cooldown until 16386.28s"
16397.00,INFO,"Mister pulse started; ON until 16397.25s, cooldown until 16401.25s"
16412.02,INFO,"Mister pulse started; ON until 16412.27s, cooldown until 16416.27s"
16422.04,INFO,"Mister pulse started; ON until 16422.29s, cooldown until 16426.29s"
16439.03,INFO,"Mister pulse started; ON until 16439.28s, cooldown until 16443.28s"
16455.04,INFO,"Mister pulse started; ON until 16455.29s, cooldown until 16459.29s"
16473.01,INFO,"Mister pulse started; ON until 16473.26s, cooldown until 16477.26s"
16480.03,INFO,"Mister pulse started; ON until 16480.28s, cooldown until 16484.28s"
16492.02,INFO,"Mister pulse started; ON until 16492.27s, cooldown until 16496.27s"
16508.02,INFO,"Mister pulse started; ON until 16508.27s, cooldown until 16512.27s"
16524.04,INFO,"Mister pulse started; ON until 16524.29s, cooldown until 16528.29s"
16539.02,INFO,"Mister pulse started; ON until 16539.27s, cooldown until 16543.27s"
16555.02,INFO,"Mister pulse started; ON until 16555.27s, cooldown until 16559.27s"
16569.02,INFO,"Mister pulse started; ON until 16569.27s, cooldown until 16573.27s"
16580.02,INFO,"Mister pulse started; ON until 16580.27s, cooldown until 16584.27s"
16599.02,INFO,"Mister pulse started; ON until 16599.27s, cooldown until 16603.27s"
16606.04,INFO,"Mister pulse started; ON until 16606.29s, cooldown until 16610.29s"
16617.03,INFO,"Mister pulse started; ON until 16617.28s, cooldown until 16621.28s"
16631.02,INFO,"Mister pulse started; ON until 16631.27s, cooldown until 16635.27s"
16638.04,INFO,"Mister pulse started; ON until 16638.29s, cooldown until 16642.29s"
16646.04,INFO,"Mister pulse started; ON until 16646.29s, cooldown until 16650.29s"
16656.00,INFO,"Mister pulse started; ON until 16656.25s, cooldown until 16660.25s"
16671.03,INFO,"Mister pulse started; ON until 16671.28s, cooldown until 16675.28s"
16678.04,INFO,"Mister pulse started; ON until 16678.29s, cooldown until 16682.29s"
16693.02,INFO,"Mister pulse started; ON until 16693.27s, cooldown until 16697.27s"
16698.03,INFO,"Mister pulse started; ON until 16698.28s, cooldown until 16702.28s"
16716.05,INFO,"Mister pulse started; ON until 16716.30s, cooldown until 16720.30s"
16735.05,INFO,"Mister pulse started; ON until 16735.30s, cooldown until 16739.30s"
16740.01,INFO,"Mister pulse started; ON until 16740.26s, cooldown until 16744.26s"
16752.04,INFO,"Mister pulse started; ON until 16752.29s, cooldown until 16756.29s"
16766.04,INFO,"Mister pulse started; ON until 16766.29s, cooldown until 16770.29s"
16773.01,INFO,"Mister pulse started; ON until 16773.26s, cooldown until 16777.26s"
16789.01,INFO,"Mister pulse started; ON until 16789.26s, cooldown until 16793.26s"
16796.03,INFO,"Mister pulse started; ON until 16796.28s, cooldown until 16800.28s"
16806.01,INFO,"Mister pulse started; ON until 16806.26s, cooldown until 16810.26s"
16818.04,INFO,"Mister pulse started; ON until 16818.29s, cooldown until 16822.29s"
16836.00,INFO,"Mister pulse started; ON until 16836.25s, cooldown until 16840.25s"
16844.01,INFO,"Mister pulse started; ON until 16844.26s, cooldown until 16848.26s"
16858.05,INFO,"Mister pulse started; ON until 16858.30s, cooldown until 16862.30s"
16873.03,INFO,"Mister pulse started; ON until 16873.28s, cooldown until 16877.28s"
16891.05,INFO,"Mister pulse started; ON until 16891.30s, cooldown until 16895.30s"
16898.02,INFO,"Mister pulse started; ON until 16898.27s, cooldown until 16902.27s"
16904.02,INFO,"Mister pulse started; ON until 16904.27s, cooldown until 16908.27s"
16926.01,INFO,"Mister pulse started; ON until 16926.26s, cooldown until 16930.26s"
16943.00,INFO,"Mister pulse started; ON until 16943.25s, cooldown until 16947.25s"
16959.01,INFO,"Mister pulse started; ON until 16959.26s, cooldown until 16963.26s"
16978.01,INFO,"Mister pulse started; ON until 16978.26s, cooldown until 16982.26s"
16983.02,INFO,"Mister pulse started; ON until 16983.27s, cooldown until 16987.27s"
17007.02,INFO,"Mister pulse started; ON until 17007.27s, cooldown until 17011.27s"
17021.01,INFO,"Mister pulse started; ON until 17021.26s, cooldown until 17025.26s"
17037.01,INFO,"Mister pulse started; ON until 17037.26s, cooldown until 17041.26s"
17052.04,INFO,"Mister pulse started; ON until 17052.29s, cooldown until 17056.29s"
17067.02,INFO,"Mister pulse started; ON until 17067.27s, cooldown until 17071.27s"
17077.05,INFO,"Mister pulse started; ON until 17077.30s, cooldown until 17081.30s"
17094.04,INFO,"Mister pulse started; ON until 17094.29s, cooldown until 17098.29s"
17112.00,INFO,"Mister pulse started; ON until 17112.25s, cooldown until 17116.25s"
17119.02,INFO,"Mister pulse started; ON until 17119.27s, cooldown until 17123.27s"
17129.04,INFO,"Mister pulse started; ON until 17129.29s, cooldown until 17133.29s"
17142.00,INFO,"Mister pulse started; ON until 17142.25s, cooldown until 17146.25s"
17148.04,INFO,"Mister pulse started; ON until 17148.29s, cooldown until 17152.29s"
17166.01,INFO,"Mister pulse started; ON until 17166.26s, cooldown until 17170.26s"
17171.02,INFO,"Mister pulse started; ON until 17171.27s, cooldown until 17175.27s"
17191.00,INFO,"Mister pulse started; ON until 17191.25s, cooldown until 17195.25s"
17196.01,INFO,"Mister pulse started; ON until 17196.26s, cooldown until 17200.26s"
17219.04,INFO,"Mister pulse started; ON until 17219.29s, cooldown until 17223.29s"
17232.00,INFO,"Mister pulse started; ON until 17232.25s, cooldown until 17236.25s"
17245.01,INFO,"Mister pulse started; ON until 17245.26s, cooldown until 17249.26s"
17251.01,INFO,"Mister pulse started; ON until 17251.26s, cooldown until 17255.26s"
17271.04,INFO,"Mister pulse started; ON until 17271.29s, cooldown until 17275.29s"
17278.01,INFO,"Mister pulse started; ON until 17278.26s, cooldown until 17282.26s"
17291.02,INFO,"Mister pulse started; ON until 17291.27s, cooldown until 17295.27s"
17310.02,INFO,"Mister pulse started; ON until 17310.27s, cooldown until 17314.27s"
17316.01,INFO,"Mister pulse started; ON until 17316.26s, cooldown until 17320.26s"
17327.01,INFO,"Mister pulse started; ON until 17327.26s, cooldown until 17331.26s"
17343.01,INFO,"Mister pulse started; ON until 17343.26s, cooldown until 17347.26s"
17348.02,INFO,"Mister pulse started; ON until 17348.27s, cooldown until 17352.27s"
17362.01,INFO,"Mister pulse started; ON until 17362.26s, cooldown until 17366.26s"
17381.01,INFO,"Mister pulse started; ON until 17381.26s, cooldown until 17385.26s"
17387.00,INFO,"Mister pulse started; ON until 17387.25s, cooldown until 17391.25s"
17399.03,INFO,"Mister pulse started; ON until 17399.28s, cooldown until 17403.28s"
17412.04,INFO,"Mister pulse started; ON until 17412.29s, cooldown until 17416.29s"
17418.03,INFO,"Mister pulse started; ON until 17418.28s, cooldown until 17422.28s"
17438.02,INFO,"Mister pulse started; ON until 17438.27s, cooldown until 17442.27s"
17448.04,INFO,"Mister pulse started; ON until 17448.29s, cooldown until 17452.29s"
17467.04,INFO,"Mister pulse started; ON until 17467.29s, cooldown until 17471.29s"
17472.00,INFO,"Mister pulse started; ON until 17472.25s, cooldown until 17476.25s"
17493.01,INFO,"Mister pulse started; ON until 17493.26s, cooldown until 17497.26s"
17501.01,INFO,"Mister pulse started; ON until 17501.26s, cooldown until 17505.26s"
17519.04,INFO,"Mister pulse started; ON until 17519.29s, cooldown until 17523.29s"
17534.02,INFO,"Mister pulse started; ON until 17534.27s, cooldown until 17538.27s"
17552.04,INFO,"Mister pulse started; ON until 17552.29s, cooldown until 17556.29s"
17569.02,INFO,"Mister pulse started; ON until 17569.27s, cooldown until 17573.27s"
17574.04,INFO,"Mister pulse started; ON until 17574.29s, cooldown until 17578.29s"
17593.04,INFO,"Mister pulse started; ON until 17593.29s, cooldown until 17597.29s"
17598.00,INFO,"Mister pulse started; ON until 17598.25s, cooldown until 17602.25s"
17619.01,INFO,"Mister pulse started; ON until 17619.26s, cooldown until 17623.26s"
17626.03,INFO,"Mister pulse started; ON until 17626.28s, cooldown until 17630.28s"
17643.01,INFO,"Mister pulse started; ON until 17643.26s, cooldown until 17647.26s"
17651.01,INFO,"Mister pulse started; ON until 17651.26s, cooldown until 17655.26s"
17668.00,INFO,"Mister pulse started; ON until 17668.25s, cooldown until 17672.25s"
17684.01,INFO,"Mister pulse started; ON until 17684.26s, cooldown until 17688.26s"
17692.01,INFO,"Mister pulse started; ON until 17692.26s, cooldown until 17696.26s"
17712.04,INFO,"Mister pulse started; ON until 17712.29s, cooldown until 17716.29s"
17718.03,INFO,"Mister pulse started; ON until 17718.28s, cooldown until 17722.28s"
17739.04,INFO,"Mister pulse started; ON until 17739.29s, cooldown until 17743.29s"
17749.01,INFO,"Mister pulse started; ON until 17749.26s, cooldown until 17753.26s"
17768.01,INFO,"Mister pulse started; ON until 17768.26s, cooldown until 17772.26s"
17776.02,INFO,"Mister pulse started; ON until 17776.27s, cooldown until 17780.27s"
17790.00,INFO,"Mister pulse started; ON until 17790.25s, cooldown until 17794.25s"
17795.01,INFO,"Mister pulse started; ON until 17795.26s, cooldown until 17799.26s"
17815.05,INFO,"Mister pulse started; ON until 17815.30s, cooldown until 17819.30s"
17820.01,INFO,"Mister pulse started; ON until 17820.26s, cooldown until 17824.26s"
17840.04,INFO,"Mister pulse started; ON until 17840.29s, cooldown until 17844.29s"
17847.01,INFO,"Mister pulse started; ON until 17847.26s, cooldown until 17851.26s"
17859.04,INFO,"Mister pulse started; ON until 17859.29s, cooldown until 17863.29s"
17876.03,INFO,"Mister pulse started; ON until 17876.28s, cooldown until 17880.28s"
17894.00,INFO,"Mister pulse started; ON until 17894.25s, cooldown until 17898.25s"
17899.02,INFO,"Mister pulse started; ON until 17899.27s, cooldown until 17903.27s"
17920.03,INFO,"Mister pulse started; ON until 17920.28s, cooldown until 17924.28s"
17929.01,INFO,"Mister pulse started; ON until 17929.26s, cooldown until 17933.26s"
17947.03,INFO,"Mister pulse started; ON until 17947.28s, cooldown until 17951.28s"
17964.02,INFO,"Mister pulse started; ON until 17964.27s, cooldown until 17968.27s"
17969.03,INFO,"Mister pulse started; ON until 17969.28s, cooldown until 17973.28s"
17989.01,INFO,"Mister pulse started; ON until 17989.26s, cooldown until 17993.26s"
17994.03,INFO,"Mister pulse started; ON until 17994.28s, cooldown until 17998.28s"
18017.00,INFO,"Mister pulse started; ON until 18017.25s, cooldown until 18021.25s"
18036.00,INFO,"Mister pulse started; ON until 18036.25s, cooldown until 18040.25s"
18041.02,INFO,"Mister pulse started; ON until 18041.27s, cooldown until 18045.27s"
18061.05,INFO,"Mister pulse started; ON until 18061.30s, cooldown until 18065.30s"
18068.02,INFO,"Mister pulse started; ON until 18068.27s, cooldown until 18072.27s"
18084.03,INFO,"Mister pulse started; ON until 18084.28s, cooldown until 18088.28s"
18090.02,INFO,"Mister pulse started; ON until 18090.27s, cooldown until 18094.27s"
18103.04,INFO,"Mister pulse started; ON until 18103.29s, cooldown until 18107.29s"
18120.03,INFO,"Mister pulse started; ON until 18120.28s, cooldown until 18124.28s"
18135.01,INFO,"Mister pulse started; ON until 18135.26s, cooldown until 18139.26s"
18154.02,INFO,"Mister pulse started; ON until 18154.27s, cooldown until 18158.27s"
18159.03,INFO,"Mister pulse started; ON until 18159.28s, cooldown until 18163.28s"
18181.03,INFO,"Mister pulse started; ON until 18181.28s, cooldown until 18185.28s"
18198.02,INFO,"Mister pulse started; ON until 18198.27s, cooldown until 18202.27s"
18216.04,INFO,"Mister pulse started; ON until 18216.29s, cooldown until 18220.29s"
18221.01,INFO,"Mister pulse started; ON until 18221.26s, cooldown until 18225.26s"
18242.02,INFO,"Mister pulse started; ON until 18242.27s, cooldown until 18246.27s"
18247.02,INFO,"Mister pulse started; ON until 18247.27s, cooldown until 18251.27s"
18262.00,INFO,"Mister pulse started; ON until 18262.25s, cooldown until 18266.25s"
18267.01,INFO,"Mister pulse started; ON until 18267.26s, cooldown until 18271.26s"
18288.02,INFO,"Mister pulse started; ON until 18288.27s, cooldown until 18292.27s"
18295.04,INFO,"Mister pulse started; ON until 18295.29s, cooldown until 18299.29s"
18307.03,INFO,"Mister pulse started; ON until 18307.28s, cooldown until 18311.28s"
18323.04,INFO,"Mister pulse started; ON until 18323.29s, cooldown until 18327.29s"
18339.05,INFO,"Mister pulse started; ON until 18339.30s, cooldown until 18343.30s"
18356.03,INFO,"Mister pulse started; ON until 18356.28s, cooldown until 18360.28s"
18371.01,INFO,"Mister pulse started; ON until 18371.26s, cooldown until 18375.26s"
18389.02,INFO,"Mister pulse started; ON until 18389.27s, cooldown until 18393.27s"
18394.04,INFO,"Mister pulse started; ON until 18394.29s, cooldown until 18398.29s"
18411.02,INFO,"Mister pulse started; ON until 18411.27s, cooldown until 18415.27s"
18429.04,INFO,"Mister pulse started; ON until 18429.29s, cooldown until 18433.29s"
18434.05,INFO,"Mister pulse started; ON until 18434.30s, cooldown until 18438.30s"
18453.00,INFO,"Mister pulse started; ON until 18453.25s, cooldown until 18457.25s"
18463.02,INFO,"Mister pulse started; ON until 18463.27s, cooldown until 18467.27s"
18479.03,INFO,"Mister pulse started; ON until 18479.28s, cooldown until 18483.28s"
18491.01,INFO,"Mister pulse started; ON until 18491.26s, cooldown until 18495.26s"
18498.04,INFO,"Mister pulse started; ON until 18498.29s, cooldown until 18502.29s"
18519.00,INFO,"Mister pulse started; ON until 18519.25s, cooldown until 18523.25s"
18534.03,INFO,"Mister pulse started; ON until 18534.28s, cooldown until 18538.28s"
18549.01,INFO,"Mister pulse started; ON until 18549.26s, cooldown until 18553.26s"
18560.00,INFO,"Mister pulse started; ON until 18560.25s, cooldown until 18564.25s"
18579.00,INFO,"Mister pulse started; ON until 18579.25s, cooldown until 18583.25s"
18589.02,INFO,"Mister pulse started; ON until 18589.27s, cooldown until 18593.27s"
18607.04,INFO,"Mister pulse started; ON until 18607.29s, cooldown until 18611.29s"
18613.03,INFO,"Mister pulse started; ON until 18613.28s, cooldown until 18617.28s"
18634.04,INFO,"Mister pulse started; ON until 18634.29s, cooldown until 18638.29s"
18639.00,INFO,"Mister pulse started; ON until 18639.25s, cooldown until 18643.25s"
18660.00,INFO,"Mister pulse started; ON until 18660.25s, cooldown until 18664.25s"
18672.04,INFO,"Mister pulse started; ON until 18672.29s, cooldown until 18676.29s"
18691.04,INFO,"Mister pulse started; ON until 18691.29s, cooldown until 18695.29s"
18696.05,INFO,"Mister pulse started; ON until 18696.30s, cooldown until 18700.30s"
18720.01,INFO,"Mister pulse started; ON until 18720.26s, cooldown until 18724.26s"
18725.02,INFO,"Mister pulse started; ON until 18725.27s, cooldown until 18729.27s"
18743.00,INFO,"Mister pulse started; ON until 18743.25s, cooldown until 18747.25s"
18748.02,INFO,"Mister pulse started; ON until 18748.27s, cooldown until 18752.27s"
18767.01,INFO,"Mister pulse started; ON until 18767.26s, cooldown until 18771.26s"
18772.02,INFO,"Mister pulse started; ON until 18772.27s, cooldown until 18776.27s"
18791.02,INFO,"Mister pulse started; ON until 18791.27s, cooldown until 18795.27s"
18796.03,INFO,"Mister pulse started; ON until 18796.28s, cooldown until 18800.28s"
18815.03,INFO,"Mister pulse started; ON until 18815.28s, cooldown until 18819.28s"
18821.03,INFO,"Mister pulse started; ON until 18821.28s, cooldown until 18825.28s"
18841.01,INFO,"Mister pulse started; ON until 18841.26s, cooldown until 18845.26s"
18855.05,INFO,"Mister pulse started; ON until 18855.30s, cooldown until 18859.30s"
18860.01,INFO,"Mister pulse started; ON until 18860.26s, cooldown until 18864.26s"
18883.03,INFO,"Mister pulse started; ON until 18883.28s, cooldown until 18887.28s"
18897.02,INFO,"Mister pulse started; ON until 18897.27s, cooldown until 18901.27s"
18914.01,INFO,"Mister pulse started; ON until 18914.26s, cooldown until 18918.26s"
18932.03,INFO,"Mister pulse started; ON until 18932.28s, cooldown until 18936.28s"
18952.00,INFO,"Mister pulse started; ON until 18952.25s, cooldown until 18956.25s"
18964.03,INFO,"Mister pulse started; ON until 18964.28s, cooldown until 18968.28s"
18987.01,INFO,"Mister pulse started; ON until 18987.26s, cooldown until 18991.26s"
19004.04,INFO,"Mister pulse started; ON until 19004.29s, cooldown until 19008.29s"
19020.00,INFO,"Mister pulse started; ON until 19020.25s, cooldown until 19024.25s"
19026.05,INFO,"Mister pulse started; ON until 19026.30s, cooldown until 19030.30s"
19050.05,INFO,"Mister pulse started; ON until 19050.30s, cooldown until 19054.30s"
19069.04,INFO,"Mister pulse started; ON until 19069.29s, cooldown until 19073.29s"
19074.00,INFO,"Mister pulse started; ON until 19074.25s, cooldown until 19078.25s"
19099.05,INFO,"Mister pulse started; ON until 19099.30s, cooldown until 19103.30s"
19116.03,INFO,"Mister pulse started; ON until 19116.28s, cooldown until 19120.28s"
19121.04,INFO,"Mister pulse started; ON until 19121.29s, cooldown until 19125.29s"
19145.01,INFO,"Mister pulse started; ON until 19145.26s, cooldown until 19149.26s"
19162.04,INFO,"Mister pulse started; ON until 19162.29s, cooldown until 19166.29s"
19181.03,INFO,"Mister pulse started; ON until 19181.28s, cooldown until 19185.28s"
19188.01,INFO,"Mister pulse started; ON until 19188.26s, cooldown until 19192.26s"
19204.02,INFO,"Mister pulse started; ON until 19204.27s, cooldown until 19208.27s"
19211.04,INFO,"Mister pulse started; ON until 19211.29s, cooldown until 19215.29s"
19223.02,INFO,"Mister pulse started; ON until 19223.27s, cooldown until 19227.27s"
19239.03,INFO,"Mister pulse started; ON until 19239.28s, cooldown until 19243.28s"
19255.03,INFO,"Mister pulse started; ON until 19255.28s, cooldown until 19259.28s"
19274.04,INFO,"Mister pulse started; ON until 19274.29s, cooldown until 19278.29s"
19279.01,INFO,"Mister pulse started; ON until 19279.26s, cooldown until 19283.26s"
19300.02,INFO,"Mister pulse started; ON until 19300.27s, cooldown until 19304.27s"
19313.03,INFO,"Mister pulse started; ON until 19313.28s, cooldown until 19317.28s"
19318.04,INFO,"Mister pulse started; ON until 19318.29s, cooldown until 19322.29s"
19340.04,INFO,"Mister pulse started; ON until 19340.29s, cooldown until 19344.29s"
19354.03,INFO,"Mister pulse started; ON until 19354.28s, cooldown until 19358.28s"
19361.00,INFO,"Mister pulse started; ON until 19361.25s, cooldown until 19365.25s"
19376.02,INFO,"Mister pulse started; ON until 19376.27s, cooldown until 19380.27s"
19382.01,INFO,"Mister pulse started; ON until 19382.26s, cooldown until 19386.26s"
19405.05,INFO,"Mister pulse started; ON until 19405.30s, cooldown until 19409.30s"
19423.01,INFO,"Mister pulse started; ON until 19423.26s, cooldown until 19427.26s"
19428.02,INFO,"Mister pulse started; ON until 19428.27s, cooldown until 19432.27s"
19449.03,INFO,"Mister pulse started; ON until 19449.28s, cooldown until 19453.28s"
19456.00,INFO,"Mister pulse started; ON until 19456.25s, cooldown until 19460.25s"
19473.04,INFO,"Mister pulse started; ON until 19473.29s, cooldown until 19477.29s"
19480.01,INFO,"Mister pulse started; ON until 19480.26s, cooldown until 19484.26s"
19495.04,INFO,"Mister pulse started; ON until 19495.29s, cooldown until 19499.29s"
19502.01,INFO,"Mister pulse started; ON until 19502.26s, cooldown until 19506.26s"
19512.03,INFO,"Mister pulse started; ON until 19512.28s, cooldown until 19516.28s"
19526.02,INFO,"Mister pulse started; ON until 19526.27s, cooldown until 19530.27s"
19531.03,INFO,"Mister pulse started; ON until 19531.28s, cooldown until 19535.28s"
19552.04,INFO,"Mister pulse started; ON until 19552.29s, cooldown until 19556.29s"
19557.05,INFO,"Mister pulse started; ON until 19557.30s, cooldown until 19561.30s"
19582.03,INFO,"Mister pulse started; ON until 19582.28s, cooldown until 19586.28s"
19587.04,INFO,"Mister pulse started; ON until 19587.29s, cooldown until 19591.29s"
19605.00,INFO,"Mister pulse started; ON until 19605.25s, cooldown until 19609.25s"
19610.01,INFO,"Mister pulse started; ON until 19610.26s, cooldown until 19614.26s"
19631.03,INFO,"Mister pulse started; ON until 19631.28s, cooldown until 19635.28s"
19637.02,INFO,"Mister pulse started; ON until 19637.27s, cooldown until 19641.27s"
19650.03,INFO,"Mister pulse started; ON until 19650.28s, cooldown until 19654.28s"
19666.04,INFO,"Mister pulse started; ON until 19666.29s, cooldown until 19670.29s"
19682.04,INFO,"Mister pulse started; ON until 19682.29s, cooldown until 19686.29s"
19696.03,INFO,"Mister pulse started; ON until 19696.28s, cooldown until 19700.28s"
19710.02,INFO,"Mister pulse started; ON until 19710.27s, cooldown until 19714.27s"
19724.01,INFO,"Mister pulse started; ON until 19724.26s, cooldown until 19728.26s"
19729.03,INFO,"Mister pulse started; ON until 19729.28s, cooldown until 19733.28s"
19747.04,INFO,"Mister pulse started; ON until 19747.29s, cooldown until 19751.29s"
19767.01,INFO,"Mister pulse started; ON until 19767.26s, cooldown until 19771.26s"
19778.01,INFO,"Mister pulse started; ON until 19778.26s, cooldown until 19782.26s"
19798.03,INFO,"Mister pulse started; ON until 19798.28s, cooldown until 19802.28s"
19805.01,INFO,"Mister pulse started; ON until 19805.26s, cooldown until 19809.26s"
19819.05,INFO,"Mister pulse started; ON until 19819.30s, cooldown until 19823.30s"
19838.01,INFO,"Mister pulse started; ON until 19838.26s, cooldown until 19842.26s"
19847.05,INFO,"Mister pulse started; ON until 19847.30s, cooldown until 19851.30s"
19865.01,INFO,"Mister pulse started; ON until 19865.26s, cooldown until 19869.26s"
19885.04,INFO,"Mister pulse started; ON until 19885.29s, cooldown until 19889.29s"
19891.03,INFO,"Mister pulse started; ON until 19891.28s, cooldown until 19895.28s"
19903.02,INFO,"Mister pulse started; ON until 19903.27s, cooldown until 19907.27s"
19918.04,INFO,"Mister pulse started; ON until 19918.29s, cooldown until 19922.29s"
19933.01,INFO,"Mister pulse started; ON until 19933.26s, cooldown until 19937.26s"
19945.04,INFO,"Mister pulse started; ON until 19945.29s, cooldown until 19949.29s"
19962.03,INFO,"Mister pulse started; ON until 19962.28s, cooldown until 19966.28s"
19968.02,INFO,"Mister pulse started; ON until 19968.27s, cooldown until 19972.27s"
19990.02,INFO,"Mister pulse started; ON until 19990.27s, cooldown until 19994.27s"
20005.04,INFO,"Mister pulse started; ON until 20005.29s, cooldown until 20009.29s"
20014.03,INFO,"Mister pulse started; ON until 20014.28s, cooldown until 20018.28s"
20032.04,INFO,"Mister pulse started; ON until 20032.29s, cooldown until 20036.29s"
20048.00,INFO,"Mister pulse started; ON until 20048.25s, cooldown until 20052.25s"
20053.01,INFO,"Mister pulse started; ON until 20053.26s, cooldown until 20057.26s"
20073.04,INFO,"Mister pulse started; ON until 20073.29s, cooldown until 20077.29s"
20078.01,INFO,"Mister pulse started; ON until 20078.26s, cooldown until 20082.26s"
20098.04,INFO,"Mister pulse started; ON until 20098.29s, cooldown until 20102.29s"
20104.03,INFO,"Mister pulse started; ON until 20104.28s, cooldown until 20108.28s"
20117.04,INFO,"Mister pulse started; ON until 20117.29s, cooldown until 20121.29s"
20132.02,INFO,"Mister pulse started; ON until 20132.27s, cooldown until 20136.27s"
20146.01,INFO,"Mister pulse started; ON until 20146.26s, cooldown until 20150.26s"
20160.00,INFO,"Mister pulse started; ON until 20160.25s, cooldown until 20164.25s"
20166.04,INFO,"Mister pulse started; ON until 20166.29s, cooldown until 20170.29s"
20188.04,INFO,"Mister pulse started; ON until 20188.29s, cooldown until 20192.29s"
20204.00,INFO,"Mister pulse started; ON until 20204.25s, cooldown until 20208.25s"
20220.01,INFO,"Mister pulse started; ON until 20220.26s, cooldown until 20224.26s"
20238.02,INFO,"Mister pulse started; ON until 20238.27s, cooldown until 20242.27s"
20243.04,INFO,"Mister pulse started; ON until 20243.29s, cooldown until 20247.29s"
20261.01,INFO,"Mister pulse started; ON until 20261.26s, cooldown until 20265.26s"
20270.04,INFO,"Mister pulse started; ON until 20270.29s, cooldown until 20274.29s"
20275.01,INFO,"Mister pulse started; ON until 20275.26s, cooldown until 20279.26s"
20297.05,INFO,"Mister pulse started; ON until 20297.30s, cooldown until 20301.30s"
20310.01,INFO,"Mister pulse started; ON until 20310.26s, cooldown until 20314.26s"
20316.05,INFO,"Mister pulse started; ON until 20316.30s, cooldown until 20320.30s"
20337.02,INFO,"Mister pulse started; ON until 20337.27s, cooldown until 20341.27s"
20352.04,INFO,"Mister pulse started; ON until 20352.29s, cooldown until 20356.29s"
20362.01,INFO,"Mister pulse started; ON until 20362.26s, cooldown until 20366.26s"
20382.04,INFO,"Mister pulse started; ON until 20382.29s, cooldown until 20386.29s"
20388.04,INFO,"Mister pulse started; ON until 20388.29s, cooldown until 20392.29s"
20401.00,INFO,"Mister pulse started; ON until 20401.25s, cooldown until 20405.25s"
20419.03,INFO,"Mister pulse started; ON until 20419.28s, cooldown until 20423.28s"
20424.04,INFO,"Mister pulse started; ON until 20424.29s, cooldown until 20428.29s"
20441.03,INFO,"Mister pulse started; ON until 20441.28s, cooldown until 20445.28s"
20458.01,INFO,"Mister pulse started; ON until 20458.26s, cooldown until 20462.26s"
20464.00,INFO,"Mister pulse started; ON until 20464.25s, cooldown until 20468.25s"
20483.05,INFO,"Mister pulse started; ON until 20483.30s, cooldown until 20487.30s"
20488.01,INFO,"Mister pulse started; ON until 20488.26s, cooldown until 20492.26s"
20507.01,INFO,"Mister pulse started; ON until 20507.26s, cooldown until 20511.26s"
20515.01,INFO,"Mister pulse started; ON until 20515.26s, cooldown until 20519.26s"
20527.05,INFO,"Mister pulse started; ON until 20527.30s, cooldown until 20531.30s"
20544.04,INFO,"Mister pulse started; ON until 20544.29s, cooldown until 20548.29s"
20560.04,INFO,"Mister pulse started; ON until 20560.29s, cooldown until 20564.29s"
20577.02,INFO,"Mister pulse started; ON until 20577.27s, cooldown until 20581.27s"
20582.03,INFO,"Mister pulse started; ON until 20582.28s, cooldown until 20586.28s"
20600.05,INFO,"Mister pulse started; ON until 20600.30s, cooldown until 20604.30s"
20617.03,INFO,"Mister pulse started; ON until 20617.28s, cooldown until 20621.28s"
20622.04,INFO,"Mister pulse started; ON until 20622.29s, cooldown until 20626.29s"
20639.04,INFO,"Mister pulse started; ON until 20639.29s, cooldown until 20643.29s"
20656.02,INFO,"Mister pulse started; ON until 20656.27s, cooldown until 20660.27s"
20661.02,INFO,"Mister pulse started; ON until 20661.27s, cooldown until 20665.27s"
20679.05,INFO,"Mister pulse started; ON until 20679.30s, cooldown until 20683.30s"
20696.03,INFO,"Mister pulse started; ON until 20696.28s, cooldown until 20700.28s"
20701.04,INFO,"Mister pulse started; ON until 20701.29s, cooldown until 20705.29s"
20718.03,INFO,"Mister pulse started; ON until 20718.28s, cooldown until 20722.28s"
20736.04,INFO,"Mister pulse started; ON until 20736.29s, cooldown until 20740.29s"
20741.05,INFO,"Mister pulse started; ON until 20741.30s, cooldown until 20745.30s"
20760.00,INFO,"Mister pulse started; ON until 20760.25s, cooldown until 20764.25s"
20765.02,INFO,"Mister pulse started; ON until 20765.27s, cooldown until 20769.27s"
20787.01,INFO,"Mister pulse started; ON until 20787.26s, cooldown until 20791.26s"
20801.00,INFO,"Mister pulse started; ON until 20801.25s, cooldown until 20805.25s"
20817.00,INFO,"Mister pulse started; ON until 20817.25s, cooldown until 20821.25s"
20824.02,INFO,"Mister pulse started; ON until 20824.27s, cooldown until 20828.27s"
20840.02,INFO,"Mister pulse started; ON until 20840.27s, cooldown until 20844.27s"
20848.03,INFO,"Mister pulse started; ON until 20848.28s, cooldown until 20852.28s"
20861.04,INFO,"Mister pulse started; ON until 20861.29s, cooldown until 20865.29s"
20880.03,INFO,"Mister pulse started; ON until 20880.28s, cooldown until 20884.28s"
20885.04,INFO,"Mister pulse started; ON until 20885.29s, cooldown until 20889.29s"
20907.04,INFO,"Mister pulse started; ON until 20907.29s, cooldown until 20911.29s"
20920.05,INFO,"Mister pulse started; ON until 20920.30s, cooldown until 20924.30s"
20929.03,INFO,"Mister pulse started; ON until 20929.28s, cooldown until 20933.28s"
20942.04,INFO,"Mister pulse started; ON until 20942.29s, cooldown until 20946.29s"
20947.01,INFO,"Mister pulse started; ON until 20947.26s, cooldown until 20951.26s"
20970.03,INFO,"Mister pulse started; ON until 20970.28s, cooldown until 20974.28s"
20975.04,INFO,"Mister pulse started; ON until 20975.29s, cooldown until 20979.29s"
20995.02,INFO,"Mister pulse started; ON until 20995.27s, cooldown until 20999.27s"
21010.05,INFO,"Mister pulse started; ON until 21010.30s, cooldown until 21014.30s"
21024.04,INFO,"Mister pulse started; ON until 21024.29s, cooldown until 21028.29s"
21036.01,INFO,"Mister pulse started; ON until 21036.26s, cooldown until 21040.26s"
21043.04,INFO,"Mister pulse started; ON until 21043.29s, cooldown until 21047.29s"
21065.03,INFO,"Mister pulse started; ON until 21065.28s, cooldown until 21069.28s"
21073.03,INFO,"Mister pulse started; ON until 21073.28s, cooldown until 21077.28s"
21093.02,INFO,"Mister pulse started; ON until 21093.27s, cooldown until 21097.27s"
21098.03,INFO,"Mister pulse started; ON until 21098.28s, cooldown until 21102.28s"
21120.02,INFO,"Mister pulse started; ON until 21120.27s, cooldown until 21124.27s"
21135.00,INFO,"Mister pulse started; ON until 21135.25s, cooldown until 21139.25s"
21150.02,INFO,"Mister pulse started; ON until 21150.27s, cooldown until 21154.27s"
21155.02,INFO,"Mister pulse started; ON until 21155.27s, cooldown until 21159.27s"
21167.01,INFO,"Mister pulse started; ON until 21167.26s, cooldown until 21171.26s"
21184.04,INFO,"Mister pulse started; ON until 21184.29s, cooldown until 21188.29s"
21199.03,INFO,"Mister pulse started; ON until 21199.28s, cooldown until 21203.28s"
21214.05,INFO,"Mister pulse started; ON until 21214.30s, cooldown until 21218.30s"
21224.01,INFO,"Mister pulse started; ON until 21224.26s, cooldown until 21228.26s"
21243.00,INFO,"Mister pulse started; ON until 21243.25s, cooldown until 21247.25s"
21248.01,INFO,"Mister pulse started; ON until 21248.26s, cooldown until 21252.26s"
21268.04,INFO,"Mister pulse started; ON until 21268.29s, cooldown until 21272.29s"
21273.05,INFO,"Mister pulse started; ON until 21273.30s, cooldown until 21277.30s"
21294.01,INFO,"Mister pulse started; ON until 21294.26s, cooldown until 21298.26s"
21302.01,INFO,"Mister pulse started; ON until 21302.26s, cooldown until 21306.26s"
21319.00,INFO,"Mister pulse started; ON until 21319.25s, cooldown until 21323.25s"
21334.03,INFO,"Mister pulse started; ON until 21334.28s, cooldown until 21338.28s"
21349.05,INFO,"Mister pulse started; ON until 21349.30s, cooldown until 21353.30s"
21362.00,INFO,"Mister pulse started; ON until 21362.25s, cooldown until 21366.25s"
21369.03,INFO,"Mister pulse started; ON until 21369.28s, cooldown until 21373.28s"
21376.05,INFO,"Mister pulse started; ON until 21376.30s, cooldown until 21380.30s"
21394.02,INFO,"Mister pulse started; ON until 21394.27s, cooldown until 21398.27s"
21399.03,INFO,"Mister pulse started; ON until 21399.28s, cooldown until 21403.28s"
21420.03,INFO,"Mister pulse started; ON until 21420.28s, cooldown until 21424.28s"
21430.00,INFO,"Mister pulse started; ON until 21430.25s, cooldown until 21434.25s"
21449.01,INFO,"Mister pulse started; ON until 21449.26s, cooldown until 21453.26s"
21454.02,INFO,"Mister pulse started; ON until 21454.27s, cooldown until 21458.27s"
21473.02,INFO,"Mister pulse started; ON until 21473.27s, cooldown until 21477.27s"
21478.03,INFO,"Mister pulse started; ON until 21478.28s, cooldown until 21482.28s"
21498.00,INFO,"Mister pulse started; ON until 21498.25s, cooldown until 21502.25s"
21506.01,INFO,"Mister pulse started; ON until 21506.26s, cooldown until 21510.26s"
21522.02,INFO,"Mister pulse started; ON until 21522.27s, cooldown until 21526.27s"
21536.01,INFO,"Mister pulse started; ON until 21536.26s, cooldown until 21540.26s"
21541.03,INFO,"Mister pulse started; ON until 21541.28s, cooldown until 21545.28s"
21564.00,INFO,"Mister pulse started; ON until 21564.25s, cooldown until 21568.25s"
21575.05,INFO,"Mister pulse started; ON until 21575.30s, cooldown until 21579.30s"
21581.04,INFO,"Mister pulse started; ON until 21581.29s, cooldown until 21585.29s"
21602.00,INFO,"Mister pulse started; ON until 21602.25s, cooldown until 21606.25s"
21613.05,INFO,"Mister pulse started; ON until 21613.30s, cooldown until 21617.30s"
21632.02,INFO,"Mister pulse started; ON until 21632.27s, cooldown until 21636.27s"
21648.02,INFO,"Mister pulse started; ON until 21648.27s, cooldown until 21652.27s"
21663.04,INFO,"Mister pulse started; ON until 21663.29s, cooldown until 21667.29s"
21674.03,INFO,"Mister pulse started; ON until 21674.28s, cooldown until 21678.28s"
21680.02,INFO,"Mister pulse started; ON until 21680.27s, cooldown until 21684.27s"
21701.03,INFO,"Mister pulse started; ON until 21701.28s, cooldown until 21705.28s"
21706.04,INFO,"Mister pulse started; ON until 21706.29s, cooldown until 21710.29s"
21720.04,INFO,"Mister pulse started; ON until 21720.29s, cooldown until 21724.29s"
21734.04,INFO,"Mister pulse started; ON until 21734.29s, cooldown until 21738.29s"
21747.05,INFO,"Mister pulse started; ON until 21747.30s, cooldown until 21751.30s"
21758.05,INFO,"Mister pulse started; ON until 21758.30s, cooldown until 21762.30s"
21772.04,INFO,"Mister pulse started; ON until 21772.29s, cooldown until 21776.29s"
21779.01,INFO,"Mister pulse started; ON until 21779.26s, cooldown until 21783.26s"
21796.00,INFO,"Mister pulse started; ON until 21796.25s, cooldown until 21800.25s"
21809.01,INFO,"Mister pulse started; ON until 21809.26s, cooldown until 21813.26s"
21817.01,INFO,"Mister pulse started; ON until 21817.26s, cooldown until 21821.26s"
21830.03,INFO,"Mister pulse started; ON until 21830.28s, cooldown until 21834.28s"
21848.05,INFO,"Mister pulse started; ON until 21848.30s, cooldown until 21852.30s"
21853.01,INFO,"Mister pulse started; ON until 21853.26s, cooldown until 21857.26s"
21872.01,INFO,"Mister pulse started; ON until 21872.26s, cooldown until 21876.26s"
21877.03,INFO,"Mister pulse started; ON until 21877.28s, cooldown until 21881.28s"
21896.03,INFO,"Mister pulse started; ON until 21896.28s, cooldown until 21900.28s"
21904.03,INFO,"Mister pulse started; ON until 21904.28s, cooldown until 21908.28s"
21915.03,INFO,"Mister pulse started; ON until 21915.28s, cooldown until 21919.28s"
21929.02,INFO,"Mister pulse started; ON until 21929.27s, cooldown until 21933.27s"
21937.03,INFO,"Mister pulse started; ON until 21937.28s, cooldown until 21941.28s"
21953.04,INFO,"Mister pulse started; ON until 21953.29s, cooldown until 21957.29s"
21963.01,INFO,"Mister pulse started; ON until 21963.26s, cooldown until 21967.26s"
21983.03,INFO,"Mister pulse started; ON until 21983.28s, cooldown until 21987.28s"
21988.04,INFO,"Mister pulse started; ON until 21988.29s, cooldown until 21992.29s"
22007.05,INFO,"Mister pulse started; ON until 22007.30s, cooldown until 22011.30s"
22012.00,INFO,"Mister pulse started; ON until 22012.25s, cooldown until 22016.25s"
22020.00,INFO,"Mister pulse started; ON until 22020.25s, cooldown until 22024.25s"
22030.02,INFO,"Mister pulse started; ON until 22030.27s, cooldown until 22034.27s"
22039.01,INFO,"Mister pulse started; ON until 22039.26s, cooldown until 22043.26s"
22053.05,INFO,"Mister pulse started; ON until 22053.30s, cooldown until 22057.30s"
22058.00,INFO,"Mister pulse started; ON until 22058.25s, cooldown until 22062.25s"
22078.04,INFO,"Mister pulse started; ON until 22078.29s, cooldown until 22082.29s"
22083.05,INFO,"Mister pulse started; ON until 22083.30s, cooldown until 22087.30s"
22105.00,INFO,"Mister pulse started; ON until 22105.25s, cooldown until 22109.25s"
22120.03,INFO,"Mister pulse started; ON until 22120.28s, cooldown until 22124.28s"
22134.01,INFO,"Mister pulse started; ON until 22134.26s, cooldown until 22138.26s"
22144.03,INFO,"Mister pulse started; ON until 22144.28s, cooldown until 22148.28s"
22160.03,INFO,"Mister pulse started; ON until 22160.28s, cooldown until 22164.28s"
22174.03,INFO,"Mister pulse started; ON until 22174.28s, cooldown until 22178.28s"
22182.03,INFO,"Mister pulse started; ON until 22182.28s, cooldown until 22186.28s"
22198.03,INFO,"Mister pulse started; ON until 22198.28s, cooldown until 22202.28s"
22207.02,INFO,"Mister pulse started; ON until 22207.27s, cooldown until 22211.27s"
22222.04,INFO,"Mister pulse started; ON until 22222.29s, cooldown until 22226.29s"
22232.01,INFO,"Mister pulse started; ON until 22232.26s, cooldown until 22236.26s"
22249.05,INFO,"Mister pulse started; ON until 22249.30s, cooldown until 22253.30s"
22266.03,INFO,"Mister pulse started; ON until 22266.28s, cooldown until 22270.28s"
22271.04,INFO,"Mister pulse started; ON until 22271.29s, cooldown until 22275.29s"
22287.02,INFO,"Mister pulse started; ON until 22287.27s, cooldown until 22291.27s"
22303.03,INFO,"Mister pulse started; ON until 22303.28s, cooldown until 22307.28s"
22317.02,INFO,"Mister pulse started; ON until 22317.27s, cooldown until 22321.27s"
22334.01,INFO,"Mister pulse started; ON until 22334.26s, cooldown until 22338.26s"
22347.02,INFO,"Mister pulse started; ON until 22347.27s, cooldown until 22351.27s"
22359.01,INFO,"Mister pulse started; ON until 22359.26s, cooldown until 22363.26s"
22364.02,INFO,"Mister pulse started; ON until 22364.27s, cooldown until 22368.27s"
22384.00,INFO,"Mister pulse started; ON until 22384.25s, cooldown until 22388.25s"
22390.05,INFO,"Mister pulse started; ON until 22390.30s, cooldown until 22394.30s"
22410.03,INFO,"Mister pulse started; ON until 22410.28s, cooldown until 22414.28s"
22418.03,INFO,"Mister pulse started; ON until 22418.28s, cooldown until 22422.28s"
22433.01,INFO,"Mister pulse started; ON until 22433.26s, cooldown until 22437.26s"
22438.02,INFO,"Mister pulse started; ON until 22438.27s, cooldown until 22442.27s"
22452.02,INFO,"Mister pulse started; ON until 22452.27s, cooldown until 22456.27s"
22467.04,INFO,"Mister pulse started; ON until 22467.29s, cooldown until 22471.29s"
22481.03,INFO,"Mister pulse started; ON until 22481.28s, cooldown until 22485.28s"
22492.03,INFO,"Mister pulse started; ON until 22492.28s, cooldown until 22496.28s"
22509.01,INFO,"Mister pulse started; ON until 22509.26s, cooldown until 22513.26s"
22514.03,INFO,"Mister pulse started; ON until 22514.28s, cooldown until 22518.28s"
22530.03,INFO,"Mister pulse started; ON until 22530.28s, cooldown until 22534.28s"
22545.01,INFO,"Mister pulse started; ON until 22545.26s, cooldown until 22549.26s"
22560.03,INFO,"Mister pulse started; ON until 22560.28s, cooldown until 22564.28s"
22565.03,INFO,"Mister pulse started; ON until 22565.28s, cooldown until 22569.28s"
22578.05,INFO,"Mister pulse started; ON until 22578.30s, cooldown until 22582.30s"
22589.05,INFO,"Mister pulse started; ON until 22589.30s, cooldown until 22593.30s"
22595.04,INFO,"Mister pulse started; ON until 22595.29s, cooldown until 22599.29s"
22614.03,INFO,"Mister pulse started; ON until 22614.28s, cooldown until 22618.28s"
22621.01,INFO,"Mister pulse started; ON until 22621.26s, cooldown until 22625.26s"
22635.00,INFO,"Mister pulse started; ON until 22635.25s, cooldown until 22639.25s"
22640.01,INFO,"Mister pulse started; ON until 22640.26s, cooldown until 22644.26s"
22657.00,INFO,"Mister pulse started; ON until 22657.25s, cooldown until 22661.25s"
22669.03,INFO,"Mister pulse started; ON until 22669.28s, cooldown until 22673.28s"
22678.01,INFO,"Mister pulse started; ON until 22678.26s, cooldown until 22682.26s"
22692.01,INFO,"Mister pulse started; ON until 22692.26s, cooldown until 22696.26s"
22698.05,INFO,"Mister pulse started; ON until 22698.30s, cooldown until 22702.30s"
22717.05,INFO,"Mister pulse started; ON until 22717.30s, cooldown until 22721.30s"
22722.00,INFO,"Mister pulse started; ON until 22722.25s, cooldown until 22726.25s"
22731.04,INFO,"Mister pulse started; ON until 22731.29s, cooldown until 22735.29s"
22740.02,INFO,"Mister pulse started; ON until 22740.27s, cooldown until 22744.27s"
22749.01,INFO,"Mister pulse started; ON until 22749.26s, cooldown until 22753.26s"
22762.02,INFO,"Mister pulse started; ON until 22762.27s, cooldown until 22766.27s"
22768.01,INFO,"Mister pulse started; ON until 22768.26s, cooldown until 22772.26s"
22784.02,INFO,"Mister pulse started; ON until 22784.27s, cooldown until 22788.27s"
22801.00,INFO,"Mister pulse started; ON until 22801.25s, cooldown until 22805.25s"
22806.01,INFO,"Mister pulse started; ON until 22806.26s, cooldown until 22810.26s"
22819.03,INFO,"Mister pulse started; ON until 22819.28s, cooldown until 22823.28s"
22824.03,INFO,"Mister pulse started; ON until 22824.28s, cooldown until 22828.28s"
22844.01,INFO,"Mister pulse started; ON until 22844.26s, cooldown until 22848.26s"
22855.01,INFO,"Mister pulse started; ON until 22855.26s, cooldown until 22859.26s"
22872.00,INFO,"Mister pulse started; ON until 22872.25s, cooldown until 22876.25s"
22877.01,INFO,"Mister pulse started; ON until 22877.26s, cooldown until 22881.26s"
22893.02,INFO,"Mister pulse started; ON until 22893.27s, cooldown until 22897.27s"
22909.02,INFO,"Mister pulse started; ON until 22909.27s, cooldown until 22913.27s"
22914.02,INFO,"Mister pulse started; ON until 22914.27s, cooldown until 22918.27s"
22932.05,INFO,"Mister pulse started; ON until 22932.30s, cooldown until 22936.30s"
22937.00,INFO,"Mister pulse started; ON until 22937.25s, cooldown until 22941.25s"
22949.05,INFO,"Mister pulse started; ON until 22949.30s, cooldown until 22953.30s"
22965.00,INFO,"Mister pulse started; ON until 22965.25s, cooldown until 22969.25s"
22983.01,INFO,"Mister pulse started; ON until 22983.26s, cooldown until 22987.26s"
22988.03,INFO,"Mister pulse started; ON until 22988.28s, cooldown until 22992.28s"
23002.02,INFO,"Mister pulse started; ON until 23002.27s, cooldown until 23006.27s"
23010.03,INFO,"Mister pulse started; ON until 23010.28s, cooldown until 23014.28s"
23026.04,INFO,"Mister pulse started; ON until 23026.29s, cooldown until 23030.29s"
23032.03,INFO,"Mister pulse started; ON until 23032.28s, cooldown until 23036.28s"
23045.05,INFO,"Mister pulse started; ON until 23045.30s, cooldown until 23049.30s"
23063.02,INFO,"Mister pulse started; ON until 23063.27s, cooldown until 23067.27s"
23068.03,INFO,"Mister pulse started; ON until 23068.28s, cooldown until 23072.28s"
23088.00,INFO,"Mister pulse started; ON until 23088.25s, cooldown until 23092.25s"
23093.01,INFO,"Mister pulse started; ON until 23093.26s, cooldown until 23097.26s"
23106.02,INFO,"Mister pulse started; ON until 23106.27s, cooldown until 23110.27s"
23118.00,INFO,"Mister pulse started; ON until 23118.25s, cooldown until 23122.25s"
23128.02,INFO,"Mister pulse started; ON until 23128.27s, cooldown until 23132.27s"
23143.04,INFO,"Mister pulse started; ON until 23143.29s, cooldown until 23147.29s"
23148.05,INFO,"Mister pulse started; ON until 23148.30s, cooldown until 23152.30s"
23168.03,INFO,"Mister pulse started; ON until 23168.28s, cooldown until 23172.28s"
23173.04,INFO,"Mister pulse started; ON until 23173.29s, cooldown until 23177.29s"
23184.04,INFO,"Mister pulse started; ON until 23184.29s, cooldown until 23188.29s"
23197.00,INFO,"Mister pulse started; ON until 23197.25s, cooldown until 23201.25s"
23203.04,INFO,"Mister pulse started; ON until 23203.29s, cooldown until 23207.29s"
23221.01,INFO,"Mister pulse started; ON until 23221.26s, cooldown until 23225.26s"
23227.05,INFO,"Mister pulse started; ON until 23227.30s, cooldown until 23231.30s"
23248.02,INFO,"Mister pulse started; ON until 23248.27s, cooldown until 23252.27s"
23253.03,INFO,"Mister pulse started; ON until 23253.28s, cooldown until 23257.28s"
23267.02,INFO,"Mister pulse started; ON until 23267.27s, cooldown until 23271.27s"
23273.02,INFO,"Mister pulse started; ON until 23273.27s, cooldown until 23277.27s"
23290.00,INFO,"Mister pulse started; ON until 23290.25s, cooldown until 23294.25s"
23295.01,INFO,"Mister pulse started; ON until 23295.26s, cooldown until 23299.26s"
23310.04,INFO,"Mister pulse started; ON until 23310.29s, cooldown until 23314.29s"
23322.02,INFO,"Mister pulse started; ON until 23322.27s, cooldown until 23326.27s"
23334.00,INFO,"Mister pulse started; ON until 23334.25s, cooldown until 23338.25s"
23339.02,INFO,"Mister pulse started; ON until 23339.27s, cooldown until 23343.27s"
23355.02,INFO,"Mister pulse started; ON until 23355.27s, cooldown until 23359.27s"
23367.00,INFO,"Mister pulse started; ON until 23367.25s, cooldown until 23371.25s"
23377.02,INFO,"Mister pulse started; ON until 23377.27s, cooldown until 23381.27s"
23391.01,INFO,"Mister pulse started; ON until 23391.26s, cooldown until 23395.26s"
23396.03,INFO,"Mister pulse started; ON until 23396.28s, cooldown until 23400.28s"
23415.03,INFO,"Mister pulse started; ON until 23415.28s, cooldown until 23419.28s"
23420.04,INFO,"Mister pulse started; ON until 23420.29s, cooldown until 23424.29s"
23440.03,INFO,"Mister pulse started; ON until 23440.28s, cooldown until 23444.28s"
23447.00,INFO,"Mister pulse started; ON until 23447.25s, cooldown until 23451.25s"
23463.00,INFO,"Mister pulse started; ON until 23463.25s, cooldown until 23467.25s"
23470.02,INFO,"Mister pulse started; ON until 23470.27s, cooldown until 23474.27s"
23483.02,INFO,"Mister pulse started; ON until 23483.27s, cooldown until 23487.27s"
23498.05,INFO,"Mister pulse started; ON until 23498.30s, cooldown until 23502.30s"
23510.02,INFO,"Mister pulse started; ON until 23510.27s, cooldown until 23514.27s"
23516.01,INFO,"Mister pulse started; ON until 23516.26s, cooldown until 23520.26s"
23524.02,INFO,"Mister pulse started; ON until 23524.27s, cooldown until 23528.27s"
23531.05,INFO,"Mister pulse started; ON until 23531.30s, cooldown until 23535.30s"
23551.03,INFO,"Mister pulse started; ON until 23551.28s, cooldown until 23555.28s"
23557.02,INFO,"Mister pulse started; ON until 23557.27s, cooldown until 23561.27s"
23569.00,INFO,"Mister pulse started; ON until 23569.25s, cooldown until 23573.25s"
23584.02,INFO,"Mister pulse started; ON until 23584.27s, cooldown until 23588.27s"
23598.01,INFO,"Mister pulse started; ON until 23598.26s, cooldown until 23602.26s"
23604.00,INFO,"Mister pulse started; ON until 23604.25s, cooldown until 23608.25s"
23617.01,INFO,"Mister pulse started; ON until 23617.26s, cooldown until 23621.26s"
23632.04,INFO,"Mister pulse started; ON until 23632.29s, cooldown until 23636.29s"
23644.01,INFO,"Mister pulse started; ON until 23644.26s, cooldown until 23648.26s"
23653.05,INFO,"Mister pulse started; ON until 23653.30s, cooldown until 23657.30s"
23665.04,INFO,"Mister pulse started; ON until 23665.29s, cooldown until 23669.29s"
23681.04,INFO,"Mister pulse started; ON until 23681.29s, cooldown until 23685.29s"
23697.05,INFO,"Mister pulse started; ON until 23697.30s, cooldown until 23701.30s"
23711.04,INFO,"Mister pulse started; ON until 23711.29s, cooldown until 23715.29s"
23726.02,INFO,"Mister pulse started; ON until 23726.27s, cooldown until 23730.27s"
23731.03,INFO,"Mister pulse started; ON until 23731.28s, cooldown until 23735.28s"
23746.00,INFO,"Mister pulse started; ON until 23746.25s, cooldown until 23750.25s"
23753.03,INFO,"Mister pulse started; ON until 23753.28s, cooldown until 23757.28s"
23759.02,INFO,"Mister pulse started; ON until 23759.27s, cooldown until 23763.27s"
23777.04,INFO,"Mister pulse started; ON until 23777.29s, cooldown until 23781.29s"
23782.05,INFO,"Mister pulse started; ON until 23782.30s, cooldown until 23786.30s"
23796.04,INFO,"Mister pulse started; ON until 23796.29s, cooldown until 23800.29s"
23805.02,INFO,"Mister pulse started; ON until 23805.27s, cooldown until 23809.27s"
23819.01,INFO,"Mister pulse started; ON until 23819.26s, cooldown until 23823.26s"
23831.05,INFO,"Mister pulse started; ON until 23831.30s, cooldown until 23835.30s"
23847.01,INFO,"Mister pulse started; ON until 23847.26s, cooldown until 23851.26s"
23852.02,INFO,"Mister pulse started; ON until 23852.27s, cooldown until 23856.27s"
23866.01,INFO,"Mister pulse started; ON until 23866.26s, cooldown until 23870.26s"
23875.05,INFO,"Mister pulse started; ON until 23875.30s, cooldown until 23879.30s"
23889.04,INFO,"Mister pulse started; ON until 23889.29s, cooldown until 23893.29s"
23894.04,INFO,"Mister pulse started; ON until 23894.29s, cooldown until 23898.29s"
23914.02,INFO,"Mister pulse started; ON until 23914.27s, cooldown until 23918.27s"
23920.01,INFO,"Mister pulse started; ON until 23920.26s, cooldown until 23924.26s"
23933.02,INFO,"Mister pulse started; ON until 23933.27s, cooldown until 23937.27s"
23949.02,INFO,"Mister pulse started; ON until 23949.27s, cooldown until 23953.27s"
23962.03,INFO,"Mister pulse started; ON until 23962.28s, cooldown until 23966.28s"
23971.02,INFO,"Mister pulse started; ON until 23971.27s, cooldown until 23975.27s"
23986.04,INFO,"Mister pulse started; ON until 23986.29s, cooldown until 23990.29s"
23994.04,INFO,"Mister pulse started; ON until 23994.29s, cooldown until 23998.29s"
24007.01,INFO,"Mister pulse started; ON until 24007.26s, cooldown until 24011.26s"
24012.02,INFO,"Mister pulse started; ON until 24012.27s, cooldown until 24016.27s"
24032.04,INFO,"Mister pulse started; ON until 24032.29s, cooldown until 24036.29s"
24037.05,INFO,"Mister pulse started; ON until 24037.30s, cooldown until 24041.30s"
24054.04,INFO,"Mister pulse started; ON until 24054.29s, cooldown until 24058.29s"
24059.05,INFO,"Mister pulse started; ON until 24059.30s, cooldown until 24063.30s"
24073.04,INFO,"Mister pulse started; ON until 24073.29s, cooldown until 24077.29s"
24078.05,INFO,"Mister pulse started; ON until 24078.30s, cooldown until 24082.30s"
24088.02,INFO,"Mister pulse started; ON until 24088.27s, cooldown until 24092.27s"
24099.01,INFO,"Mister pulse started; ON until 24099.26s, cooldown until 24103.26s"
24116.05,INFO,"Mister pulse started; ON until 24116.30s, cooldown until 24120.30s"
24131.03,INFO,"Mister pulse started; ON until 24131.28s, cooldown until 24135.28s"
24145.02,INFO,"Mister pulse started; ON until 24145.27s, cooldown until 24149.27s"
24159.02,INFO,"Mister pulse started; ON until 24159.27s, cooldown until 24163.27s"
24169.03,INFO,"Mister pulse started; ON until 24169.28s, cooldown until 24173.28s"
24184.00,INFO,"Mister pulse started; ON until 24184.25s, cooldown until 24188.25s"
24198.04,INFO,"Mister pulse started; ON until 24198.29s, cooldown until 24202.29s"
24203.05,INFO,"Mister pulse started; ON until 24203.30s, cooldown until 24207.30s"
24222.05,INFO,"Mister pulse started; ON until 24222.30s, cooldown until 24226.30s"
24227.00,INFO,"Mister pulse started; ON until 24227.25s, cooldown until 24231.25s"
24234.03,INFO,"Mister pulse started; ON until 24234.28s, cooldown until 24238.28s"
24251.02,INFO,"Mister pulse started; ON until 24251.27s, cooldown until 24255.27s"
24256.03,INFO,"Mister pulse started; ON until 24256.28s, cooldown until 24260.28s"
24270.03,INFO,"Mister pulse started; ON until 24270.28s, cooldown until 24274.28s"
24278.03,INFO,"Mister pulse started; ON until 24278.28s, cooldown until 24282.28s"
24292.02,INFO,"Mister pulse started; ON until 24292.27s, cooldown until 24296.27s"
24297.03,INFO,"Mister pulse started; ON until 24297.28s, cooldown until 24301.28s"
24314.01,INFO,"Mister pulse started; ON until 24314.26s, cooldown until 24318.26s"
24319.02,INFO,"Mister pulse started; ON until 24319.27s, cooldown until 24323.27s"
24334.04,INFO,"Mister pulse started; ON until 24334.29s, cooldown until 24338.29s"
24341.01,INFO,"Mister pulse started; ON until 24341.26s, cooldown until 24345.26s"
24356.03,INFO,"Mister pulse started; ON until 24356.28s, cooldown until 24360.28s"
24362.02,INFO,"Mister pulse started; ON until 24362.27s, cooldown until 24366.27s"
24373.01,INFO,"Mister pulse started; ON until 24373.26s, cooldown until 24377.26s"
24381.02,INFO,"Mister pulse started; ON until 24381.27s, cooldown until 24385.27s"
24394.03,INFO,"Mister pulse started; ON until 24394.28s, cooldown until 24398.28s"
24399.04,INFO,"Mister pulse started; ON until 24399.29s, cooldown until 24403.29s"
24414.01,INFO,"Mister pulse started; ON until 24414.26s, cooldown until 24418.26s"
24430.01,INFO,"Mister pulse started; ON until 24430.26s, cooldown until 24434.26s"
24438.01,INFO,"Mister pulse started; ON until 24438.26s, cooldown until 24442.26s"
24454.01,INFO,"Mister pulse started; ON until 24454.26s, cooldown until 24458.26s"
24466.04,INFO,"Mister pulse started; ON until 24466.29s, cooldown until 24470.29s"
24472.03,INFO,"Mister pulse started; ON until 24472.28s, cooldown until 24476.28s"
24490.01,INFO,"Mister pulse started; ON until 24490.26s, cooldown until 24494.26s"
24495.01,INFO,"Mister pulse started; ON until 24495.26s, cooldown until 24499.26s"
24513.04,INFO,"Mister pulse started; ON until 24513.29s, cooldown until 24517.29s"
24518.04,INFO,"Mister pulse started; ON until 24518.29s, cooldown until 24522.29s"
24534.04,INFO,"Mister pulse started; ON until 24534.29s, cooldown until 24538.29s"
24546.02,INFO,"Mister pulse started; ON until 24546.27s, cooldown until 24550.27s"
24551.03,INFO,"Mister pulse started; ON until 24551.28s, cooldown until 24555.28s"
24573.02,INFO,"Mister pulse started; ON until 24573.27s, cooldown until 24577.27s"
24578.02,INFO,"Mister pulse started; ON until 24578.27s, cooldown until 24582.27s"
24591.03,INFO,"Mister pulse started; ON until 24591.28s, cooldown until 24595.28s"
24609.04,INFO,"Mister pulse started; ON until 24609.29s, cooldown until 24613.29s"
24614.00,INFO,"Mister pulse started; ON until 24614.25s, cooldown until 24618.25s"
24631.05,INFO,"Mister pulse started; ON until 24631.30s, cooldown until 24635.30s"
24645.03,INFO,"Mister pulse started; ON until 24645.28s, cooldown until 24649.28s"
24655.05,INFO,"Mister pulse started; ON until 24655.30s, cooldown until 24659.30s"
24673.02,INFO,"Mister pulse started; ON until 24673.27s, cooldown until 24677.27s"
24678.03,INFO,"Mister pulse started; ON until 24678.28s, cooldown until 24682.28s"
24696.00,INFO,"Mister pulse started; ON until 24696.25s, cooldown until 24700.25s"
24701.02,INFO,"Mister pulse started; ON until 24701.27s, cooldown until 24705.27s"
24723.00,INFO,"Mister pulse started; ON until 24723.25s, cooldown until 24727.25s"
24730.02,INFO,"Mister pulse started; ON until 24730.27s, cooldown until 24734.27s"
24747.00,INFO,"Mister pulse started; ON until 24747.25s, cooldown until 24751.25s"
24752.01,INFO,"Mister pulse started; ON until 24752.26s, cooldown until 24756.26s"
24768.02,INFO,"Mister pulse started; ON until 24768.27s, cooldown until 24772.27s"
24773.03,INFO,"Mister pulse started; ON until 24773.28s, cooldown until 24777.28s"
24792.03,INFO,"Mister pulse started; ON until 24792.28s, cooldown until 24796.28s"
24797.04,INFO,"Mister pulse started; ON until 24797.29s, cooldown until 24801.29s"
24815.01,INFO,"Mister pulse started; ON until 24815.26s, cooldown until 24819.26s"
24820.02,INFO,"Mister pulse started; ON until 24820.27s, cooldown until 24824.27s"
24837.05,INFO,"Mister pulse started; ON until 24837.30s, cooldown until 24841.30s"
24854.00,INFO,"Mister pulse started; ON until 24854.25s, cooldown until 24858.25s"
24859.01,INFO,"Mister pulse started; ON until 24859.26s, cooldown until 24863.26s"
24877.03,INFO,"Mister pulse started; ON until 24877.28s, cooldown until 24881.28s"
24882.04,INFO,"Mister pulse started; ON until 24882.29s, cooldown until 24886.29s"
24897.01,INFO,"Mister pulse started; ON until 24897.26s, cooldown until 24901.26s"
24909.04,INFO,"Mister pulse started; ON until 24909.29s, cooldown until 24913.29s"
24914.00,INFO,"Mister pulse started; ON until 24914.25s, cooldown until 24918.25s"
24932.02,INFO,"Mister pulse started; ON until 24932.27s, cooldown until 24936.27s"
24937.03,INFO,"Mister pulse started; ON until 24937.28s, cooldown until 24941.28s"
24951.03,INFO,"Mister pulse started; ON until 24951.28s, cooldown until 24955.28s"
24961.04,INFO,"Mister pulse started; ON until 24961.29s, cooldown until 24965.29s"
24975.03,INFO,"Mister pulse started; ON until 24975.28s, cooldown until 24979.28s"
24984.02,INFO,"Mister pulse started; ON until 24984.27s, cooldown until 24988.27s"
25000.02,INFO,"Mister pulse started; ON until 25000.27s, cooldown until 25004.27s"
25006.01,INFO,"Mister pulse started; ON until 25006.26s, cooldown until 25010.26s"
25022.02,INFO,"Mister pulse started; ON until 25022.27s, cooldown until 25026.27s"
25028.01,INFO,"Mister pulse started; ON until 25028.26s, cooldown until 25032.26s"
25042.05,INFO,"Mister pulse started; ON until 25042.30s, cooldown until 25046.30s"
25055.01,INFO,"Mister pulse started; ON until 25055.26s, cooldown until 25059.26s"
25067.04,INFO,"Mister pulse started; ON until 25067.29s, cooldown until 25071.29s"
25072.05,INFO,"Mister pulse started; ON until 25072.30s, cooldown until 25076.30s"
25087.02,INFO,"Mister pulse started; ON until 25087.27s, cooldown until 25091.27s"
25101.02,INFO,"Mister pulse started; ON until 25101.27s, cooldown until 25105.27s"
25107.01,INFO,"Mister pulse started; ON until 25107.26s, cooldown until 25111.26s"
25118.01,INFO,"Mister pulse started; ON until 25118.26s, cooldown until 25122.26s"
25132.00,INFO,"Mister pulse started; ON until 25132.25s, cooldown until 25136.25s"
25139.02,INFO,"Mister pulse started; ON until 25139.27s, cooldown until 25143.27s"
25153.01,INFO,"Mister pulse started; ON until 25153.26s, cooldown until 25157.26s"
25158.02,INFO,"Mister pulse started; ON until 25158.27s, cooldown until 25162.27s"
25172.01,INFO,"Mister pulse started; ON until 25172.26s, cooldown until 25176.26s"
25182.03,INFO,"Mister pulse started; ON until 25182.28s, cooldown until 25186.28s"
25195.04,INFO,"Mister pulse started; ON until 25195.29s, cooldown until 25199.29s"
25204.03,INFO,"Mister pulse started; ON until 25204.28s, cooldown until 25208.28s"
25218.02,INFO,"Mister pulse started; ON until 25218.27s, cooldown until 25222.27s"
25223.03,INFO,"Mister pulse started; ON until 25223.28s, cooldown until 25227.28s"
25241.04,INFO,"Mister pulse started; ON until 25241.29s, cooldown until 25245.29s"
25246.00,INFO,"Mister pulse started; ON until 25246.25s, cooldown until 25250.25s"
25262.01,INFO,"Mister pulse started; ON until 25262.26s, cooldown until 25266.26s"
25278.02,INFO,"Mister pulse started; ON until 25278.27s, cooldown until 25282.27s"
25290.00,INFO,"Mister pulse started; ON until 25290.25s, cooldown until 25294.25s"
25301.00,INFO,"Mister pulse started; ON until 25301.25s, cooldown until 25305.25s"
25317.01,INFO,"Mister pulse started; ON until 25317.26s, cooldown until 25321.26s"
25332.03,INFO,"Mister pulse started; ON until 25332.28s, cooldown until 25336.28s"
25339.00,INFO,"Mister pulse started; ON until 25339.25s, cooldown until 25343.25s"
25357.03,INFO,"Mister pulse started; ON until 25357.28s, cooldown until 25361.28s"
25370.04,INFO,"Mister pulse started; ON until 25370.29s, cooldown until 25374.29s"
25382.01,INFO,"Mister pulse started; ON until 25382.26s, cooldown until 25386.26s"
25387.02,INFO,"Mister pulse started; ON until 25387.27s, cooldown until 25391.27s"
25404.01,INFO,"Mister pulse started; ON until 25404.26s, cooldown until 25408.26s"
25411.03,INFO,"Mister pulse started; ON until 25411.28s, cooldown until 25415.28s"
25428.02,INFO,"Mister pulse started; ON until 25428.27s, cooldown until 25432.27s"
25444.03,INFO,"Mister pulse started; ON until 25444.28s, cooldown until 25448.28s"
25458.02,INFO,"Mister pulse started; ON until 25458.27s, cooldown until 25462.27s"
25471.03,INFO,"Mister pulse started; ON until 25471.28s, cooldown until 25475.28s"
25477.02,INFO,"Mister pulse started; ON until 25477.27s, cooldown until 25481.27s"
25487.03,INFO,"Mister pulse started; ON until 25487.28s, cooldown until 25491.28s"
25493.02,INFO,"Mister pulse started; ON until 25493.27s, cooldown until 25497.27s"
25501.03,INFO,"Mister pulse started; ON until 25501.28s, cooldown until 25505.28s"
25509.03,INFO,"Mister pulse started; ON until 25509.28s, cooldown until 25513.28s"
25516.00,INFO,"Mister pulse started; ON until 25516.25s, cooldown until 25520.25s"
25523.03,INFO,"Mister pulse started; ON until 25523.28s, cooldown until 25527.28s"
25540.00,INFO,"Mister pulse started; ON until 25540.25s, cooldown until 25544.25s"
25545.02,INFO,"Mister pulse started; ON until 25545.27s, cooldown until 25549.27s"
25559.01,INFO,"Mister pulse started; ON until 25559.26s, cooldown until 25563.26s"
25570.01,INFO,"Mister pulse started; ON until 25570.26s, cooldown until 25574.26s"
25585.03,INFO,"Mister pulse started; ON until 25585.28s, cooldown until 25589.28s"
25591.02,INFO,"Mister pulse started; ON until 25591.27s, cooldown until 25595.27s"
25607.03,INFO,"Mister pulse started; ON until 25607.28s, cooldown until 25611.28s"
25613.02,INFO,"Mister pulse started; ON until 25613.27s, cooldown until 25617.27s"
25626.03,INFO,"Mister pulse started; ON until 25626.28s, cooldown until 25630.28s"
25642.04,INFO,"Mister pulse started; ON until 25642.29s, cooldown until 25646.29s"
25655.00,INFO,"Mister pulse started; ON until 25655.25s, cooldown until 25659.25s"
25669.04,INFO,"Mister pulse started; ON until 25669.29s, cooldown until 25673.29s"
25674.05,INFO,"Mister pulse started; ON until 25674.30s, cooldown until 25678.30s"
25692.02,INFO,"Mister pulse started; ON until 25692.27s, cooldown until 25696.27s"
25698.01,INFO,"Mister pulse started; ON until 25698.26s, cooldown until 25702.26s"
25705.04,INFO,"Mister pulse started; ON until 25705.29s, cooldown until 25709.29s"
25723.01,INFO,"Mister pulse started; ON until 25723.26s, cooldown until 25727.26s"
25728.02,INFO,"Mister pulse started; ON until 25728.27s, cooldown until 25732.27s"
25747.02,INFO,"Mister pulse started; ON until 25747.27s, cooldown until 25751.27s"
25752.04,INFO,"Mister pulse started; ON until 25752.29s, cooldown until 25756.29s"
25770.00,INFO,"Mister pulse started; ON until 25770.25s, cooldown until 25774.25s"
25775.01,INFO,"Mister pulse started; ON until 25775.26s, cooldown until 25779.26s"
25792.05,INFO,"Mister pulse started; ON until 25792.30s, cooldown until 25796.30s"
25807.02,INFO,"Mister pulse started; ON until 25807.27s, cooldown until 25811.27s"
25823.02,INFO,"Mister pulse started; ON until 25823.27s, cooldown until 25827.27s"
25830.04,INFO,"Mister pulse started; ON until 25830.29s, cooldown until 25834.29s"
25849.04,INFO,"Mister pulse started; ON until 25849.29s, cooldown until 25853.29s"
25854.05,INFO,"Mister pulse started; ON until 25854.30s, cooldown until 25858.30s"
25867.01,INFO,"Mister pulse started; ON until 25867.26s, cooldown until 25871.26s"
25878.01,INFO,"Mister pulse started; ON until 25878.26s, cooldown until 25882.26s"
25895.00,INFO,"Mister pulse started; ON until 25895.25s, cooldown until 25899.25s"
25900.01,INFO,"Mister pulse started; ON until 25900.26s, cooldown until 25904.26s"
25914.00,INFO,"Mister pulse started; ON until 25914.25s, cooldown until 25918.25s"
25921.03,INFO,"Mister pulse started; ON until 25921.28s, cooldown until 25925.28s"
25936.00,INFO,"Mister pulse started; ON until 25936.25s, cooldown until 25940.25s"
25941.01,INFO,"Mister pulse started; ON until 25941.26s, cooldown until 25945.26s"
25960.01,INFO,"Mister pulse started; ON until 25960.26s, cooldown until 25964.26s"
25965.02,INFO,"Mister pulse started; ON until 25965.27s, cooldown until 25969.27s"
25983.03,INFO,"Mister pulse started; ON until 25983.28s, cooldown until 25987.28s"
25988.04,INFO,"Mister pulse started; ON until 25988.29s, cooldown until 25992.29s"
26000.02,INFO,"Mister pulse started; ON until 26000.27s, cooldown until 26004.27s"
26006.01,INFO,"Mister pulse started; ON until 26006.26s, cooldown until 26010.26s"
26017.01,INFO,"Mister pulse started; ON until 26017.26s, cooldown until 26021.26s"
26024.04,INFO,"Mister pulse started; ON until 26024.29s, cooldown until 26028.29s"
26038.03,INFO,"Mister pulse started; ON until 26038.28s, cooldown until 26042.28s"
26043.04,INFO,"Mister pulse started; ON until 26043.29s, cooldown until 26047.29s"
26059.05,INFO,"Mister pulse started; ON until 26059.30s, cooldown until 26063.30s"
26066.02,INFO,"Mister pulse started; ON until 26066.27s, cooldown until 26070.27s"
26080.01,INFO,"Mister pulse started; ON until 26080.26s, cooldown until 26084.26s"
26087.03,INFO,"Mister pulse started; ON until 26087.28s, cooldown until 26091.28s"
26100.04,INFO,"Mister pulse started; ON until 26100.29s, cooldown until 26104.29s"
26115.01,INFO,"Mister pulse started; ON until 26115.26s, cooldown until 26119.26s"
26128.02,INFO,"Mister pulse started; ON until 26128.27s, cooldown until 26132.27s"
26138.03,INFO,"Mister pulse started; ON until 26138.28s, cooldown until 26142.28s"
26152.03,INFO,"Mister pulse started; ON until 26152.28s, cooldown until 26156.28s"
26160.02,INFO,"Mister pulse started; ON until 26160.27s, cooldown until 26164.27s"
26174.01,INFO,"Mister pulse started; ON until 26174.26s, cooldown until 26178.26s"
26179.02,INFO,"Mister pulse started; ON until 26179.27s, cooldown until 26183.27s"
26195.04,INFO,"Mister pulse started; ON until 26195.29s, cooldown until 26199.29s"
26211.04,INFO,"Mister pulse started; ON until 26211.29s, cooldown until 26215.29s"
26226.01,INFO,"Mister pulse started; ON until 26226.26s, cooldown until 26230.26s"
26240.00,INFO,"Mister pulse started; ON until 26240.25s, cooldown until 26244.25s"
26253.01,INFO,"Mister pulse started; ON until 26253.26s, cooldown until 26257.26s"
26259.00,INFO,"Mister pulse started; ON until 26259.25s, cooldown until 26263.25s"
26267.00,INFO,"Mister pulse started; ON until 26267.25s, cooldown until 26271.25s"
26272.01,INFO,"Mister pulse started; ON until 26272.26s, cooldown until 26276.26s"
26288.03,INFO,"Mister pulse started; ON until 26288.28s, cooldown until 26292.28s"
26294.01,INFO,"Mister pulse started; ON until 26294.26s, cooldown until 26298.26s"
26307.03,INFO,"Mister pulse started; ON until 26307.28s, cooldown until 26311.28s"
26312.04,INFO,"Mister pulse started; ON until 26312.29s, cooldown until 26316.29s"
26329.02,INFO,"Mister pulse started; ON until 26329.27s, cooldown until 26333.27s"
26342.03,INFO,"Mister pulse started; ON until 26342.28s, cooldown until 26346.28s"
26353.04,INFO,"Mister pulse started; ON until 26353.29s, cooldown until 26357.29s"
26368.01,INFO,"Mister pulse started; ON until 26368.26s, cooldown until 26372.26s"
26382.00,INFO,"Mister pulse started; ON until 26382.25s, cooldown until 26386.25s"
26395.00,INFO,"Mister pulse started; ON until 26395.25s, cooldown until 26399.25s"
26400.02,INFO,"Mister pulse started; ON until 26400.27s, cooldown until 26404.27s"
26418.04,INFO,"Mister pulse started; ON until 26418.29s, cooldown until 26422.29s"
26423.05,INFO,"Mister pulse started; ON until 26423.30s, cooldown until 26427.30s"
26438.03,INFO,"Mister pulse started; ON until 26438.28s, cooldown until 26442.28s"
26446.03,INFO,"Mister pulse started; ON until 26446.28s, cooldown until 26450.28s"
26464.04,INFO,"Mister pulse started; ON until 26464.29s, cooldown until 26468.29s"
26478.04,INFO,"Mister pulse started; ON until 26478.29s, cooldown until 26482.29s"
26484.02,INFO,"Mister pulse started; ON until 26484.27s, cooldown until 26488.27s"
26500.03,INFO,"Mister pulse started; ON until 26500.28s, cooldown until 26504.28s"
26507.00,INFO,"Mister pulse started; ON until 26507.25s, cooldown until 26511.25s"
26522.03,INFO,"Mister pulse started; ON until 26522.28s, cooldown until 26526.28s"
26527.04,INFO,"Mister pulse started; ON until 26527.29s, cooldown until 26531.29s"
26547.02,INFO,"Mister pulse started; ON until 26547.27s, cooldown until 26551.27s"
26554.05,INFO,"Mister pulse started; ON until 26554.30s, cooldown until 26558.30s"
26564.01,INFO,"Mister pulse started; ON until 26564.26s, cooldown until 26568.26s"
26579.03,INFO,"Mister pulse started; ON until 26579.28s, cooldown until 26583.28s"
26585.02,INFO,"Mister pulse started; ON until 26585.27s, cooldown until 26589.27s"
26596.02,INFO,"Mister pulse started; ON until 26596.27s, cooldown until 26600.27s"
26611.05,INFO,"Mister pulse started; ON until 26611.30s, cooldown until 26615.30s"
26619.01,INFO,"Mister pulse started; ON until 26619.26s, cooldown until 26623.26s"
26634.03,INFO,"Mister pulse started; ON until 26634.28s, cooldown until 26638.28s"
26640.02,INFO,"Mister pulse started; ON until 26640.27s, cooldown until 26644.27s"
26652.00,INFO,"Mister pulse started; ON until 26652.25s, cooldown until 26656.25s"
26669.04,INFO,"Mister pulse started; ON until 26669.29s, cooldown until 26673.29s"
26680.05,INFO,"Mister pulse started; ON until 26680.30s, cooldown until 26684.30s"
26691.05,INFO,"Mister pulse started; ON until 26691.30s, cooldown until 26695.30s"
26704.01,INFO,"Mister pulse started; ON until 26704.26s, cooldown until 26708.26s"
26715.01,INFO,"Mister pulse started; ON until 26715.26s, cooldown until 26719.26s"
26729.05,INFO,"Mister pulse started; ON until 26729.30s, cooldown until 26733.30s"
26739.01,INFO,"Mister pulse started; ON until 26739.26s, cooldown until 26743.26s"
26754.04,INFO,"Mister pulse started; ON until 26754.29s, cooldown until 26758.29s"
26767.05,INFO,"Mister pulse started; ON until 26767.30s, cooldown until 26771.30s"
26773.03,INFO,"Mister pulse started; ON until 26773.28s, cooldown until 26777.28s"
26779.03,INFO,"Mister pulse started; ON until 26779.28s, cooldown until 26783.28s"
26797.05,INFO,"Mister pulse started; ON until 26797.30s, cooldown until 26801.30s"
26802.01,INFO,"Mister pulse started; ON until 26802.26s, cooldown until 26806.26s"
26818.02,INFO,"Mister pulse started; ON until 26818.27s, cooldown until 26822.27s"
26832.01,INFO,"Mister pulse started; ON until 26832.26s, cooldown until 26836.26s"
26845.02,INFO,"Mister pulse started; ON until 26845.27s, cooldown until 26849.27s"
26851.02,INFO,"Mister pulse started; ON until 26851.27s, cooldown until 26855.27s"
26858.04,INFO,"Mister pulse started; ON until 26858.29s, cooldown until 26862.29s"
26877.04,INFO,"Mister pulse started; ON until 26877.29s, cooldown until 26881.29s"
26882.05,INFO,"Mister pulse started; ON until 26882.30s, cooldown until 26886.30s"
26900.02,INFO,"Mister pulse started; ON until 26900.27s, cooldown until 26904.27s"
26905.02,INFO,"Mister pulse started; ON until 26905.27s, cooldown until 26909.27s"
26921.02,INFO,"Mister pulse started; ON until 26921.27s, cooldown until 26925.27s"
26934.03,INFO,"Mister pulse started; ON until 26934.28s, cooldown until 26938.28s"
26945.03,INFO,"Mister pulse started; ON until 26945.28s, cooldown until 26949.28s"
26960.00,INFO,"Mister pulse started; ON until 26960.25s, cooldown until 26964.25s"
26974.00,INFO,"Mister pulse started; ON until 26974.25s, cooldown until 26978.25s"
26986.03,INFO,"Mister pulse started; ON until 26986.28s, cooldown until 26990.28s"
26991.04,INFO,"Mister pulse started; ON until 26991.29s, cooldown until 26995.29s"
27006.01,INFO,"Mister pulse started; ON until 27006.26s, cooldown until 27010.26s"
27018.04,INFO,"Mister pulse started; ON until 27018.29s, cooldown until 27022.29s"
27023.00,INFO,"Mister pulse started; ON until 27023.25s, cooldown until 27027.25s"
27041.02,INFO,"Mister pulse started; ON until 27041.27s, cooldown until 27045.27s"
27046.03,INFO,"Mister pulse started; ON until 27046.28s, cooldown until 27050.28s"
27060.02,INFO,"Mister pulse started; ON until 27060.27s, cooldown until 27064.27s"
27065.03,INFO,"Mister pulse started; ON until 27065.28s, cooldown until 27069.28s"
27070.04,INFO,"Mister pulse started; ON until 27070.29s, cooldown until 27074.29s"
27088.01,INFO,"Mister pulse started; ON until 27088.26s, cooldown until 27092.26s"
27093.01,INFO,"Mister pulse started; ON until 27093.26s, cooldown until 27097.26s"
27106.02,INFO,"Mister pulse started; ON until 27106.27s, cooldown until 27110.27s"
27112.01,INFO,"Mister pulse started; ON until 27112.26s, cooldown until 27116.26s"
27121.05,INFO,"Mister pulse started; ON until 27121.30s, cooldown until 27125.30s"
27128.02,INFO,"Mister pulse started; ON until 27128.27s, cooldown until 27132.27s"
27133.03,INFO,"Mister pulse started; ON until 27133.28s, cooldown until 27137.28s"
27151.05,INFO,"Mister pulse started; ON until 27151.30s, cooldown until 27155.30s"
27163.03,INFO,"Mister pulse started; ON until 27163.28s, cooldown until 27167.28s"
27175.01,INFO,"Mister pulse started; ON until 27175.26s, cooldown until 27179.26s"
27181.00,INFO,"Mister pulse started; ON until 27181.25s, cooldown until 27185.25s"
27198.04,INFO,"Mister pulse started; ON until 27198.29s, cooldown until 27202.29s"
27207.02,INFO,"Mister pulse started; ON until 27207.27s, cooldown until 27211.27s"
27215.02,INFO,"Mister pulse started; ON until 27215.27s, cooldown until 27219.27s"
27221.02,INFO,"Mister pulse started; ON until 27221.27s, cooldown until 27225.27s"
27238.00,INFO,"Mister pulse started; ON until 27238.25s, cooldown until 27242.25s"
27243.01,INFO,"Mister pulse started; ON until 27243.26s, cooldown until 27247.26s"
27257.05,INFO,"Mister pulse started; ON until 27257.30s, cooldown until 27261.30s"
27264.02,INFO,"Mister pulse started; ON until 27264.27s, cooldown until 27268.27s"
27273.00,INFO,"Mister pulse started; ON until 27273.25s, cooldown until 27277.25s"
27287.00,INFO,"Mister pulse started; ON until 27287.25s, cooldown until 27291.25s"
27292.02,INFO,"Mister pulse started; ON until 27292.27s, cooldown until 27296.27s"
27309.01,INFO,"Mister pulse started; ON until 27309.26s, cooldown until 27313.26s"
27314.02,INFO,"Mister pulse started; ON until 27314.27s, cooldown until 27318.27s"
27328.01,INFO,"Mister pulse started; ON until 27328.26s, cooldown until 27332.26s"
27335.03,INFO,"Mister pulse started; ON until 27335.28s, cooldown until 27339.28s"
27346.03,INFO,"Mister pulse started; ON until 27346.28s, cooldown until 27350.28s"
27357.03,INFO,"Mister pulse started; ON until 27357.28s, cooldown until 27361.28s"
27362.04,INFO,"Mister pulse started; ON until 27362.29s, cooldown until 27366.29s"
27379.03,INFO,"Mister pulse started; ON until 27379.28s, cooldown until 27383.28s"
27387.03,INFO,"Mister pulse started; ON until 27387.28s, cooldown until 27391.28s"
27407.02,INFO,"Mister pulse started; ON until 27407.27s, cooldown until 27411.27s"
27413.01,INFO,"Mister pulse started; ON until 27413.26s, cooldown until 27417.26s"
27424.01,INFO,"Mister pulse started; ON until 27424.26s, cooldown until 27428.26s"
27435.00,INFO,"Mister pulse started; ON until 27435.25s, cooldown until 27439.25s"
27440.01,INFO,"Mister pulse started; ON until 27440.26s, cooldown until 27444.26s"
27457.05,INFO,"Mister pulse started; ON until 27457.30s, cooldown until 27461.30s"
27462.00,INFO,"Mister pulse started; ON until 27462.25s, cooldown until 27466.25s"
27479.00,INFO,"Mister pulse started; ON until 27479.25s, cooldown until 27483.25s"
27489.02,INFO,"Mister pulse started; ON until 27489.27s, cooldown until 27493.27s"
27506.00,INFO,"Mister pulse started; ON until 27506.25s, cooldown until 27510.25s"
27511.01,INFO,"Mister pulse started; ON until 27511.26s, cooldown until 27515.26s"
27524.02,INFO,"Mister pulse started; ON until 27524.27s, cooldown until 27528.27s"
27529.03,INFO,"Mister pulse started; ON until 27529.28s, cooldown until 27533.28s"
27548.02,INFO,"Mister pulse started; ON until 27548.27s, cooldown until 27552.27s"
27553.03,INFO,"Mister pulse started; ON until 27553.28s, cooldown until 27557.28s"
27572.03,INFO,"Mister pulse started; ON until 27572.28s, cooldown until 27576.28s"
27577.04,INFO,"Mister pulse started; ON until 27577.29s, cooldown until 27581.29s"
27595.05,INFO,"Mister pulse started; ON until 27595.30s, cooldown until 27599.30s"
27600.01,INFO,"Mister pulse started; ON until 27600.26s, cooldown until 27604.26s"
27617.05,INFO,"Mister pulse started; ON until 27617.30s, cooldown until 27621.30s"
27628.04,INFO,"Mister pulse started; ON until 27628.29s, cooldown until 27632.29s"
27636.05,INFO,"Mister pulse started; ON until 27636.30s, cooldown until 27640.30s"
27648.03,INFO,"Mister pulse started; ON until 27648.28s, cooldown until 27652.28s"
27661.04,INFO,"Mister pulse started; ON until 27661.29s, cooldown until 27665.29s"
27666.00,INFO,"Mister pulse started; ON until 27666.25s, cooldown until 27670.25s"
27679.02,INFO,"Mister pulse started; ON until 27679.27s, cooldown until 27683.27s"
27693.01,INFO,"Mister pulse started; ON until 27693.26s, cooldown until 27697.26s"
27703.03,INFO,"Mister pulse started; ON until 27703.28s, cooldown until 27707.28s"
27720.01,INFO,"Mister pulse started; ON until 27720.26s, cooldown until 27724.26s"
27725.03,INFO,"Mister pulse started; ON until 27725.28s, cooldown until 27729.28s"
27739.03,INFO,"Mister pulse started; ON until 27739.28s, cooldown until 27743.28s"
27745.02,INFO,"Mister pulse started; ON until 27745.27s, cooldown until 27749.27s"
27754.05,INFO,"Mister pulse started; ON until 27754.30s, cooldown until 27758.30s"
27761.03,INFO,"Mister pulse started; ON until 27761.28s, cooldown until 27765.28s"
27773.01,INFO,"Mister pulse started; ON until 27773.26s, cooldown until 27777.26s"
27786.01,INFO,"Mister pulse started; ON until 27786.26s, cooldown until 27790.26s"
27792.00,INFO,"Mister pulse started; ON until 27792.25s, cooldown until 27796.25s"
27805.02,INFO,"Mister pulse started; ON until 27805.27s, cooldown until 27809.27s"
27819.02,INFO,"Mister pulse started; ON until 27819.27s, cooldown until 27823.27s"
27833.01,INFO,"Mister pulse started; ON until 27833.26s, cooldown until 27837.26s"
27840.04,INFO,"Mister pulse started; ON until 27840.29s, cooldown until 27844.29s"
27852.02,INFO,"Mister pulse started; ON until 27852.27s, cooldown until 27856.27s"
27868.03,INFO,"Mister pulse started; ON until 27868.28s, cooldown until 27872.28s"
27876.03,INFO,"Mister pulse started; ON until 27876.28s, cooldown until 27880.28s"
27895.03,INFO,"Mister pulse started; ON until 27895.28s, cooldown until 27899.28s"
27900.04,INFO,"Mister pulse started; ON until 27900.29s, cooldown until 27904.29s"
27917.02,INFO,"Mister pulse started; ON until 27917.27s, cooldown until 27921.27s"
27922.03,INFO,"Mister pulse started; ON until 27922.28s, cooldown until 27926.28s"
27938.03,INFO,"Mister pulse started; ON until 27938.28s, cooldown until 27942.28s"
27944.02,INFO,"Mister pulse started; ON until 27944.27s, cooldown until 27948.27s"
27960.03,INFO,"Mister pulse started; ON until 27960.28s, cooldown until 27964.28s"
27965.04,INFO,"Mister pulse started; ON until 27965.29s, cooldown until 27969.29s"
27977.02,INFO,"Mister pulse started; ON until 27977.27s, cooldown until 27981.27s"
27990.04,INFO,"Mister pulse started; ON until 27990.29s, cooldown until 27994.29s"
27996.02,INFO,"Mister pulse started; ON until 27996.27s, cooldown until 28000.27s"
28001.04,INFO,"Mister pulse started; ON until 28001.29s, cooldown until 28005.29s"
28018.03,INFO,"Mister pulse started; ON until 28018.28s, cooldown until 28022.28s"
28032.03,INFO,"Mister pulse started; ON until 28032.28s, cooldown until 28036.28s"
28044.01,INFO,"Mister pulse started; ON until 28044.26s, cooldown until 28048.26s"
28051.03,INFO,"Mister pulse started; ON until 28051.28s, cooldown until 28055.28s"
28060.01,INFO,"Mister pulse started; ON until 28060.26s, cooldown until 28064.26s"
28071.01,INFO,"Mister pulse started; ON until 28071.26s, cooldown until 28075.26s"
28082.00,INFO,"Mister pulse started; ON until 28082.25s, cooldown until 28086.25s"
28088.05,INFO,"Mister pulse started; ON until 28088.30s, cooldown until 28092.30s"
28101.01,INFO,"Mister pulse started; ON until 28101.26s, cooldown until 28105.26s"
28106.01,INFO,"Mister pulse started; ON until 28106.26s, cooldown until 28110.26s"
28117.01,INFO,"Mister pulse started; ON until 28117.26s, cooldown until 28121.26s"
28128.01,INFO,"Mister pulse started; ON until 28128.26s, cooldown until 28132.26s"
28144.02,INFO,"Mister pulse started; ON until 28144.27s, cooldown until 28148.27s"
28158.01,INFO,"Mister pulse started; ON until 28158.26s, cooldown until 28162.26s"
28170.04,INFO,"Mister pulse started; ON until 28170.29s, cooldown until 28174.29s"
28175.00,INFO,"Mister pulse started; ON until 28175.25s, cooldown until 28179.25s"
28192.04,INFO,"Mister pulse started; ON until 28192.29s, cooldown until 28196.29s"
28209.04,INFO,"Mister pulse started; ON until 28209.29s, cooldown until 28213.29s"
28214.00,INFO,"Mister pulse started; ON until 28214.25s, cooldown until 28218.25s"
28229.03,INFO,"Mister pulse started; ON until 28229.28s, cooldown until 28233.28s"
28238.01,INFO,"Mister pulse started; ON until 28238.26s, cooldown until 28242.26s"
28256.03,INFO,"Mister pulse started; ON until 28256.28s, cooldown until 28260.28s"
28261.04,INFO,"Mister pulse started; ON until 28261.29s, cooldown until 28265.29s"
28266.05,INFO,"Mister pulse started; ON until 28266.30s, cooldown until 28270.30s"
28280.04,INFO,"Mister pulse started; ON until 28280.29s, cooldown until 28284.29s"
28285.05,INFO,"Mister pulse started; ON until 28285.30s, cooldown until 28289.30s"
28299.03,INFO,"Mister pulse started; ON until 28299.28s, cooldown until 28303.28s"
28304.04,INFO,"Mister pulse started; ON until 28304.29s, cooldown until 28308.29s"
28316.02,INFO,"Mister pulse started; ON until 28316.27s, cooldown until 28320.27s"
28329.02,INFO,"Mister pulse started; ON until 28329.27s, cooldown until 28333.27s"
28335.02,INFO,"Mister pulse started; ON until 28335.27s, cooldown until 28339.27s"
28342.04,INFO,"Mister pulse started; ON until 28342.29s, cooldown until 28346.29s"
28362.02,INFO,"Mister pulse started; ON until 28362.27s, cooldown until 28366.27s"
28367.03,INFO,"Mister pulse started; ON until 28367.28s, cooldown until 28371.28s"
28372.04,INFO,"Mister pulse started; ON until 28372.29s, cooldown until 28376.29s"
28388.05,INFO,"Mister pulse started; ON until 28388.30s, cooldown until 28392.30s"
28396.00,INFO,"Mister pulse started; ON until 28396.25s, cooldown until 28400.25s"
28417.03,INFO,"Mister pulse started; ON until 28417.28s, cooldown until 28421.28s"
28423.01,INFO,"Mister pulse started; ON until 28423.26s, cooldown until 28427.26s"
28439.02,INFO,"Mister pulse started; ON until 28439.27s, cooldown until 28443.27s"
28444.03,INFO,"Mister pulse started; ON until 28444.28s, cooldown until 28448.28s"
28465.01,INFO,"Mister pulse started; ON until 28465.26s, cooldown until 28469.26s"
28473.01,INFO,"Mister pulse started; ON until 28473.26s, cooldown until 28477.26s"
28489.01,INFO,"Mister pulse started; ON until 28489.26s, cooldown until 28493.26s"
28503.00,INFO,"Mister pulse started; ON until 28503.25s, cooldown until 28507.25s"
28515.03,INFO,"Mister pulse started; ON until 28515.28s, cooldown until 28519.28s"
28527.01,INFO,"Mister pulse started; ON until 28527.26s, cooldown until 28531.26s"
28540.02,INFO,"Mister pulse started; ON until 28540.27s, cooldown until 28544.27s"
28545.03,INFO,"Mister pulse started; ON until 28545.28s, cooldown until 28549.28s"
28562.03,INFO,"Mister pulse started; ON until 28562.28s, cooldown until 28566.28s"
28575.04,INFO,"Mister pulse started; ON until 28575.29s, cooldown until 28579.29s"
28586.04,INFO,"Mister pulse started; ON until 28586.29s, cooldown until 28590.29s"
28601.02,INFO,"Mister pulse started; ON until 28601.27s, cooldown until 28605.27s"
28618.00,INFO,"Mister pulse started; ON until 28618.25s, cooldown until 28622.25s"
28623.01,INFO,"Mister pulse started; ON until 28623.26s, cooldown until 28627.26s"
28639.01,INFO,"Mister pulse started; ON until 28639.26s, cooldown until 28643.26s"
28652.03,INFO,"Mister pulse started; ON until 28652.28s, cooldown until 28656.28s"
28657.04,INFO,"Mister pulse started; ON until 28657.29s, cooldown until 28661.29s"
28675.01,INFO,"Mister pulse started; ON until 28675.26s, cooldown until 28679.26s"
28683.00,INFO,"Mister pulse started; ON until 28683.25s, cooldown until 28687.25s"
28692.04,INFO,"Mister pulse started; ON until 28692.29s, cooldown until 28696.29s"
28702.01,INFO,"Mister pulse started; ON until 28702.26s, cooldown until 28706.26s"
28715.02,INFO,"Mister pulse started; ON until 28715.27s, cooldown until 28719.27s"
28721.00,INFO,"Mister pulse started; ON until 28721.25s, cooldown until 28725.25s"
28729.00,INFO,"Mister pulse started; ON until 28729.25s, cooldown until 28733.25s"
28737.01,INFO,"Mister pulse started; ON until 28737.26s, cooldown until 28741.26s"
28742.02,INFO,"Mister pulse started; ON until 28742.27s, cooldown until 28746.27s"
28760.05,INFO,"Mister pulse started; ON until 28760.30s, cooldown until 28764.30s"
28773.01,INFO,"Mister pulse started; ON until 28773.26s, cooldown until 28777.26s"
28786.02,INFO,"Mister pulse started; ON until 28786.27s, cooldown until 28790.27s"
28793.05,INFO,"Mister pulse started; ON until 28793.30s, cooldown until 28797.30s"
28804.04,INFO,"Mister pulse started; ON until 28804.29s, cooldown until 28808.29s"
28811.01,INFO,"Mister pulse started; ON until 28811.26s, cooldown until 28815.26s"
28826.04,INFO,"Mister pulse started; ON until 28826.29s, cooldown until 28830.29s"
28834.04,INFO,"Mister pulse started; ON until 28834.29s, cooldown until 28838.29s"
28846.02,INFO,"Mister pulse started; ON until 28846.27s, cooldown until 28850.27s"
28860.01,INFO,"Mister pulse started; ON until 28860.26s, cooldown until 28864.26s"
28874.00,INFO,"Mister pulse started; ON until 28874.25s, cooldown until 28878.25s"
28882.01,INFO,"Mister pulse started; ON until 28882.26s, cooldown until 28886.26s"
28897.04,INFO,"Mister pulse started; ON until 28897.29s, cooldown until 28901.29s"
28902.05,INFO,"Mister pulse started; ON until 28902.30s, cooldown until 28906.30s"
28921.04,INFO,"Mister pulse started; ON until 28921.29s, cooldown until 28925.29s"
28926.04,INFO,"Mister pulse started; ON until 28926.29s, cooldown until 28930.29s"
28945.04,INFO,"Mister pulse started; ON until 28945.29s, cooldown until 28949.29s"
28950.05,INFO,"Mister pulse started; ON until 28950.30s, cooldown until 28954.30s"
28968.01,INFO,"Mister pulse started; ON until 28968.26s, cooldown until 28972.26s"
28973.03,INFO,"Mister pulse started; ON until 28973.28s, cooldown until 28977.28s"
28991.04,INFO,"Mister pulse started; ON until 28991.29s, cooldown until 28995.29s"
28996.01,INFO,"Mister pulse started; ON until 28996.26s, cooldown until 29000.26s"
29017.02,INFO,"Mister pulse started; ON until 29017.27s, cooldown until 29021.27s"
29022.03,INFO,"Mister pulse started; ON until 29022.28s, cooldown until 29026.28s"
29027.03,INFO,"Mister pulse started; ON until 29027.28s, cooldown until 29031.28s"
29043.04,INFO,"Mister pulse started; ON until 29043.29s, cooldown until 29047.29s"
29056.05,INFO,"Mister pulse started; ON until 29056.30s, cooldown until 29060.30s"
29062.04,INFO,"Mister pulse started; ON until 29062.29s, cooldown until 29066.29s"
29070.04,INFO,"Mister pulse started; ON until 29070.29s, cooldown until 29074.29s"
29078.04,INFO,"Mister pulse started; ON until 29078.29s, cooldown until 29082.29s"
29085.01,INFO,"Mister pulse started; ON until 29085.26s, cooldown until 29089.26s"
29093.01,INFO,"Mister pulse started; ON until 29093.26s, cooldown until 29097.26s"
29098.03,INFO,"Mister pulse started; ON until 29098.28s, cooldown until 29102.28s"
29114.03,INFO,"Mister pulse started; ON until 29114.28s, cooldown until 29118.28s"
29128.02,INFO,"Mister pulse started; ON until 29128.27s, cooldown until 29132.27s"
29133.03,INFO,"Mister pulse started; ON until 29133.28s, cooldown until 29137.28s"
29145.01,INFO,"Mister pulse started; ON until 29145.26s, cooldown until 29149.26s"
29161.01,INFO,"Mister pulse started; ON until 29161.26s, cooldown until 29165.26s"
29167.00,INFO,"Mister pulse started; ON until 29167.25s, cooldown until 29171.25s"
29183.00,INFO,"Mister pulse started; ON until 29183.25s, cooldown until 29187.25s"
29189.04,INFO,"Mister pulse started; ON until 29189.29s, cooldown until 29193.29s"
29201.02,INFO,"Mister pulse started; ON until 29201.27s, cooldown until 29205.27s"
29212.02,INFO,"Mister pulse started; ON until 29212.27s, cooldown until 29216.27s"
29217.03,INFO,"Mister pulse started; ON until 29217.28s, cooldown until 29221.28s"
29232.05,INFO,"Mister pulse started; ON until 29232.30s, cooldown until 29236.30s"
29243.05,INFO,"Mister pulse started; ON until 29243.30s, cooldown until 29247.30s"
29259.00,INFO,"Mister pulse started; ON until 29259.25s, cooldown until 29263.25s"
29264.01,INFO,"Mister pulse started; ON until 29264.26s, cooldown until 29268.26s"
29280.02,INFO,"Mister pulse started; ON until 29280.27s, cooldown until 29284.27s"
29286.01,INFO,"Mister pulse started; ON until 29286.26s, cooldown until 29290.26s"
29302.02,INFO,"Mister pulse started; ON until 29302.27s, cooldown until 29306.27s"
29309.03,INFO,"Mister pulse started; ON until 29309.28s, cooldown until 29313.28s"
29323.02,INFO,"Mister pulse started; ON until 29323.27s, cooldown until 29327.27s"
29328.03,INFO,"Mister pulse started; ON until 29328.28s, cooldown until 29332.28s"
29342.03,INFO,"Mister pulse started; ON until 29342.28s, cooldown until 29346.28s"
29351.02,INFO,"Mister pulse started; ON until 29351.27s, cooldown until 29355.27s"
29367.03,INFO,"Mister pulse started; ON until 29367.28s, cooldown until 29371.28s"
29377.05,INFO,"Mister pulse started; ON until 29377.30s, cooldown until 29381.30s"
29393.00,INFO,"Mister pulse started; ON until 29393.25s, cooldown until 29397.25s"
29398.01,INFO,"Mister pulse started; ON until 29398.26s, cooldown until 29402.26s"
29412.00,INFO,"Mister pulse started; ON until 29412.25s, cooldown until 29416.25s"
29423.05,INFO,"Mister pulse started; ON until 29423.30s, cooldown until 29427.30s"
29436.00,INFO,"Mister pulse started; ON until 29436.25s, cooldown until 29440.25s"
29442.04,INFO,"Mister pulse started; ON until 29442.29s, cooldown until 29446.29s"
29454.02,INFO,"Mister pulse started; ON until 29454.27s, cooldown until 29458.27s"
29463.01,INFO,"Mister pulse started; ON until 29463.26s, cooldown until 29467.26s"
29480.05,INFO,"Mister pulse started; ON until 29480.30s, cooldown until 29484.30s"
29497.04,INFO,"Mister pulse started; ON until 29497.29s, cooldown until 29501.29s"
29502.04,INFO,"Mister pulse started; ON until 29502.29s, cooldown until 29506.29s"
29515.05,INFO,"Mister pulse started; ON until 29515.30s, cooldown until 29519.30s"
29520.00,INFO,"Mister pulse started; ON until 29520.25s, cooldown until 29524.25s"
29526.05,INFO,"Mister pulse started; ON until 29526.30s, cooldown until 29530.30s"
29542.01,INFO,"Mister pulse started; ON until 29542.26s, cooldown until 29546.26s"
29556.05,INFO,"Mister pulse started; ON until 29556.30s, cooldown until 29560.30s"
29562.03,INFO,"Mister pulse started; ON until 29562.28s, cooldown until 29566.28s"
29575.04,INFO,"Mister pulse started; ON until 29575.29s, cooldown until 29579.29s"
29587.01,INFO,"Mister pulse started; ON until 29587.26s, cooldown until 29591.26s"
29600.03,INFO,"Mister pulse started; ON until 29600.28s, cooldown until 29604.28s"
29605.04,INFO,"Mister pulse started; ON until 29605.29s, cooldown until 29609.29s"
29615.00,INFO,"Mister pulse started; ON until 29615.25s, cooldown until 29619.25s"
29622.03,INFO,"Mister pulse started; ON until 29622.28s, cooldown until 29626.28s"
29641.02,INFO,"Mister pulse started; ON until 29641.27s, cooldown until 29645.27s"
29646.03,INFO,"Mister pulse started; ON until 29646.28s, cooldown until 29650.28s"
29664.00,INFO,"Mister pulse started; ON until 29664.25s, cooldown until 29668.25s"
29669.01,INFO,"Mister pulse started; ON until 29669.26s, cooldown until 29673.26s"
29685.02,INFO,"Mister pulse started; ON until 29685.27s, cooldown until 29689.27s"
29700.04,INFO,"Mister pulse started; ON until 29700.29s, cooldown until 29704.29s"
29711.04,INFO,"Mister pulse started; ON until 29711.29s, cooldown until 29715.29s"
29718.01,INFO,"Mister pulse started; ON until 29718.26s, cooldown until 29722.26s"
29723.02,INFO,"Mister pulse started; ON until 29723.27s, cooldown until 29727.27s"
29738.04,INFO,"Mister pulse started; ON until 29738.29s, cooldown until 29742.29s"
29744.03,INFO,"Mister pulse started; ON until 29744.28s, cooldown until 29748.28s"
29757.04,INFO,"Mister pulse started; ON until 29757.29s, cooldown until 29761.29s"
29772.02,INFO,"Mister pulse started; ON until 29772.27s, cooldown until 29776.27s"
29784.05,INFO,"Mister pulse started; ON until 29784.30s, cooldown until 29788.30s"
29789.01,INFO,"Mister pulse started; ON until 29789.26s, cooldown until 29793.26s"
29798.04,INFO,"Mister pulse started; ON until 29798.29s, cooldown until 29802.29s"
29803.01,INFO,"Mister pulse started; ON until 29803.26s, cooldown until 29807.26s"
29821.03,INFO,"Mister pulse started; ON until 29821.28s, cooldown until 29825.28s"
29826.04,INFO,"Mister pulse started; ON until 29826.29s, cooldown until 29830.29s"
29840.03,INFO,"Mister pulse started; ON until 29840.28s, cooldown until 29844.28s"
29846.02,INFO,"Mister pulse started; ON until 29846.27s, cooldown until 29850.27s"
29858.01,INFO,"Mister pulse started; ON until 29858.26s, cooldown until 29862.26s"
29866.02,INFO,"Mister pulse started; ON until 29866.27s, cooldown until 29870.27s"
29884.04,INFO,"Mister pulse started; ON until 29884.29s, cooldown until 29888.29s"
29889.04,INFO,"Mister pulse started; ON until 29889.29s, cooldown until 29893.29s"
29903.04,INFO,"Mister pulse started; ON until 29903.29s, cooldown until 29907.29s"
29912.02,INFO,"Mister pulse started; ON until 29912.27s, cooldown until 29916.27s"
29925.03,INFO,"Mister pulse started; ON until 29925.28s, cooldown until 29929.28s"
29932.05,INFO,"Mister pulse started; ON until 29932.30s, cooldown until 29936.30s"
29939.02,INFO,"Mister pulse started; ON until 29939.27s, cooldown until 29943.27s"
29947.02,INFO,"Mister pulse started; ON until 29947.27s, cooldown until 29951.27s"
29954.04,INFO,"Mister pulse started; ON until 29954.29s, cooldown until 29958.29s"
29970.05,INFO,"Mister pulse started; ON until 29970.30s, cooldown until 29974.30s"
29977.02,INFO,"Mister pulse started; ON until 29977.27s, cooldown until 29981.27s"
29996.02,INFO,"Mister pulse started; ON until 29996.27s, cooldown until 30000.27s"
30001.03,INFO,"Mister pulse started; ON until 30001.28s, cooldown until 30005.28s"
30014.04,INFO,"Mister pulse started; ON until 30014.29s, cooldown until 30018.29s"
30021.01,INFO,"Mister pulse started; ON until 30021.26s, cooldown until 30025.26s"
30033.04,INFO,"Mister pulse started; ON until 30033.29s, cooldown until 30037.29s"
30048.01,INFO,"Mister pulse started; ON until 30048.26s, cooldown until 30052.26s"
30063.05,INFO,"Mister pulse started; ON until 30063.30s, cooldown until 30067.30s"
30068.01,INFO,"Mister pulse started; ON until 30068.26s, cooldown until 30072.26s"
30084.01,INFO,"Mister pulse started; ON until 30084.26s, cooldown until 30088.26s"
30092.02,INFO,"Mister pulse started; ON until 30092.27s, cooldown until 30096.27s"
30104.05,INFO,"Mister pulse started; ON until 30104.30s, cooldown until 30108.30s"
30118.05,INFO,"Mister pulse started; ON until 30118.30s, cooldown until 30122.30s"
30132.03,INFO,"Mister pulse started; ON until 30132.28s, cooldown until 30136.28s"
30137.04,INFO,"Mister pulse started; ON until 30137.29s, cooldown until 30141.29s"
30147.01,INFO,"Mister pulse started; ON until 30147.26s, cooldown until 30151.26s"
30157.02,INFO,"Mister pulse started; ON until 30157.27s, cooldown until 30161.27s"
30170.03,INFO,"Mister pulse started; ON until 30170.28s, cooldown until 30174.28s"
30176.03,INFO,"Mister pulse started; ON until 30176.28s, cooldown until 30180.28s"
30186.05,INFO,"Mister pulse started; ON until 30186.30s, cooldown until 30190.30s"
30192.04,INFO,"Mister pulse started; ON until 30192.29s, cooldown until 30196.29s"
30201.02,INFO,"Mister pulse started; ON until 30201.27s, cooldown until 30205.27s"
30207.01,INFO,"Mister pulse started; ON until 30207.26s, cooldown until 30211.26s"
30214.03,INFO,"Mister pulse started; ON until 30214.28s, cooldown until 30218.28s"
30231.02,INFO,"Mister pulse started; ON until 30231.27s, cooldown until 30235.27s"
30236.03,INFO,"Mister pulse started; ON until 30236.28s, cooldown until 30240.28s"
30241.03,INFO,"Mister pulse started; ON until 30241.28s, cooldown until 30245.28s"
30255.03,INFO,"Mister pulse started; ON until 30255.28s, cooldown until 30259.28s"
30260.04,INFO,"Mister pulse started; ON until 30260.29s, cooldown until 30264.29s"
30277.03,INFO,"Mister pulse started; ON until 30277.28s, cooldown until 30281.28s"
30289.01,INFO,"Mister pulse started; ON until 30289.26s, cooldown until 30293.26s"
30294.02,INFO,"Mister pulse started; ON until 30294.27s, cooldown until 30298.27s"
30302.02,INFO,"Mister pulse started; ON until 30302.27s, cooldown until 30306.27s"
30311.01,INFO,"Mister pulse started; ON until 30311.26s, cooldown until 30315.26s"
30317.00,INFO,"Mister pulse started; ON until 30317.25s, cooldown until 30321.25s"
30322.01,INFO,"Mister pulse started; ON until 30322.26s, cooldown until 30326.26s"
30339.01,INFO,"Mister pulse started; ON until 30339.26s, cooldown until 30343.26s"
30353.05,INFO,"Mister pulse started; ON until 30353.30s, cooldown until 30357.30s"
30362.03,INFO,"Mister pulse started; ON until 30362.28s, cooldown until 30366.28s"
30377.00,INFO,"Mister pulse started; ON until 30377.25s, cooldown until 30381.25s"
30388.05,INFO,"Mister pulse started; ON until 30388.30s, cooldown until 30392.30s"
30404.05,INFO,"Mister pulse started; ON until 30404.30s, cooldown until 30408.30s"
30411.02,INFO,"Mister pulse started; ON until 30411.27s, cooldown until 30415.27s"
30430.02,INFO,"Mister pulse started; ON until 30430.27s, cooldown until 30434.27s"
30435.03,INFO,"Mister pulse started; ON until 30435.28s, cooldown until 30439.28s"
30453.00,INFO,"Mister pulse started; ON until 30453.25s, cooldown until 30457.25s"
30458.01,INFO,"Mister pulse started; ON until 30458.26s, cooldown until 30462.26s"
30474.02,INFO,"Mister pulse started; ON until 30474.27s, cooldown until 30478.27s"
30488.01,INFO,"Mister pulse started; ON until 30488.26s, cooldown until 30492.26s"
30495.03,INFO,"Mister pulse started; ON until 30495.28s, cooldown until 30499.28s"
30509.02,INFO,"Mister pulse started; ON until 30509.27s, cooldown until 30513.27s"
30515.01,INFO,"Mister pulse started; ON until 30515.26s, cooldown until 30519.26s"
30520.02,INFO,"Mister pulse started; ON until 30520.27s, cooldown until 30524.27s"
30534.01,INFO,"Mister pulse started; ON until 30534.26s, cooldown until 30538.26s"
30539.02,INFO,"Mister pulse started; ON until 30539.27s, cooldown until 30543.27s"
30551.01,INFO,"Mister pulse started; ON until 30551.26s, cooldown until 30555.26s"
30556.02,INFO,"Mister pulse started; ON until 30556.27s, cooldown until 30560.27s"
30571.04,INFO,"Mister pulse started; ON until 30571.29s, cooldown until 30575.29s"
30576.00,INFO,"Mister pulse started; ON until 30576.25s, cooldown until 30580.25s"
30590.04,INFO,"Mister pulse started; ON until 30590.29s, cooldown until 30594.29s"
30599.02,INFO,"Mister pulse started; ON until 30599.27s, cooldown until 30603.27s"
30613.01,INFO,"Mister pulse started; ON until 30613.26s, cooldown until 30617.26s"
30619.05,INFO,"Mister pulse started; ON until 30619.30s, cooldown until 30623.30s"
30625.04,INFO,"Mister pulse started; ON until 30625.29s, cooldown until 30629.29s"
30643.00,INFO,"Mister pulse started; ON until 30643.25s, cooldown until 30647.25s"
30648.01,INFO,"Mister pulse started; ON until 30648.26s, cooldown until 30652.26s"
30663.04,INFO,"Mister pulse started; ON until 30663.29s, cooldown until 30667.29s"
30675.02,INFO,"Mister pulse started; ON until 30675.27s, cooldown until 30679.27s"
30681.00,INFO,"Mister pulse started; ON until 30681.25s, cooldown until 30685.25s"
30687.05,INFO,"Mister pulse started; ON until 30687.30s, cooldown until 30691.30s"
30702.02,INFO,"Mister pulse started; ON until 30702.27s, cooldown until 30706.27s"
30711.01,INFO,"Mister pulse started; ON until 30711.26s, cooldown until 30715.26s"
30727.01,INFO,"Mister pulse started; ON until 30727.26s, cooldown until 30731.26s"
30736.00,INFO,"Mister pulse started; ON until 30736.25s, cooldown until 30740.25s"
30744.00,INFO,"Mister pulse started; ON until 30744.25s, cooldown until 30748.25s"
30749.02,INFO,"Mister pulse started; ON until 30749.27s, cooldown until 30753.27s"
30764.04,INFO,"Mister pulse started; ON until 30764.29s, cooldown until 30768.29s"
30769.05,INFO,"Mister pulse started; ON until 30769.30s, cooldown until 30773.30s"
30774.01,INFO,"Mister pulse started; ON until 30774.26s, cooldown until 30778.26s"
30794.03,INFO,"Mister pulse started; ON until 30794.28s, cooldown until 30798.28s"
30799.05,INFO,"Mister pulse started; ON until 30799.30s, cooldown until 30803.30s"
30817.01,INFO,"Mister pulse started; ON until 30817.26s, cooldown until 30821.26s"
30822.02,INFO,"Mister pulse started; ON until 30822.27s, cooldown until 30826.27s"
30837.04,INFO,"Mister pulse started; ON until 30837.29s, cooldown until 30841.29s"
30847.01,INFO,"Mister pulse started; ON until 30847.26s, cooldown until 30851.26s"
30852.02,INFO,"Mister pulse started; ON until 30852.27s, cooldown until 30856.27s"
30866.02,INFO,"Mister pulse started; ON until 30866.27s, cooldown until 30870.27s"
30873.04,INFO,"Mister pulse started; ON until 30873.29s, cooldown until 30877.29s"
30882.03,INFO,"Mister pulse started; ON until 30882.28s, cooldown until 30886.28s"
30893.03,INFO,"Mister pulse started; ON until 30893.28s, cooldown until 30897.28s"
30907.02,INFO,"Mister pulse started; ON until 30907.27s, cooldown until 30911.27s"
30912.03,INFO,"Mister pulse started; ON until 30912.28s, cooldown until 30916.28s"
30926.02,INFO,"Mister pulse started; ON until 30926.27s, cooldown until 30930.27s"
30931.03,INFO,"Mister pulse started; ON until 30931.28s, cooldown until 30935.28s"
30937.02,INFO,"Mister pulse started; ON until 30937.27s, cooldown until 30941.27s"
30954.02,INFO,"Mister pulse started; ON until 30954.27s, cooldown until 30958.27s"
30961.03,INFO,"Mister pulse started; ON until 30961.28s, cooldown until 30965.28s"
30976.00,INFO,"Mister pulse started; ON until 30976.25s, cooldown until 30980.25s"
30981.01,INFO,"Mister pulse started; ON until 30981.26s, cooldown until 30985.26s"
30986.02,INFO,"Mister pulse started; ON until 30986.27s, cooldown until 30990.27s"
31003.01,INFO,"Mister pulse started; ON until 31003.26s, cooldown until 31007.26s"
31016.02,INFO,"Mister pulse started; ON until 31016.27s, cooldown until 31020.27s"
31023.04,INFO,"Mister pulse started; ON until 31023.29s, cooldown until 31027.29s"
31035.02,INFO,"Mister pulse started; ON until 31035.27s, cooldown until 31039.27s"
31044.01,INFO,"Mister pulse started; ON until 31044.26s, cooldown until 31048.26s"
31051.03,INFO,"Mister pulse started; ON until 31051.28s, cooldown until 31055.28s"
31065.03,INFO,"Mister pulse started; ON until 31065.28s, cooldown until 31069.28s"
31076.02,INFO,"Mister pulse started; ON until 31076.27s, cooldown until 31080.27s"
31082.01,INFO,"Mister pulse started; ON until 31082.26s, cooldown until 31086.26s"
31098.02,INFO,"Mister pulse started; ON until 31098.27s, cooldown until 31102.27s"
31110.05,INFO,"Mister pulse started; ON until 31110.30s, cooldown until 31114.30s"
31115.00,INFO,"Mister pulse started; ON until 31115.25s, cooldown until 31119.25s"
31120.01,INFO,"Mister pulse started; ON until 31120.26s, cooldown until 31124.26s"
31133.02,INFO,"Mister pulse started; ON until 31133.27s, cooldown until 31137.27s"
31138.03,INFO,"Mister pulse started; ON until 31138.28s, cooldown until 31142.28s"
31155.01,INFO,"Mister pulse started; ON until 31155.26s, cooldown until 31159.26s"
31160.02,INFO,"Mister pulse started; ON until 31160.27s, cooldown until 31164.27s"
31170.04,INFO,"Mister pulse started; ON until 31170.29s, cooldown until 31174.29s"
31184.03,INFO,"Mister pulse started; ON until 31184.28s, cooldown until 31188.28s"
31194.05,INFO,"Mister pulse started; ON until 31194.30s, cooldown until 31198.30s"
31208.04,INFO,"Mister pulse started; ON until 31208.29s, cooldown until 31212.29s"
31218.00,INFO,"Mister pulse started; ON until 31218.25s, cooldown until 31222.25s"
31224.05,INFO,"Mister pulse started; ON until 31224.30s, cooldown until 31228.30s"
31236.03,INFO,"Mister pulse started; ON until 31236.28s, cooldown until 31240.28s"
31242.02,INFO,"Mister pulse started; ON until 31242.27s, cooldown until 31246.27s"
31247.03,INFO,"Mister pulse started; ON until 31247.28s, cooldown until 31251.28s"
31262.05,INFO,"Mister pulse started; ON until 31262.30s, cooldown until 31266.30s"
31267.00,INFO,"Mister pulse started; ON until 31267.25s, cooldown until 31271.25s"
31277.02,INFO,"Mister pulse started; ON until 31277.27s, cooldown until 31281.27s"
31285.02,INFO,"Mister pulse started; ON until 31285.27s, cooldown until 31289.27s"
31295.05,INFO,"Mister pulse started; ON until 31295.30s, cooldown until 31299.30s"
31308.00,INFO,"Mister pulse started; ON until 31308.25s, cooldown until 31312.25s"
31313.01,INFO,"Mister pulse started; ON until 31313.26s, cooldown until 31317.26s"
31322.00,INFO,"Mister pulse started; ON until 31322.25s, cooldown until 31326.25s"
31328.05,INFO,"Mister pulse started; ON until 31328.30s, cooldown until 31332.30s"
31341.01,INFO,"Mister pulse started; ON until 31341.26s, cooldown until 31345.26s"
31352.01,INFO,"Mister pulse started; ON until 31352.26s, cooldown until 31356.26s"
31358.00,INFO,"Mister pulse started; ON until 31358.25s, cooldown until 31362.25s"
31371.01,INFO,"Mister pulse started; ON until 31371.26s, cooldown until 31375.26s"
31376.02,INFO,"Mister pulse started; ON until 31376.27s, cooldown until 31380.27s"
31385.00,INFO,"Mister pulse started; ON until 31385.25s, cooldown until 31389.25s"
31393.00,INFO,"Mister pulse started; ON until 31393.25s, cooldown until 31397.25s"
31400.02,INFO,"Mister pulse started; ON until 31400.27s, cooldown until 31404.27s"
31406.01,INFO,"Mister pulse started; ON until 31406.26s, cooldown until 31410.26s"
31422.01,INFO,"Mister pulse started; ON until 31422.26s, cooldown until 31426.26s"
31431.05,INFO,"Mister pulse started; ON until 31431.30s, cooldown until 31435.30s"
31446.03,INFO,"Mister pulse started; ON until 31446.28s, cooldown until 31450.28s"
31456.03,INFO,"Mister pulse started; ON until 31456.28s, cooldown until 31460.28s"
31462.02,INFO,"Mister pulse started; ON until 31462.27s, cooldown until 31466.27s"
31479.01,INFO,"Mister pulse started; ON until 31479.26s, cooldown until 31483.26s"
31484.03,INFO,"Mister pulse started; ON until 31484.28s, cooldown until 31488.28s"
31489.04,INFO,"Mister pulse started; ON until 31489.29s, cooldown until 31493.29s"
31502.05,INFO,"Mister pulse started; ON until 31502.30s, cooldown until 31506.30s"
31515.01,INFO,"Mister pulse started; ON until 31515.26s, cooldown until 31519.26s"
31525.03,INFO,"Mister pulse started; ON until 31525.28s, cooldown until 31529.28s"
31540.00,INFO,"Mister pulse started; ON until 31540.25s, cooldown until 31544.25s"
31553.01,INFO,"Mister pulse started; ON until 31553.26s, cooldown until 31557.26s"
31558.01,INFO,"Mister pulse started; ON until 31558.26s, cooldown until 31562.26s"
31565.05,INFO,"Mister pulse started; ON until 31565.30s, cooldown until 31569.30s"
31579.03,INFO,"Mister pulse started; ON until 31579.28s, cooldown until 31583.28s"
31590.03,INFO,"Mister pulse started; ON until 31590.28s, cooldown until 31594.28s"
31595.04,INFO,"Mister pulse started; ON until 31595.29s, cooldown until 31599.29s"
31607.01,INFO,"Mister pulse started; ON until 31607.26s, cooldown until 31611.26s"
31613.00,INFO,"Mister pulse started; ON until 31613.25s, cooldown until 31617.25s"
31620.03,INFO,"Mister pulse started; ON until 31620.28s, cooldown until 31624.28s"
31635.01,INFO,"Mister pulse started; ON until 31635.26s, cooldown until 31639.26s"
31648.02,INFO,"Mister pulse started; ON until 31648.27s, cooldown until 31652.27s"
31653.03,INFO,"Mister pulse started; ON until 31653.28s, cooldown until 31657.28s"
31661.02,INFO,"Mister pulse started; ON until 31661.27s, cooldown until 31665.27s"
31667.02,INFO,"Mister pulse started; ON until 31667.27s, cooldown until 31671.27s"
31681.01,INFO,"Mister pulse started; ON until 31681.26s, cooldown until 31685.26s"
31691.03,INFO,"Mister pulse started; ON until 31691.28s, cooldown until 31695.28s"
31705.02,INFO,"Mister pulse started; ON until 31705.27s, cooldown until 31709.27s"
31715.03,INFO,"Mister pulse started; ON until 31715.28s, cooldown until 31719.28s"
31729.02,INFO,"Mister pulse started; ON until 31729.27s, cooldown until 31733.27s"
31740.02,INFO,"Mister pulse started; ON until 31740.27s, cooldown until 31744.27s"
31745.03,INFO,"Mister pulse started; ON until 31745.28s, cooldown until 31749.28s"
31758.00,INFO,"Mister pulse started; ON until 31758.25s, cooldown until 31762.25s"
31764.04,INFO,"Mister pulse started; ON until 31764.29s, cooldown until 31768.29s"
31770.04,INFO,"Mister pulse started; ON until 31770.29s, cooldown until 31774.29s"
31786.04,INFO,"Mister pulse started; ON until 31786.29s, cooldown until 31790.29s"
31799.00,INFO,"Mister pulse started; ON until 31799.25s, cooldown until 31803.25s"
31806.02,INFO,"Mister pulse started; ON until 31806.27s, cooldown until 31810.27s"
31818.05,INFO,"Mister pulse started; ON until 31818.30s, cooldown until 31822.30s"
31833.03,INFO,"Mister pulse started; ON until 31833.28s, cooldown until 31837.28s"
31840.00,INFO,"Mister pulse started; ON until 31840.25s, cooldown until 31844.25s"
31857.04,INFO,"Mister pulse started; ON until 31857.29s, cooldown until 31861.29s"
31869.01,INFO,"Mister pulse started; ON until 31869.26s, cooldown until 31873.26s"
31874.02,INFO,"Mister pulse started; ON until 31874.27s, cooldown until 31878.27s"
31883.00,INFO,"Mister pulse started; ON until 31883.25s, cooldown until 31887.25s"
31891.01,INFO,"Mister pulse started; ON until 31891.26s, cooldown until 31895.26s"
31898.03,INFO,"Mister pulse started; ON until 31898.28s, cooldown until 31902.28s"
31905.05,INFO,"Mister pulse started; ON until 31905.30s, cooldown until 31909.30s"
31920.02,INFO,"Mister pulse started; ON until 31920.27s, cooldown until 31924.27s"
31927.05,INFO,"Mister pulse started; ON until 31927.30s, cooldown until 31931.30s"
31943.00,INFO,"Mister pulse started; ON until 31943.25s, cooldown until 31947.25s"
31949.04,INFO,"Mister pulse started; ON until 31949.29s, cooldown until 31953.29s"
31965.05,INFO,"Mister pulse started; ON until 31965.30s, cooldown until 31969.30s"
31970.00,INFO,"Mister pulse started; ON until 31970.25s, cooldown until 31974.25s"
31982.04,INFO,"Mister pulse started; ON until 31982.29s, cooldown until 31986.29s"
31988.03,INFO,"Mister pulse started; ON until 31988.28s, cooldown until 31992.28s"
32001.03,INFO,"Mister pulse started; ON until 32001.28s, cooldown until 32005.28s"
32006.05,INFO,"Mister pulse started; ON until 32006.30s, cooldown until 32010.30s"
32017.04,INFO,"Mister pulse started; ON until 32017.29s, cooldown until 32021.29s"
32024.01,INFO,"Mister pulse started; ON until 32024.26s, cooldown until 32028.26s"
32029.02,INFO,"Mister pulse started; ON until 32029.27s, cooldown until 32033.27s"
32036.04,INFO,"Mister pulse started; ON until 32036.29s, cooldown until 32040.29s"
32050.03,INFO,"Mister pulse started; ON until 32050.28s, cooldown until 32054.28s"
32056.03,INFO,"Mister pulse started; ON until 32056.28s, cooldown until 32060.28s"
32062.01,INFO,"Mister pulse started; ON until 32062.26s, cooldown until 32066.26s"
32079.04,INFO,"Mister pulse started; ON until 32079.29s, cooldown until 32083.29s"
32084.00,INFO,"Mister pulse started; ON until 32084.25s, cooldown until 32088.25s"
32102.02,INFO,"Mister pulse started; ON until 32102.27s, cooldown until 32106.27s"
32113.02,INFO,"Mister pulse started; ON until 32113.27s, cooldown until 32117.27s"
32119.01,INFO,"Mister pulse started; ON until 32119.26s, cooldown until 32123.26s"
32124.02,INFO,"Mister pulse started; ON until 32124.27s, cooldown until 32128.27s"
32138.01,INFO,"Mister pulse started; ON until 32138.26s, cooldown until 32142.26s"
32143.02,INFO,"Mister pulse started; ON until 32143.27s, cooldown until 32147.27s"
32152.01,INFO,"Mister pulse started; ON until 32152.26s, cooldown until 32156.26s"
32159.03,INFO,"Mister pulse started; ON until 32159.28s, cooldown until 32163.28s"
32164.04,INFO,"Mister pulse started; ON until 32164.29s, cooldown until 32168.29s"
32179.01,INFO,"Mister pulse started; ON until 32179.26s, cooldown until 32183.26s"
32184.02,INFO,"Mister pulse started; ON until 32184.27s, cooldown until 32188.27s"
32197.04,INFO,"Mister pulse started; ON until 32197.29s, cooldown until 32201.29s"
32211.03,INFO,"Mister pulse started; ON until 32211.28s, cooldown until 32215.28s"
32220.02,INFO,"Mister pulse started; ON until 32220.27s, cooldown until 32224.27s"
32235.05,INFO,"Mister pulse started; ON until 32235.30s, cooldown until 32239.30s"
32242.02,INFO,"Mister pulse started; ON until 32242.27s, cooldown until 32246.27s"
32256.01,INFO,"Mister pulse started; ON until 32256.26s, cooldown until 32260.26s"
32262.00,INFO,"Mister pulse started; ON until 32262.25s, cooldown until 32266.25s"
32272.02,INFO,"Mister pulse started; ON until 32272.27s, cooldown until 32276.27s"
32283.01,INFO,"Mister pulse started; ON until 32283.26s, cooldown until 32287.26s"
32297.00,INFO,"Mister pulse started; ON until 32297.25s, cooldown until 32301.25s"
32302.01,INFO,"Mister pulse started; ON until 32302.26s, cooldown until 32306.26s"
32315.03,INFO,"Mister pulse started; ON until 32315.28s, cooldown until 32319.28s"
32329.02,INFO,"Mister pulse started; ON until 32329.27s, cooldown until 32333.27s"
32336.04,INFO,"Mister pulse started; ON until 32336.29s, cooldown until 32340.29s"
32348.02,INFO,"Mister pulse started; ON until 32348.27s, cooldown until 32352.27s"
32353.03,INFO,"Mister pulse started; ON until 32353.28s, cooldown until 32357.28s"
32364.03,INFO,"Mister pulse started; ON until 32364.28s, cooldown until 32368.28s"
32369.04,INFO,"Mister pulse started; ON until 32369.29s, cooldown until 32373.29s"
32381.02,INFO,"Mister pulse started; ON until 32381.27s, cooldown until 32385.27s"
32386.04,INFO,"Mister pulse started; ON until 32386.29s, cooldown until 32390.29s"
32401.01,INFO,"Mister pulse started; ON until 32401.26s, cooldown until 32405.26s"
32413.04,INFO,"Mister pulse started; ON until 32413.29s, cooldown until 32417.29s"
32418.05,INFO,"Mister pulse started; ON until 32418.30s, cooldown until 32422.30s"
32434.00,INFO,"Mister pulse started; ON until 32434.25s, cooldown until 32438.25s"
32439.01,INFO,"Mister pulse started; ON until 32439.26s, cooldown until 32443.26s"
32451.04,INFO,"Mister pulse started; ON until 32451.29s, cooldown until 32455.29s"
32456.00,INFO,"Mister pulse started; ON until 32456.25s, cooldown until 32460.25s"
32469.01,INFO,"Mister pulse started; ON until 32469.26s, cooldown until 32473.26s"
32474.02,INFO,"Mister pulse started; ON until 32474.27s, cooldown until 32478.27s"
32482.02,INFO,"Mister pulse started; ON until 32482.27s, cooldown until 32486.27s"
32488.01,INFO,"Mister pulse started; ON until 32488.26s, cooldown until 32492.26s"
32503.04,INFO,"Mister pulse started; ON until 32503.29s, cooldown until 32507.29s"
32511.04,INFO,"Mister pulse started; ON until 32511.29s, cooldown until 32515.29s"
32524.05,INFO,"Mister pulse started; ON until 32524.30s, cooldown until 32528.30s"
32529.00,INFO,"Mister pulse started; ON until 32529.25s, cooldown until 32533.25s"
32534.02,INFO,"Mister pulse started; ON until 32534.27s, cooldown until 32538.27s"
32550.03,INFO,"Mister pulse started; ON until 32550.28s, cooldown until 32554.28s"
32555.04,INFO,"Mister pulse started; ON until 32555.29s, cooldown until 32559.29s"
32565.00,INFO,"Mister pulse started; ON until 32565.25s, cooldown until 32569.25s"
32577.03,INFO,"Mister pulse started; ON until 32577.28s, cooldown until 32581.28s"
32582.04,INFO,"Mister pulse started; ON until 32582.29s, cooldown until 32586.29s"
32590.04,INFO,"Mister pulse started; ON until 32590.29s, cooldown until 32594.29s"
32603.00,INFO,"Mister pulse started; ON until 32603.25s, cooldown until 32607.25s"
32610.02,INFO,"Mister pulse started; ON until 32610.27s, cooldown until 32614.27s"
32618.02,INFO,"Mister pulse started; ON until 32618.27s, cooldown until 32622.27s"
32624.01,INFO,"Mister pulse started; ON until 32624.26s, cooldown until 32628.26s"
32632.01,INFO,"Mister pulse started; ON until 32632.26s, cooldown until 32636.26s"
32637.02,INFO,"Mister pulse started; ON until 32637.27s, cooldown until 32641.27s"
32649.05,INFO,"Mister pulse started; ON until 32649.30s, cooldown until 32653.30s"
32654.01,INFO,"Mister pulse started; ON until 32654.26s, cooldown until 32658.26s"
32667.02,INFO,"Mister pulse started; ON until 32667.27s, cooldown until 32671.27s"
32673.01,INFO,"Mister pulse started; ON until 32673.26s, cooldown until 32677.26s"
32681.01,INFO,"Mister pulse started; ON until 32681.26s, cooldown until 32685.26s"
32692.01,INFO,"Mister pulse started; ON until 32692.26s, cooldown until 32696.26s"
32697.01,INFO,"Mister pulse started; ON until 32697.26s, cooldown until 32701.26s"
32710.02,INFO,"Mister pulse started; ON until 32710.27s, cooldown until 32714.27s"
32723.04,INFO,"Mister pulse started; ON until 32723.29s, cooldown until 32727.29s"
32729.03,INFO,"Mister pulse started; ON until 32729.28s, cooldown until 32733.28s"
32738.02,INFO,"Mister pulse started; ON until 32738.27s, cooldown until 32742.27s"
32748.03,INFO,"Mister pulse started; ON until 32748.28s, cooldown until 32752.28s"
32759.02,INFO,"Mister pulse started; ON until 32759.27s, cooldown until 32763.27s"
32765.01,INFO,"Mister pulse started; ON until 32765.26s, cooldown until 32769.26s"
32780.04,INFO,"Mister pulse started; ON until 32780.29s, cooldown until 32784.29s"
32786.04,INFO,"Mister pulse started; ON until 32786.29s, cooldown until 32790.29s"
32800.03,INFO,"Mister pulse started; ON until 32800.28s, cooldown until 32804.28s"
32805.03,INFO,"Mister pulse started; ON until 32805.28s, cooldown until 32809.28s"
32820.01,INFO,"Mister pulse started; ON until 32820.26s, cooldown until 32824.26s"
32829.00,INFO,"Mister pulse started; ON until 32829.25s, cooldown until 32833.25s"
32834.01,INFO,"Mister pulse started; ON until 32834.26s, cooldown until 32838.26s"
32846.04,INFO,"Mister pulse started; ON until 32846.29s, cooldown until 32850.29s"
32851.00,INFO,"Mister pulse started; ON until 32851.25s, cooldown until 32855.25s"
32864.02,INFO,"Mister pulse started; ON until 32864.27s, cooldown until 32868.27s"
32870.01,INFO,"Mister pulse started; ON until 32870.26s, cooldown until 32874.26s"
32876.05,INFO,"Mister pulse started; ON until 32876.30s, cooldown until 32880.30s"
32892.05,INFO,"Mister pulse started; ON until 32892.30s, cooldown until 32896.30s"
32902.01,INFO,"Mister pulse started; ON until 32902.26s, cooldown until 32906.26s"
32908.01,INFO,"Mister pulse started; ON until 32908.26s, cooldown until 32912.26s"
32913.02,INFO,"Mister pulse started; ON until 32913.27s, cooldown until 32917.27s"
32928.05,INFO,"Mister pulse started; ON until 32928.30s, cooldown until 32932.30s"
32935.02,INFO,"Mister pulse started; ON until 32935.27s, cooldown until 32939.27s"
32947.05,INFO,"Mister pulse started; ON until 32947.30s, cooldown until 32951.30s"
32961.04,INFO,"Mister pulse started; ON until 32961.29s, cooldown until 32965.29s"
32966.05,INFO,"Mister pulse started; ON until 32966.30s, cooldown until 32970.30s"
32976.01,INFO,"Mister pulse started; ON until 32976.26s, cooldown until 32980.26s"
32986.03,INFO,"Mister pulse started; ON until 32986.28s, cooldown until 32990.28s"
33001.00,INFO,"Mister pulse started; ON until 33001.25s, cooldown until 33005.25s"
33013.04,INFO,"Mister pulse started; ON until 33013.29s, cooldown until 33017.29s"
33018.05,INFO,"Mister pulse started; ON until 33018.30s, cooldown until 33022.30s"
33034.05,INFO,"Mister pulse started; ON until 33034.30s, cooldown until 33038.30s"
33043.03,INFO,"Mister pulse started; ON until 33043.28s, cooldown until 33047.28s"
33048.04,INFO,"Mister pulse started; ON until 33048.29s, cooldown until 33052.29s"
33062.03,INFO,"Mister pulse started; ON until 33062.28s, cooldown until 33066.28s"
33067.03,INFO,"Mister pulse started; ON until 33067.28s, cooldown until 33071.28s"
33072.04,INFO,"Mister pulse started; ON until 33072.29s, cooldown until 33076.29s"
33086.03,INFO,"Mister pulse started; ON until 33086.28s, cooldown until 33090.28s"
33092.02,INFO,"Mister pulse started; ON until 33092.27s, cooldown until 33096.27s"
33103.02,INFO,"Mister pulse started; ON until 33103.27s, cooldown until 33107.27s"
33114.02,INFO,"Mister pulse started; ON until 33114.27s, cooldown until 33118.27s"
33119.03,INFO,"Mister pulse started; ON until 33119.28s, cooldown until 33123.28s"
33126.05,INFO,"Mister pulse started; ON until 33126.30s, cooldown until 33130.30s"
33140.05,INFO,"Mister pulse started; ON until 33140.30s, cooldown until 33144.30s"
33145.01,INFO,"Mister pulse started; ON until 33145.26s, cooldown until 33149.26s"
33150.02,INFO,"Mister pulse started; ON until 33150.27s, cooldown until 33154.27s"
33164.02,INFO,"Mister pulse started; ON until 33164.27s, cooldown until 33168.27s"
33170.01,INFO,"Mister pulse started; ON until 33170.26s, cooldown until 33174.26s"
33181.01,INFO,"Mister pulse started; ON until 33181.26s, cooldown until 33185.26s"
33187.00,INFO,"Mister pulse started; ON until 33187.25s, cooldown until 33191.25s"
33202.02,INFO,"Mister pulse started; ON until 33202.27s, cooldown until 33206.27s"
33208.01,INFO,"Mister pulse started; ON until 33208.26s, cooldown until 33212.26s"
33214.01,INFO,"Mister pulse started; ON until 33214.26s, cooldown until 33218.26s"
33229.03,INFO,"Mister pulse started; ON until 33229.28s, cooldown until 33233.28s"
33234.04,INFO,"Mister pulse started; ON until 33234.29s, cooldown until 33238.29s"
33247.00,INFO,"Mister pulse started; ON until 33247.25s, cooldown until 33251.25s"
33252.01,INFO,"Mister pulse started; ON until 33252.26s, cooldown until 33256.26s"
33257.02,INFO,"Mister pulse started; ON until 33257.27s, cooldown until 33261.27s"
33272.04,INFO,"Mister pulse started; ON until 33272.29s, cooldown until 33276.29s"
33277.00,INFO,"Mister pulse started; ON until 33277.25s, cooldown until 33281.25s"
33283.04,INFO,"Mister pulse started; ON until 33283.29s, cooldown until 33287.29s"
33297.04,INFO,"Mister pulse started; ON until 33297.29s, cooldown until 33301.29s"
33302.05,INFO,"Mister pulse started; ON until 33302.30s, cooldown until 33306.30s"
33317.03,INFO,"Mister pulse started; ON until 33317.28s, cooldown until 33321.28s"
33323.02,INFO,"Mister pulse started; ON until 33323.27s, cooldown until 33327.27s"
33339.02,INFO,"Mister pulse started; ON until 33339.27s, cooldown until 33343.27s"
33344.03,INFO,"Mister pulse started; ON until 33344.28s, cooldown until 33348.28s"
33356.01,INFO,"Mister pulse started; ON until 33356.26s, cooldown until 33360.26s"
33368.04,INFO,"Mister pulse started; ON until 33368.29s, cooldown until 33372.29s"
33374.03,INFO,"Mister pulse started; ON until 33374.28s, cooldown until 33378.28s"
33379.04,INFO,"Mister pulse started; ON until 33379.29s, cooldown until 33383.29s"
33390.03,INFO,"Mister pulse started; ON until 33390.28s, cooldown until 33394.28s"
33395.04,INFO,"Mister pulse started; ON until 33395.29s, cooldown until 33399.29s"
33409.03,INFO,"Mister pulse started; ON until 33409.28s, cooldown until 33413.28s"
33414.04,INFO,"Mister pulse started; ON until 33414.29s, cooldown until 33418.29s"
33419.04,INFO,"Mister pulse started; ON until 33419.29s, cooldown until 33423.29s"
33433.04,INFO,"Mister pulse started; ON until 33433.29s, cooldown until 33437.29s"
33441.05,INFO,"Mister pulse started; ON until 33441.30s, cooldown until 33445.30s"
33447.03,INFO,"Mister pulse started; ON until 33447.28s, cooldown until 33451.28s"
33458.03,INFO,"Mister pulse started; ON until 33458.28s, cooldown until 33462.28s"
33467.02,INFO,"Mister pulse started; ON until 33467.27s, cooldown until 33471.27s"
33481.01,INFO,"Mister pulse started; ON until 33481.26s, cooldown until 33485.26s"
33494.02,INFO,"Mister pulse started; ON until 33494.27s, cooldown until 33498.27s"
33499.03,INFO,"Mister pulse started; ON until 33499.28s, cooldown until 33503.28s"
33514.00,INFO,"Mister pulse started; ON until 33514.25s, cooldown until 33518.25s"
33519.01,INFO,"Mister pulse started; ON until 33519.26s, cooldown until 33523.26s"
33534.03,INFO,"Mister pulse started; ON until 33534.28s, cooldown until 33538.28s"
33539.04,INFO,"Mister pulse started; ON until 33539.29s, cooldown until 33543.29s"
33553.03,INFO,"Mister pulse started; ON until 33553.28s, cooldown until 33557.28s"
33564.03,INFO,"Mister pulse started; ON until 33564.28s, cooldown until 33568.28s"
33569.04,INFO,"Mister pulse started; ON until 33569.29s, cooldown until 33573.29s"
33578.02,INFO,"Mister pulse started; ON until 33578.27s, cooldown until 33582.27s"
33593.05,INFO,"Mister pulse started; ON until 33593.30s, cooldown until 33597.30s"
33601.00,INFO,"Mister pulse started; ON until 33601.25s, cooldown until 33605.25s"
33616.03,INFO,"Mister pulse started; ON until 33616.28s, cooldown until 33620.28s"
33624.03,INFO,"Mister pulse started; ON until 33624.28s, cooldown until 33628.28s"
33638.02,INFO,"Mister pulse started; ON until 33638.27s, cooldown until 33642.27s"
33643.03,INFO,"Mister pulse started; ON until 33643.28s, cooldown until 33647.28s"
33649.02,INFO,"Mister pulse started; ON until 33649.27s, cooldown until 33653.27s"
33665.03,INFO,"Mister pulse started; ON until 33665.28s, cooldown until 33669.28s"
33675.04,INFO,"Mister pulse started; ON until 33675.29s, cooldown until 33679.29s"
33680.05,INFO,"Mister pulse started; ON until 33680.30s, cooldown until 33684.30s"
33693.00,INFO,"Mister pulse started; ON until 33693.25s, cooldown until 33697.25s"
33700.03,INFO,"Mister pulse started; ON until 33700.28s, cooldown until 33704.28s"
33709.01,INFO,"Mister pulse started; ON until 33709.26s, cooldown until 33713.26s"
33718.04,INFO,"Mister pulse started; ON until 33718.29s, cooldown until 33722.29s"
33728.01,INFO,"Mister pulse started; ON until 33728.26s, cooldown until 33732.26s"
33742.01,INFO,"Mister pulse started; ON until 33742.26s, cooldown until 33746.26s"
33747.02,INFO,"Mister pulse started; ON until 33747.27s, cooldown until 33751.27s"
33760.03,INFO,"Mister pulse started; ON until 33760.28s, cooldown until 33764.28s"
33772.01,INFO,"Mister pulse started; ON until 33772.26s, cooldown until 33776.26s"
33778.00,INFO,"Mister pulse started; ON until 33778.25s, cooldown until 33782.25s"
33788.02,INFO,"Mister pulse started; ON until 33788.27s, cooldown until 33792.27s"
33795.04,INFO,"Mister pulse started; ON until 33795.29s, cooldown until 33799.29s"
33805.01,INFO,"Mister pulse started; ON until 33805.26s, cooldown until 33809.26s"
33816.01,INFO,"Mister pulse started; ON until 33816.26s, cooldown until 33820.26s"
33821.03,INFO,"Mister pulse started; ON until 33821.28s, cooldown until 33825.28s"
33829.03,INFO,"Mister pulse started; ON until 33829.28s, cooldown until 33833.28s"
33845.04,INFO,"Mister pulse started; ON until 33845.29s, cooldown until 33849.29s"
33850.00,INFO,"Mister pulse started; ON until 33850.25s, cooldown until 33854.25s"
33864.04,INFO,"Mister pulse started; ON until 33864.29s, cooldown until 33868.29s"
33869.05,INFO,"Mister pulse started; ON until 33869.30s, cooldown until 33873.30s"
33876.03,INFO,"Mister pulse started; ON until 33876.28s, cooldown until 33880.28s"
33890.02,INFO,"Mister pulse started; ON until 33890.27s, cooldown until 33894.27s"
33897.03,INFO,"Mister pulse started; ON until 33897.28s, cooldown until 33901.28s"
33907.00,INFO,"Mister pulse started; ON until 33907.25s, cooldown until 33911.25s"
33917.02,INFO,"Mister pulse started; ON until 33917.27s, cooldown until 33921.27s"
33931.02,INFO,"Mister pulse started; ON until 33931.27s, cooldown until 33935.27s"
33938.04,INFO,"Mister pulse started; ON until 33938.29s, cooldown until 33942.29s"
33948.01,INFO,"Mister pulse started; ON until 33948.26s, cooldown until 33952.26s"
33964.01,INFO,"Mister pulse started; ON until 33964.26s, cooldown until 33968.26s"
33973.05,INFO,"Mister pulse started; ON until 33973.30s, cooldown until 33977.30s"
33988.02,INFO,"Mister pulse started; ON until 33988.27s, cooldown until 33992.27s"
33996.04,INFO,"Mister pulse started; ON until 33996.29s, cooldown until 34000.29s"
34006.02,INFO,"Mister pulse started; ON until 34006.27s, cooldown until 34010.27s"
34012.01,INFO,"Mister pulse started; ON until 34012.26s, cooldown until 34016.26s"
34026.01,INFO,"Mister pulse started; ON until 34026.26s, cooldown until 34030.26s"
34031.02,INFO,"Mister pulse started; ON until 34031.27s, cooldown until 34035.27s"
34046.05,INFO,"Mister pulse started; ON until 34046.30s, cooldown until 34050.30s"
34052.04,INFO,"Mister pulse started; ON until 34052.29s, cooldown until 34056.29s"
34064.02,INFO,"Mister pulse started; ON until 34064.27s, cooldown until 34068.27s"
34069.04,INFO,"Mister pulse started; ON until 34069.29s, cooldown until 34073.29s"
34081.02,INFO,"Mister pulse started; ON until 34081.27s, cooldown until 34085.27s"
34086.03,INFO,"Mister pulse started; ON until 34086.28s, cooldown until 34090.28s"
34100.01,INFO,"Mister pulse started; ON until 34100.26s, cooldown until 34104.26s"
34110.03,INFO,"Mister pulse started; ON until 34110.28s, cooldown until 34114.28s"
34123.04,INFO,"Mister pulse started; ON until 34123.29s, cooldown until 34127.29s"
34130.01,INFO,"Mister pulse started; ON until 34130.26s, cooldown until 34134.26s"
34141.01,INFO,"Mister pulse started; ON until 34141.26s, cooldown until 34145.26s"
34153.04,INFO,"Mister pulse started; ON until 34153.29s, cooldown until 34157.29s"
34158.05,INFO,"Mister pulse started; ON until 34158.30s, cooldown until 34162.30s"
34174.05,INFO,"Mister pulse started; ON until 34174.30s, cooldown until 34178.30s"
34179.00,INFO,"Mister pulse started; ON until 34179.25s, cooldown until 34183.25s"
34196.04,INFO,"Mister pulse started; ON until 34196.29s, cooldown until 34200.29s"
34202.03,INFO,"Mister pulse started; ON until 34202.28s, cooldown until 34206.28s"
34215.04,INFO,"Mister pulse started; ON until 34215.29s, cooldown until 34219.29s"
34220.05,INFO,"Mister pulse started; ON until 34220.30s, cooldown until 34224.30s"
34226.04,INFO,"Mister pulse started; ON until 34226.29s, cooldown until 34230.29s"
34240.03,INFO,"Mister pulse started; ON until 34240.28s, cooldown until 34244.28s"
34245.04,INFO,"Mister pulse started; ON until 34245.29s, cooldown until 34249.29s"
34258.01,INFO,"Mister pulse started; ON until 34258.26s, cooldown until 34262.26s"
34265.03,INFO,"Mister pulse started; ON until 34265.28s, cooldown until 34269.28s"
34276.03,INFO,"Mister pulse started; ON until 34276.28s, cooldown until 34280.28s"
34288.01,INFO,"Mister pulse started; ON until 34288.26s, cooldown until 34292.26s"
34295.03,INFO,"Mister pulse started; ON until 34295.28s, cooldown until 34299.28s"
34301.02,INFO,"Mister pulse started; ON until 34301.27s, cooldown until 34305.27s"
34309.02,INFO,"Mister pulse started; ON until 34309.27s, cooldown until 34313.27s"
34314.03,INFO,"Mister pulse started; ON until 34314.28s, cooldown until 34318.28s"
34325.04,INFO,"Mister pulse started; ON until 34325.29s, cooldown until 34329.29s"
34330.05,INFO,"Mister pulse started; ON until 34330.30s, cooldown until 34334.30s"
34343.01,INFO,"Mister pulse started; ON until 34343.26s, cooldown until 34347.26s"
34350.03,INFO,"Mister pulse started; ON until 34350.28s, cooldown until 34354.28s"
34355.04,INFO,"Mister pulse started; ON until 34355.29s, cooldown until 34359.29s"
34373.01,INFO,"Mister pulse started; ON until 34373.26s, cooldown until 34377.26s"
34378.03,INFO,"Mister pulse started; ON until 34378.28s, cooldown until 34382.28s"
34392.01,INFO,"Mister pulse started; ON until 34392.26s, cooldown until 34396.26s"
34398.01,INFO,"Mister pulse started; ON until 34398.26s, cooldown until 34402.26s"
34408.02,INFO,"Mister pulse started; ON until 34408.27s, cooldown until 34412.27s"
34420.05,INFO,"Mister pulse started; ON until 34420.30s, cooldown until 34424.30s"
34425.01,INFO,"Mister pulse started; ON until 34425.26s, cooldown until 34429.26s"
34438.03,INFO,"Mister pulse started; ON until 34438.28s, cooldown until 34442.28s"
34443.04,INFO,"Mister pulse started; ON until 34443.29s, cooldown until 34447.29s"
34449.03,INFO,"Mister pulse started; ON until 34449.28s, cooldown until 34453.28s"
34465.03,INFO,"Mister pulse started; ON until 34465.28s, cooldown until 34469.28s"
34472.00,INFO,"Mister pulse started; ON until 34472.25s, cooldown until 34476.25s"
34488.01,INFO,"Mister pulse started; ON until 34488.26s, cooldown until 34492.26s"
34495.03,INFO,"Mister pulse started; ON until 34495.28s, cooldown until 34499.28s"
34509.03,INFO,"Mister pulse started; ON until 34509.28s, cooldown until 34513.28s"
34515.02,INFO,"Mister pulse started; ON until 34515.27s, cooldown until 34519.27s"
34521.00,INFO,"Mister pulse started; ON until 34521.25s, cooldown until 34525.25s"
34530.04,INFO,"Mister pulse started; ON until 34530.29s, cooldown until 34534.29s"
34535.05,INFO,"Mister pulse started; ON until 34535.30s, cooldown until 34539.30s"
34547.03,INFO,"Mister pulse started; ON until 34547.28s, cooldown until 34551.28s"
34552.04,INFO,"Mister pulse started; ON until 34552.29s, cooldown until 34556.29s"
34567.01,INFO,"Mister pulse started; ON until 34567.26s, cooldown until 34571.26s"
34573.05,INFO,"Mister pulse started; ON until 34573.30s, cooldown until 34577.30s"
34585.03,INFO,"Mister pulse started; ON until 34585.28s, cooldown until 34589.28s"
34590.04,INFO,"Mister pulse started; ON until 34590.29s, cooldown until 34594.29s"
34599.04,INFO,"Mister pulse started; ON until 34599.29s, cooldown until 34603.29s"
34612.00,INFO,"Mister pulse started; ON until 34612.25s, cooldown until 34616.25s"
34622.02,INFO,"Mister pulse started; ON until 34622.27s, cooldown until 34626.27s"
34635.03,INFO,"Mister pulse started; ON until 34635.28s, cooldown until 34639.28s"
34641.02,INFO,"Mister pulse started; ON until 34641.27s, cooldown until 34645.27s"
34649.02,INFO,"Mister pulse started; ON until 34649.27s, cooldown until 34653.27s"
34658.00,INFO,"Mister pulse started; ON until 34658.25s, cooldown until 34662.25s"
34663.01,INFO,"Mister pulse started; ON until 34663.26s, cooldown until 34667.26s"
34669.00,INFO,"Mister pulse started; ON until 34669.25s, cooldown until 34673.25s"
34685.01,INFO,"Mister pulse started; ON until 34685.26s, cooldown until 34689.26s"
34696.00,INFO,"Mister pulse started; ON until 34696.25s, cooldown until 34700.25s"
34701.01,INFO,"Mister pulse started; ON until 34701.26s, cooldown until 34705.26s"
34715.01,INFO,"Mister pulse started; ON until 34715.26s, cooldown until 34719.26s"
34721.04,INFO,"Mister pulse started; ON until 34721.29s, cooldown until 34725.29s"
34731.01,INFO,"Mister pulse started; ON until 34731.26s, cooldown until 34735.26s"
34743.05,INFO,"Mister pulse started; ON until 34743.30s, cooldown until 34747.30s"
34748.01,INFO,"Mister pulse started; ON until 34748.26s, cooldown until 34752.26s"
34753.01,INFO,"Mister pulse started; ON until 34753.26s, cooldown until 34757.26s"
34766.02,INFO,"Mister pulse started; ON until 34766.27s, cooldown until 34770.27s"
34771.03,INFO,"Mister pulse started; ON until 34771.28s, cooldown until 34775.28s"
34779.03,INFO,"Mister pulse started; ON until 34779.28s, cooldown until 34783.28s"
34793.02,INFO,"Mister pulse started; ON until 34793.27s, cooldown until 34797.27s"
34800.04,INFO,"Mister pulse started; ON until 34800.29s, cooldown until 34804.29s"
34805.05,INFO,"Mister pulse started; ON until 34805.30s, cooldown until 34809.30s"
34821.05,INFO,"Mister pulse started; ON until 34821.30s, cooldown until 34825.30s"
34837.01,INFO,"Mister pulse started; ON until 34837.26s, cooldown until 34841.26s"
34842.02,INFO,"Mister pulse started; ON until 34842.27s, cooldown until 34846.27s"
34847.02,INFO,"Mister pulse started; ON until 34847.27s, cooldown until 34851.27s"
34861.02,INFO,"Mister pulse started; ON until 34861.27s, cooldown until 34865.27s"
34866.03,INFO,"Mister pulse started; ON until 34866.28s, cooldown until 34870.28s"
34873.05,INFO,"Mister pulse started; ON until 34873.30s, cooldown until 34877.30s"
34888.03,INFO,"Mister pulse started; ON until 34888.28s, cooldown until 34892.28s"
34893.03,INFO,"Mister pulse started; ON until 34893.28s, cooldown until 34897.28s"
34900.01,INFO,"Mister pulse started; ON until 34900.26s, cooldown until 34904.26s"
34907.04,INFO,"Mister pulse started; ON until 34907.29s, cooldown until 34911.29s"
34923.05,INFO,"Mister pulse started; ON until 34923.30s, cooldown until 34927.30s"
34933.02,INFO,"Mister pulse started; ON until 34933.27s, cooldown until 34937.27s"
34938.03,INFO,"Mister pulse started; ON until 34938.28s, cooldown until 34942.28s"
34955.02,INFO,"Mister pulse started; ON until 34955.27s, cooldown until 34959.27s"
34960.03,INFO,"Mister pulse started; ON until 34960.28s, cooldown until 34964.28s"
34966.02,INFO,"Mister pulse started; ON until 34966.27s, cooldown until 34970.27s"
34979.03,INFO,"Mister pulse started; ON until 34979.28s, cooldown until 34983.28s"
34984.04,INFO,"Mister pulse started; ON until 34984.29s, cooldown until 34988.29s"
34995.03,INFO,"Mister pulse started; ON until 34995.28s, cooldown until 34999.28s"
35001.02,INFO,"Mister pulse started; ON until 35001.27s, cooldown until 35005.27s"
35016.05,INFO,"Mister pulse started; ON until 35016.30s, cooldown until 35020.30s"
35022.04,INFO,"Mister pulse started; ON until 35022.29s, cooldown until 35026.29s"
35036.02,INFO,"Mister pulse started; ON until 35036.27s, cooldown until 35040.27s"
35041.03,INFO,"Mister pulse started; ON until 35041.28s, cooldown until 35045.28s"
35057.04,INFO,"Mister pulse started; ON until 35057.29s, cooldown until 35061.29s"
35062.05,INFO,"Mister pulse started; ON until 35062.30s, cooldown until 35066.30s"
35078.01,INFO,"Mister pulse started; ON until 35078.26s, cooldown until 35082.26s"
35083.01,INFO,"Mister pulse started; ON until 35083.26s, cooldown until 35087.26s"
35096.02,INFO,"Mister pulse started; ON until 35096.27s, cooldown until 35100.27s"
35108.00,INFO,"Mister pulse started; ON until 35108.25s, cooldown until 35112.25s"
35114.04,INFO,"Mister pulse started; ON until 35114.29s, cooldown until 35118.29s"
35120.04,INFO,"Mister pulse started; ON until 35120.29s, cooldown until 35124.29s"
35138.01,INFO,"Mister pulse started; ON until 35138.26s, cooldown until 35142.26s"
35143.02,INFO,"Mister pulse started; ON until 35143.27s, cooldown until 35147.27s"
35159.03,INFO,"Mister pulse started; ON until 35159.28s, cooldown until 35163.28s"
35167.03,INFO,"Mister pulse started; ON until 35167.28s, cooldown until 35171.28s"
35183.03,INFO,"Mister pulse started; ON until 35183.28s, cooldown until 35187.28s"
35196.04,INFO,"Mister pulse started; ON until 35196.29s, cooldown until 35200.29s"
35201.05,INFO,"Mister pulse started; ON until 35201.30s, cooldown until 35205.30s"
35210.03,INFO,"Mister pulse started; ON until 35210.28s, cooldown until 35214.28s"
35216.03,INFO,"Mister pulse started; ON until 35216.28s, cooldown until 35220.28s"
35222.02,INFO,"Mister pulse started; ON until 35222.27s, cooldown until 35226.27s"
35238.02,INFO,"Mister pulse started; ON until 35238.27s, cooldown until 35242.27s"
35245.05,INFO,"Mister pulse started; ON until 35245.30s, cooldown until 35249.30s"
35260.02,INFO,"Mister pulse started; ON until 35260.27s, cooldown until 35264.27s"
35266.01,INFO,"Mister pulse started; ON until 35266.26s, cooldown until 35270.26s"
35279.01,INFO,"Mister pulse started; ON until 35279.26s, cooldown until 35283.26s"
35284.02,INFO,"Mister pulse started; ON until 35284.27s, cooldown until 35288.27s"
35298.02,INFO,"Mister pulse started; ON until 35298.27s, cooldown until 35302.27s"
35303.03,INFO,"Mister pulse started; ON until 35303.28s, cooldown until 35307.28s"
35308.04,INFO,"Mister pulse started; ON until 35308.29s, cooldown until 35312.29s"
35322.03,INFO,"Mister pulse started; ON until 35322.28s, cooldown until 35326.28s"
35331.02,INFO,"Mister pulse started; ON until 35331.27s, cooldown until 35335.27s"
35343.00,INFO,"Mister pulse started; ON until 35343.25s, cooldown until 35347.25s"
35348.02,INFO,"Mister pulse started; ON until 35348.27s, cooldown until 35352.27s"
35364.02,INFO,"Mister pulse started; ON until 35364.27s, cooldown until 35368.27s"
35375.02,INFO,"Mister pulse started; ON until 35375.27s, cooldown until 35379.27s"
35380.03,INFO,"Mister pulse started; ON until 35380.28s, cooldown until 35384.28s"
35395.01,INFO,"Mister pulse started; ON until 35395.26s, cooldown until 35399.26s"
35409.00,INFO,"Mister pulse started; ON until 35409.25s, cooldown until 35413.25s"
35414.01,INFO,"Mister pulse started; ON until 35414.26s, cooldown until 35418.26s"
35427.02,INFO,"Mister pulse started; ON until 35427.27s, cooldown until 35431.27s"
35433.01,INFO,"Mister pulse started; ON until 35433.26s, cooldown until 35437.26s"
35449.01,INFO,"Mister pulse started; ON until 35449.26s, cooldown until 35453.26s"
35454.02,INFO,"Mister pulse started; ON until 35454.27s, cooldown until 35458.27s"
35466.04,INFO,"Mister pulse started; ON until 35466.29s, cooldown until 35470.29s"
35474.05,INFO,"Mister pulse started; ON until 35474.30s, cooldown until 35478.30s"
35489.02,INFO,"Mister pulse started; ON until 35489.27s, cooldown until 35493.27s"
35500.01,INFO,"Mister pulse started; ON until 35500.26s, cooldown until 35504.26s"
35505.02,INFO,"Mister pulse started; ON until 35505.27s, cooldown until 35509.27s"
35517.05,INFO,"Mister pulse started; ON until 35517.30s, cooldown until 35521.30s"
35522.01,INFO,"Mister pulse started; ON until 35522.26s, cooldown until 35526.26s"
35535.01,INFO,"Mister pulse started; ON until 35535.26s, cooldown until 35539.26s"
35540.02,INFO,"Mister pulse started; ON until 35540.27s, cooldown until 35544.27s"
35550.05,INFO,"Mister pulse started; ON until 35550.30s, cooldown until 35554.30s"
35555.00,INFO,"Mister pulse started; ON until 35555.25s, cooldown until 35559.25s"
35561.05,INFO,"Mister pulse started; ON until 35561.30s, cooldown until 35565.30s"
35577.00,INFO,"Mister pulse started; ON until 35577.25s, cooldown until 35581.25s"
35589.03,INFO,"Mister pulse started; ON until 35589.28s, cooldown until 35593.28s"
35594.04,INFO,"Mister pulse started; ON until 35594.29s, cooldown until 35598.29s"
35609.02,INFO,"Mister pulse started; ON until 35609.27s, cooldown until 35613.27s"
35623.01,INFO,"Mister pulse started; ON until 35623.26s, cooldown until 35627.26s"
35632.00,INFO,"Mister pulse started; ON until 35632.25s, cooldown until 35636.25s"
35644.03,INFO,"Mister pulse started; ON until 35644.28s, cooldown until 35648.28s"
35649.05,INFO,"Mister pulse started; ON until 35649.30s, cooldown until 35653.30s"
35665.00,INFO,"Mister pulse started; ON until 35665.25s, cooldown until 35669.25s"
35670.01,INFO,"Mister pulse started; ON until 35670.26s, cooldown until 35674.26s"
35675.02,INFO,"Mister pulse started; ON until 35675.27s, cooldown until 35679.27s"
35689.01,INFO,"Mister pulse started; ON until 35689.26s, cooldown until 35693.26s"
35694.02,INFO,"Mister pulse started; ON until 35694.27s, cooldown until 35698.27s"
35701.04,INFO,"Mister pulse started; ON until 35701.29s, cooldown until 35705.29s"
35716.01,INFO,"Mister pulse started; ON until 35716.26s, cooldown until 35720.26s"
35721.02,INFO,"Mister pulse started; ON until 35721.27s, cooldown until 35725.27s"
35728.05,INFO,"Mister pulse started; ON until 35728.30s, cooldown until 35732.30s"
35745.04,INFO,"Mister pulse started; ON until 35745.29s, cooldown until 35749.29s"
35750.00,INFO,"Mister pulse started; ON until 35750.25s, cooldown until 35754.25s"
35755.01,INFO,"Mister pulse started; ON until 35755.26s, cooldown until 35759.26s"
35769.01,INFO,"Mister pulse started; ON until 35769.26s, cooldown until 35773.26s"
35775.05,INFO,"Mister pulse started; ON until 35775.30s, cooldown until 35779.30s"
35793.02,INFO,"Mister pulse started; ON until 35793.27s, cooldown until 35797.27s"
35798.02,INFO,"Mister pulse started; ON until 35798.27s, cooldown until 35802.27s"
35812.02,INFO,"Mister pulse started; ON until 35812.27s, cooldown until 35816.27s"
35819.05,INFO,"Mister pulse started; ON until 35819.30s, cooldown until 35823.30s"
35831.03,INFO,"Mister pulse started; ON until 35831.28s, cooldown until 35835.28s"
35836.04,INFO,"Mister pulse started; ON until 35836.29s, cooldown until 35840.29s"
35844.05,INFO,"Mister pulse started; ON until 35844.30s, cooldown until 35848.30s"
35859.02,INFO,"Mister pulse started; ON until 35859.27s, cooldown until 35863.27s"
35867.02,INFO,"Mister pulse started; ON until 35867.27s, cooldown until 35871.27s"
35878.01,INFO,"Mister pulse started; ON until 35878.26s, cooldown until 35882.26s"
35883.02,INFO,"Mister pulse started; ON until 35883.27s, cooldown until 35887.27s"
35897.01,INFO,"Mister pulse started; ON until 35897.26s, cooldown until 35901.26s"
35902.02,INFO,"Mister pulse started; ON until 35902.27s, cooldown until 35906.27s"
35907.03,INFO,"Mister pulse started; ON until 35907.28s, cooldown until 35911.28s"
35923.03,INFO,"Mister pulse started; ON until 35923.28s, cooldown until 35927.28s"
35934.03,INFO,"Mister pulse started; ON until 35934.28s, cooldown until 35938.28s"
35939.04,INFO,"Mister pulse started; ON until 35939.29s, cooldown until 35943.29s"
35951.01,INFO,"Mister pulse started; ON until 35951.26s, cooldown until 35955.26s"
35956.03,INFO,"Mister pulse started; ON until 35956.28s, cooldown until 35960.28s"
35970.01,INFO,"Mister pulse started; ON until 35970.26s, cooldown until 35974.26s"
35978.02,INFO,"Mister pulse started; ON until 35978.27s, cooldown until 35982.27s"
35992.01,INFO,"Mister pulse started; ON until 35992.26s, cooldown until 35996.26s"
35997.02,INFO,"Mister pulse started; ON until 35997.27s, cooldown until 36001.27s"
36002.03,INFO,"Mister pulse started; ON until 36002.28s, cooldown until 36006.28s"
36015.04,INFO,"Mister pulse started; ON until 36015.29s, cooldown until 36019.29s"
36020.00,INFO,"Mister pulse started; ON until 36020.25s, cooldown until 36024.25s"
36025.01,INFO,"Mister pulse started; ON until 36025.26s, cooldown until 36029.26s"
36038.02,INFO,"Mister pulse started; ON until 36038.27s, cooldown until 36042.27s"
36043.03,INFO,"Mister pulse started; ON until 36043.28s, cooldown until 36047.28s"
36060.01,INFO,"Mister pulse started; ON until 36060.26s, cooldown until 36064.26s"
36065.02,INFO,"Mister pulse started; ON until 36065.27s, cooldown until 36069.27s"
36072.05,INFO,"Mister pulse started; ON until 36072.30s, cooldown until 36076.30s"
36083.05,INFO,"Mister pulse started; ON until 36083.30s, cooldown until 36087.30s"
36097.04,INFO,"Mister pulse started; ON until 36097.29s, cooldown until 36101.29s"
36102.00,INFO,"Mister pulse started; ON until 36102.25s, cooldown until 36106.25s"
36116.00,INFO,"Mister pulse started; ON until 36116.25s, cooldown until 36120.25s"
36121.01,INFO,"Mister pulse started; ON until 36121.26s, cooldown until 36125.26s"
36137.02,INFO,"Mister pulse started; ON until 36137.27s, cooldown until 36141.27s"
36142.03,INFO,"Mister pulse started; ON until 36142.28s, cooldown until 36146.28s"
36155.04,INFO,"Mister pulse started; ON until 36155.29s, cooldown until 36159.29s"
36160.05,INFO,"Mister pulse started; ON until 36160.30s, cooldown until 36164.30s"
36172.02,INFO,"Mister pulse started; ON until 36172.27s, cooldown until 36176.27s"
36177.03,INFO,"Mister pulse started; ON until 36177.28s, cooldown until 36181.28s"
36190.04,INFO,"Mister pulse started; ON until 36190.29s, cooldown until 36194.29s"
36197.01,INFO,"Mister pulse started; ON until 36197.26s, cooldown until 36201.26s"
36207.04,INFO,"Mister pulse started; ON until 36207.29s, cooldown until 36211.29s"
36217.05,INFO,"Mister pulse started; ON until 36217.30s, cooldown until 36221.30s"
36231.05,INFO,"Mister pulse started; ON until 36231.30s, cooldown until 36235.30s"
36236.00,INFO,"Mister pulse started; ON until 36236.25s, cooldown until 36240.25s"
36248.03,INFO,"Mister pulse started; ON until 36248.28s, cooldown until 36252.28s"
36262.02,INFO,"Mister pulse started; ON until 36262.27s, cooldown until 36266.27s"
36272.04,INFO,"Mister pulse started; ON until 36272.29s, cooldown until 36276.29s"
36285.00,INFO,"Mister pulse started; ON until 36285.25s, cooldown until 36289.25s"
36290.01,INFO,"Mister pulse started; ON until 36290.26s, cooldown until 36294.26s"
36303.02,INFO,"Mister pulse started; ON until 36303.27s, cooldown until 36307.27s"
36316.03,INFO,"Mister pulse started; ON until 36316.28s, cooldown until 36320.28s"
36321.04,INFO,"Mister pulse started; ON until 36321.29s, cooldown until 36325.29s"
36326.04,INFO,"Mister pulse started; ON until 36326.29s, cooldown until 36330.29s"
36343.03,INFO,"Mister pulse started; ON until 36343.28s, cooldown until 36347.28s"
36348.04,INFO,"Mister pulse started; ON until 36348.29s, cooldown until 36352.29s"
36361.01,INFO,"Mister pulse started; ON until 36361.26s, cooldown until 36365.26s"
36366.02,INFO,"Mister pulse started; ON until 36366.27s, cooldown until 36370.27s"
36381.04,INFO,"Mister pulse started; ON until 36381.29s, cooldown until 36385.29s"
36387.03,INFO,"Mister pulse started; ON until 36387.28s, cooldown until 36391.28s"
36402.01,INFO,"Mister pulse started; ON until 36402.26s, cooldown until 36406.26s"
36408.05,INFO,"Mister pulse started; ON until 36408.30s, cooldown until 36412.30s"
36413.01,INFO,"Mister pulse started; ON until 36413.26s, cooldown until 36417.26s"
36430.05,INFO,"Mister pulse started; ON until 36430.30s, cooldown until 36434.30s"
36435.01,INFO,"Mister pulse started; ON until 36435.26s, cooldown until 36439.26s"
36451.02,INFO,"Mister pulse started; ON until 36451.27s, cooldown until 36455.27s"
36459.02,INFO,"Mister pulse started; ON until 36459.27s, cooldown until 36463.27s"
36471.00,INFO,"Mister pulse started; ON until 36471.25s, cooldown until 36475.25s"
36477.05,INFO,"Mister pulse started; ON until 36477.30s, cooldown until 36481.30s"
36494.04,INFO,"Mister pulse started; ON until 36494.29s, cooldown until 36498.29s"
36499.00,INFO,"Mister pulse started; ON until 36499.25s, cooldown until 36503.25s"
36512.01,INFO,"Mister pulse started; ON until 36512.26s, cooldown until 36516.26s"
36517.02,INFO,"Mister pulse started; ON until 36517.27s, cooldown until 36521.27s"
36522.03,INFO,"Mister pulse started; ON until 36522.28s, cooldown until 36526.28s"
36533.03,INFO,"Mister pulse started; ON until 36533.28s, cooldown until 36537.28s"
36538.04,INFO,"Mister pulse started; ON until 36538.29s, cooldown until 36542.29s"
36551.05,INFO,"Mister pulse started; ON until 36551.30s, cooldown until 36555.30s"
36556.01,INFO,"Mister pulse started; ON until 36556.26s, cooldown until 36560.26s"
36562.00,INFO,"Mister pulse started; ON until 36562.25s, cooldown until 36566.25s"
36579.04,INFO,"Mister pulse started; ON until 36579.29s, cooldown until 36583.29s"
36585.02,INFO,"Mister pulse started; ON until 36585.27s, cooldown until 36589.27s"
36600.05,INFO,"Mister pulse started; ON until 36600.30s, cooldown until 36604.30s"
36606.03,INFO,"Mister pulse started; ON until 36606.28s, cooldown until 36610.28s"
36611.05,INFO,"Mister pulse started; ON until 36611.30s, cooldown until 36615.30s"
36627.01,INFO,"Mister pulse started; ON until 36627.26s, cooldown until 36631.26s"
36632.01,INFO,"Mister pulse started; ON until 36632.26s, cooldown until 36636.26s"
36639.04,INFO,"Mister pulse started; ON until 36639.29s, cooldown until 36643.29s"
36652.00,INFO,"Mister pulse started; ON until 36652.25s, cooldown until 36656.25s"
36657.01,INFO,"Mister pulse started; ON until 36657.26s, cooldown until 36661.26s"
36672.03,INFO,"Mister pulse started; ON until 36672.28s, cooldown until 36676.28s"
36678.02,INFO,"Mister pulse started; ON until 36678.27s, cooldown until 36682.27s"
36690.05,INFO,"Mister pulse started; ON until 36690.30s, cooldown until 36694.30s"
36701.04,INFO,"Mister pulse started; ON until 36701.29s, cooldown until 36705.29s"
36708.01,INFO,"Mister pulse started; ON until 36708.26s, cooldown until 36712.26s"
36717.05,INFO,"Mister pulse started; ON until 36717.30s, cooldown until 36721.30s"
36723.04,INFO,"Mister pulse started; ON until 36723.29s, cooldown until 36727.29s"
36729.03,INFO,"Mister pulse started; ON until 36729.28s, cooldown until 36733.28s"
36744.01,INFO,"Mister pulse started; ON until 36744.26s, cooldown until 36748.26s"
36753.05,INFO,"Mister pulse started; ON until 36753.30s, cooldown until 36757.30s"
36766.01,INFO,"Mister pulse started; ON until 36766.26s, cooldown until 36770.26s"
36773.03,INFO,"Mister pulse started; ON until 36773.28s, cooldown until 36777.28s"
36785.02,INFO,"Mister pulse started; ON until 36785.27s, cooldown until 36789.27s"
36790.03,INFO,"Mister pulse started; ON until 36790.28s, cooldown until 36794.28s"
36800.04,INFO,"Mister pulse started; ON until 36800.29s, cooldown until 36804.29s"
36812.01,INFO,"Mister pulse started; ON until 36812.26s, cooldown until 36816.26s"
36819.03,INFO,"Mister pulse started; ON until 36819.28s, cooldown until 36823.28s"
36825.02,INFO,"Mister pulse started; ON until 36825.27s, cooldown until 36829.27s"
36831.01,INFO,"Mister pulse started; ON until 36831.26s, cooldown until 36835.26s"
36847.02,INFO,"Mister pulse started; ON until 36847.27s, cooldown until 36851.27s"
36853.01,INFO,"Mister pulse started; ON until 36853.26s, cooldown until 36857.26s"
36868.04,INFO,"Mister pulse started; ON until 36868.29s, cooldown until 36872.29s"
36875.00,INFO,"Mister pulse started; ON until 36875.25s, cooldown until 36879.25s"
36885.03,INFO,"Mister pulse started; ON until 36885.28s, cooldown until 36889.28s"
36894.02,INFO,"Mister pulse started; ON until 36894.27s, cooldown until 36898.27s"
36909.05,INFO,"Mister pulse started; ON until 36909.30s, cooldown until 36913.30s"
36915.04,INFO,"Mister pulse started; ON until 36915.29s, cooldown until 36919.29s"
36927.02,INFO,"Mister pulse started; ON until 36927.27s, cooldown until 36931.27s"
36932.03,INFO,"Mister pulse started; ON until 36932.28s, cooldown until 36936.28s"
36940.03,INFO,"Mister pulse started; ON until 36940.28s, cooldown until 36944.28s"
36955.00,INFO,"Mister pulse started; ON until 36955.25s, cooldown until 36959.25s"
36961.04,INFO,"Mister pulse started; ON until 36961.29s, cooldown until 36965.29s"
36970.03,INFO,"Mister pulse started; ON until 36970.28s, cooldown until 36974.28s"
36980.05,INFO,"Mister pulse started; ON until 36980.30s, cooldown until 36984.30s"
36990.01,INFO,"Mister pulse started; ON until 36990.26s, cooldown until 36994.26s"
36995.03,INFO,"Mister pulse started; ON until 36995.28s, cooldown until 36999.28s"
37005.05,INFO,"Mister pulse started; ON until 37005.30s, cooldown until 37009.30s"
37018.01,INFO,"Mister pulse started; ON until 37018.26s, cooldown until 37022.26s"
37025.03,INFO,"Mister pulse started; ON until 37025.28s, cooldown until 37029.28s"
37035.05,INFO,"Mister pulse started; ON until 37035.30s, cooldown until 37039.30s"
37046.05,INFO,"Mister pulse started; ON until 37046.30s, cooldown until 37050.30s"
37051.01,INFO,"Mister pulse started; ON until 37051.26s, cooldown until 37055.26s"
37064.02,INFO,"Mister pulse started; ON until 37064.27s, cooldown until 37068.27s"
37071.04,INFO,"Mister pulse started; ON until 37071.29s, cooldown until 37075.29s"
37078.01,INFO,"Mister pulse started; ON until 37078.26s, cooldown until 37082.26s"
37084.05,INFO,"Mister pulse started; ON until 37084.30s, cooldown until 37088.30s"
37098.05,INFO,"Mister pulse started; ON until 37098.30s, cooldown until 37102.30s"
37103.01,INFO,"Mister pulse started; ON until 37103.26s, cooldown until 37107.26s"
37116.01,INFO,"Mister pulse started; ON until 37116.26s, cooldown until 37120.26s"
37121.03,INFO,"Mister pulse started; ON until 37121.28s, cooldown until 37125.28s"
37132.02,INFO,"Mister pulse started; ON until 37132.27s, cooldown until 37136.27s"
37137.03,INFO,"Mister pulse started; ON until 37137.28s, cooldown until 37141.28s"
37150.04,INFO,"Mister pulse started; ON until 37150.29s, cooldown until 37154.29s"
37155.00,INFO,"Mister pulse started; ON until 37155.25s, cooldown until 37159.25s"
37160.02,INFO,"Mister pulse started; ON until 37160.27s, cooldown until 37164.27s"
37172.00,INFO,"Mister pulse started; ON until 37172.25s, cooldown until 37176.25s"
37177.01,INFO,"Mister pulse started; ON until 37177.26s, cooldown until 37181.26s"
37191.00,INFO,"Mister pulse started; ON until 37191.25s, cooldown until 37195.25s"
37196.01,INFO,"Mister pulse started; ON until 37196.26s, cooldown until 37200.26s"
37206.03,INFO,"Mister pulse started; ON until 37206.28s, cooldown until 37210.28s"
37213.00,INFO,"Mister pulse started; ON until 37213.25s, cooldown until 37217.25s"
37225.03,INFO,"Mister pulse started; ON until 37225.28s, cooldown until 37229.28s"
37232.00,INFO,"Mister pulse started; ON until 37232.25s, cooldown until 37236.25s"
37248.01,INFO,"Mister pulse started; ON until 37248.26s, cooldown until 37252.26s"
37257.04,INFO,"Mister pulse started; ON until 37257.29s, cooldown until 37261.29s"
37270.05,INFO,"Mister pulse started; ON until 37270.30s, cooldown until 37274.30s"
37275.00,INFO,"Mister pulse started; ON until 37275.25s, cooldown until 37279.25s"
37285.02,INFO,"Mister pulse started; ON until 37285.27s, cooldown until 37289.27s"
37290.03,INFO,"Mister pulse started; ON until 37290.28s, cooldown until 37294.28s"
37299.01,INFO,"Mister pulse started; ON until 37299.26s, cooldown until 37303.26s"
37307.02,INFO,"Mister pulse started; ON until 37307.27s, cooldown until 37311.27s"
37313.01,INFO,"Mister pulse started; ON until 37313.26s, cooldown until 37317.26s"
37320.04,INFO,"Mister pulse started; ON until 37320.29s, cooldown until 37324.29s"
37331.03,INFO,"Mister pulse started; ON until 37331.28s, cooldown until 37335.28s"
37336.04,INFO,"Mister pulse started; ON until 37336.29s, cooldown until 37340.29s"
37352.05,INFO,"Mister pulse started; ON until 37352.30s, cooldown until 37356.30s"
37357.01,INFO,"Mister pulse started; ON until 37357.26s, cooldown until 37361.26s"
37374.00,INFO,"Mister pulse started; ON until 37374.25s, cooldown until 37378.25s"
37381.02,INFO,"Mister pulse started; ON until 37381.27s, cooldown until 37385.27s"
37396.05,INFO,"Mister pulse started; ON until 37396.30s, cooldown until 37400.30s"
37402.04,INFO,"Mister pulse started; ON until 37402.29s, cooldown until 37406.29s"
37407.00,INFO,"Mister pulse started; ON until 37407.25s, cooldown until 37411.25s"
37415.01,INFO,"Mister pulse started; ON until 37415.26s, cooldown until 37419.26s"
37420.03,INFO,"Mister pulse started; ON until 37420.28s, cooldown until 37424.28s"
37432.00,INFO,"Mister pulse started; ON until 37432.25s, cooldown until 37436.25s"
37437.01,INFO,"Mister pulse started; ON until 37437.26s, cooldown until 37441.26s"
37449.03,INFO,"Mister pulse started; ON until 37449.28s, cooldown until 37453.28s"
37455.02,INFO,"Mister pulse started; ON until 37455.27s, cooldown until 37459.27s"
37460.03,INFO,"Mister pulse started; ON until 37460.28s, cooldown until 37464.28s"
37473.04,INFO,"Mister pulse started; ON until 37473.29s, cooldown until 37477.29s"
37478.00,INFO,"Mister pulse started; ON until 37478.25s, cooldown until 37482.25s"
37483.02,INFO,"Mister pulse started; ON until 37483.27s, cooldown until 37487.27s"
37494.02,INFO,"Mister pulse started; ON until 37494.27s, cooldown until 37498.27s"
37499.03,INFO,"Mister pulse started; ON until 37499.28s, cooldown until 37503.28s"
37506.00,INFO,"Mister pulse started; ON until 37506.25s, cooldown until 37510.25s"
37521.03,INFO,"Mister pulse started; ON until 37521.28s, cooldown until 37525.28s"
37526.03,INFO,"Mister pulse started; ON until 37526.28s, cooldown until 37530.28s"
37531.05,INFO,"Mister pulse started; ON until 37531.30s, cooldown until 37535.30s"
37536.05,INFO,"Mister pulse started; ON until 37536.30s, cooldown until 37540.30s"
37548.03,INFO,"Mister pulse started; ON until 37548.28s, cooldown until 37552.28s"
37557.02,INFO,"Mister pulse started; ON until 37557.27s, cooldown until 37561.27s"
37563.01,INFO,"Mister pulse started; ON until 37563.26s, cooldown until 37567.26s"
37571.01,INFO,"Mister pulse started; ON until 37571.26s, cooldown until 37575.26s"
37587.03,INFO,"Mister pulse started; ON until 37587.28s, cooldown until 37591.28s"
37594.05,INFO,"Mister pulse started; ON until 37594.30s, cooldown until 37598.30s"
37608.04,INFO,"Mister pulse started; ON until 37608.29s, cooldown until 37612.29s"
37613.05,INFO,"Mister pulse started; ON until 37613.30s, cooldown until 37617.30s"
37618.01,INFO,"Mister pulse started; ON until 37618.26s, cooldown until 37622.26s"
37633.04,INFO,"Mister pulse started; ON until 37633.29s, cooldown until 37637.29s"
37638.05,INFO,"Mister pulse started; ON until 37638.30s, cooldown until 37642.30s"
37643.01,INFO,"Mister pulse started; ON until 37643.26s, cooldown until 37647.26s"
37651.01,INFO,"Mister pulse started; ON until 37651.26s, cooldown until 37655.26s"
37656.02,INFO,"Mister pulse started; ON until 37656.27s, cooldown until 37660.27s"
37665.01,INFO,"Mister pulse started; ON until 37665.26s, cooldown until 37669.26s"
37680.03,INFO,"Mister pulse started; ON until 37680.28s, cooldown until 37684.28s"
37685.04,INFO,"Mister pulse started; ON until 37685.29s, cooldown until 37689.29s"
37694.03,INFO,"Mister pulse started; ON until 37694.28s, cooldown until 37698.28s"
37700.02,INFO,"Mister pulse started; ON until 37700.27s, cooldown until 37704.27s"
37708.02,INFO,"Mister pulse started; ON until 37708.27s, cooldown until 37712.27s"
37713.03,INFO,"Mister pulse started; ON until 37713.28s, cooldown until 37717.28s"
37729.05,INFO,"Mister pulse started; ON until 37729.30s, cooldown until 37733.30s"
37734.00,INFO,"Mister pulse started; ON until 37734.25s, cooldown until 37738.25s"
37748.04,INFO,"Mister pulse started; ON until 37748.29s, cooldown until 37752.29s"
37753.05,INFO,"Mister pulse started; ON until 37753.30s, cooldown until 37757.30s"
37766.01,INFO,"Mister pulse started; ON until 37766.26s, cooldown until 37770.26s"
37773.03,INFO,"Mister pulse started; ON until 37773.28s, cooldown until 37777.28s"
37784.03,INFO,"Mister pulse started; ON until 37784.28s, cooldown until 37788.28s"
37794.04,INFO,"Mister pulse started; ON until 37794.29s, cooldown until 37798.29s"
37799.01,INFO,"Mister pulse started; ON until 37799.26s, cooldown until 37803.26s"
37812.02,INFO,"Mister pulse started; ON until 37812.27s, cooldown until 37816.27s"
37818.01,INFO,"Mister pulse started; ON until 37818.26s, cooldown until 37822.26s"
37827.04,INFO,"Mister pulse started; ON until 37827.29s, cooldown until 37831.29s"
37833.02,INFO,"Mister pulse started; ON until 37833.27s, cooldown until 37837.27s"
37840.05,INFO,"Mister pulse started; ON until 37840.30s, cooldown until 37844.30s"
37853.01,INFO,"Mister pulse started; ON until 37853.26s, cooldown until 37857.26s"
37862.00,INFO,"Mister pulse started; ON until 37862.25s, cooldown until 37866.25s"
37874.03,INFO,"Mister pulse started; ON until 37874.28s, cooldown until 37878.28s"
37879.04,INFO,"Mister pulse started; ON until 37879.29s, cooldown until 37883.29s"
37892.00,INFO,"Mister pulse started; ON until 37892.25s, cooldown until 37896.25s"
37899.02,INFO,"Mister pulse started; ON until 37899.27s, cooldown until 37903.27s"
37908.01,INFO,"Mister pulse started; ON until 37908.26s, cooldown until 37912.26s"
37918.03,INFO,"Mister pulse started; ON until 37918.28s, cooldown until 37922.28s"
37930.01,INFO,"Mister pulse started; ON until 37930.26s, cooldown until 37934.26s"
37935.02,INFO,"Mister pulse started; ON until 37935.27s, cooldown until 37939.27s"
37941.02,INFO,"Mister pulse started; ON until 37941.27s, cooldown until 37945.27s"
37954.03,INFO,"Mister pulse started; ON until 37954.28s, cooldown until 37958.28s"
37962.03,INFO,"Mister pulse started; ON until 37962.28s, cooldown until 37966.28s"
37967.04,INFO,"Mister pulse started; ON until 37967.29s, cooldown until 37971.29s"
37975.04,INFO,"Mister pulse started; ON until 37975.29s, cooldown until 37979.29s"
37980.04,INFO,"Mister pulse started; ON until 37980.29s, cooldown until 37984.29s"
37992.03,INFO,"Mister pulse started; ON until 37992.28s, cooldown until 37996.28s"
37997.04,INFO,"Mister pulse started; ON until 37997.29s, cooldown until 38001.29s"
38010.01,INFO,"Mister pulse started; ON until 38010.26s, cooldown until 38014.26s"
38016.05,INFO,"Mister pulse started; ON until 38016.30s, cooldown until 38020.30s"
38025.03,INFO,"Mister pulse started; ON until 38025.28s, cooldown until 38029.28s"
38033.04,INFO,"Mister pulse started; ON until 38033.29s, cooldown until 38037.29s"
38044.04,INFO,"Mister pulse started; ON until 38044.29s, cooldown until 38048.29s"
38052.04,INFO,"Mister pulse started; ON until 38052.29s, cooldown until 38056.29s"
38067.02,INFO,"Mister pulse started; ON until 38067.27s, cooldown until 38071.27s"
38076.00,INFO,"Mister pulse started; ON until 38076.25s, cooldown until 38080.25s"
38081.01,INFO,"Mister pulse started; ON until 38081.26s, cooldown until 38085.26s"
38093.05,INFO,"Mister pulse started; ON until 38093.30s, cooldown until 38097.30s"
38098.01,INFO,"Mister pulse started; ON until 38098.26s, cooldown until 38102.26s"
38106.01,INFO,"Mister pulse started; ON until 38106.26s, cooldown until 38110.26s"
38119.02,INFO,"Mister pulse started; ON until 38119.27s, cooldown until 38123.27s"
38124.03,INFO,"Mister pulse started; ON until 38124.28s, cooldown until 38128.28s"
38129.04,INFO,"Mister pulse started; ON until 38129.29s, cooldown until 38133.29s"
38143.03,INFO,"Mister pulse started; ON until 38143.28s, cooldown until 38147.28s"
38148.03,INFO,"Mister pulse started; ON until 38148.28s, cooldown until 38152.28s"
38153.05,INFO,"Mister pulse started; ON until 38153.30s, cooldown until 38157.30s"
38165.02,INFO,"Mister pulse started; ON until 38165.27s, cooldown until 38169.27s"
38171.01,INFO,"Mister pulse started; ON until 38171.26s, cooldown until 38175.26s"
38176.02,INFO,"Mister pulse started; ON until 38176.27s, cooldown until 38180.27s"
38186.04,INFO,"Mister pulse started; ON until 38186.29s, cooldown until 38190.29s"
38192.03,INFO,"Mister pulse started; ON until 38192.28s, cooldown until 38196.28s"
38207.01,INFO,"Mister pulse started; ON until 38207.26s, cooldown until 38211.26s"
38213.00,INFO,"Mister pulse started; ON until 38213.25s, cooldown until 38217.25s"
38226.02,INFO,"Mister pulse started; ON until 38226.27s, cooldown until 38230.27s"
38231.03,INFO,"Mister pulse started; ON until 38231.28s, cooldown until 38235.28s"
38236.04,INFO,"Mister pulse started; ON until 38236.29s, cooldown until 38240.29s"
38242.03,INFO,"Mister pulse started; ON until 38242.28s, cooldown until 38246.28s"
38249.00,INFO,"Mister pulse started; ON until 38249.25s, cooldown until 38253.25s"
38254.02,INFO,"Mister pulse started; ON until 38254.27s, cooldown until 38258.27s"
38267.03,INFO,"Mister pulse started; ON until 38267.28s, cooldown until 38271.28s"
38272.04,INFO,"Mister pulse started; ON until 38272.29s, cooldown until 38276.29s"
38284.02,INFO,"Mister pulse started; ON until 38284.27s, cooldown until 38288.27s"
38289.02,INFO,"Mister pulse started; ON until 38289.27s, cooldown until 38293.27s"
38294.03,INFO,"Mister pulse started; ON until 38294.28s, cooldown until 38298.28s"
38308.02,INFO,"Mister pulse started; ON until 38308.27s, cooldown until 38312.27s"
38313.03,INFO,"Mister pulse started; ON until 38313.28s, cooldown until 38317.28s"
38318.04,INFO,"Mister pulse started; ON until 38318.29s, cooldown until 38322.29s"
38331.05,INFO,"Mister pulse started; ON until 38331.30s, cooldown until 38335.30s"
38336.01,INFO,"Mister pulse started; ON until 38336.26s, cooldown until 38340.26s"
38341.02,INFO,"Mister pulse started; ON until 38341.27s, cooldown until 38345.27s"
38353.05,INFO,"Mister pulse started; ON until 38353.30s, cooldown until 38357.30s"
38358.01,INFO,"Mister pulse started; ON until 38358.26s, cooldown until 38362.26s"
38364.00,INFO,"Mister pulse started; ON until 38364.25s, cooldown until 38368.25s"
38377.02,INFO,"Mister pulse started; ON until 38377.27s, cooldown until 38381.27s"
38382.03,INFO,"Mister pulse started; ON until 38382.28s, cooldown until 38386.28s"
38397.01,INFO,"Mister pulse started; ON until 38397.26s, cooldown until 38401.26s"
38409.03,INFO,"Mister pulse started; ON until 38409.28s, cooldown until 38413.28s"
38414.04,INFO,"Mister pulse started; ON until 38414.29s, cooldown until 38418.29s"
38421.01,INFO,"Mister pulse started; ON until 38421.26s, cooldown until 38425.26s"
38436.04,INFO,"Mister pulse started; ON until 38436.29s, cooldown until 38440.29s"
38443.01,INFO,"Mister pulse started; ON until 38443.26s, cooldown until 38447.26s"
38456.03,INFO,"Mister pulse started; ON until 38456.28s, cooldown until 38460.28s"
38461.03,INFO,"Mister pulse started; ON until 38461.28s, cooldown until 38465.28s"
38475.02,INFO,"Mister pulse started; ON until 38475.27s, cooldown until 38479.27s"
38481.01,INFO,"Mister pulse started; ON until 38481.26s, cooldown until 38485.26s"
38491.03,INFO,"Mister pulse started; ON until 38491.28s, cooldown until 38495.28s"
38502.02,INFO,"Mister pulse started; ON until 38502.27s, cooldown until 38506.27s"
38507.03,INFO,"Mister pulse started; ON until 38507.28s, cooldown until 38511.28s"
38514.05,INFO,"Mister pulse started; ON until 38514.30s, cooldown until 38518.30s"
38525.04,INFO,"Mister pulse started; ON until 38525.29s, cooldown until 38529.29s"
38535.01,INFO,"Mister pulse started; ON until 38535.26s, cooldown until 38539.26s"
38541.05,INFO,"Mister pulse started; ON until 38541.30s, cooldown until 38545.30s"
38555.04,INFO,"Mister pulse started; ON until 38555.29s, cooldown until 38559.29s"
38560.00,INFO,"Mister pulse started; ON until 38560.25s, cooldown until 38564.25s"
38571.01,INFO,"Mister pulse started; ON until 38571.26s, cooldown until 38575.26s"
38578.03,INFO,"Mister pulse started; ON until 38578.28s, cooldown until 38582.28s"
38590.01,INFO,"Mister pulse started; ON until 38590.26s, cooldown until 38594.26s"
38595.02,INFO,"Mister pulse started; ON until 38595.27s, cooldown until 38599.27s"
38608.03,INFO,"Mister pulse started; ON until 38608.28s, cooldown until 38612.28s"
38613.03,INFO,"Mister pulse started; ON until 38613.28s, cooldown until 38617.28s"
38618.04,INFO,"Mister pulse started; ON until 38618.29s, cooldown until 38622.29s"
38630.02,INFO,"Mister pulse started; ON until 38630.27s, cooldown until 38634.27s"
38635.04,INFO,"Mister pulse started; ON until 38635.29s, cooldown until 38639.29s"
38650.01,INFO,"Mister pulse started; ON until 38650.26s, cooldown until 38654.26s"
38656.00,INFO,"Mister pulse started; ON until 38656.25s, cooldown until 38660.25s"
38671.02,INFO,"Mister pulse started; ON until 38671.27s, cooldown until 38675.27s"
38676.03,INFO,"Mister pulse started; ON until 38676.28s, cooldown until 38680.28s"
38681.05,INFO,"Mister pulse started; ON until 38681.30s, cooldown until 38685.30s"
38692.04,INFO,"Mister pulse started; ON until 38692.29s, cooldown until 38696.29s"
38697.05,INFO,"Mister pulse started; ON until 38697.30s, cooldown until 38701.30s"
38706.03,INFO,"Mister pulse started; ON until 38706.28s, cooldown until 38710.28s"
38719.05,INFO,"Mister pulse started; ON until 38719.30s, cooldown until 38723.30s"
38724.00,INFO,"Mister pulse started; ON until 38724.25s, cooldown until 38728.25s"
38735.00,INFO,"Mister pulse started; ON until 38735.25s, cooldown until 38739.25s"
38740.01,INFO,"Mister pulse started; ON until 38740.26s, cooldown until 38744.26s"
38746.05,INFO,"Mister pulse started; ON until 38746.30s, cooldown until 38750.30s"
38761.03,INFO,"Mister pulse started; ON until 38761.28s, cooldown until 38765.28s"
38772.02,INFO,"Mister pulse started; ON until 38772.27s, cooldown until 38776.27s"
38777.03,INFO,"Mister pulse started; ON until 38777.28s, cooldown until 38781.28s"
38791.02,INFO,"Mister pulse started; ON until 38791.27s, cooldown until 38795.27s"
38799.03,INFO,"Mister pulse started; ON until 38799.28s, cooldown until 38803.28s"
38812.04,INFO,"Mister pulse started; ON until 38812.29s, cooldown until 38816.29s"
38817.05,INFO,"Mister pulse started; ON until 38817.30s, cooldown until 38821.30s"
38825.05,INFO,"Mister pulse started; ON until 38825.30s, cooldown until 38829.30s"
38840.02,INFO,"Mister pulse started; ON until 38840.27s, cooldown until 38844.27s"
38850.04,INFO,"Mister pulse started; ON until 38850.29s, cooldown until 38854.29s"
38855.04,INFO,"Mister pulse started; ON until 38855.29s, cooldown until 38859.29s"
38866.04,INFO,"Mister pulse started; ON until 38866.29s, cooldown until 38870.29s"
38871.05,INFO,"Mister pulse started; ON until 38871.30s, cooldown until 38875.30s"
38878.02,INFO,"Mister pulse started; ON until 38878.27s, cooldown until 38882.27s"
38890.05,INFO,"Mister pulse started; ON until 38890.30s, cooldown until 38894.30s"
38895.01,INFO,"Mister pulse started; ON until 38895.26s, cooldown until 38899.26s"
38907.04,INFO,"Mister pulse started; ON until 38907.29s, cooldown until 38911.29s"
38912.05,INFO,"Mister pulse started; ON until 38912.30s, cooldown until 38916.30s"
38924.03,INFO,"Mister pulse started; ON until 38924.28s, cooldown until 38928.28s"
38930.01,INFO,"Mister pulse started; ON until 38930.26s, cooldown until 38934.26s"
38939.05,INFO,"Mister pulse started; ON until 38939.30s, cooldown until 38943.30s"
38944.00,INFO,"Mister pulse started; ON until 38944.25s, cooldown until 38948.25s"
38949.01,INFO,"Mister pulse started; ON until 38949.26s, cooldown until 38953.26s"
38962.02,INFO,"Mister pulse started; ON until 38962.27s, cooldown until 38966.27s"
38967.03,INFO,"Mister pulse started; ON until 38967.28s, cooldown until 38971.28s"
38983.04,INFO,"Mister pulse started; ON until 38983.29s, cooldown until 38987.29s"
38989.03,INFO,"Mister pulse started; ON until 38989.28s, cooldown until 38993.28s"
39003.02,INFO,"Mister pulse started; ON until 39003.27s, cooldown until 39007.27s"
39010.04,INFO,"Mister pulse started; ON until 39010.29s, cooldown until 39014.29s"
39015.05,INFO,"Mister pulse started; ON until 39015.30s, cooldown until 39019.30s"
39031.00,INFO,"Mister pulse started; ON until 39031.25s, cooldown until 39035.25s"
39036.02,INFO,"Mister pulse started; ON until 39036.27s, cooldown until 39040.27s"
39041.02,INFO,"Mister pulse started; ON until 39041.27s, cooldown until 39045.27s"
39049.03,INFO,"Mister pulse started; ON until 39049.28s, cooldown until 39053.28s"
39054.04,INFO,"Mister pulse started; ON until 39054.29s, cooldown until 39058.29s"
39070.04,INFO,"Mister pulse started; ON until 39070.29s, cooldown until 39074.29s"
39077.01,INFO,"Mister pulse started; ON until 39077.26s, cooldown until 39081.26s"
39093.01,INFO,"Mister pulse started; ON until 39093.26s, cooldown until 39097.26s"
39098.02,INFO,"Mister pulse started; ON until 39098.27s, cooldown until 39102.27s"
39110.05,INFO,"Mister pulse started; ON until 39110.30s, cooldown until 39114.30s"
39118.00,INFO,"Mister pulse started; ON until 39118.25s, cooldown until 39122.25s"
39125.03,INFO,"Mister pulse started; ON until 39125.28s, cooldown until 39129.28s"
39135.05,INFO,"Mister pulse started; ON until 39135.30s, cooldown until 39139.30s"
39141.04,INFO,"Mister pulse started; ON until 39141.29s, cooldown until 39145.29s"
39152.03,INFO,"Mister pulse started; ON until 39152.28s, cooldown until 39156.28s"
39158.02,INFO,"Mister pulse started; ON until 39158.27s, cooldown until 39162.27s"
39163.03,INFO,"Mister pulse started; ON until 39163.28s, cooldown until 39167.28s"
39174.03,INFO,"Mister pulse started; ON until 39174.28s, cooldown until 39178.28s"
39179.04,INFO,"Mister pulse started; ON until 39179.29s, cooldown until 39183.29s"
39189.01,INFO,"Mister pulse started; ON until 39189.26s, cooldown until 39193.26s"
39194.02,INFO,"Mister pulse started; ON until 39194.27s, cooldown until 39198.27s"
39200.00,INFO,"Mister pulse started; ON until 39200.25s, cooldown until 39204.25s"
39212.03,INFO,"Mister pulse started; ON until 39212.28s, cooldown until 39216.28s"
39220.03,INFO,"Mister pulse started; ON until 39220.28s, cooldown until 39224.28s"
39233.04,INFO,"Mister pulse started; ON until 39233.29s, cooldown until 39237.29s"
39238.05,INFO,"Mister pulse started; ON until 39238.30s, cooldown until 39242.30s"
39243.01,INFO,"Mister pulse started; ON until 39243.26s, cooldown until 39247.26s"
39258.03,INFO,"Mister pulse started; ON until 39258.28s, cooldown until 39262.28s"
39264.02,INFO,"Mister pulse started; ON until 39264.27s, cooldown until 39268.27s"
39274.04,INFO,"Mister pulse started; ON until 39274.29s, cooldown until 39278.29s"
39281.01,INFO,"Mister pulse started; ON until 39281.26s, cooldown until 39285.26s"
39293.04,INFO,"Mister pulse started; ON until 39293.29s, cooldown until 39297.29s"
39298.00,INFO,"Mister pulse started; ON until 39298.25s, cooldown until 39302.25s"
39311.02,INFO,"Mister pulse started; ON until 39311.27s, cooldown until 39315.27s"
39316.03,INFO,"Mister pulse started; ON until 39316.28s, cooldown until 39320.28s"
39321.04,INFO,"Mister pulse started; ON until 39321.29s, cooldown until 39325.29s"
39334.01,INFO,"Mister pulse started; ON until 39334.26s, cooldown until 39338.26s"
39339.02,INFO,"Mister pulse started; ON until 39339.27s, cooldown until 39343.27s"
39344.03,INFO,"Mister pulse started; ON until 39344.28s, cooldown until 39348.28s"
39355.03,INFO,"Mister pulse started; ON until 39355.28s, cooldown until 39359.28s"
39360.04,INFO,"Mister pulse started; ON until 39360.29s, cooldown until 39364.29s"
39367.01,INFO,"Mister pulse started; ON until 39367.26s, cooldown until 39371.26s"
39380.02,INFO,"Mister pulse started; ON until 39380.27s, cooldown until 39384.27s"
39385.02,INFO,"Mister pulse started; ON until 39385.27s, cooldown until 39389.27s"
39398.03,INFO,"Mister pulse started; ON until 39398.28s, cooldown until 39402.28s"
39403.04,INFO,"Mister pulse started; ON until 39403.29s, cooldown until 39407.29s"
39408.01,INFO,"Mister pulse started; ON until 39408.26s, cooldown until 39412.26s"
39422.05,INFO,"Mister pulse started; ON until 39422.30s, cooldown until 39426.30s"
39427.01,INFO,"Mister pulse started; ON until 39427.26s, cooldown until 39431.26s"
39433.05,INFO,"Mister pulse started; ON until 39433.30s, cooldown until 39437.30s"
39447.04,INFO,"Mister pulse started; ON until 39447.29s, cooldown until 39451.29s"
39452.05,INFO,"Mister pulse started; ON until 39452.30s, cooldown until 39456.30s"
39462.02,INFO,"Mister pulse started; ON until 39462.27s, cooldown until 39466.27s"
39472.03,INFO,"Mister pulse started; ON until 39472.28s, cooldown until 39476.28s"
39483.02,INFO,"Mister pulse started; ON until 39483.27s, cooldown until 39487.27s"
39488.03,INFO,"Mister pulse started; ON until 39488.28s, cooldown until 39492.28s"
39498.04,INFO,"Mister pulse started; ON until 39498.29s, cooldown until 39502.29s"
39503.05,INFO,"Mister pulse started; ON until 39503.30s, cooldown until 39507.30s"
39509.04,INFO,"Mister pulse started; ON until 39509.29s, cooldown until 39513.29s"
39520.03,INFO,"Mister pulse started; ON until 39520.28s, cooldown until 39524.28s"
39534.02,INFO,"Mister pulse started; ON until 39534.27s, cooldown until 39538.27s"
39539.03,INFO,"Mister pulse started; ON until 39539.28s, cooldown until 39543.28s"
39545.02,INFO,"Mister pulse started; ON until 39545.27s, cooldown until 39549.27s"
39550.03,INFO,"Mister pulse started; ON until 39550.28s, cooldown until 39554.28s"
39563.04,INFO,"Mister pulse started; ON until 39563.29s, cooldown until 39567.29s"
39568.00,INFO,"Mister pulse started; ON until 39568.25s, cooldown until 39572.25s"
39573.02,INFO,"Mister pulse started; ON until 39573.27s, cooldown until 39577.27s"
39584.02,INFO,"Mister pulse started; ON until 39584.27s, cooldown until 39588.27s"
39589.03,INFO,"Mister pulse started; ON until 39589.28s, cooldown until 39593.28s"
39596.05,INFO,"Mister pulse started; ON until 39596.30s, cooldown until 39600.30s"
39607.04,INFO,"Mister pulse started; ON until 39607.29s, cooldown until 39611.29s"
39619.02,INFO,"Mister pulse started; ON until 39619.27s, cooldown until 39623.27s"
39624.02,INFO,"Mister pulse started; ON until 39624.27s, cooldown until 39628.27s"
39629.03,INFO,"Mister pulse started; ON until 39629.28s, cooldown until 39633.28s"
39642.03,INFO,"Mister pulse started; ON until 39642.28s, cooldown until 39646.28s"
39647.05,INFO,"Mister pulse started; ON until 39647.30s, cooldown until 39651.30s"
39659.02,INFO,"Mister pulse started; ON until 39659.27s, cooldown until 39663.27s"
39664.03,INFO,"Mister pulse started; ON until 39664.28s, cooldown until 39668.28s"
39669.04,INFO,"Mister pulse started; ON until 39669.29s, cooldown until 39673.29s"
39681.02,INFO,"Mister pulse started; ON until 39681.27s, cooldown until 39685.27s"
39686.03,INFO,"Mister pulse started; ON until 39686.28s, cooldown until 39690.28s"
39699.04,INFO,"Mister pulse started; ON until 39699.29s, cooldown until 39703.29s"
39704.05,INFO,"Mister pulse started; ON until 39704.30s, cooldown until 39708.30s"
39709.01,INFO,"Mister pulse started; ON until 39709.26s, cooldown until 39713.26s"
39722.02,INFO,"Mister pulse started; ON until 39722.27s, cooldown until 39726.27s"
39727.04,INFO,"Mister pulse started; ON until 39727.29s, cooldown until 39731.29s"
39732.05,INFO,"Mister pulse started; ON until 39732.30s, cooldown until 39736.30s"
39743.05,INFO,"Mister pulse started; ON until 39743.30s, cooldown until 39747.30s"
39748.00,INFO,"Mister pulse started; ON until 39748.25s, cooldown until 39752.25s"
39757.04,INFO,"Mister pulse started; ON until 39757.29s, cooldown until 39761.29s"
39770.05,INFO,"Mister pulse started; ON until 39770.30s, cooldown until 39774.30s"
39775.00,INFO,"Mister pulse started; ON until 39775.25s, cooldown until 39779.25s"
39783.01,INFO,"Mister pulse started; ON until 39783.26s, cooldown until 39787.26s"
39789.05,INFO,"Mister pulse started; ON until 39789.30s, cooldown until 39793.30s"
39803.04,INFO,"Mister pulse started; ON until 39803.29s, cooldown until 39807.29s"
39808.05,INFO,"Mister pulse started; ON until 39808.30s, cooldown until 39812.30s"
39818.02,INFO,"Mister pulse started; ON until 39818.27s, cooldown until 39822.27s"
39826.02,INFO,"Mister pulse started; ON until 39826.27s, cooldown until 39830.27s"
39840.01,INFO,"Mister pulse started; ON until 39840.26s, cooldown until 39844.26s"
39845.02,INFO,"Mister pulse started; ON until 39845.27s, cooldown until 39849.27s"
39850.04,INFO,"Mister pulse started; ON until 39850.29s, cooldown until 39854.29s"
39862.02,INFO,"Mister pulse started; ON until 39862.27s, cooldown until 39866.27s"
39867.03,INFO,"Mister pulse started; ON until 39867.28s, cooldown until 39871.28s"
39881.03,INFO,"Mister pulse started; ON until 39881.28s, cooldown until 39885.28s"
39886.04,INFO,"Mister pulse started; ON until 39886.29s, cooldown until 39890.29s"
39895.02,INFO,"Mister pulse started; ON until 39895.27s, cooldown until 39899.27s"
39901.01,INFO,"Mister pulse started; ON until 39901.26s, cooldown until 39905.26s"
39911.03,INFO,"Mister pulse started; ON until 39911.28s, cooldown until 39915.28s"
39916.04,INFO,"Mister pulse started; ON until 39916.29s, cooldown until 39920.29s"
39923.01,INFO,"Mister pulse started; ON until 39923.26s, cooldown until 39927.26s"
39928.02,INFO,"Mister pulse started; ON until 39928.27s, cooldown until 39932.27s"
39939.02,INFO,"Mister pulse started; ON until 39939.27s, cooldown until 39943.27s"
39944.03,INFO,"Mister pulse started; ON until 39944.28s, cooldown until 39948.28s"
39949.03,INFO,"Mister pulse started; ON until 39949.28s, cooldown until 39953.28s"
39959.04,INFO,"Mister pulse started; ON until 39959.29s, cooldown until 39963.29s"
39966.02,INFO,"Mister pulse started; ON until 39966.27s, cooldown until 39970.27s"
39976.04,INFO,"Mister pulse started; ON until 39976.29s, cooldown until 39980.29s"
39984.03,INFO,"Mister pulse started; ON until 39984.28s, cooldown until 39988.28s"
39995.03,INFO,"Mister pulse started; ON until 39995.28s, cooldown until 39999.28s"
40000.04,INFO,"Mister pulse started; ON until 40000.29s, cooldown until 40004.29s"
40011.04,INFO,"Mister pulse started; ON until 40011.29s, cooldown until 40015.29s"
40016.00,INFO,"Mister pulse started; ON until 40016.25s, cooldown until 40020.25s"
40024.00,INFO,"Mister pulse started; ON until 40024.25s, cooldown until 40028.25s"
40039.03,INFO,"Mister pulse started; ON until 40039.28s, cooldown until 40043.28s"
40044.04,INFO,"Mister pulse started; ON until 40044.29s, cooldown until 40048.29s"
40052.04,INFO,"Mister pulse started; ON until 40052.29s, cooldown until 40056.29s"
40059.01,INFO,"Mister pulse started; ON until 40059.26s, cooldown until 40063.26s"
40067.01,INFO,"Mister pulse started; ON until 40067.26s, cooldown until 40071.26s"
40073.00,INFO,"Mister pulse started; ON until 40073.25s, cooldown until 40077.25s"
40078.01,INFO,"Mister pulse started; ON until 40078.26s, cooldown until 40082.26s"
40090.04,INFO,"Mister pulse started; ON until 40090.29s, cooldown until 40094.29s"
40095.05,INFO,"Mister pulse started; ON until 40095.30s, cooldown until 40099.30s"
40100.00,INFO,"Mister pulse started; ON until 40100.25s, cooldown until 40104.25s"
40112.03,INFO,"Mister pulse started; ON until 40112.28s, cooldown until 40116.28s"
40120.03,INFO,"Mister pulse started; ON until 40120.28s, cooldown until 40124.28s"
40134.03,INFO,"Mister pulse started; ON until 40134.28s, cooldown until 40138.28s"
40139.03,INFO,"Mister pulse started; ON until 40139.28s, cooldown until 40143.28s"
40149.05,INFO,"Mister pulse started; ON until 40149.30s, cooldown until 40153.30s"
40154.01,INFO,"Mister pulse started; ON until 40154.26s, cooldown until 40158.26s"
40164.03,INFO,"Mister pulse started; ON until 40164.28s, cooldown until 40168.28s"
40169.03,INFO,"Mister pulse started; ON until 40169.28s, cooldown until 40173.28s"
40175.03,INFO,"Mister pulse started; ON until 40175.28s, cooldown until 40179.28s"
40188.03,INFO,"Mister pulse started; ON until 40188.28s, cooldown until 40192.28s"
40193.04,INFO,"Mister pulse started; ON until 40193.29s, cooldown until 40197.29s"
40198.05,INFO,"Mister pulse started; ON until 40198.30s, cooldown until 40202.30s"
40208.01,INFO,"Mister pulse started; ON until 40208.26s, cooldown until 40212.26s"
40213.02,INFO,"Mister pulse started; ON until 40213.27s, cooldown until 40217.27s"
40224.01,INFO,"Mister pulse started; ON until 40224.26s, cooldown until 40228.26s"
40229.02,INFO,"Mister pulse started; ON until 40229.27s, cooldown until 40233.27s"
40239.05,INFO,"Mister pulse started; ON until 40239.30s, cooldown until 40243.30s"
40252.01,INFO,"Mister pulse started; ON until 40252.26s, cooldown until 40256.26s"
40257.02,INFO,"Mister pulse started; ON until 40257.27s, cooldown until 40261.27s"
40266.05,INFO,"Mister pulse started; ON until 40266.30s, cooldown until 40270.30s"
40273.02,INFO,"Mister pulse started; ON until 40273.27s, cooldown until 40277.27s"
40280.04,INFO,"Mister pulse started; ON until 40280.29s, cooldown until 40284.29s"
40285.04,INFO,"Mister pulse started; ON until 40285.29s, cooldown until 40289.29s"
40297.02,INFO,"Mister pulse started; ON until 40297.27s, cooldown until 40301.27s"
40302.04,INFO,"Mister pulse started; ON until 40302.29s, cooldown until 40306.29s"
40316.03,INFO,"Mister pulse started; ON until 40316.28s, cooldown until 40320.28s"
40322.02,INFO,"Mister pulse started; ON until 40322.27s, cooldown until 40326.27s"
40332.04,INFO,"Mister pulse started; ON until 40332.29s, cooldown until 40336.29s"
40340.04,INFO,"Mister pulse started; ON until 40340.29s, cooldown until 40344.29s"
40350.01,INFO,"Mister pulse started; ON until 40350.26s, cooldown until 40354.26s"
40355.02,INFO,"Mister pulse started; ON until 40355.27s, cooldown until 40359.27s"
40362.04,INFO,"Mister pulse started; ON until 40362.29s, cooldown until 40366.29s"
40374.01,INFO,"Mister pulse started; ON until 40374.26s, cooldown until 40378.26s"
40379.03,INFO,"Mister pulse started; ON until 40379.28s, cooldown until 40383.28s"
40384.03,INFO,"Mister pulse started; ON until 40384.28s, cooldown until 40388.28s"
40389.05,INFO,"Mister pulse started; ON until 40389.30s, cooldown until 40393.30s"
40405.05,INFO,"Mister pulse started; ON until 40405.30s, cooldown until 40409.30s"
40410.01,INFO,"Mister pulse started; ON until 40410.26s, cooldown until 40414.26s"
40424.01,INFO,"Mister pulse started; ON until 40424.26s, cooldown until 40428.26s"
40429.01,INFO,"Mister pulse started; ON until 40429.26s, cooldown until 40433.26s"
40434.02,INFO,"Mister pulse started; ON until 40434.27s, cooldown until 40438.27s"
40446.05,INFO,"Mister pulse started; ON until 40446.30s, cooldown until 40450.30s"
40451.01,INFO,"Mister pulse started; ON until 40451.26s, cooldown until 40455.26s"
40461.02,INFO,"Mister pulse started; ON until 40461.27s, cooldown until 40465.27s"
40466.03,INFO,"Mister pulse started; ON until 40466.28s, cooldown until 40470.28s"
40471.04,INFO,"Mister pulse started; ON until 40471.29s, cooldown until 40475.29s"
40482.04,INFO,"Mister pulse started; ON until 40482.29s, cooldown until 40486.29s"
40494.02,INFO,"Mister pulse started; ON until 40494.27s, cooldown until 40498.27s"
40499.03,INFO,"Mister pulse started; ON until 40499.28s, cooldown until 40503.28s"
40510.03,INFO,"Mister pulse started; ON until 40510.28s, cooldown until 40514.28s"
40515.04,INFO,"Mister pulse started; ON until 40515.29s, cooldown until 40519.29s"
40528.00,INFO,"Mister pulse started; ON until 40528.25s, cooldown until 40532.25s"
40535.02,INFO,"Mister pulse started; ON until 40535.27s, cooldown until 40539.27s"
40542.04,INFO,"Mister pulse started; ON until 40542.29s, cooldown until 40546.29s"
40547.05,INFO,"Mister pulse started; ON until 40547.30s, cooldown until 40551.30s"
40563.00,INFO,"Mister pulse started; ON until 40563.25s, cooldown until 40567.25s"
40568.01,INFO,"Mister pulse started; ON until 40568.26s, cooldown until 40572.26s"
40573.02,INFO,"Mister pulse started; ON until 40573.27s, cooldown until 40577.27s"
40585.01,INFO,"Mister pulse started; ON until 40585.26s, cooldown until 40589.26s"
40594.04,INFO,"Mister pulse started; ON until 40594.29s, cooldown until 40598.29s"
40608.03,INFO,"Mister pulse started; ON until 40608.28s, cooldown until 40612.28s"
40614.02,INFO,"Mister pulse started; ON until 40614.27s, cooldown until 40618.27s"
40622.02,INFO,"Mister pulse started; ON until 40622.27s, cooldown until 40626.27s"
40631.00,INFO,"Mister pulse started; ON until 40631.25s, cooldown until 40635.25s"
40642.00,INFO,"Mister pulse started; ON until 40642.25s, cooldown until 40646.25s"
40647.01,INFO,"Mister pulse started; ON until 40647.26s, cooldown until 40651.26s"
40654.03,INFO,"Mister pulse started; ON until 40654.28s, cooldown until 40658.28s"
40667.04,INFO,"Mister pulse started; ON until 40667.29s, cooldown until 40671.29s"
40672.01,INFO,"Mister pulse started; ON until 40672.26s, cooldown until 40676.26s"
40678.04,INFO,"Mister pulse started; ON until 40678.29s, cooldown until 40682.29s"
40691.01,INFO,"Mister pulse started; ON until 40691.26s, cooldown until 40695.26s"
40696.02,INFO,"Mister pulse started; ON until 40696.27s, cooldown until 40700.27s"
40710.02,INFO,"Mister pulse started; ON until 40710.27s, cooldown until 40714.27s"
40715.02,INFO,"Mister pulse started; ON until 40715.27s, cooldown until 40719.27s"
40725.05,INFO,"Mister pulse started; ON until 40725.30s, cooldown until 40729.30s"
40732.02,INFO,"Mister pulse started; ON until 40732.27s, cooldown until 40736.27s"
40744.04,INFO,"Mister pulse started; ON until 40744.29s, cooldown until 40748.29s"
40751.01,INFO,"Mister pulse started; ON until 40751.26s, cooldown until 40755.26s"
40766.03,INFO,"Mister pulse started; ON until 40766.28s, cooldown until 40770.28s"
40772.02,INFO,"Mister pulse started; ON until 40772.27s, cooldown until 40776.27s"
40782.04,INFO,"Mister pulse started; ON until 40782.29s, cooldown until 40786.29s"
40789.02,INFO,"Mister pulse started; ON until 40789.27s, cooldown until 40793.27s"
40801.00,INFO,"Mister pulse started; ON until 40801.25s, cooldown until 40805.25s"
40806.01,INFO,"Mister pulse started; ON until 40806.26s, cooldown until 40810.26s"
40820.01,INFO,"Mister pulse started; ON until 40820.26s, cooldown until 40824.26s"
40826.05,INFO,"Mister pulse started; ON until 40826.30s, cooldown until 40830.30s"
40834.00,INFO,"Mister pulse started; ON until 40834.25s, cooldown until 40838.25s"
40844.02,INFO,"Mister pulse started; ON until 40844.27s, cooldown until 40848.27s"
40852.03,INFO,"Mister pulse started; ON until 40852.28s, cooldown until 40856.28s"
40863.02,INFO,"Mister pulse started; ON until 40863.27s, cooldown until 40867.27s"
40868.03,INFO,"Mister pulse started; ON until 40868.28s, cooldown until 40872.28s"
40880.00,INFO,"Mister pulse started; ON until 40880.25s, cooldown until 40884.25s"
40885.01,INFO,"Mister pulse started; ON until 40885.26s, cooldown until 40889.26s"
40901.02,INFO,"Mister pulse started; ON until 40901.27s, cooldown until 40905.27s"
40906.03,INFO,"Mister pulse started; ON until 40906.28s, cooldown until 40910.28s"
40918.00,INFO,"Mister pulse started; ON until 40918.25s, cooldown until 40922.25s"
40923.02,INFO,"Mister pulse started; ON until 40923.27s, cooldown until 40927.27s"
40929.00,INFO,"Mister pulse started; ON until 40929.25s, cooldown until 40933.25s"
40942.01,INFO,"Mister pulse started; ON until 40942.26s, cooldown until 40946.26s"
40947.02,INFO,"Mister pulse started; ON until 40947.27s, cooldown until 40951.27s"
40952.03,INFO,"Mister pulse started; ON until 40952.28s, cooldown until 40956.28s"
40963.03,INFO,"Mister pulse started; ON until 40963.28s, cooldown until 40967.28s"
40972.02,INFO,"Mister pulse started; ON until 40972.27s, cooldown until 40976.27s"
40984.00,INFO,"Mister pulse started; ON until 40984.25s, cooldown until 40988.25s"
40991.02,INFO,"Mister pulse started; ON until 40991.27s, cooldown until 40995.27s"
41001.04,INFO,"Mister pulse started; ON until 41001.29s, cooldown until 41005.29s"
41006.05,INFO,"Mister pulse started; ON until 41006.30s, cooldown until 41010.30s"
41011.01,INFO,"Mister pulse started; ON until 41011.26s, cooldown until 41015.26s"
41026.04,INFO,"Mister pulse started; ON until 41026.29s, cooldown until 41030.29s"
41033.02,INFO,"Mister pulse started; ON until 41033.27s, cooldown until 41037.27s"
41043.04,INFO,"Mister pulse started; ON until 41043.29s, cooldown until 41047.29s"
41056.05,INFO,"Mister pulse started; ON until 41056.30s, cooldown until 41060.30s"
41064.05,INFO,"Mister pulse started; ON until 41064.30s, cooldown until 41068.30s"
41072.00,INFO,"Mister pulse started; ON until 41072.25s, cooldown until 41076.25s"
41084.03,INFO,"Mister pulse started; ON until 41084.28s, cooldown until 41088.28s"
41089.04,INFO,"Mister pulse started; ON until 41089.29s, cooldown until 41093.29s"
41094.05,INFO,"Mister pulse started; ON until 41094.30s, cooldown until 41098.30s"
41103.04,INFO,"Mister pulse started; ON until 41103.29s, cooldown until 41107.29s"
41111.04,INFO,"Mister pulse started; ON until 41111.29s, cooldown until 41115.29s"
41119.04,INFO,"Mister pulse started; ON until 41119.29s, cooldown until 41123.29s"
41127.04,INFO,"Mister pulse started; ON until 41127.29s, cooldown until 41131.29s"
41137.01,INFO,"Mister pulse started; ON until 41137.26s, cooldown until 41141.26s"
41150.02,INFO,"Mister pulse started; ON until 41150.27s, cooldown until 41154.27s"
41156.01,INFO,"Mister pulse started; ON until 41156.26s, cooldown until 41160.26s"
41162.00,INFO,"Mister pulse started; ON until 41162.25s, cooldown until 41166.25s"
41170.01,INFO,"Mister pulse started; ON until 41170.26s, cooldown until 41174.26s"
41175.02,INFO,"Mister pulse started; ON until 41175.27s, cooldown until 41179.27s"
41188.03,INFO,"Mister pulse started; ON until 41188.28s, cooldown until 41192.28s"
41193.04,INFO,"Mister pulse started; ON until 41193.29s, cooldown until 41197.29s"
41205.01,INFO,"Mister pulse started; ON until 41205.26s, cooldown until 41209.26s"
41211.05,INFO,"Mister pulse started; ON until 41211.30s, cooldown until 41215.30s"
41217.04,INFO,"Mister pulse started; ON until 41217.29s, cooldown until 41221.29s"
41230.00,INFO,"Mister pulse started; ON until 41230.25s, cooldown until 41234.25s"
41237.03,INFO,"Mister pulse started; ON until 41237.28s, cooldown until 41241.28s"
41247.04,INFO,"Mister pulse started; ON until 41247.29s, cooldown until 41251.29s"
41257.01,INFO,"Mister pulse started; ON until 41257.26s, cooldown until 41261.26s"
41262.02,INFO,"Mister pulse started; ON until 41262.27s, cooldown until 41266.27s"
41272.04,INFO,"Mister pulse started; ON until 41272.29s, cooldown until 41276.29s"
41285.05,INFO,"Mister pulse started; ON until 41285.30s, cooldown until 41289.30s"
41290.00,INFO,"Mister pulse started; ON until 41290.25s, cooldown until 41294.25s"
41295.02,INFO,"Mister pulse started; ON until 41295.27s, cooldown until 41299.27s"
41311.02,INFO,"Mister pulse started; ON until 41311.27s, cooldown until 41315.27s"
41318.04,INFO,"Mister pulse started; ON until 41318.29s, cooldown until 41322.29s"
41330.01,INFO,"Mister pulse started; ON until 41330.26s, cooldown until 41334.26s"
41335.02,INFO,"Mister pulse started; ON until 41335.27s, cooldown until 41339.27s"
41349.02,INFO,"Mister pulse started; ON until 41349.27s, cooldown until 41353.27s"
41354.03,INFO,"Mister pulse started; ON until 41354.28s, cooldown until 41358.28s"
41362.03,INFO,"Mister pulse started; ON until 41362.28s, cooldown until 41366.28s"
41367.04,INFO,"Mister pulse started; ON until 41367.29s, cooldown until 41371.29s"
41383.04,INFO,"Mister pulse started; ON until 41383.29s, cooldown until 41387.29s"
41394.04,INFO,"Mister pulse started; ON until 41394.29s, cooldown until 41398.29s"
41399.05,INFO,"Mister pulse started; ON until 41399.30s, cooldown until 41403.30s"
41414.02,INFO,"Mister pulse started; ON until 41414.27s, cooldown until 41418.27s"
41419.03,INFO,"Mister pulse started; ON until 41419.28s, cooldown until 41423.28s"
41432.04,INFO,"Mister pulse started; ON until 41432.29s, cooldown until 41436.29s"
41437.05,INFO,"Mister pulse started; ON until 41437.30s, cooldown until 41441.30s"
41447.01,INFO,"Mister pulse started; ON until 41447.26s, cooldown until 41451.26s"
41452.03,INFO,"Mister pulse started; ON until 41452.28s, cooldown until 41456.28s"
41462.04,INFO,"Mister pulse started; ON until 41462.29s, cooldown until 41466.29s"
41474.03,INFO,"Mister pulse started; ON until 41474.28s, cooldown until 41478.28s"
41479.03,INFO,"Mister pulse started; ON until 41479.28s, cooldown until 41483.28s"
41484.05,INFO,"Mister pulse started; ON until 41484.30s, cooldown until 41488.30s"
41496.02,INFO,"Mister pulse started; ON until 41496.27s, cooldown until 41500.27s"
41502.01,INFO,"Mister pulse started; ON until 41502.26s, cooldown until 41506.26s"
41507.02,INFO,"Mister pulse started; ON until 41507.27s, cooldown until 41511.27s"
41518.02,INFO,"Mister pulse started; ON until 41518.27s, cooldown until 41522.27s"
41523.03,INFO,"Mister pulse started; ON until 41523.28s, cooldown until 41527.28s"
41531.03,INFO,"Mister pulse started; ON until 41531.28s, cooldown until 41535.28s"
41543.01,INFO,"Mister pulse started; ON until 41543.26s, cooldown until 41547.26s"
41549.05,INFO,"Mister pulse started; ON until 41549.30s, cooldown until 41553.30s"
41562.00,INFO,"Mister pulse started; ON until 41562.25s, cooldown until 41566.25s"
41568.04,INFO,"Mister pulse started; ON until 41568.29s, cooldown until 41572.29s"
41574.03,INFO,"Mister pulse started; ON until 41574.28s, cooldown until 41578.28s"
41582.04,INFO,"Mister pulse started; ON until 41582.29s, cooldown until 41586.29s"
41587.05,INFO,"Mister pulse started; ON until 41587.30s, cooldown until 41591.30s"
41597.01,INFO,"Mister pulse started; ON until 41597.26s, cooldown until 41601.26s"
41602.02,INFO,"Mister pulse started; ON until 41602.27s, cooldown until 41606.27s"
41608.01,INFO,"Mister pulse started; ON until 41608.26s, cooldown until 41612.26s"
41620.04,INFO,"Mister pulse started; ON until 41620.29s, cooldown until 41624.29s"
41631.04,INFO,"Mister pulse started; ON until 41631.29s, cooldown until 41635.29s"
41637.04,INFO,"Mister pulse started; ON until 41637.29s, cooldown until 41641.29s"
41642.05,INFO,"Mister pulse started; ON until 41642.30s, cooldown until 41646.30s"
41654.02,INFO,"Mister pulse started; ON until 41654.27s, cooldown until 41658.27s"
41659.04,INFO,"Mister pulse started; ON until 41659.29s, cooldown until 41663.29s"
41673.03,INFO,"Mister pulse started; ON until 41673.28s, cooldown until 41677.28s"
41679.02,INFO,"Mister pulse started; ON until 41679.27s, cooldown until 41683.27s"
41690.02,INFO,"Mister pulse started; ON until 41690.27s, cooldown until 41694.27s"
41699.01,INFO,"Mister pulse started; ON until 41699.26s, cooldown until 41703.26s"
41704.01,INFO,"Mister pulse started; ON until 41704.26s, cooldown until 41708.26s"
41715.01,INFO,"Mister pulse started; ON until 41715.26s, cooldown until 41719.26s"
41720.03,INFO,"Mister pulse started; ON until 41720.28s, cooldown until 41724.28s"
41725.04,INFO,"Mister pulse started; ON until 41725.29s, cooldown until 41729.29s"
41737.01,INFO,"Mister pulse started; ON until 41737.26s, cooldown until 41741.26s"
41745.02,INFO,"Mister pulse started; ON until 41745.27s, cooldown until 41749.27s"
41759.02,INFO,"Mister pulse started; ON until 41759.27s, cooldown until 41763.27s"
41765.01,INFO,"Mister pulse started; ON until 41765.26s, cooldown until 41769.26s"
41776.01,INFO,"Mister pulse started; ON until 41776.26s, cooldown until 41780.26s"
41787.01,INFO,"Mister pulse started; ON until 41787.26s, cooldown until 41791.26s"
41792.02,INFO,"Mister pulse started; ON until 41792.27s, cooldown until 41796.27s"
41804.05,INFO,"Mister pulse started; ON until 41804.30s, cooldown until 41808.30s"
41809.01,INFO,"Mister pulse started; ON until 41809.26s, cooldown until 41813.26s"
41814.02,INFO,"Mister pulse started; ON until 41814.27s, cooldown until 41818.27s"
41826.04,INFO,"Mister pulse started; ON until 41826.29s, cooldown until 41830.29s"
41831.05,INFO,"Mister pulse started; ON until 41831.30s, cooldown until 41835.30s"
41836.01,INFO,"Mister pulse started; ON until 41836.26s, cooldown until 41840.26s"
41850.00,INFO,"Mister pulse started; ON until 41850.25s, cooldown until 41854.25s"
41855.01,INFO,"Mister pulse started; ON until 41855.26s, cooldown until 41859.26s"
41869.05,INFO,"Mister pulse started; ON until 41869.30s, cooldown until 41873.30s"
41876.02,INFO,"Mister pulse started; ON until 41876.27s, cooldown until 41880.27s"
41883.04,INFO,"Mister pulse started; ON until 41883.29s, cooldown until 41887.29s"
41892.03,INFO,"Mister pulse started; ON until 41892.28s, cooldown until 41896.28s"
41898.02,INFO,"Mister pulse started; ON until 41898.27s, cooldown until 41902.27s"
41909.03,INFO,"Mister pulse started; ON until 41909.28s, cooldown until 41913.28s"
41919.05,INFO,"Mister pulse started; ON until 41919.30s, cooldown until 41923.30s"
41924.00,INFO,"Mister pulse started; ON until 41924.25s, cooldown until 41928.25s"
41938.03,INFO,"Mister pulse started; ON until 41938.28s, cooldown until 41942.28s"
41943.00,INFO,"Mister pulse started; ON until 41943.25s, cooldown until 41947.25s"
41954.05,INFO,"Mister pulse started; ON until 41954.30s, cooldown until 41958.30s"
41959.01,INFO,"Mister pulse started; ON until 41959.26s, cooldown until 41963.26s"
41970.01,INFO,"Mister pulse started; ON until 41970.26s, cooldown until 41974.26s"
41975.02,INFO,"Mister pulse started; ON until 41975.27s, cooldown until 41979.27s"
41987.05,INFO,"Mister pulse started; ON until 41987.30s, cooldown until 41991.30s"
41993.04,INFO,"Mister pulse started; ON until 41993.29s, cooldown until 41997.29s"
41998.01,INFO,"Mister pulse started; ON until 41998.26s, cooldown until 42002.26s"
42010.03,INFO,"Mister pulse started; ON until 42010.28s, cooldown until 42014.28s"
42015.05,INFO,"Mister pulse started; ON until 42015.30s, cooldown until 42019.30s"
42028.00,INFO,"Mister pulse started; ON until 42028.25s, cooldown until 42032.25s"
42034.04,INFO,"Mister pulse started; ON until 42034.29s, cooldown until 42038.29s"
42045.04,INFO,"Mister pulse started; ON until 42045.29s, cooldown until 42049.29s"
42053.05,INFO,"Mister pulse started; ON until 42053.30s, cooldown until 42057.30s"
42062.03,INFO,"Mister pulse started; ON until 42062.28s, cooldown until 42066.28s"
42076.02,INFO,"Mister pulse started; ON until 42076.27s, cooldown until 42080.27s"
42082.01,INFO,"Mister pulse started; ON until 42082.26s, cooldown until 42086.26s"
42093.02,INFO,"Mister pulse started; ON until 42093.27s, cooldown until 42097.27s"
42107.00,INFO,"Mister pulse started; ON until 42107.25s, cooldown until 42111.25s"
42112.01,INFO,"Mister pulse started; ON until 42112.26s, cooldown until 42116.26s"
42117.02,INFO,"Mister pulse started; ON until 42117.27s, cooldown until 42121.27s"
42134.05,INFO,"Mister pulse started; ON until 42134.30s, cooldown until 42138.30s"
42141.03,INFO,"Mister pulse started; ON until 42141.28s, cooldown until 42145.28s"
42155.02,INFO,"Mister pulse started; ON until 42155.27s, cooldown until 42159.27s"
42161.01,INFO,"Mister pulse started; ON until 42161.26s, cooldown until 42165.26s"
42170.00,INFO,"Mister pulse started; ON until 42170.25s, cooldown until 42174.25s"
42181.05,INFO,"Mister pulse started; ON until 42181.30s, cooldown until 42185.30s"
42189.05,INFO,"Mister pulse started; ON until 42189.30s, cooldown until 42193.30s"
42204.02,INFO,"Mister pulse started; ON until 42204.27s, cooldown until 42208.27s"
42210.01,INFO,"Mister pulse started; ON until 42210.26s, cooldown until 42214.26s"
42222.04,INFO,"Mister pulse started; ON until 42222.29s, cooldown until 42226.29s"
42227.05,INFO,"Mister pulse started; ON until 42227.30s, cooldown until 42231.30s"
42234.02,INFO,"Mister pulse started; ON until 42234.27s, cooldown until 42238.27s"
42246.05,INFO,"Mister pulse started; ON until 42246.30s, cooldown until 42250.30s"
42251.01,INFO,"Mister pulse started; ON until 42251.26s, cooldown until 42255.26s"
42263.04,INFO,"Mister pulse started; ON until 42263.29s, cooldown until 42267.29s"
42268.05,INFO,"Mister pulse started; ON until 42268.30s, cooldown until 42272.30s"
42282.04,INFO,"Mister pulse started; ON until 42282.29s, cooldown until 42286.29s"
42287.05,INFO,"Mister pulse started; ON until 42287.30s, cooldown until 42291.30s"
42298.00,INFO,"Mister pulse started; ON until 42298.25s, cooldown until 42302.25s"
42310.03,INFO,"Mister pulse started; ON until 42310.28s, cooldown until 42314.28s"
42315.04,INFO,"Mister pulse started; ON until 42315.29s, cooldown until 42319.29s"
42330.01,INFO,"Mister pulse started; ON until 42330.26s, cooldown until 42334.26s"
42335.02,INFO,"Mister pulse started; ON until 42335.27s, cooldown until 42339.27s"
42347.01,INFO,"Mister pulse started; ON until 42347.26s, cooldown until 42351.26s"
42352.02,INFO,"Mister pulse started; ON until 42352.27s, cooldown until 42356.27s"
42364.04,INFO,"Mister pulse started; ON until 42364.29s, cooldown until 42368.29s"
42369.01,INFO,"Mister pulse started; ON until 42369.26s, cooldown until 42373.26s"
42380.00,INFO,"Mister pulse started; ON until 42380.25s, cooldown until 42384.25s"
42387.03,INFO,"Mister pulse started; ON until 42387.28s, cooldown until 42391.28s"
42392.04,INFO,"Mister pulse started; ON until 42392.29s, cooldown until 42396.29s"
42403.03,INFO,"Mister pulse started; ON until 42403.28s, cooldown until 42407.28s"
42408.04,INFO,"Mister pulse started; ON until 42408.29s, cooldown until 42412.29s"
42414.03,INFO,"Mister pulse started; ON until 42414.28s, cooldown until 42418.28s"
42424.00,INFO,"Mister pulse started; ON until 42424.25s, cooldown until 42428.25s"
42438.04,INFO,"Mister pulse started; ON until 42438.29s, cooldown until 42442.29s"
42443.05,INFO,"Mister pulse started; ON until 42443.30s, cooldown until 42447.30s"
42448.01,INFO,"Mister pulse started; ON until 42448.26s, cooldown until 42452.26s"
42462.00,INFO,"Mister pulse started; ON until 42462.25s, cooldown until 42466.25s"
42467.01,INFO,"Mister pulse started; ON until 42467.26s, cooldown until 42471.26s"
42474.03,INFO,"Mister pulse started; ON until 42474.28s, cooldown until 42478.28s"
42481.00,INFO,"Mister pulse started; ON until 42481.25s, cooldown until 42485.25s"
42486.02,INFO,"Mister pulse started; ON until 42486.27s, cooldown until 42490.27s"
42497.01,INFO,"Mister pulse started; ON until 42497.26s, cooldown until 42501.26s"
42502.03,INFO,"Mister pulse started; ON until 42502.28s, cooldown until 42506.28s"
42514.01,INFO,"Mister pulse started; ON until 42514.26s, cooldown until 42518.26s"
42519.02,INFO,"Mister pulse started; ON until 42519.27s, cooldown until 42523.27s"
42531.04,INFO,"Mister pulse started; ON until 42531.29s, cooldown until 42535.29s"
42536.05,INFO,"Mister pulse started; ON until 42536.30s, cooldown until 42540.30s"
42552.00,INFO,"Mister pulse started; ON until 42552.25s, cooldown until 42556.25s"
42557.01,INFO,"Mister pulse started; ON until 42557.26s, cooldown until 42561.26s"
42562.02,INFO,"Mister pulse started; ON until 42562.27s, cooldown until 42566.27s"
42567.03,INFO,"Mister pulse started; ON until 42567.28s, cooldown until 42571.28s"
42583.04,INFO,"Mister pulse started; ON until 42583.29s, cooldown until 42587.29s"
42592.03,INFO,"Mister pulse started; ON until 42592.28s, cooldown until 42596.28s"
42597.04,INFO,"Mister pulse started; ON until 42597.29s, cooldown until 42601.29s"
42608.04,INFO,"Mister pulse started; ON until 42608.29s, cooldown until 42612.29s"
42613.05,INFO,"Mister pulse started; ON until 42613.30s, cooldown until 42617.30s"
42620.02,INFO,"Mister pulse started; ON until 42620.27s, cooldown until 42624.27s"
42633.03,INFO,"Mister pulse started; ON until 42633.28s, cooldown until 42637.28s"
42638.04,INFO,"Mister pulse started; ON until 42638.29s, cooldown until 42642.29s"
42651.01,INFO,"Mister pulse started; ON until 42651.26s, cooldown until 42655.26s"
42657.00,INFO,"Mister pulse started; ON until 42657.25s, cooldown until 42661.25s"
42665.00,INFO,"Mister pulse started; ON until 42665.25s, cooldown until 42669.25s"
42676.05,INFO,"Mister pulse started; ON until 42676.30s, cooldown until 42680.30s"
42683.02,INFO,"Mister pulse started; ON until 42683.27s, cooldown until 42687.27s"
42694.02,INFO,"Mister pulse started; ON until 42694.27s, cooldown until 42698.27s"
42699.03,INFO,"Mister pulse started; ON until 42699.28s, cooldown until 42703.28s"
42704.03,INFO,"Mister pulse started; ON until 42704.28s, cooldown until 42708.28s"
42714.00,INFO,"Mister pulse started; ON until 42714.25s, cooldown until 42718.25s"
42724.02,INFO,"Mister pulse started; ON until 42724.27s, cooldown until 42728.27s"
42737.03,INFO,"Mister pulse started; ON until 42737.28s, cooldown until 42741.28s"
42742.04,INFO,"Mister pulse started; ON until 42742.29s, cooldown until 42746.29s"
42747.00,INFO,"Mister pulse started; ON until 42747.25s, cooldown until 42751.25s"
42761.05,INFO,"Mister pulse started; ON until 42761.30s, cooldown until 42765.30s"
42766.01,INFO,"Mister pulse started; ON until 42766.26s, cooldown until 42770.26s"
42772.05,INFO,"Mister pulse started; ON until 42772.30s, cooldown until 42776.30s"
42786.04,INFO,"Mister pulse started; ON until 42786.29s, cooldown until 42790.29s"
42791.05,INFO,"Mister pulse started; ON until 42791.30s, cooldown until 42795.30s"
42802.04,INFO,"Mister pulse started; ON until 42802.29s, cooldown until 42806.29s"
42808.03,INFO,"Mister pulse started; ON until 42808.28s, cooldown until 42812.28s"
42819.03,INFO,"Mister pulse started; ON until 42819.28s, cooldown until 42823.28s"
42830.03,INFO,"Mister pulse started; ON until 42830.28s, cooldown until 42834.28s"
42836.02,INFO,"Mister pulse started; ON until 42836.27s, cooldown until 42840.27s"
42841.03,INFO,"Mister pulse started; ON until 42841.28s, cooldown until 42845.28s"
42850.02,INFO,"Mister pulse started; ON until 42850.27s, cooldown until 42854.27s"
42862.04,INFO,"Mister pulse started; ON until 42862.29s, cooldown until 42866.29s"
42867.05,INFO,"Mister pulse started; ON until 42867.30s, cooldown until 42871.30s"
42881.04,INFO,"Mister pulse started; ON until 42881.29s, cooldown until 42885.29s"
42886.05,INFO,"Mister pulse started; ON until 42886.30s, cooldown until 42890.30s"
42892.04,INFO,"Mister pulse started; ON until 42892.29s, cooldown until 42896.29s"
42899.02,INFO,"Mister pulse started; ON until 42899.27s, cooldown until 42903.27s"
42904.02,INFO,"Mister pulse started; ON until 42904.27s, cooldown until 42908.27s"
42911.05,INFO,"Mister pulse started; ON until 42911.30s, cooldown until 42915.30s"
42922.05,INFO,"Mister pulse started; ON until 42922.30s, cooldown until 42926.30s"
42934.03,INFO,"Mister pulse started; ON until 42934.28s, cooldown until 42938.28s"
42939.03,INFO,"Mister pulse started; ON until 42939.28s, cooldown until 42943.28s"
42944.05,INFO,"Mister pulse started; ON until 42944.30s, cooldown until 42948.30s"
42955.04,INFO,"Mister pulse started; ON until 42955.29s, cooldown until 42959.29s"
42960.00,INFO,"Mister pulse started; ON until 42960.25s, cooldown until 42964.25s"
42971.00,INFO,"Mister pulse started; ON until 42971.25s, cooldown until 42975.25s"
42976.02,INFO,"Mister pulse started; ON until 42976.27s, cooldown until 42980.27s"
42989.03,INFO,"Mister pulse started; ON until 42989.28s, cooldown until 42993.28s"
42994.04,INFO,"Mister pulse started; ON until 42994.29s, cooldown until 42998.29s"
42999.05,INFO,"Mister pulse started; ON until 42999.30s, cooldown until 43003.30s"
43011.03,INFO,"Mister pulse started; ON until 43011.28s, cooldown until 43015.28s"
43016.05,INFO,"Mister pulse started; ON until 43016.30s, cooldown until 43020.30s"
43021.00,INFO,"Mister pulse started; ON until 43021.25s, cooldown until 43025.25s"
43036.02,INFO,"Mister pulse started; ON until 43036.27s, cooldown until 43040.27s"
43041.03,INFO,"Mister pulse started; ON until 43041.28s, cooldown until 43045.28s"
43047.02,INFO,"Mister pulse started; ON until 43047.27s, cooldown until 43051.27s"
43061.01,INFO,"Mister pulse started; ON until 43061.26s, cooldown until 43065.26s"
43066.02,INFO,"Mister pulse started; ON until 43066.27s, cooldown until 43070.27s"
43072.01,INFO,"Mister pulse started; ON until 43072.26s, cooldown until 43076.26s"
43078.05,INFO,"Mister pulse started; ON until 43078.30s, cooldown until 43082.30s"
43091.01,INFO,"Mister pulse started; ON until 43091.26s, cooldown until 43095.26s"
43096.01,INFO,"Mister pulse started; ON until 43096.26s, cooldown until 43100.26s"
43101.02,INFO,"Mister pulse started; ON until 43101.27s, cooldown until 43105.27s"
43114.03,INFO,"Mister pulse started; ON until 43114.28s, cooldown until 43118.28s"
43119.04,INFO,"Mister pulse started; ON until 43119.29s, cooldown until 43123.29s"
43129.01,INFO,"Mister pulse started; ON until 43129.26s, cooldown until 43133.26s"
43134.02,INFO,"Mister pulse started; ON until 43134.27s, cooldown until 43138.27s"
43149.05,INFO,"Mister pulse started; ON until 43149.30s, cooldown until 43153.30s"
43154.00,INFO,"Mister pulse started; ON until 43154.25s, cooldown until 43158.25s"
43163.03,INFO,"Mister pulse started; ON until 43163.28s, cooldown until 43167.28s"
43171.04,INFO,"Mister pulse started; ON until 43171.29s, cooldown until 43175.29s"
43176.04,INFO,"Mister pulse started; ON until 43176.29s, cooldown until 43180.29s"
43183.01,INFO,"Mister pulse started; ON until 43183.26s, cooldown until 43187.26s"
43188.02,INFO,"Mister pulse started; ON until 43188.27s, cooldown until 43192.27s"
43197.01,INFO,"Mister pulse started; ON until 43197.26s, cooldown until 43201.26s"
43209.03,INFO,"Mister pulse started; ON until 43209.28s, cooldown until 43213.28s"
43214.04,INFO,"Mister pulse started; ON until 43214.29s, cooldown until 43218.29s"
43226.02,INFO,"Mister pulse started; ON until 43226.27s, cooldown until 43230.27s"
43231.03,INFO,"Mister pulse started; ON until 43231.28s, cooldown until 43235.28s"
43236.05,INFO,"Mister pulse started; ON until 43236.30s, cooldown until 43240.30s"
43249.01,INFO,"Mister pulse started; ON until 43249.26s, cooldown until 43253.26s"
43254.01,INFO,"Mister pulse started; ON until 43254.26s, cooldown until 43258.26s"
43261.04,INFO,"Mister pulse started; ON until 43261.29s, cooldown until 43265.29s"
43273.02,INFO,"Mister pulse started; ON until 43273.27s, cooldown until 43277.27s"
43278.03,INFO,"Mister pulse started; ON until 43278.28s, cooldown until 43282.28s"
43283.04,INFO,"Mister pulse started; ON until 43283.29s, cooldown until 43287.29s"
43296.00,INFO,"Mister pulse started; ON until 43296.25s, cooldown until 43300.25s"
43301.01,INFO,"Mister pulse started; ON until 43301.26s, cooldown until 43305.26s"
43306.02,INFO,"Mister pulse started; ON until 43306.27s, cooldown until 43310.27s"
43317.02,INFO,"Mister pulse started; ON until 43317.27s, cooldown until 43321.27s"
43322.03,INFO,"Mister pulse started; ON until 43322.28s, cooldown until 43326.28s"
43327.04,INFO,"Mister pulse started; ON until 43327.29s, cooldown until 43331.29s"
43338.03,INFO,"Mister pulse started; ON until 43338.28s, cooldown until 43342.28s"
43344.02,INFO,"Mister pulse started; ON until 43344.27s, cooldown until 43348.27s"
43355.02,INFO,"Mister pulse started; ON until 43355.27s, cooldown until 43359.27s"
43362.05,INFO,"Mister pulse started; ON until 43362.30s, cooldown until 43366.30s"
43374.03,INFO,"Mister pulse started; ON until 43374.28s, cooldown until 43378.28s"
43379.05,INFO,"Mister pulse started; ON until 43379.30s, cooldown until 43383.30s"
43391.03,INFO,"Mister pulse started; ON until 43391.28s, cooldown until 43395.28s"
43396.03,INFO,"Mister pulse started; ON until 43396.28s, cooldown until 43400.28s"
43401.04,INFO,"Mister pulse started; ON until 43401.29s, cooldown until 43405.29s"
43414.00,INFO,"Mister pulse started; ON until 43414.25s, cooldown until 43418.25s"
43419.01,INFO,"Mister pulse started; ON until 43419.26s, cooldown until 43423.26s"
43424.02,INFO,"Mister pulse started; ON until 43424.27s, cooldown until 43428.27s"
43435.02,INFO,"Mister pulse started; ON until 43435.27s, cooldown until 43439.27s"
43440.03,INFO,"Mister pulse started; ON until 43440.28s, cooldown until 43444.28s"
43445.04,INFO,"Mister pulse started; ON until 43445.29s, cooldown until 43449.29s"
43453.05,INFO,"Mister pulse started; ON until 43453.30s, cooldown until 43457.30s"
43461.00,INFO,"Mister pulse started; ON until 43461.25s, cooldown until 43465.25s"
43467.04,INFO,"Mister pulse started; ON until 43467.29s, cooldown until 43471.29s"
43474.01,INFO,"Mister pulse started; ON until 43474.26s, cooldown until 43478.26s"
43479.02,INFO,"Mister pulse started; ON until 43479.27s, cooldown until 43483.27s"
43485.01,INFO,"Mister pulse started; ON until 43485.26s, cooldown until 43489.26s"
43498.02,INFO,"Mister pulse started; ON until 43498.27s, cooldown until 43502.27s"
43503.03,INFO,"Mister pulse started; ON until 43503.28s, cooldown until 43507.28s"
43508.04,INFO,"Mister pulse started; ON until 43508.29s, cooldown until 43512.29s"
43519.04,INFO,"Mister pulse started; ON until 43519.29s, cooldown until 43523.29s"
43526.01,INFO,"Mister pulse started; ON until 43526.26s, cooldown until 43530.26s"
43536.03,INFO,"Mister pulse started; ON until 43536.28s, cooldown until 43540.28s"
43548.01,INFO,"Mister pulse started; ON until 43548.26s, cooldown until 43552.26s"
43553.01,INFO,"Mister pulse started; ON until 43553.26s, cooldown until 43557.26s"
43558.02,INFO,"Mister pulse started; ON until 43558.27s, cooldown until 43562.27s"
43565.04,INFO,"Mister pulse started; ON until 43565.29s, cooldown until 43569.29s"
43578.00,INFO,"Mister pulse started; ON until 43578.25s, cooldown until 43582.25s"
43583.01,INFO,"Mister pulse started; ON until 43583.26s, cooldown until 43587.26s"
43592.05,INFO,"Mister pulse started; ON until 43592.30s, cooldown until 43596.30s"
43605.01,INFO,"Mister pulse started; ON until 43605.26s, cooldown until 43609.26s"
43611.05,INFO,"Mister pulse started; ON until 43611.30s, cooldown until 43615.30s"
43617.03,INFO,"Mister pulse started; ON until 43617.28s, cooldown until 43621.28s"
43622.04,INFO,"Mister pulse started; ON until 43622.29s, cooldown until 43626.29s"
43634.02,INFO,"Mister pulse started; ON until 43634.27s, cooldown until 43638.27s"
43639.03,INFO,"Mister pulse started; ON until 43639.28s, cooldown until 43643.28s"
43650.04,INFO,"Mister pulse started; ON until 43650.29s, cooldown until 43654.29s"
43655.05,INFO,"Mister pulse started; ON until 43655.30s, cooldown until 43659.30s"
43665.01,INFO,"Mister pulse started; ON until 43665.26s, cooldown until 43669.26s"
43671.05,INFO,"Mister pulse started; ON until 43671.30s, cooldown until 43675.30s"
43685.05,INFO,"Mister pulse started; ON until 43685.30s, cooldown until 43689.30s"
43692.02,INFO,"Mister pulse started; ON until 43692.27s, cooldown until 43696.27s"
43700.02,INFO,"Mister pulse started; ON until 43700.27s, cooldown until 43704.27s"
43713.03,INFO,"Mister pulse started; ON until 43713.28s, cooldown until 43717.28s"
43718.04,INFO,"Mister pulse started; ON until 43718.29s, cooldown until 43722.29s"
43727.02,INFO,"Mister pulse started; ON until 43727.27s, cooldown until 43731.27s"
43733.01,INFO,"Mister pulse started; ON until 43733.26s, cooldown until 43737.26s"
43744.01,INFO,"Mister pulse started; ON until 43744.26s, cooldown until 43748.26s"
43749.02,INFO,"Mister pulse started; ON until 43749.27s, cooldown until 43753.27s"
43763.01,INFO,"Mister pulse started; ON until 43763.26s, cooldown until 43767.26s"
43768.02,INFO,"Mister pulse started; ON until 43768.27s, cooldown until 43772.27s"
43777.01,INFO,"Mister pulse started; ON until 43777.26s, cooldown until 43781.26s"
43783.00,INFO,"Mister pulse started; ON until 43783.25s, cooldown until 43787.25s"
43791.00,INFO,"Mister pulse started; ON until 43791.25s, cooldown until 43795.25s"
43797.05,INFO,"Mister pulse started; ON until 43797.30s, cooldown until 43801.30s"
43812.02,INFO,"Mister pulse started; ON until 43812.27s, cooldown until 43816.27s"
43818.01,INFO,"Mister pulse started; ON until 43818.26s, cooldown until 43822.26s"
43831.03,INFO,"Mister pulse started; ON until 43831.28s, cooldown until 43835.28s"
43836.04,INFO,"Mister pulse started; ON until 43836.29s, cooldown until 43840.29s"
43843.01,INFO,"Mister pulse started; ON until 43843.26s, cooldown until 43847.26s"
43858.03,INFO,"Mister pulse started; ON until 43858.28s, cooldown until 43862.28s"
43864.03,INFO,"Mister pulse started; ON until 43864.28s, cooldown until 43868.28s"
43875.02,INFO,"Mister pulse started; ON until 43875.27s, cooldown until 43879.27s"
43888.03,INFO,"Mister pulse started; ON until 43888.28s, cooldown until 43892.28s"
43894.02,INFO,"Mister pulse started; ON until 43894.27s, cooldown until 43898.27s"
43899.03,INFO,"Mister pulse started; ON until 43899.28s, cooldown until 43903.28s"
43914.01,INFO,"Mister pulse started; ON until 43914.26s, cooldown until 43918.26s"
43919.02,INFO,"Mister pulse started; ON until 43919.27s, cooldown until 43923.27s"
43933.01,INFO,"Mister pulse started; ON until 43933.26s, cooldown until 43937.26s"
43938.02,INFO,"Mister pulse started; ON until 43938.27s, cooldown until 43942.27s"
43943.03,INFO,"Mister pulse started; ON until 43943.28s, cooldown until 43947.28s"
43954.04,INFO,"Mister pulse started; ON until 43954.29s, cooldown until 43958.29s"
43964.05,INFO,"Mister pulse started; ON until 43964.30s, cooldown until 43968.30s"
43969.01,INFO,"Mister pulse started; ON until 43969.26s, cooldown until 43973.26s"
43981.04,INFO,"Mister pulse started; ON until 43981.29s, cooldown until 43985.29s"
43987.03,INFO,"Mister pulse started; ON until 43987.28s, cooldown until 43991.28s"
43992.04,INFO,"Mister pulse started; ON until 43992.29s, cooldown until 43996.29s"
44001.02,INFO,"Mister pulse started; ON until 44001.27s, cooldown until 44005.27s"
44014.03,INFO,"Mister pulse started; ON until 44014.28s, cooldown until 44018.28s"
44019.03,INFO,"Mister pulse started; ON until 44019.28s, cooldown until 44023.28s"
44024.04,INFO,"Mister pulse started; ON until 44024.29s, cooldown until 44028.29s"
44035.04,INFO,"Mister pulse started; ON until 44035.29s, cooldown until 44039.29s"
44040.04,INFO,"Mister pulse started; ON until 44040.29s, cooldown until 44044.29s"
44045.00,INFO,"Mister pulse started; ON until 44045.25s, cooldown until 44049.25s"
44056.00,INFO,"Mister pulse started; ON until 44056.25s, cooldown until 44060.25s"
44066.02,INFO,"Mister pulse started; ON until 44066.27s, cooldown until 44070.27s"
44071.04,INFO,"Mister pulse started; ON until 44071.29s, cooldown until 44075.29s"
44076.04,INFO,"Mister pulse started; ON until 44076.29s, cooldown until 44080.29s"
44088.03,INFO,"Mister pulse started; ON until 44088.28s, cooldown until 44092.28s"
44096.03,INFO,"Mister pulse started; ON until 44096.28s, cooldown until 44100.28s"
44108.01,INFO,"Mister pulse started; ON until 44108.26s, cooldown until 44112.26s"
44114.00,INFO,"Mister pulse started; ON until 44114.25s, cooldown until 44118.25s"
44119.01,INFO,"Mister pulse started; ON until 44119.26s, cooldown until 44123.26s"
44132.02,INFO,"Mister pulse started; ON until 44132.27s, cooldown until 44136.27s"
44137.03,INFO,"Mister pulse started; ON until 44137.28s, cooldown until 44141.28s"
44142.04,INFO,"Mister pulse started; ON until 44142.29s, cooldown until 44146.29s"
44153.04,INFO,"Mister pulse started; ON until 44153.29s, cooldown until 44157.29s"
44158.05,INFO,"Mister pulse started; ON until 44158.30s, cooldown until 44162.30s"
44163.00,INFO,"Mister pulse started; ON until 44163.25s, cooldown until 44167.25s"
44176.02,INFO,"Mister pulse started; ON until 44176.27s, cooldown until 44180.27s"
44181.03,INFO,"Mister pulse started; ON until 44181.28s, cooldown until 44185.28s"
44186.04,INFO,"Mister pulse started; ON until 44186.29s, cooldown until 44190.29s"
44195.03,INFO,"Mister pulse started; ON until 44195.28s, cooldown until 44199.28s"
44200.04,INFO,"Mister pulse started; ON until 44200.29s, cooldown until 44204.29s"
44206.03,INFO,"Mister pulse started; ON until 44206.28s, cooldown until 44210.28s"
44219.05,INFO,"Mister pulse started; ON until 44219.30s, cooldown until 44223.30s"
44224.01,INFO,"Mister pulse started; ON until 44224.26s, cooldown until 44228.26s"
44232.01,INFO,"Mister pulse started; ON until 44232.26s, cooldown until 44236.26s"
44238.01,INFO,"Mister pulse started; ON until 44238.26s, cooldown until 44242.26s"
44243.01,INFO,"Mister pulse started; ON until 44243.26s, cooldown until 44247.26s"
44253.02,INFO,"Mister pulse started; ON until 44253.27s, cooldown until 44257.27s"
44260.05,INFO,"Mister pulse started; ON until 44260.30s, cooldown until 44264.30s"
44271.04,INFO,"Mister pulse started; ON until 44271.29s, cooldown until 44275.29s"
44276.01,INFO,"Mister pulse started; ON until 44276.26s, cooldown until 44280.26s"
44281.01,INFO,"Mister pulse started; ON until 44281.26s, cooldown until 44285.26s"
44294.04,INFO,"Mister pulse started; ON until 44294.29s, cooldown until 44298.29s"
44299.05,INFO,"Mister pulse started; ON until 44299.30s, cooldown until 44303.30s"
44304.00,INFO,"Mister pulse started; ON until 44304.25s, cooldown until 44308.25s"
44314.02,INFO,"Mister pulse started; ON until 44314.27s, cooldown until 44318.27s"
44322.03,INFO,"Mister pulse started; ON until 44322.28s, cooldown until 44326.28s"
44335.04,INFO,"Mister pulse started; ON until 44335.29s, cooldown until 44339.29s"
44340.04,INFO,"Mister pulse started; ON until 44340.29s, cooldown until 44344.29s"
44348.04,INFO,"Mister pulse started; ON until 44348.29s, cooldown until 44352.29s"
44360.02,INFO,"Mister pulse started; ON until 44360.27s, cooldown until 44364.27s"
44365.03,INFO,"Mister pulse started; ON until 44365.28s, cooldown until 44369.28s"
44371.02,INFO,"Mister pulse started; ON until 44371.27s, cooldown until 44375.27s"
44384.03,INFO,"Mister pulse started; ON until 44384.28s, cooldown until 44388.28s"
44389.04,INFO,"Mister pulse started; ON until 44389.29s, cooldown until 44393.29s"
44394.00,INFO,"Mister pulse started; ON until 44394.25s, cooldown until 44398.25s"
44407.02,INFO,"Mister pulse started; ON until 44407.27s, cooldown until 44411.27s"
44412.02,INFO,"Mister pulse started; ON until 44412.27s, cooldown until 44416.27s"
44417.04,INFO,"Mister pulse started; ON until 44417.29s, cooldown until 44421.29s"
44429.02,INFO,"Mister pulse started; ON until 44429.27s, cooldown until 44433.27s"
44434.03,INFO,"Mister pulse started; ON until 44434.28s, cooldown until 44438.28s"
44445.03,INFO,"Mister pulse started; ON until 44445.28s, cooldown until 44449.28s"
44450.04,INFO,"Mister pulse started; ON until 44450.29s, cooldown until 44454.29s"
44463.01,INFO,"Mister pulse started; ON until 44463.26s, cooldown until 44467.26s"
44469.05,INFO,"Mister pulse started; ON until 44469.30s, cooldown until 44473.30s"
44476.02,INFO,"Mister pulse started; ON until 44476.27s, cooldown until 44480.27s"
44482.01,INFO,"Mister pulse started; ON until 44482.26s, cooldown until 44486.26s"
44487.02,INFO,"Mister pulse started; ON until 44487.27s, cooldown until 44491.27s"
44497.03,INFO,"Mister pulse started; ON until 44497.28s, cooldown until 44501.28s"
44510.03,INFO,"Mister pulse started; ON until 44510.28s, cooldown until 44514.28s"
44515.04,INFO,"Mister pulse started; ON until 44515.29s, cooldown until 44519.29s"
44520.00,INFO,"Mister pulse started; ON until 44520.25s, cooldown until 44524.25s"
44534.05,INFO,"Mister pulse started; ON until 44534.30s, cooldown until 44538.30s"
44539.00,INFO,"Mister pulse started; ON until 44539.25s, cooldown until 44543.25s"
44544.01,INFO,"Mister pulse started; ON until 44544.26s, cooldown until 44548.26s"
44556.05,INFO,"Mister pulse started; ON until 44556.30s, cooldown until 44560.30s"
44561.01,INFO,"Mister pulse started; ON until 44561.26s, cooldown until 44565.26s"
44566.02,INFO,"Mister pulse started; ON until 44566.27s, cooldown until 44570.27s"
44573.04,INFO,"Mister pulse started; ON until 44573.29s, cooldown until 44577.29s"
44586.05,INFO,"Mister pulse started; ON until 44586.30s, cooldown until 44590.30s"
44591.00,INFO,"Mister pulse started; ON until 44591.25s, cooldown until 44595.25s"
44596.01,INFO,"Mister pulse started; ON until 44596.26s, cooldown until 44600.26s"
44606.03,INFO,"Mister pulse started; ON until 44606.28s, cooldown until 44610.28s"
44616.05,INFO,"Mister pulse started; ON until 44616.30s, cooldown until 44620.30s"
44625.03,INFO,"Mister pulse started; ON until 44625.28s, cooldown until 44629.28s"
44631.03,INFO,"Mister pulse started; ON until 44631.28s, cooldown until 44635.28s"
44642.02,INFO,"Mister pulse started; ON until 44642.27s, cooldown until 44646.27s"
44647.03,INFO,"Mister pulse started; ON until 44647.28s, cooldown until 44651.28s"
44660.04,INFO,"Mister pulse started; ON until 44660.29s, cooldown until 44664.29s"
44665.00,INFO,"Mister pulse started; ON until 44665.25s, cooldown until 44669.25s"
44673.01,INFO,"Mister pulse started; ON until 44673.26s, cooldown until 44677.26s"
44680.03,INFO,"Mister pulse started; ON until 44680.28s, cooldown until 44684.28s"
44685.04,INFO,"Mister pulse started; ON until 44685.29s, cooldown until 44689.29s"
44696.05,INFO,"Mister pulse started; ON until 44696.30s, cooldown until 44700.30s"
44701.01,INFO,"Mister pulse started; ON until 44701.26s, cooldown until 44705.26s"
44711.03,INFO,"Mister pulse started; ON until 44711.28s, cooldown until 44715.28s"
44717.02,INFO,"Mister pulse started; ON until 44717.27s, cooldown until 44721.27s"
44729.05,INFO,"Mister pulse started; ON until 44729.30s, cooldown until 44733.30s"
44734.01,INFO,"Mister pulse started; ON until 44734.26s, cooldown until 44738.26s"
44739.01,INFO,"Mister pulse started; ON until 44739.26s, cooldown until 44743.26s"
44751.04,INFO,"Mister pulse started; ON until 44751.29s, cooldown until 44755.29s"
44756.00,INFO,"Mister pulse started; ON until 44756.25s, cooldown until 44760.25s"
44766.02,INFO,"Mister pulse started; ON until 44766.27s, cooldown until 44770.27s"
44771.03,INFO,"Mister pulse started; ON until 44771.28s, cooldown until 44775.28s"
44781.05,INFO,"Mister pulse started; ON until 44781.30s, cooldown until 44785.30s"
44792.05,INFO,"Mister pulse started; ON until 44792.30s, cooldown until 44796.30s"
44798.04,INFO,"Mister pulse started; ON until 44798.29s, cooldown until 44802.29s"
44803.05,INFO,"Mister pulse started; ON until 44803.30s, cooldown until 44807.30s"
44814.04,INFO,"Mister pulse started; ON until 44814.29s, cooldown until 44818.29s"
44819.00,INFO,"Mister pulse started; ON until 44819.25s, cooldown until 44823.25s"
44832.01,INFO,"Mister pulse started; ON until 44832.26s, cooldown until 44836.26s"
44837.02,INFO,"Mister pulse started; ON until 44837.27s, cooldown until 44841.27s"
44842.03,INFO,"Mister pulse started; ON until 44842.28s, cooldown until 44846.28s"
44851.02,INFO,"Mister pulse started; ON until 44851.27s, cooldown until 44855.27s"
44864.03,INFO,"Mister pulse started; ON until 44864.28s, cooldown until 44868.28s"
44869.04,INFO,"Mister pulse started; ON until 44869.29s, cooldown until 44873.29s"
44874.05,INFO,"Mister pulse started; ON until 44874.30s, cooldown until 44878.30s"
44888.04,INFO,"Mister pulse started; ON until 44888.29s, cooldown until 44892.29s"
44893.05,INFO,"Mister pulse started; ON until 44893.30s, cooldown until 44897.30s"
44898.00,INFO,"Mister pulse started; ON until 44898.25s, cooldown until 44902.25s"
44913.03,INFO,"Mister pulse started; ON until 44913.28s, cooldown until 44917.28s"
44919.02,INFO,"Mister pulse started; ON until 44919.27s, cooldown until 44923.27s"
44928.00,INFO,"Mister pulse started; ON until 44928.25s, cooldown until 44932.25s"
44937.04,INFO,"Mister pulse started; ON until 44937.29s, cooldown until 44941.29s"
44949.02,INFO,"Mister pulse started; ON until 44949.27s, cooldown until 44953.27s"
44954.03,INFO,"Mister pulse started; ON until 44954.28s, cooldown until 44958.28s"
44968.02,INFO,"Mister pulse started; ON until 44968.27s, cooldown until 44972.27s"
44974.01,INFO,"Mister pulse started; ON until 44974.26s, cooldown until 44978.26s"
44987.02,INFO,"Mister pulse started; ON until 44987.27s, cooldown until 44991.27s"
44992.03,INFO,"Mister pulse started; ON until 44992.28s, cooldown until 44996.28s"
44997.04,INFO,"Mister pulse started; ON until 44997.29s, cooldown until 45001.29s"
45007.00,INFO,"Mister pulse started; ON until 45007.25s, cooldown until 45011.25s"
45016.04,INFO,"Mister pulse started; ON until 45016.29s, cooldown until 45020.29s"
45024.04,INFO,"Mister pulse started; ON until 45024.29s, cooldown until 45028.29s"
45033.03,INFO,"Mister pulse started; ON until 45033.28s, cooldown until 45037.28s"
45046.04,INFO,"Mister pulse started; ON until 45046.29s, cooldown until 45050.29s"
45052.02,INFO,"Mister pulse started; ON until 45052.27s, cooldown until 45056.27s"
45062.00,INFO,"Mister pulse started; ON until 45062.25s, cooldown until 45066.25s"
45068.04,INFO,"Mister pulse started; ON until 45068.29s, cooldown until 45072.29s"
45075.01,INFO,"Mister pulse started; ON until 45075.26s, cooldown until 45079.26s"
45084.00,INFO,"Mister pulse started; ON until 45084.25s, cooldown until 45088.25s"
45089.01,INFO,"Mister pulse started; ON until 45089.26s, cooldown until 45093.26s"
45095.00,INFO,"Mister pulse started; ON until 45095.25s, cooldown until 45099.25s"
45107.04,INFO,"Mister pulse started; ON until 45107.29s, cooldown until 45111.29s"
45112.05,INFO,"Mister pulse started; ON until 45112.30s, cooldown until 45116.30s"
45127.03,INFO,"Mister pulse started; ON until 45127.28s, cooldown until 45131.28s"
45133.02,INFO,"Mister pulse started; ON until 45133.27s, cooldown until 45137.27s"
45147.01,INFO,"Mister pulse started; ON until 45147.26s, cooldown until 45151.26s"
45152.02,INFO,"Mister pulse started; ON until 45152.27s, cooldown until 45156.27s"
45157.03,INFO,"Mister pulse started; ON until 45157.28s, cooldown until 45161.28s"
45169.05,INFO,"Mister pulse started; ON until 45169.30s, cooldown until 45173.30s"
45174.01,INFO,"Mister pulse started; ON until 45174.26s, cooldown until 45178.26s"
45186.04,INFO,"Mister pulse started; ON until 45186.29s, cooldown until 45190.29s"
45191.04,INFO,"Mister pulse started; ON until 45191.29s, cooldown until 45195.29s"
45205.04,INFO,"Mister pulse started; ON until 45205.29s, cooldown until 45209.29s"
45210.04,INFO,"Mister pulse started; ON until 45210.29s, cooldown until 45214.29s"
45220.01,INFO,"Mister pulse started; ON until 45220.26s, cooldown until 45224.26s"
45229.00,INFO,"Mister pulse started; ON until 45229.25s, cooldown until 45233.25s"
45243.04,INFO,"Mister pulse started; ON until 45243.29s, cooldown until 45247.29s"
45248.00,INFO,"Mister pulse started; ON until 45248.25s, cooldown until 45252.25s"
45253.01,INFO,"Mister pulse started; ON until 45253.26s, cooldown until 45257.26s"
45269.02,INFO,"Mister pulse started; ON until 45269.27s, cooldown until 45273.27s"
45277.02,INFO,"Mister pulse started; ON until 45277.27s, cooldown until 45281.27s"
45290.02,INFO,"Mister pulse started; ON until 45290.27s, cooldown until 45294.27s"
45296.00,INFO,"Mister pulse started; ON until 45296.25s, cooldown until 45300.25s"
45304.00,INFO,"Mister pulse started; ON until 45304.25s, cooldown until 45308.25s"
45309.01,INFO,"Mister pulse started; ON until 45309.26s, cooldown until 45313.26s"
45326.05,INFO,"Mister pulse started; ON until 45326.30s, cooldown until 45330.30s"
45332.04,INFO,"Mister pulse started; ON until 45332.29s, cooldown until 45336.29s"
45347.02,INFO,"Mister pulse started; ON until 45347.27s, cooldown until 45351.27s"
45353.01,INFO,"Mister pulse started; ON until 45353.26s, cooldown until 45357.26s"
45363.03,INFO,"Mister pulse started; ON until 45363.28s, cooldown until 45367.28s"
45370.00,INFO,"Mister pulse started; ON until 45370.25s, cooldown until 45374.25s"
45384.05,INFO,"Mister pulse started; ON until 45384.30s, cooldown until 45388.30s"
45389.01,INFO,"Mister pulse started; ON until 45389.26s, cooldown until 45393.26s"
45394.02,INFO,"Mister pulse started; ON until 45394.27s, cooldown until 45398.27s"
45399.03,INFO,"Mister pulse started; ON until 45399.28s, cooldown until 45403.28s"
45411.01,INFO,"Mister pulse started; ON until 45411.26s, cooldown until 45415.26s"
45422.01,INFO,"Mister pulse started; ON until 45422.26s, cooldown until 45426.26s"
45427.02,INFO,"Mister pulse started; ON until 45427.27s, cooldown until 45431.27s"
45442.04,INFO,"Mister pulse started; ON until 45442.29s, cooldown until 45446.29s"
45447.05,INFO,"Mister pulse started; ON until 45447.30s, cooldown until 45451.30s"
45453.04,INFO,"Mister pulse started; ON until 45453.29s, cooldown until 45457.29s"
45460.02,INFO,"Mister pulse started; ON until 45460.27s, cooldown until 45464.27s"
45466.01,INFO,"Mister pulse started; ON until 45466.26s, cooldown until 45470.26s"
45478.04,INFO,"Mister pulse started; ON until 45478.29s, cooldown until 45482.29s"
45484.03,INFO,"Mister pulse started; ON until 45484.28s, cooldown until 45488.28s"
45489.04,INFO,"Mister pulse started; ON until 45489.29s, cooldown until 45493.29s"
45502.05,INFO,"Mister pulse started; ON until 45502.30s, cooldown until 45506.30s"
45507.01,INFO,"Mister pulse started; ON until 45507.26s, cooldown until 45511.26s"
45512.02,INFO,"Mister pulse started; ON until 45512.27s, cooldown until 45516.27s"
45525.03,INFO,"Mister pulse started; ON until 45525.28s, cooldown until 45529.28s"
45530.04,INFO,"Mister pulse started; ON until 45530.29s, cooldown until 45534.29s"
45537.01,INFO,"Mister pulse started; ON until 45537.26s, cooldown until 45541.26s"
45554.05,INFO,"Mister pulse started; ON until 45554.30s, cooldown until 45558.30s"
45560.04,INFO,"Mister pulse started; ON until 45560.29s, cooldown until 45564.29s"
45575.01,INFO,"Mister pulse started; ON until 45575.26s, cooldown until 45579.26s"
45580.02,INFO,"Mister pulse started; ON until 45580.27s, cooldown until 45584.27s"
45589.01,INFO,"Mister pulse started; ON until 45589.26s, cooldown until 45593.26s"
45596.04,INFO,"Mister pulse started; ON until 45596.29s, cooldown until 45600.29s"
45604.04,INFO,"Mister pulse started; ON until 45604.29s, cooldown until 45608.29s"
45609.05,INFO,"Mister pulse started; ON until 45609.30s, cooldown until 45613.30s"
45623.04,INFO,"Mister pulse started; ON until 45623.29s, cooldown until 45627.29s"
45630.01,INFO,"Mister pulse started; ON until 45630.26s, cooldown until 45634.26s"
45642.04,INFO,"Mister pulse started; ON until 45642.29s, cooldown until 45646.29s"
45647.01,INFO,"Mister pulse started; ON until 45647.26s, cooldown until 45651.26s"
45658.00,INFO,"Mister pulse started; ON until 45658.25s, cooldown until 45662.25s"
45663.02,INFO,"Mister pulse started; ON until 45663.27s, cooldown until 45667.27s"
45675.04,INFO,"Mister pulse started; ON until 45675.29s, cooldown until 45679.29s"
45680.05,INFO,"Mister pulse started; ON until 45680.30s, cooldown until 45684.30s"
45694.03,INFO,"Mister pulse started; ON until 45694.28s, cooldown until 45698.28s"
45700.02,INFO,"Mister pulse started; ON until 45700.27s, cooldown until 45704.27s"
45713.04,INFO,"Mister pulse started; ON until 45713.29s, cooldown until 45717.29s"
45718.04,INFO,"Mister pulse started; ON until 45718.29s, cooldown until 45722.29s"
45725.02,INFO,"Mister pulse started; ON until 45725.27s, cooldown until 45729.27s"
45737.05,INFO,"Mister pulse started; ON until 45737.30s, cooldown until 45741.30s"
45742.01,INFO,"Mister pulse started; ON until 45742.26s, cooldown until 45746.26s"
45753.00,INFO,"Mister pulse started; ON until 45753.25s, cooldown until 45757.25s"
45759.04,INFO,"Mister pulse started; ON until 45759.29s, cooldown until 45763.29s"
45772.00,INFO,"Mister pulse started; ON until 45772.25s, cooldown until 45776.25s"
45779.02,INFO,"Mister pulse started; ON until 45779.27s, cooldown until 45783.27s"
45788.01,INFO,"Mister pulse started; ON until 45788.26s, cooldown until 45792.26s"
45795.04,INFO,"Mister pulse started; ON until 45795.29s, cooldown until 45799.29s"
45805.00,INFO,"Mister pulse started; ON until 45805.25s, cooldown until 45809.25s"
45815.01,INFO,"Mister pulse started; ON until 45815.26s, cooldown until 45819.26s"
45820.01,INFO,"Mister pulse started; ON until 45820.26s, cooldown until 45824.26s"
45828.01,INFO,"Mister pulse started; ON until 45828.26s, cooldown until 45832.26s"
45840.04,INFO,"Mister pulse started; ON until 45840.29s, cooldown until 45844.29s"
45845.00,INFO,"Mister pulse started; ON until 45845.25s, cooldown until 45849.25s"
45851.04,INFO,"Mister pulse started; ON until 45851.29s, cooldown until 45855.29s"
45864.01,INFO,"Mister pulse started; ON until 45864.26s, cooldown until 45868.26s"
45869.02,INFO,"Mister pulse started; ON until 45869.27s, cooldown until 45873.27s"
45882.03,INFO,"Mister pulse started; ON until 45882.28s, cooldown until 45886.28s"
45887.04,INFO,"Mister pulse started; ON until 45887.29s, cooldown until 45891.29s"
45892.00,INFO,"Mister pulse started; ON until 45892.25s, cooldown until 45896.25s"
45908.01,INFO,"Mister pulse started; ON until 45908.26s, cooldown until 45912.26s"
45913.02,INFO,"Mister pulse started; ON until 45913.27s, cooldown until 45917.27s"
45927.01,INFO,"Mister pulse started; ON until 45927.26s, cooldown until 45931.26s"
45932.02,INFO,"Mister pulse started; ON until 45932.27s, cooldown until 45936.27s"
45945.03,INFO,"Mister pulse started; ON until 45945.28s, cooldown until 45949.28s"
45950.04,INFO,"Mister pulse started; ON until 45950.29s, cooldown until 45954.29s"
45955.05,INFO,"Mister pulse started; ON until 45955.30s, cooldown until 45959.30s"
45967.03,INFO,"Mister pulse started; ON until 45967.28s, cooldown until 45971.28s"
45972.04,INFO,"Mister pulse started; ON until 45972.29s, cooldown until 45976.29s"
45986.03,INFO,"Mister pulse started; ON until 45986.28s, cooldown until 45990.28s"
45991.04,INFO,"Mister pulse started; ON until 45991.29s, cooldown until 45995.29s"
45996.05,INFO,"Mister pulse started; ON until 45996.30s, cooldown until 46000.30s"
46012.05,INFO,"Mister pulse started; ON until 46012.30s, cooldown until 46016.30s"
46018.00,INFO,"Mister pulse started; ON until 46018.25s, cooldown until 46022.25s"
46033.02,INFO,"Mister pulse started; ON until 46033.27s, cooldown until 46037.27s"
46039.02,INFO,"Mister pulse started; ON until 46039.27s, cooldown until 46043.27s"
46050.01,INFO,"Mister pulse started; ON until 46050.26s, cooldown until 46054.26s"
46064.05,INFO,"Mister pulse started; ON until 46064.30s, cooldown until 46068.30s"
46069.00,INFO,"Mister pulse started; ON until 46069.25s, cooldown until 46073.25s"
46074.02,INFO,"Mister pulse started; ON until 46074.27s, cooldown until 46078.27s"
46089.04,INFO,"Mister pulse started; ON until 46089.29s, cooldown until 46093.29s"
46096.00,INFO,"Mister pulse started; ON until 46096.25s, cooldown until 46100.25s"
46108.03,INFO,"Mister pulse started; ON until 46108.28s, cooldown until 46112.28s"
46113.04,INFO,"Mister pulse started; ON until 46113.29s, cooldown until 46117.29s"
46123.00,INFO,"Mister pulse started; ON until 46123.25s, cooldown until 46127.25s"
46128.02,INFO,"Mister pulse started; ON until 46128.27s, cooldown until 46132.27s"
46136.02,INFO,"Mister pulse started; ON until 46136.27s, cooldown until 46140.27s"
46148.00,INFO,"Mister pulse started; ON until 46148.25s, cooldown until 46152.25s"
46153.01,INFO,"Mister pulse started; ON until 46153.26s, cooldown until 46157.26s"
46165.03,INFO,"Mister pulse started; ON until 46165.28s, cooldown until 46169.28s"
46171.02,INFO,"Mister pulse started; ON until 46171.27s, cooldown until 46175.27s"
46176.03,INFO,"Mister pulse started; ON until 46176.28s, cooldown until 46180.28s"
46187.04,INFO,"Mister pulse started; ON until 46187.29s, cooldown until 46191.29s"
46192.05,INFO,"Mister pulse started; ON until 46192.30s, cooldown until 46196.30s"
46199.02,INFO,"Mister pulse started; ON until 46199.27s, cooldown until 46203.27s"
46212.03,INFO,"Mister pulse started; ON until 46212.28s, cooldown until 46216.28s"
46217.04,INFO,"Mister pulse started; ON until 46217.29s, cooldown until 46221.29s"
46231.03,INFO,"Mister pulse started; ON until 46231.28s, cooldown until 46235.28s"
46237.02,INFO,"Mister pulse started; ON until 46237.27s, cooldown until 46241.27s"
46249.05,INFO,"Mister pulse started; ON until 46249.30s, cooldown until 46253.30s"
46256.02,INFO,"Mister pulse started; ON until 46256.27s, cooldown until 46260.27s"
46270.01,INFO,"Mister pulse started; ON until 46270.26s, cooldown until 46274.26s"
46278.01,INFO,"Mister pulse started; ON until 46278.26s, cooldown until 46282.26s"
46289.01,INFO,"Mister pulse started; ON until 46289.26s, cooldown until 46293.26s"
46294.02,INFO,"Mister pulse started; ON until 46294.27s, cooldown until 46298.27s"
46303.00,INFO,"Mister pulse started; ON until 46303.25s, cooldown until 46307.25s"
46317.04,INFO,"Mister pulse started; ON until 46317.29s, cooldown until 46321.29s"
46322.01,INFO,"Mister pulse started; ON until 46322.26s, cooldown until 46326.26s"
46327.02,INFO,"Mister pulse started; ON until 46327.27s, cooldown until 46331.27s"
46341.01,INFO,"Mister pulse started; ON until 46341.26s, cooldown until 46345.26s"
46349.01,INFO,"Mister pulse started; ON until 46349.26s, cooldown until 46353.26s"
46359.03,INFO,"Mister pulse started; ON until 46359.28s, cooldown until 46363.28s"
46371.01,INFO,"Mister pulse started; ON until 46371.26s, cooldown until 46375.26s"
46378.03,INFO,"Mister pulse started; ON until 46378.28s, cooldown until 46382.28s"
46385.00,INFO,"Mister pulse started; ON until 46385.25s, cooldown until 46389.25s"
46391.04,INFO,"Mister pulse started; ON until 46391.29s, cooldown until 46395.29s"
46405.04,INFO,"Mister pulse started; ON until 46405.29s, cooldown until 46409.29s"
46410.04,INFO,"Mister pulse started; ON until 46410.29s, cooldown until 46414.29s"
46418.00,INFO,"Mister pulse started; ON until 46418.25s, cooldown until 46422.25s"
46427.04,INFO,"Mister pulse started; ON until 46427.29s, cooldown until 46431.29s"
46434.01,INFO,"Mister pulse started; ON until 46434.26s, cooldown until 46438.26s"
46445.01,INFO,"Mister pulse started; ON until 46445.26s, cooldown until 46449.26s"
46459.00,INFO,"Mister pulse started; ON until 46459.25s, cooldown until 46463.25s"
46465.04,INFO,"Mister pulse started; ON until 46465.29s, cooldown until 46469.29s"
46472.01,INFO,"Mister pulse started; ON until 46472.26s, cooldown until 46476.26s"
46484.04,INFO,"Mister pulse started; ON until 46484.29s, cooldown until 46488.29s"
46489.05,INFO,"Mister pulse started; ON until 46489.30s, cooldown until 46493.30s"
46496.02,INFO,"Mister pulse started; ON until 46496.27s, cooldown until 46500.27s"
46504.02,INFO,"Mister pulse started; ON until 46504.27s, cooldown until 46508.27s"
46512.03,INFO,"Mister pulse started; ON until 46512.28s, cooldown until 46516.28s"
46517.04,INFO,"Mister pulse started; ON until 46517.29s, cooldown until 46521.29s"
46532.01,INFO,"Mister pulse started; ON until 46532.26s, cooldown until 46536.26s"
46537.02,INFO,"Mister pulse started; ON until 46537.27s, cooldown until 46541.27s"
46550.02,INFO,"Mister pulse started; ON until 46550.27s, cooldown until 46554.27s"
46555.03,INFO,"Mister pulse started; ON until 46555.28s, cooldown until 46559.28s"
46560.04,INFO,"Mister pulse started; ON until 46560.29s, cooldown until 46564.29s"
46567.01,INFO,"Mister pulse started; ON until 46567.26s, cooldown until 46571.26s"
46577.02,INFO,"Mister pulse started; ON until 46577.27s, cooldown until 46581.27s"
46582.03,INFO,"Mister pulse started; ON until 46582.28s, cooldown until 46586.28s"
46591.02,INFO,"Mister pulse started; ON until 46591.27s, cooldown until 46595.27s"
46596.03,INFO,"Mister pulse started; ON until 46596.28s, cooldown until 46600.28s"
46611.00,INFO,"Mister pulse started; ON until 46611.25s, cooldown until 46615.25s"
46618.03,INFO,"Mister pulse started; ON until 46618.28s, cooldown until 46622.28s"
46631.04,INFO,"Mister pulse started; ON until 46631.29s, cooldown until 46635.29s"
46636.05,INFO,"Mister pulse started; ON until 46636.30s, cooldown until 46640.30s"
46649.01,INFO,"Mister pulse started; ON until 46649.26s, cooldown until 46653.26s"
46655.04,INFO,"Mister pulse started; ON until 46655.29s, cooldown until 46659.29s"
46664.03,INFO,"Mister pulse started; ON until 46664.28s, cooldown until 46668.28s"
46671.05,INFO,"Mister pulse started; ON until 46671.30s, cooldown until 46675.30s"
46678.02,INFO,"Mister pulse started; ON until 46678.27s, cooldown until 46682.27s"
46685.04,INFO,"Mister pulse started; ON until 46685.29s, cooldown until 46689.29s"
46691.04,INFO,"Mister pulse started; ON until 46691.29s, cooldown until 46695.29s"
46706.01,INFO,"Mister pulse started; ON until 46706.26s, cooldown until 46710.26s"
46712.05,INFO,"Mister pulse started; ON until 46712.30s, cooldown until 46716.30s"
46724.02,INFO,"Mister pulse started; ON until 46724.27s, cooldown until 46728.27s"
46729.03,INFO,"Mister pulse started; ON until 46729.28s, cooldown until 46733.28s"
46740.02,INFO,"Mister pulse started; ON until 46740.27s, cooldown until 46744.27s"
46745.03,INFO,"Mister pulse started; ON until 46745.28s, cooldown until 46749.28s"
46755.05,INFO,"Mister pulse started; ON until 46755.30s, cooldown until 46759.30s"
46766.04,INFO,"Mister pulse started; ON until 46766.29s, cooldown until 46770.29s"
46771.05,INFO,"Mister pulse started; ON until 46771.30s, cooldown until 46775.30s"
46785.04,INFO,"Mister pulse started; ON until 46785.29s, cooldown until 46789.29s"
46792.01,INFO,"Mister pulse started; ON until 46792.26s, cooldown until 46796.26s"
46803.01,INFO,"Mister pulse started; ON until 46803.26s, cooldown until 46807.26s"
46808.02,INFO,"Mister pulse started; ON until 46808.27s, cooldown until 46812.27s"
46815.04,INFO,"Mister pulse started; ON until 46815.29s, cooldown until 46819.29s"
46826.04,INFO,"Mister pulse started; ON until 46826.29s, cooldown until 46830.29s"
46832.03,INFO,"Mister pulse started; ON until 46832.28s, cooldown until 46836.28s"
46845.04,INFO,"Mister pulse started; ON until 46845.29s, cooldown until 46849.29s"
46851.03,INFO,"Mister pulse started; ON until 46851.28s, cooldown until 46855.28s"
46856.04,INFO,"Mister pulse started; ON until 46856.29s, cooldown until 46860.29s"
46867.04,INFO,"Mister pulse started; ON until 46867.29s, cooldown until 46871.29s"
46872.00,INFO,"Mister pulse started; ON until 46872.25s, cooldown until 46876.25s"
46885.01,INFO,"Mister pulse started; ON until 46885.26s, cooldown until 46889.26s"
46890.02,INFO,"Mister pulse started; ON until 46890.27s, cooldown until 46894.27s"
46895.03,INFO,"Mister pulse started; ON until 46895.28s, cooldown until 46899.28s"
46906.02,INFO,"Mister pulse started; ON until 46906.27s, cooldown until 46910.27s"
46911.03,INFO,"Mister pulse started; ON until 46911.28s, cooldown until 46915.28s"
46922.03,INFO,"Mister pulse started; ON until 46922.28s, cooldown until 46926.28s"
46927.04,INFO,"Mister pulse started; ON until 46927.29s, cooldown until 46931.29s"
46937.05,INFO,"Mister pulse started; ON until 46937.30s, cooldown until 46941.30s"
46948.00,INFO,"Mister pulse started; ON until 46948.25s, cooldown until 46952.25s"
46954.04,INFO,"Mister pulse started; ON until 46954.29s, cooldown until 46958.29s"
46960.03,INFO,"Mister pulse started; ON until 46960.28s, cooldown until 46964.28s"
46976.03,INFO,"Mister pulse started; ON until 46976.28s, cooldown until 46980.28s"
46983.00,INFO,"Mister pulse started; ON until 46983.25s, cooldown until 46987.25s"
46997.00,INFO,"Mister pulse started; ON until 46997.25s, cooldown until 47001.25s"
47002.01,INFO,"Mister pulse started; ON until 47002.26s, cooldown until 47006.26s"
47011.05,INFO,"Mister pulse started; ON until 47011.30s, cooldown until 47015.30s"
47018.02,INFO,"Mister pulse started; ON until 47018.27s, cooldown until 47022.27s"
47024.01,INFO,"Mister pulse started; ON until 47024.26s, cooldown until 47028.26s"
47030.00,INFO,"Mister pulse started; ON until 47030.25s, cooldown until 47034.25s"
47044.00,INFO,"Mister pulse started; ON until 47044.25s, cooldown until 47048.25s"
47049.00,INFO,"Mister pulse started; ON until 47049.25s, cooldown until 47053.25s"
47057.01,INFO,"Mister pulse started; ON until 47057.26s, cooldown until 47061.26s"
47065.01,INFO,"Mister pulse started; ON until 47065.26s, cooldown until 47069.26s"
47072.04,INFO,"Mister pulse started; ON until 47072.29s, cooldown until 47076.29s"
47077.04,INFO,"Mister pulse started; ON until 47077.29s, cooldown until 47081.29s"
47083.03,INFO,"Mister pulse started; ON until 47083.28s, cooldown until 47087.28s"
47093.01,INFO,"Mister pulse started; ON until 47093.26s, cooldown until 47097.26s"
47107.00,INFO,"Mister pulse started; ON until 47107.25s, cooldown until 47111.25s"
47114.03,INFO,"Mister pulse started; ON until 47114.28s, cooldown until 47118.28s"
47123.01,INFO,"Mister pulse started; ON until 47123.26s, cooldown until 47127.26s"
47133.03,INFO,"Mister pulse started; ON until 47133.28s, cooldown until 47137.28s"
47143.04,INFO,"Mister pulse started; ON until 47143.29s, cooldown until 47147.29s"
47148.00,INFO,"Mister pulse started; ON until 47148.25s, cooldown until 47152.25s"
47161.01,INFO,"Mister pulse started; ON until 47161.26s, cooldown until 47165.26s"
47167.00,INFO,"Mister pulse started; ON until 47167.25s, cooldown until 47171.25s"
47175.01,INFO,"Mister pulse started; ON until 47175.26s, cooldown until 47179.26s"
47181.05,INFO,"Mister pulse started; ON until 47181.30s, cooldown until 47185.30s"
47196.02,INFO,"Mister pulse started; ON until 47196.27s, cooldown until 47200.27s"
47204.02,INFO,"Mister pulse started; ON until 47204.27s, cooldown until 47208.27s"
47219.04,INFO,"Mister pulse started; ON until 47219.29s, cooldown until 47223.29s"
47224.00,INFO,"Mister pulse started; ON until 47224.25s, cooldown until 47228.25s"
47237.02,INFO,"Mister pulse started; ON until 47237.27s, cooldown until 47241.27s"
47242.03,INFO,"Mister pulse started; ON until 47242.28s, cooldown until 47246.28s"
47247.03,INFO,"Mister pulse started; ON until 47247.28s, cooldown until 47251.28s"
47256.02,INFO,"Mister pulse started; ON until 47256.27s, cooldown until 47260.27s"
47262.01,INFO,"Mister pulse started; ON until 47262.26s, cooldown until 47266.26s"
47270.01,INFO,"Mister pulse started; ON until 47270.26s, cooldown until 47274.26s"
47276.05,INFO,"Mister pulse started; ON until 47276.30s, cooldown until 47280.30s"
47290.04,INFO,"Mister pulse started; ON until 47290.29s, cooldown until 47294.29s"
47297.02,INFO,"Mister pulse started; ON until 47297.27s, cooldown until 47301.27s"
47308.01,INFO,"Mister pulse started; ON until 47308.26s, cooldown until 47312.26s"
47313.02,INFO,"Mister pulse started; ON until 47313.27s, cooldown until 47317.27s"
47324.02,INFO,"Mister pulse started; ON until 47324.27s, cooldown until 47328.27s"
47329.04,INFO,"Mister pulse started; ON until 47329.29s, cooldown until 47333.29s"
47337.02,INFO,"Mister pulse started; ON until 47337.27s, cooldown until 47341.27s"
47353.03,INFO,"Mister pulse started; ON until 47353.28s, cooldown until 47357.28s"
47358.03,INFO,"Mister pulse started; ON until 47358.28s, cooldown until 47362.28s"
47371.04,INFO,"Mister pulse started; ON until 47371.29s, cooldown until 47375.29s"
47376.00,INFO,"Mister pulse started; ON until 47376.25s, cooldown until 47380.25s"
47387.05,INFO,"Mister pulse started; ON until 47387.30s, cooldown until 47391.30s"
47392.01,INFO,"Mister pulse started; ON until 47392.26s, cooldown until 47396.26s"
47404.04,INFO,"Mister pulse started; ON until 47404.29s, cooldown until 47408.29s"
47410.03,INFO,"Mister pulse started; ON until 47410.28s, cooldown until 47414.28s"
47415.04,INFO,"Mister pulse started; ON until 47415.29s, cooldown until 47419.29s"
47425.00,INFO,"Mister pulse started; ON until 47425.25s, cooldown until 47429.25s"
47430.02,INFO,"Mister pulse started; ON until 47430.27s, cooldown until 47434.27s"
47438.03,INFO,"Mister pulse started; ON until 47438.28s, cooldown until 47442.28s"
47451.05,INFO,"Mister pulse started; ON until 47451.30s, cooldown until 47455.30s"
47456.05,INFO,"Mister pulse started; ON until 47456.30s, cooldown until 47460.30s"
47469.01,INFO,"Mister pulse started; ON until 47469.26s, cooldown until 47473.26s"
47475.00,INFO,"Mister pulse started; ON until 47475.25s, cooldown until 47479.25s"
47486.05,INFO,"Mister pulse started; ON until 47486.30s, cooldown until 47490.30s"
47492.04,INFO,"Mister pulse started; ON until 47492.29s, cooldown until 47496.29s"
47502.00,INFO,"Mister pulse started; ON until 47502.25s, cooldown until 47506.25s"
47516.04,INFO,"Mister pulse started; ON until 47516.29s, cooldown until 47520.29s"
47521.00,INFO,"Mister pulse started; ON until 47521.25s, cooldown until 47525.25s"
47527.05,INFO,"Mister pulse started; ON until 47527.30s, cooldown until 47531.30s"
47541.00,INFO,"Mister pulse started; ON until 47541.25s, cooldown until 47545.25s"
47549.01,INFO,"Mister pulse started; ON until 47549.26s, cooldown until 47553.26s"
47562.02,INFO,"Mister pulse started; ON until 47562.27s, cooldown until 47566.27s"
47567.03,INFO,"Mister pulse started; ON until 47567.28s, cooldown until 47571.28s"
47572.04,INFO,"Mister pulse started; ON until 47572.29s, cooldown until 47576.29s"
47584.02,INFO,"Mister pulse started; ON until 47584.27s, cooldown until 47588.27s"
47589.04,INFO,"Mister pulse started; ON until 47589.29s, cooldown until 47593.29s"
47603.03,INFO,"Mister pulse started; ON until 47603.28s, cooldown until 47607.28s"
47608.03,INFO,"Mister pulse started; ON until 47608.28s, cooldown until 47612.28s"
47618.01,INFO,"Mister pulse started; ON until 47618.26s, cooldown until 47622.26s"
47628.03,INFO,"Mister pulse started; ON until 47628.28s, cooldown until 47632.28s"
47639.03,INFO,"Mister pulse started; ON until 47639.28s, cooldown until 47643.28s"
47644.04,INFO,"Mister pulse started; ON until 47644.29s, cooldown until 47648.29s"
47656.02,INFO,"Mister pulse started; ON until 47656.27s, cooldown until 47660.27s"
47663.04,INFO,"Mister pulse started; ON until 47663.29s, cooldown until 47667.29s"
47670.02,INFO,"Mister pulse started; ON until 47670.27s, cooldown until 47674.27s"
47677.03,INFO,"Mister pulse started; ON until 47677.28s, cooldown until 47681.28s"
47683.03,INFO,"Mister pulse started; ON until 47683.28s, cooldown until 47687.28s"
47697.02,INFO,"Mister pulse started; ON until 47697.27s, cooldown until 47701.27s"
47703.00,INFO,"Mister pulse started; ON until 47703.25s, cooldown until 47707.25s"
47715.04,INFO,"Mister pulse started; ON until 47715.29s, cooldown until 47719.29s"
47726.03,INFO,"Mister pulse started; ON until 47726.28s, cooldown until 47730.28s"
47733.01,INFO,"Mister pulse started; ON until 47733.26s, cooldown until 47737.26s"
47739.05,INFO,"Mister pulse started; ON until 47739.30s, cooldown until 47743.30s"
47755.00,INFO,"Mister pulse started; ON until 47755.25s, cooldown until 47759.25s"
47760.01,INFO,"Mister pulse started; ON until 47760.26s, cooldown until 47764.26s"
47766.00,INFO,"Mister pulse started; ON until 47766.25s, cooldown until 47770.25s"
47781.03,INFO,"Mister pulse started; ON until 47781.28s, cooldown until 47785.28s"
47786.04,INFO,"Mister pulse started; ON until 47786.29s, cooldown until 47790.29s"
47801.02,INFO,"Mister pulse started; ON until 47801.27s, cooldown until 47805.27s"
47813.05,INFO,"Mister pulse started; ON until 47813.30s, cooldown until 47817.30s"
47818.00,INFO,"Mister pulse started; ON until 47818.25s, cooldown until 47822.25s"
47823.01,INFO,"Mister pulse started; ON until 47823.26s, cooldown until 47827.26s"
47836.03,INFO,"Mister pulse started; ON until 47836.28s, cooldown until 47840.28s"
47841.03,INFO,"Mister pulse started; ON until 47841.28s, cooldown until 47845.28s"
47856.00,INFO,"Mister pulse started; ON until 47856.25s, cooldown until 47860.25s"
47864.01,INFO,"Mister pulse started; ON until 47864.26s, cooldown until 47868.26s"
47880.01,INFO,"Mister pulse started; ON until 47880.26s, cooldown until 47884.26s"
47891.01,INFO,"Mister pulse started; ON until 47891.26s, cooldown until 47895.26s"
47896.02,INFO,"Mister pulse started; ON until 47896.27s, cooldown until 47900.27s"
47911.00,INFO,"Mister pulse started; ON until 47911.25s, cooldown until 47915.25s"
47918.02,INFO,"Mister pulse started; ON until 47918.27s, cooldown until 47922.27s"
47932.01,INFO,"Mister pulse started; ON until 47932.26s, cooldown until 47936.26s"
47938.05,INFO,"Mister pulse started; ON until 47938.30s, cooldown until 47942.30s"
47944.04,INFO,"Mister pulse started; ON until 47944.29s, cooldown until 47948.29s"
47960.05,INFO,"Mister pulse started; ON until 47960.30s, cooldown until 47964.30s"
47966.03,INFO,"Mister pulse started; ON until 47966.28s, cooldown until 47970.28s"
47981.01,INFO,"Mister pulse started; ON until 47981.26s, cooldown until 47985.26s"
47986.02,INFO,"Mister pulse started; ON until 47986.27s, cooldown until 47990.27s"
47997.02,INFO,"Mister pulse started; ON until 47997.27s, cooldown until 48001.27s"
48009.00,INFO,"Mister pulse started; ON until 48009.25s, cooldown until 48013.25s"
48014.01,INFO,"Mister pulse started; ON until 48014.26s, cooldown until 48018.26s"
48026.03,INFO,"Mister pulse started; ON until 48026.28s, cooldown until 48030.28s"
48031.05,INFO,"Mister pulse started; ON until 48031.30s, cooldown until 48035.30s"
48046.02,INFO,"Mister pulse started; ON until 48046.27s, cooldown until 48050.27s"
48059.03,INFO,"Mister pulse started; ON until 48059.28s, cooldown until 48063.28s"
48064.03,INFO,"Mister pulse started; ON until 48064.28s, cooldown until 48068.28s"
48069.04,INFO,"Mister pulse started; ON until 48069.29s, cooldown until 48073.29s"
48084.01,INFO,"Mister pulse started; ON until 48084.26s, cooldown until 48088.26s"
48091.03,INFO,"Mister pulse started; ON until 48091.28s, cooldown until 48095.28s"
48105.02,INFO,"Mister pulse started; ON until 48105.27s, cooldown until 48109.27s"
48110.03,INFO,"Mister pulse started; ON until 48110.28s, cooldown until 48114.28s"
48124.03,INFO,"Mister pulse started; ON until 48124.28s, cooldown until 48128.28s"
48129.03,INFO,"Mister pulse started; ON until 48129.28s, cooldown until 48133.28s"
48141.01,INFO,"Mister pulse started; ON until 48141.26s, cooldown until 48145.26s"
48152.00,INFO,"Mister pulse started; ON until 48152.25s, cooldown until 48156.25s"
48158.04,INFO,"Mister pulse started; ON until 48158.29s, cooldown until 48162.29s"
48171.00,INFO,"Mister pulse started; ON until 48171.25s, cooldown until 48175.25s"
48180.04,INFO,"Mister pulse started; ON until 48180.29s, cooldown until 48184.29s"
48193.04,INFO,"Mister pulse started; ON until 48193.29s, cooldown until 48197.29s"
48198.05,INFO,"Mister pulse started; ON until 48198.30s, cooldown until 48202.30s"
48211.01,INFO,"Mister pulse started; ON until 48211.26s, cooldown until 48215.26s"
48216.02,INFO,"Mister pulse started; ON until 48216.27s, cooldown until 48220.27s"
48226.03,INFO,"Mister pulse started; ON until 48226.28s, cooldown until 48230.28s"
48233.00,INFO,"Mister pulse started; ON until 48233.25s, cooldown until 48237.25s"
48240.03,INFO,"Mister pulse started; ON until 48240.28s, cooldown until 48244.28s"
48246.01,INFO,"Mister pulse started; ON until 48246.26s, cooldown until 48250.26s"
48255.05,INFO,"Mister pulse started; ON until 48255.30s, cooldown until 48259.30s"
48260.01,INFO,"Mister pulse started; ON until 48260.26s, cooldown until 48264.26s"
48274.05,INFO,"Mister pulse started; ON until 48274.30s, cooldown until 48278.30s"
48279.01,INFO,"Mister pulse started; ON until 48279.26s, cooldown until 48283.26s"
48289.03,INFO,"Mister pulse started; ON until 48289.28s, cooldown until 48293.28s"
48295.02,INFO,"Mister pulse started; ON until 48295.27s, cooldown until 48299.27s"
48305.05,INFO,"Mister pulse started; ON until 48305.30s, cooldown until 48309.30s"
48315.02,INFO,"Mister pulse started; ON until 48315.27s, cooldown until 48319.27s"
48327.04,INFO,"Mister pulse started; ON until 48327.29s, cooldown until 48331.29s"
48332.00,INFO,"Mister pulse started; ON until 48332.25s, cooldown until 48336.25s"
48337.01,INFO,"Mister pulse started; ON until 48337.26s, cooldown until 48341.26s"
48349.04,INFO,"Mister pulse started; ON until 48349.29s, cooldown until 48353.29s"
48354.00,INFO,"Mister pulse started; ON until 48354.25s, cooldown until 48358.25s"
48369.03,INFO,"Mister pulse started; ON until 48369.28s, cooldown until 48373.28s"
48375.02,INFO,"Mister pulse started; ON until 48375.27s, cooldown until 48379.27s"
48387.05,INFO,"Mister pulse started; ON until 48387.30s, cooldown until 48391.30s"
48400.01,INFO,"Mister pulse started; ON until 48400.26s, cooldown until 48404.26s"
48407.03,INFO,"Mister pulse started; ON until 48407.28s, cooldown until 48411.28s"
48420.04,INFO,"Mister pulse started; ON until 48420.29s, cooldown until 48424.29s"
48425.05,INFO,"Mister pulse started; ON until 48425.30s, cooldown until 48429.30s"
48430.00,INFO,"Mister pulse started; ON until 48430.25s, cooldown until 48434.25s"
48442.04,INFO,"Mister pulse started; ON until 48442.29s, cooldown until 48446.29s"
48454.02,INFO,"Mister pulse started; ON until 48454.27s, cooldown until 48458.27s"
48461.04,INFO,"Mister pulse started; ON until 48461.29s, cooldown until 48465.29s"
48466.05,INFO,"Mister pulse started; ON until 48466.30s, cooldown until 48470.30s"
48482.05,INFO,"Mister pulse started; ON until 48482.30s, cooldown until 48486.30s"
48493.00,INFO,"Mister pulse started; ON until 48493.25s, cooldown until 48497.25s"
48500.02,INFO,"Mister pulse started; ON until 48500.27s, cooldown until 48504.27s"
48506.01,INFO,"Mister pulse started; ON until 48506.26s, cooldown until 48510.26s"
48512.01,INFO,"Mister pulse started; ON until 48512.26s, cooldown until 48516.26s"
48526.04,INFO,"Mister pulse started; ON until 48526.29s, cooldown until 48530.29s"
48531.00,INFO,"Mister pulse started; ON until 48531.25s, cooldown until 48535.25s"
48539.00,INFO,"Mister pulse started; ON until 48539.25s, cooldown until 48543.25s"
48548.04,INFO,"Mister pulse started; ON until 48548.29s, cooldown until 48552.29s"
48553.05,INFO,"Mister pulse started; ON until 48553.30s, cooldown until 48557.30s"
48568.01,INFO,"Mister pulse started; ON until 48568.26s, cooldown until 48572.26s"
48578.03,INFO,"Mister pulse started; ON until 48578.28s, cooldown until 48582.28s"
48584.03,INFO,"Mister pulse started; ON until 48584.28s, cooldown until 48588.28s"
48597.03,INFO,"Mister pulse started; ON until 48597.28s, cooldown until 48601.28s"
48602.04,INFO,"Mister pulse started; ON until 48602.29s, cooldown until 48606.29s"
48607.00,INFO,"Mister pulse started; ON until 48607.25s, cooldown until 48611.25s"
48622.03,INFO,"Mister pulse started; ON until 48622.28s, cooldown until 48626.28s"
48629.00,INFO,"Mister pulse started; ON until 48629.25s, cooldown until 48633.25s"
48644.02,INFO,"Mister pulse started; ON until 48644.27s, cooldown until 48648.27s"
48650.01,INFO,"Mister pulse started; ON until 48650.26s, cooldown until 48654.26s"
48657.03,INFO,"Mister pulse started; ON until 48657.28s, cooldown until 48661.28s"
48664.01,INFO,"Mister pulse started; ON until 48664.26s, cooldown until 48668.26s"
48669.02,INFO,"Mister pulse started; ON until 48669.27s, cooldown until 48673.27s"
48678.01,INFO,"Mister pulse started; ON until 48678.26s, cooldown until 48682.26s"
48690.04,INFO,"Mister pulse started; ON until 48690.29s, cooldown until 48694.29s"
48697.02,INFO,"Mister pulse started; ON until 48697.27s, cooldown until 48701.27s"
48704.04,INFO,"Mister pulse started; ON until 48704.29s, cooldown until 48708.29s"
48709.01,INFO,"Mister pulse started; ON until 48709.26s, cooldown until 48713.26s"
48723.05,INFO,"Mister pulse started; ON until 48723.30s, cooldown until 48727.30s"
48728.05,INFO,"Mister pulse started; ON until 48728.30s, cooldown until 48732.30s"
48733.01,INFO,"Mister pulse started; ON until 48733.26s, cooldown until 48737.26s"
48749.02,INFO,"Mister pulse started; ON until 48749.27s, cooldown until 48753.27s"
48758.00,INFO,"Mister pulse started; ON until 48758.25s, cooldown until 48762.25s"
48765.03,INFO,"Mister pulse started; ON until 48765.28s, cooldown until 48769.28s"
48776.02,INFO,"Mister pulse started; ON until 48776.27s, cooldown until 48780.27s"
48782.01,INFO,"Mister pulse started; ON until 48782.26s, cooldown until 48786.26s"
48787.02,INFO,"Mister pulse started; ON until 48787.27s, cooldown until 48791.27s"
48800.03,INFO,"Mister pulse started; ON until 48800.28s, cooldown until 48804.28s"
48805.04,INFO,"Mister pulse started; ON until 48805.29s, cooldown until 48809.29s"
48820.00,INFO,"Mister pulse started; ON until 48820.25s, cooldown until 48824.25s"
48825.01,INFO,"Mister pulse started; ON until 48825.26s, cooldown until 48829.26s"
48839.00,INFO,"Mister pulse started; ON until 48839.25s, cooldown until 48843.25s"
48844.02,INFO,"Mister pulse started; ON until 48844.27s, cooldown until 48848.27s"
48859.04,INFO,"Mister pulse started; ON until 48859.29s, cooldown until 48863.29s"
48865.04,INFO,"Mister pulse started; ON until 48865.29s, cooldown until 48869.29s"
48876.03,INFO,"Mister pulse started; ON until 48876.28s, cooldown until 48880.28s"
48889.00,INFO,"Mister pulse started; ON until 48889.25s, cooldown until 48893.25s"
48895.04,INFO,"Mister pulse started; ON until 48895.29s, cooldown until 48899.29s"
48903.05,INFO,"Mister pulse started; ON until 48903.30s, cooldown until 48907.30s"
48908.00,INFO,"Mister pulse started; ON until 48908.25s, cooldown until 48912.25s"
48916.01,INFO,"Mister pulse started; ON until 48916.26s, cooldown until 48920.26s"
48922.00,INFO,"Mister pulse started; ON until 48922.25s, cooldown until 48926.25s"
48935.01,INFO,"Mister pulse started; ON until 48935.26s, cooldown until 48939.26s"
48941.00,INFO,"Mister pulse started; ON until 48941.25s, cooldown until 48945.25s"
48949.00,INFO,"Mister pulse started; ON until 48949.25s, cooldown until 48953.25s"
48955.05,INFO,"Mister pulse started; ON until 48955.30s, cooldown until 48959.30s"
48969.04,INFO,"Mister pulse started; ON until 48969.29s, cooldown until 48973.29s"
48976.01,INFO,"Mister pulse started; ON until 48976.26s, cooldown until 48980.26s"
48990.00,INFO,"Mister pulse started; ON until 48990.25s, cooldown until 48994.25s"
48995.01,INFO,"Mister pulse started; ON until 48995.26s, cooldown until 48999.26s"
49002.03,INFO,"Mister pulse started; ON until 49002.28s, cooldown until 49006.28s"
49018.03,INFO,"Mister pulse started; ON until 49018.28s, cooldown until 49022.28s"
49023.04,INFO,"Mister pulse started; ON until 49023.29s, cooldown until 49027.29s"
49037.03,INFO,"Mister pulse started; ON until 49037.28s, cooldown until 49041.28s"
49042.04,INFO,"Mister pulse started; ON until 49042.29s, cooldown until 49046.29s"
49054.02,INFO,"Mister pulse started; ON until 49054.27s, cooldown until 49058.27s"
49060.01,INFO,"Mister pulse started; ON until 49060.26s, cooldown until 49064.26s"
49070.02,INFO,"Mister pulse started; ON until 49070.27s, cooldown until 49074.27s"
49077.04,INFO,"Mister pulse started; ON until 49077.29s, cooldown until 49081.29s"
49086.03,INFO,"Mister pulse started; ON until 49086.28s, cooldown until 49090.28s"
49095.01,INFO,"Mister pulse started; ON until 49095.26s, cooldown until 49099.26s"
49106.00,INFO,"Mister pulse started; ON until 49106.25s, cooldown until 49110.25s"
49111.02,INFO,"Mister pulse started; ON until 49111.27s, cooldown until 49115.27s"
49121.04,INFO,"Mister pulse started; ON until 49121.29s, cooldown until 49125.29s"
49134.05,INFO,"Mister pulse started; ON until 49134.30s, cooldown until 49138.30s"
49139.01,INFO,"Mister pulse started; ON until 49139.26s, cooldown until 49143.26s"
49146.03,INFO,"Mister pulse started; ON until 49146.28s, cooldown until 49150.28s"
49151.04,INFO,"Mister pulse started; ON until 49151.29s, cooldown until 49155.29s"
49164.04,INFO,"Mister pulse started; ON until 49164.29s, cooldown until 49168.29s"
49169.05,INFO,"Mister pulse started; ON until 49169.30s, cooldown until 49173.30s"
49184.04,INFO,"Mister pulse started; ON until 49184.29s, cooldown until 49188.29s"
49192.04,INFO,"Mister pulse started; ON until 49192.29s, cooldown until 49196.29s"
49208.05,INFO,"Mister pulse started; ON until 49208.30s, cooldown until 49212.30s"
49213.01,INFO,"Mister pulse started; ON until 49213.26s, cooldown until 49217.26s"
49229.00,INFO,"Mister pulse started; ON until 49229.25s, cooldown until 49233.25s"
49236.02,INFO,"Mister pulse started; ON until 49236.27s, cooldown until 49240.27s"
49248.00,INFO,"Mister pulse started; ON until 49248.25s, cooldown until 49252.25s"
49253.01,INFO,"Mister pulse started; ON until 49253.26s, cooldown until 49257.26s"
49260.04,INFO,"Mister pulse started; ON until 49260.29s, cooldown until 49264.29s"
49271.04,INFO,"Mister pulse started; ON until 49271.29s, cooldown until 49275.29s"
49277.02,INFO,"Mister pulse started; ON until 49277.27s, cooldown until 49281.27s"
49291.02,INFO,"Mister pulse started; ON until 49291.27s, cooldown until 49295.27s"
49298.01,INFO,"Mister pulse started; ON until 49298.26s, cooldown until 49302.26s"
49309.01,INFO,"Mister pulse started; ON until 49309.26s, cooldown until 49313.26s"
49321.04,INFO,"Mister pulse started; ON until 49321.29s, cooldown until 49325.29s"
49326.05,INFO,"Mister pulse started; ON until 49326.30s, cooldown until 49330.30s"
49341.03,INFO,"Mister pulse started; ON until 49341.28s, cooldown until 49345.28s"
49347.02,INFO,"Mister pulse started; ON until 49347.27s, cooldown until 49351.27s"
49362.05,INFO,"Mister pulse started; ON until 49362.30s, cooldown until 49366.30s"
49367.00,INFO,"Mister pulse started; ON until 49367.25s, cooldown until 49371.25s"
49372.01,INFO,"Mister pulse started; ON until 49372.26s, cooldown until 49376.26s"
49389.05,INFO,"Mister pulse started; ON until 49389.30s, cooldown until 49393.30s"
49403.04,INFO,"Mister pulse started; ON until 49403.29s, cooldown until 49407.29s"
49408.05,INFO,"Mister pulse started; ON until 49408.30s, cooldown until 49412.30s"
49414.04,INFO,"Mister pulse started; ON until 49414.29s, cooldown until 49418.29s"
49423.03,INFO,"Mister pulse started; ON until 49423.28s, cooldown until 49427.28s"
49428.05,INFO,"Mister pulse started; ON until 49428.30s, cooldown until 49432.30s"
49444.05,INFO,"Mister pulse started; ON until 49444.30s, cooldown until 49448.30s"
49452.05,INFO,"Mister pulse started; ON until 49452.30s, cooldown until 49456.30s"
49466.04,INFO,"Mister pulse started; ON until 49466.29s, cooldown until 49470.29s"
49471.04,INFO,"Mister pulse started; ON until 49471.29s, cooldown until 49475.29s"
49482.04,INFO,"Mister pulse started; ON until 49482.29s, cooldown until 49486.29s"
49490.04,INFO,"Mister pulse started; ON until 49490.29s, cooldown until 49494.29s"
49502.01,INFO,"Mister pulse started; ON until 49502.26s, cooldown until 49506.26s"
49507.03,INFO,"Mister pulse started; ON until 49507.28s, cooldown until 49511.28s"
49519.00,INFO,"Mister pulse started; ON until 49519.25s, cooldown until 49523.25s"
49527.00,INFO,"Mister pulse started; ON until 49527.25s, cooldown until 49531.25s"
49537.02,INFO,"Mister pulse started; ON until 49537.27s, cooldown until 49541.27s"
49545.02,INFO,"Mister pulse started; ON until 49545.27s, cooldown until 49549.27s"
49558.04,INFO,"Mister pulse started; ON until 49558.29s, cooldown until 49562.29s"
49564.02,INFO,"Mister pulse started; ON until 49564.27s, cooldown until 49568.27s"
49569.03,INFO,"Mister pulse started; ON until 49569.28s, cooldown until 49573.28s"
49581.01,INFO,"Mister pulse started; ON until 49581.26s, cooldown until 49585.26s"
49586.03,INFO,"Mister pulse started; ON until 49586.28s, cooldown until 49590.28s"
49601.00,INFO,"Mister pulse started; ON until 49601.25s, cooldown until 49605.25s"
49606.02,INFO,"Mister pulse started; ON until 49606.27s, cooldown until 49610.27s"
49618.05,INFO,"Mister pulse started; ON until 49618.30s, cooldown until 49622.30s"
49626.00,INFO,"Mister pulse started; ON until 49626.25s, cooldown until 49630.25s"
49633.02,INFO,"Mister pulse started; ON until 49633.27s, cooldown until 49637.27s"
49646.03,INFO,"Mister pulse started; ON until 49646.28s, cooldown until 49650.28s"
49651.04,INFO,"Mister pulse started; ON until 49651.29s, cooldown until 49655.29s"
49656.00,INFO,"Mister pulse started; ON until 49656.25s, cooldown until 49660.25s"
49671.03,INFO,"Mister pulse started; ON until 49671.28s, cooldown until 49675.28s"
49676.03,INFO,"Mister pulse started; ON until 49676.28s, cooldown until 49680.28s"
49686.00,INFO,"Mister pulse started; ON until 49686.25s, cooldown until 49690.25s"
49697.05,INFO,"Mister pulse started; ON until 49697.30s, cooldown until 49701.30s"
49709.03,INFO,"Mister pulse started; ON until 49709.28s, cooldown until 49713.28s"
49714.04,INFO,"Mister pulse started; ON until 49714.29s, cooldown until 49718.29s"
49719.00,INFO,"Mister pulse started; ON until 49719.25s, cooldown until 49723.25s"
49735.01,INFO,"Mister pulse started; ON until 49735.26s, cooldown until 49739.26s"
49742.02,INFO,"Mister pulse started; ON until 49742.27s, cooldown until 49746.27s"
49755.03,INFO,"Mister pulse started; ON until 49755.28s, cooldown until 49759.28s"
49760.05,INFO,"Mister pulse started; ON until 49760.30s, cooldown until 49764.30s"
49774.05,INFO,"Mister pulse started; ON until 49774.30s, cooldown until 49778.30s"
49779.05,INFO,"Mister pulse started; ON until 49779.30s, cooldown until 49783.30s"
49792.01,INFO,"Mister pulse started; ON until 49792.26s, cooldown until 49796.26s"
49797.02,INFO,"Mister pulse started; ON until 49797.27s, cooldown until 49801.27s"
49804.04,INFO,"Mister pulse started; ON until 49804.29s, cooldown until 49808.29s"
49816.01,INFO,"Mister pulse started; ON until 49816.26s, cooldown until 49820.26s"
49821.02,INFO,"Mister pulse started; ON until 49821.27s, cooldown until 49825.27s"
49831.04,INFO,"Mister pulse started; ON until 49831.29s, cooldown until 49835.29s"
49843.02,INFO,"Mister pulse started; ON until 49843.27s, cooldown until 49847.27s"
49851.02,INFO,"Mister pulse started; ON until 49851.27s, cooldown until 49855.27s"
49863.05,INFO,"Mister pulse started; ON until 49863.30s, cooldown until 49867.30s"
49870.02,INFO,"Mister pulse started; ON until 49870.27s, cooldown until 49874.27s"
49885.04,INFO,"Mister pulse started; ON until 49885.29s, cooldown until 49889.29s"
49894.03,INFO,"Mister pulse started; ON until 49894.28s, cooldown until 49898.28s"
49907.04,INFO,"Mister pulse started; ON until 49907.29s, cooldown until 49911.29s"
49912.00,INFO,"Mister pulse started; ON until 49912.25s, cooldown until 49916.25s"
49921.04,INFO,"Mister pulse started; ON until 49921.29s, cooldown until 49925.29s"
49927.02,INFO,"Mister pulse started; ON until 49927.27s, cooldown until 49931.27s"
49933.02,INFO,"Mister pulse started; ON until 49933.27s, cooldown until 49937.27s"
49946.03,INFO,"Mister pulse started; ON until 49946.28s, cooldown until 49950.28s"
49952.02,INFO,"Mister pulse started; ON until 49952.27s, cooldown until 49956.27s"
49957.03,INFO,"Mister pulse started; ON until 49957.28s, cooldown until 49961.28s"
49973.03,INFO,"Mister pulse started; ON until 49973.28s, cooldown until 49977.28s"
49984.03,INFO,"Mister pulse started; ON until 49984.28s, cooldown until 49988.28s"
49990.02,INFO,"Mister pulse started; ON until 49990.27s, cooldown until 49994.27s"
49995.03,INFO,"Mister pulse started; ON until 49995.28s, cooldown until 49999.28s"
50007.00,INFO,"Mister pulse started; ON until 50007.25s, cooldown until 50011.25s"
50012.01,INFO,"Mister pulse started; ON until 50012.26s, cooldown until 50016.26s"
50026.05,INFO,"Mister pulse started; ON until 50026.30s, cooldown until 50030.30s"
50031.00,INFO,"Mister pulse started; ON until 50031.25s, cooldown until 50035.25s"
50041.02,INFO,"Mister pulse started; ON until 50041.27s, cooldown until 50045.27s"
50047.01,INFO,"Mister pulse started; ON until 50047.26s, cooldown until 50051.26s"
50056.04,INFO,"Mister pulse started; ON until 50056.29s, cooldown until 50060.29s"
50061.05,INFO,"Mister pulse started; ON until 50061.30s, cooldown until 50065.30s"
50076.02,INFO,"Mister pulse started; ON until 50076.27s, cooldown until 50080.27s"
50084.02,INFO,"Mister pulse started; ON until 50084.27s, cooldown until 50088.27s"
50098.01,INFO,"Mister pulse started; ON until 50098.26s, cooldown until 50102.26s"
50104.04,INFO,"Mister pulse started; ON until 50104.29s, cooldown until 50108.29s"
50113.03,INFO,"Mister pulse started; ON until 50113.28s, cooldown until 50117.28s"
50124.03,INFO,"Mister pulse started; ON until 50124.28s, cooldown until 50128.28s"
50136.01,INFO,"Mister pulse started; ON until 50136.26s, cooldown until 50140.26s"
50141.02,INFO,"Mister pulse started; ON until 50141.27s, cooldown until 50145.27s"
50147.01,INFO,"Mister pulse started; ON until 50147.26s, cooldown until 50151.26s"
50162.03,INFO,"Mister pulse started; ON until 50162.28s, cooldown until 50166.28s"
50169.00,INFO,"Mister pulse started; ON until 50169.25s, cooldown until 50173.25s"
50181.03,INFO,"Mister pulse started; ON until 50181.28s, cooldown until 50185.28s"
50186.04,INFO,"Mister pulse started; ON until 50186.29s, cooldown until 50190.29s"
50192.03,INFO,"Mister pulse started; ON until 50192.28s, cooldown until 50196.28s"
50206.02,INFO,"Mister pulse started; ON until 50206.27s, cooldown until 50210.27s"
50211.03,INFO,"Mister pulse started; ON until 50211.28s, cooldown until 50215.28s"
50226.00,INFO,"Mister pulse started; ON until 50226.25s, cooldown until 50230.25s"
50232.04,INFO,"Mister pulse started; ON until 50232.29s, cooldown until 50236.29s"
50243.04,INFO,"Mister pulse started; ON until 50243.29s, cooldown until 50247.29s"
50257.03,INFO,"Mister pulse started; ON until 50257.28s, cooldown until 50261.28s"
50263.02,INFO,"Mister pulse started; ON until 50263.27s, cooldown until 50267.27s"
50275.05,INFO,"Mister pulse started; ON until 50275.30s, cooldown until 50279.30s"
50282.02,INFO,"Mister pulse started; ON until 50282.27s, cooldown until 50286.27s"
50298.03,INFO,"Mister pulse started; ON until 50298.28s, cooldown until 50302.28s"
50303.04,INFO,"Mister pulse started; ON until 50303.29s, cooldown until 50307.29s"
50317.03,INFO,"Mister pulse started; ON until 50317.28s, cooldown until 50321.28s"
50322.04,INFO,"Mister pulse started; ON until 50322.29s, cooldown until 50326.29s"
50336.03,INFO,"Mister pulse started; ON until 50336.28s, cooldown until 50340.28s"
50343.05,INFO,"Mister pulse started; ON until 50343.30s, cooldown until 50347.30s"
50351.05,INFO,"Mister pulse started; ON until 50351.30s, cooldown until 50355.30s"
50362.05,INFO,"Mister pulse started; ON until 50362.30s, cooldown until 50366.30s"
50373.04,INFO,"Mister pulse started; ON until 50373.29s, cooldown until 50377.29s"
50379.03,INFO,"Mister pulse started; ON until 50379.28s, cooldown until 50383.28s"
50384.04,INFO,"Mister pulse started; ON until 50384.29s, cooldown until 50388.29s"
50396.02,INFO,"Mister pulse started; ON until 50396.27s, cooldown until 50400.27s"
50401.03,INFO,"Mister pulse started; ON until 50401.28s, cooldown until 50405.28s"
50417.03,INFO,"Mister pulse started; ON until 50417.28s, cooldown until 50421.28s"
50423.02,INFO,"Mister pulse started; ON until 50423.27s, cooldown until 50427.27s"
50436.03,INFO,"Mister pulse started; ON until 50436.28s, cooldown until 50440.28s"
50441.04,INFO,"Mister pulse started; ON until 50441.29s, cooldown until 50445.29s"
50454.05,INFO,"Mister pulse started; ON until 50454.30s, cooldown until 50458.30s"
50462.05,INFO,"Mister pulse started; ON until 50462.30s, cooldown until 50466.30s"
50468.04,INFO,"Mister pulse started; ON until 50468.29s, cooldown until 50472.29s"
50479.04,INFO,"Mister pulse started; ON until 50479.29s, cooldown until 50483.29s"
50485.03,INFO,"Mister pulse started; ON until 50485.28s, cooldown until 50489.28s"
50496.03,INFO,"Mister pulse started; ON until 50496.28s, cooldown until 50500.28s"
50502.02,INFO,"Mister pulse started; ON until 50502.27s, cooldown until 50506.27s"
50518.03,INFO,"Mister pulse started; ON until 50518.28s, cooldown until 50522.28s"
50523.04,INFO,"Mister pulse started; ON until 50523.29s, cooldown until 50527.29s"
50534.03,INFO,"Mister pulse started; ON until 50534.28s, cooldown until 50538.28s"
50543.02,INFO,"Mister pulse started; ON until 50543.27s, cooldown until 50547.27s"
50553.03,INFO,"Mister pulse started; ON until 50553.28s, cooldown until 50557.28s"
50558.04,INFO,"Mister pulse started; ON until 50558.29s, cooldown until 50562.29s"
50568.05,INFO,"Mister pulse started; ON until 50568.30s, cooldown until 50572.30s"
50581.01,INFO,"Mister pulse started; ON until 50581.26s, cooldown until 50585.26s"
50588.04,INFO,"Mister pulse started; ON until 50588.29s, cooldown until 50592.29s"
50598.01,INFO,"Mister pulse started; ON until 50598.26s, cooldown until 50602.26s"
50610.04,INFO,"Mister pulse started; ON until 50610.29s, cooldown until 50614.29s"
50615.05,INFO,"Mister pulse started; ON until 50615.30s, cooldown until 50619.30s"
50629.05,INFO,"Mister pulse started; ON until 50629.30s, cooldown until 50633.30s"
50636.02,INFO,"Mister pulse started; ON until 50636.27s, cooldown until 50640.27s"
50649.02,INFO,"Mister pulse started; ON until 50649.27s, cooldown until 50653.27s"
50654.03,INFO,"Mister pulse started; ON until 50654.28s, cooldown until 50658.28s"
50668.02,INFO,"Mister pulse started; ON until 50668.27s, cooldown until 50672.27s"
50677.01,INFO,"Mister pulse started; ON until 50677.26s, cooldown until 50681.26s"
50687.02,INFO,"Mister pulse started; ON until 50687.27s, cooldown until 50691.27s"
50692.02,INFO,"Mister pulse started; ON until 50692.27s, cooldown until 50696.27s"
50704.05,INFO,"Mister pulse started; ON until 50704.30s, cooldown until 50708.30s"
50709.01,INFO,"Mister pulse started; ON until 50709.26s, cooldown until 50713.26s"
50719.03,INFO,"Mister pulse started; ON until 50719.28s, cooldown until 50723.28s"
50724.04,INFO,"Mister pulse started; ON until 50724.29s, cooldown until 50728.29s"
50735.04,INFO,"Mister pulse started; ON until 50735.29s, cooldown until 50739.29s"
50740.01,INFO,"Mister pulse started; ON until 50740.26s, cooldown until 50744.26s"
50752.03,INFO,"Mister pulse started; ON until 50752.28s, cooldown until 50756.28s"
50757.04,INFO,"Mister pulse started; ON until 50757.29s, cooldown until 50761.29s"
50768.03,INFO,"Mister pulse started; ON until 50768.28s, cooldown until 50772.28s"
50775.01,INFO,"Mister pulse started; ON until 50775.26s, cooldown until 50779.26s"
50782.02,INFO,"Mister pulse started; ON until 50782.27s, cooldown until 50786.27s"
50788.02,INFO,"Mister pulse started; ON until 50788.27s, cooldown until 50792.27s"
50803.04,INFO,"Mister pulse started; ON until 50803.29s, cooldown until 50807.29s"
50808.05,INFO,"Mister pulse started; ON until 50808.30s, cooldown until 50812.30s"
50817.03,INFO,"Mister pulse started; ON until 50817.28s, cooldown until 50821.28s"
50827.00,INFO,"Mister pulse started; ON until 50827.25s, cooldown until 50831.25s"
50839.03,INFO,"Mister pulse started; ON until 50839.28s, cooldown until 50843.28s"
50844.04,INFO,"Mister pulse started; ON until 50844.29s, cooldown until 50848.29s"
50859.01,INFO,"Mister pulse started; ON until 50859.26s, cooldown until 50863.26s"
50870.00,INFO,"Mister pulse started; ON until 50870.25s, cooldown until 50874.25s"
50876.04,INFO,"Mister pulse started; ON until 50876.29s, cooldown until 50880.29s"
50882.04,INFO,"Mister pulse started; ON until 50882.29s, cooldown until 50886.29s"
50896.03,INFO,"Mister pulse started; ON until 50896.28s, cooldown until 50900.28s"
50904.04,INFO,"Mister pulse started; ON until 50904.29s, cooldown until 50908.29s"
50917.01,INFO,"Mister pulse started; ON until 50917.26s, cooldown until 50921.26s"
50923.05,INFO,"Mister pulse started; ON until 50923.30s, cooldown until 50927.30s"
50929.04,INFO,"Mister pulse started; ON until 50929.29s, cooldown until 50933.29s"
50943.03,INFO,"Mister pulse started; ON until 50943.28s, cooldown until 50947.28s"
50948.04,INFO,"Mister pulse started; ON until 50948.29s, cooldown until 50952.29s"
50956.00,INFO,"Mister pulse started; ON until 50956.25s, cooldown until 50960.25s"
50967.00,INFO,"Mister pulse started; ON until 50967.25s, cooldown until 50971.25s"
50979.03,INFO,"Mister pulse started; ON until 50979.28s, cooldown until 50983.28s"
50984.04,INFO,"Mister pulse started; ON until 50984.29s, cooldown until 50988.29s"
50998.03,INFO,"Mister pulse started; ON until 50998.28s, cooldown until 51002.28s"
51007.02,INFO,"Mister pulse started; ON until 51007.27s, cooldown until 51011.27s"
51020.03,INFO,"Mister pulse started; ON until 51020.28s, cooldown until 51024.28s"
51025.04,INFO,"Mister pulse started; ON until 51025.29s, cooldown until 51029.29s"
51031.03,INFO,"Mister pulse started; ON until 51031.28s, cooldown until 51035.28s"
51047.04,INFO,"Mister pulse started; ON until 51047.29s, cooldown until 51051.29s"
51052.05,INFO,"Mister pulse started; ON until 51052.30s, cooldown until 51056.30s"
51067.02,INFO,"Mister pulse started; ON until 51067.27s, cooldown until 51071.27s"
51072.03,INFO,"Mister pulse started; ON until 51072.28s, cooldown until 51076.28s"
51077.05,INFO,"Mister pulse started; ON until 51077.30s, cooldown until 51081.30s"
51088.05,INFO,"Mister pulse started; ON until 51088.30s, cooldown until 51092.30s"
51093.01,INFO,"Mister pulse started; ON until 51093.26s, cooldown until 51097.26s"
51107.05,INFO,"Mister pulse started; ON until 51107.30s, cooldown until 51111.30s"
51112.00,INFO,"Mister pulse started; ON until 51112.25s, cooldown until 51116.25s"
51119.03,INFO,"Mister pulse started; ON until 51119.28s, cooldown until 51123.28s"
51125.02,INFO,"Mister pulse started; ON until 51125.27s, cooldown until 51129.27s"
51140.04,INFO,"Mister pulse started; ON until 51140.29s, cooldown until 51144.29s"
51152.01,INFO,"Mister pulse started; ON until 51152.26s, cooldown until 51156.26s"
51157.02,INFO,"Mister pulse started; ON until 51157.27s, cooldown until 51161.27s"
51168.02,INFO,"Mister pulse started; ON until 51168.27s, cooldown until 51172.27s"
51173.03,INFO,"Mister pulse started; ON until 51173.28s, cooldown until 51177.28s"
51187.02,INFO,"Mister pulse started; ON until 51187.27s, cooldown until 51191.27s"
51194.04,INFO,"Mister pulse started; ON until 51194.29s, cooldown until 51198.29s"
51203.02,INFO,"Mister pulse started; ON until 51203.27s, cooldown until 51207.27s"
51216.04,INFO,"Mister pulse started; ON until 51216.29s, cooldown until 51220.29s"
51221.05,INFO,"Mister pulse started; ON until 51221.30s, cooldown until 51225.30s"
51233.03,INFO,"Mister pulse started; ON until 51233.28s, cooldown until 51237.28s"
51240.00,INFO,"Mister pulse started; ON until 51240.25s, cooldown until 51244.25s"
51245.00,INFO,"Mister pulse started; ON until 51245.25s, cooldown until 51249.25s"
51255.02,INFO,"Mister pulse started; ON until 51255.27s, cooldown until 51259.27s"
51260.03,INFO,"Mister pulse started; ON until 51260.28s, cooldown until 51264.28s"
51272.01,INFO,"Mister pulse started; ON until 51272.26s, cooldown until 51276.26s"
51280.01,INFO,"Mister pulse started; ON until 51280.26s, cooldown until 51284.26s"
51287.04,INFO,"Mister pulse started; ON until 51287.29s, cooldown until 51291.29s"
51296.02,INFO,"Mister pulse started; ON until 51296.27s, cooldown until 51300.27s"
51302.01,INFO,"Mister pulse started; ON until 51302.26s, cooldown until 51306.26s"
51308.05,INFO,"Mister pulse started; ON until 51308.30s, cooldown until 51312.30s"
51324.00,INFO,"Mister pulse started; ON until 51324.25s, cooldown until 51328.25s"
51329.02,INFO,"Mister pulse started; ON until 51329.27s, cooldown until 51333.27s"
51335.01,INFO,"Mister pulse started; ON until 51335.26s, cooldown until 51339.26s"
51347.04,INFO,"Mister pulse started; ON until 51347.29s, cooldown until 51351.29s"
51359.02,INFO,"Mister pulse started; ON until 51359.27s, cooldown until 51363.27s"
51365.01,INFO,"Mister pulse started; ON until 51365.26s, cooldown until 51369.26s"
51371.00,INFO,"Mister pulse started; ON until 51371.25s, cooldown until 51375.25s"
51377.04,INFO,"Mister pulse started; ON until 51377.29s, cooldown until 51381.29s"
51389.02,INFO,"Mister pulse started; ON until 51389.27s, cooldown until 51393.27s"
51394.03,INFO,"Mister pulse started; ON until 51394.28s, cooldown until 51398.28s"
51408.02,INFO,"Mister pulse started; ON until 51408.27s, cooldown until 51412.27s"
51417.00,INFO,"Mister pulse started; ON until 51417.25s, cooldown until 51421.25s"
51431.04,INFO,"Mister pulse started; ON until 51431.29s, cooldown until 51435.29s"
51436.00,INFO,"Mister pulse started; ON until 51436.25s, cooldown until 51440.25s"
51444.00,INFO,"Mister pulse started; ON until 51444.25s, cooldown until 51448.25s"
51450.04,INFO,"Mister pulse started; ON until 51450.29s, cooldown until 51454.29s"
51463.05,INFO,"Mister pulse started; ON until 51463.30s, cooldown until 51467.30s"
51470.02,INFO,"Mister pulse started; ON until 51470.27s, cooldown until 51474.27s"
51479.00,INFO,"Mister pulse started; ON until 51479.25s, cooldown until 51483.25s"
51491.03,INFO,"Mister pulse started; ON until 51491.28s, cooldown until 51495.28s"
51496.04,INFO,"Mister pulse started; ON until 51496.29s, cooldown until 51500.29s"
51504.04,INFO,"Mister pulse started; ON until 51504.29s, cooldown until 51508.29s"
51518.04,INFO,"Mister pulse started; ON until 51518.29s, cooldown until 51522.29s"
51523.04,INFO,"Mister pulse started; ON until 51523.29s, cooldown until 51527.29s"
51528.00,INFO,"Mister pulse started; ON until 51528.25s, cooldown until 51532.25s"
51544.00,INFO,"Mister pulse started; ON until 51544.25s, cooldown until 51548.25s"
51551.03,INFO,"Mister pulse started; ON until 51551.28s, cooldown until 51555.28s"
51566.05,INFO,"Mister pulse started; ON until 51566.30s, cooldown until 51570.30s"
51571.01,INFO,"Mister pulse started; ON until 51571.26s, cooldown until 51575.26s"
51576.02,INFO,"Mister pulse started; ON until 51576.27s, cooldown until 51580.27s"
51592.02,INFO,"Mister pulse started; ON until 51592.27s, cooldown until 51596.27s"
51604.04,INFO,"Mister pulse started; ON until 51604.29s, cooldown until 51608.29s"
51610.04,INFO,"Mister pulse started; ON until 51610.29s, cooldown until 51614.29s"
51615.05,INFO,"Mister pulse started; ON until 51615.30s, cooldown until 51619.30s"
51627.02,INFO,"Mister pulse started; ON until 51627.27s, cooldown until 51631.27s"
51633.01,INFO,"Mister pulse started; ON until 51633.26s, cooldown until 51637.26s"
51638.02,INFO,"Mister pulse started; ON until 51638.27s, cooldown until 51642.27s"
51649.01,INFO,"Mister pulse started; ON until 51649.26s, cooldown until 51653.26s"
51654.02,INFO,"Mister pulse started; ON until 51654.27s, cooldown until 51658.27s"
51666.00,INFO,"Mister pulse started; ON until 51666.25s, cooldown until 51670.25s"
51672.05,INFO,"Mister pulse started; ON until 51672.30s, cooldown until 51676.30s"
51686.05,INFO,"Mister pulse started; ON until 51686.30s, cooldown until 51690.30s"
51691.00,INFO,"Mister pulse started; ON until 51691.25s, cooldown until 51695.25s"
51705.00,INFO,"Mister pulse started; ON until 51705.25s, cooldown until 51709.25s"
51710.01,INFO,"Mister pulse started; ON until 51710.26s, cooldown until 51714.26s"
51724.00,INFO,"Mister pulse started; ON until 51724.25s, cooldown until 51728.25s"
51730.05,INFO,"Mister pulse started; ON until 51730.30s, cooldown until 51734.30s"
51736.04,INFO,"Mister pulse started; ON until 51736.29s, cooldown until 51740.29s"
51744.04,INFO,"Mister pulse started; ON until 51744.29s, cooldown until 51748.29s"
51749.05,INFO,"Mister pulse started; ON until 51749.30s, cooldown until 51753.30s"
51758.03,INFO,"Mister pulse started; ON until 51758.28s, cooldown until 51762.28s"
51773.01,INFO,"Mister pulse started; ON until 51773.26s, cooldown until 51777.26s"
51778.01,INFO,"Mister pulse started; ON until 51778.26s, cooldown until 51782.26s"
51790.05,INFO,"Mister pulse started; ON until 51790.30s, cooldown until 51794.30s"
51803.00,INFO,"Mister pulse started; ON until 51803.25s, cooldown until 51807.25s"
51810.03,INFO,"Mister pulse started; ON until 51810.28s, cooldown until 51814.28s"
51823.04,INFO,"Mister pulse started; ON until 51823.29s, cooldown until 51827.29s"
51828.00,INFO,"Mister pulse started; ON until 51828.25s, cooldown until 51832.25s"
51838.02,INFO,"Mister pulse started; ON until 51838.27s, cooldown until 51842.27s"
51843.03,INFO,"Mister pulse started; ON until 51843.28s, cooldown until 51847.28s"
51855.00,INFO,"Mister pulse started; ON until 51855.25s, cooldown until 51859.25s"
51860.02,INFO,"Mister pulse started; ON until 51860.27s, cooldown until 51864.27s"
51875.04,INFO,"Mister pulse started; ON until 51875.29s, cooldown until 51879.29s"
51880.05,INFO,"Mister pulse started; ON until 51880.30s, cooldown until 51884.30s"
51891.04,INFO,"Mister pulse started; ON until 51891.29s, cooldown until 51895.29s"
51899.04,INFO,"Mister pulse started; ON until 51899.29s, cooldown until 51903.29s"
51913.04,INFO,"Mister pulse started; ON until 51913.29s, cooldown until 51917.29s"
51918.04,INFO,"Mister pulse started; ON until 51918.29s, cooldown until 51922.29s"
51923.00,INFO,"Mister pulse started; ON until 51923.25s, cooldown until 51927.25s"
51939.01,INFO,"Mister pulse started; ON until 51939.26s, cooldown until 51943.26s"
51951.03,INFO,"Mister pulse started; ON until 51951.28s, cooldown until 51955.28s"
51956.04,INFO,"Mister pulse started; ON until 51956.29s, cooldown until 51960.29s"
51970.03,INFO,"Mister pulse started; ON until 51970.28s, cooldown until 51974.28s"
51976.02,INFO,"Mister pulse started; ON until 51976.27s, cooldown until 51980.27s"
51987.02,INFO,"Mister pulse started; ON until 51987.27s, cooldown until 51991.27s"
52001.02,INFO,"Mister pulse started; ON until 52001.27s, cooldown until 52005.27s"
52007.01,INFO,"Mister pulse started; ON until 52007.26s, cooldown until 52011.26s"
52022.04,INFO,"Mister pulse started; ON until 52022.29s, cooldown until 52026.29s"
52027.05,INFO,"Mister pulse started; ON until 52027.30s, cooldown until 52031.30s"
52038.05,INFO,"Mister pulse started; ON until 52038.30s, cooldown until 52042.30s"
52046.00,INFO,"Mister pulse started; ON until 52046.25s, cooldown until 52050.25s"
52055.05,INFO,"Mister pulse started; ON until 52055.30s, cooldown until 52059.30s"
52063.05,INFO,"Mister pulse started; ON until 52063.30s, cooldown until 52067.30s"
52074.04,INFO,"Mister pulse started; ON until 52074.29s, cooldown until 52078.29s"
52086.03,INFO,"Mister pulse started; ON until 52086.28s, cooldown until 52090.28s"
52091.04,INFO,"Mister pulse started; ON until 52091.29s, cooldown until 52095.29s"
52102.04,INFO,"Mister pulse started; ON until 52102.29s, cooldown until 52106.29s"
52108.04,INFO,"Mister pulse started; ON until 52108.29s, cooldown until 52112.29s"
52116.04,INFO,"Mister pulse started; ON until 52116.29s, cooldown until 52120.29s"
52127.04,INFO,"Mister pulse started; ON until 52127.29s, cooldown until 52131.29s"
52140.00,INFO,"Mister pulse started; ON until 52140.25s, cooldown until 52144.25s"
52151.05,INFO,"Mister pulse started; ON until 52151.30s, cooldown until 52155.30s"
52158.02,INFO,"Mister pulse started; ON until 52158.27s, cooldown until 52162.27s"
52175.01,INFO,"Mister pulse started; ON until 52175.26s, cooldown until 52179.26s"
52180.02,INFO,"Mister pulse started; ON until 52180.27s, cooldown until 52184.27s"
52185.03,INFO,"Mister pulse started; ON until 52185.28s, cooldown until 52189.28s"
52198.04,INFO,"Mister pulse started; ON until 52198.29s, cooldown until 52202.29s"
52212.04,INFO,"Mister pulse started; ON until 52212.29s, cooldown until 52216.29s"
52218.03,INFO,"Mister pulse started; ON until 52218.28s, cooldown until 52222.28s"
52231.05,INFO,"Mister pulse started; ON until 52231.30s, cooldown until 52235.30s"
52236.01,INFO,"Mister pulse started; ON until 52236.26s, cooldown until 52240.26s"
52251.03,INFO,"Mister pulse started; ON until 52251.28s, cooldown until 52255.28s"
52256.04,INFO,"Mister pulse started; ON until 52256.29s, cooldown until 52260.29s"
52265.02,INFO,"Mister pulse started; ON until 52265.27s, cooldown until 52269.27s"
52275.04,INFO,"Mister pulse started; ON until 52275.29s, cooldown until 52279.29s"
52287.02,INFO,"Mister pulse started; ON until 52287.27s, cooldown until 52291.27s"
52292.03,INFO,"Mister pulse started; ON until 52292.28s, cooldown until 52296.28s"
52308.04,INFO,"Mister pulse started; ON until 52308.29s, cooldown until 52312.29s"
52318.01,INFO,"Mister pulse started; ON until 52318.26s, cooldown until 52322.26s"
52323.02,INFO,"Mister pulse started; ON until 52323.27s, cooldown until 52327.27s"
52339.04,INFO,"Mister pulse started; ON until 52339.29s, cooldown until 52343.29s"
52350.04,INFO,"Mister pulse started; ON until 52350.29s, cooldown until 52354.29s"
52356.03,INFO,"Mister pulse started; ON until 52356.28s, cooldown until 52360.28s"
52362.02,INFO,"Mister pulse started; ON until 52362.27s, cooldown until 52366.27s"
52377.04,INFO,"Mister pulse started; ON until 52377.29s, cooldown until 52381.29s"
52382.05,INFO,"Mister pulse started; ON until 52382.30s, cooldown until 52386.30s"
52396.03,INFO,"Mister pulse started; ON until 52396.28s, cooldown until 52400.28s"
52401.05,INFO,"Mister pulse started; ON until 52401.30s, cooldown until 52405.30s"
52407.04,INFO,"Mister pulse started; ON until 52407.29s, cooldown until 52411.29s"
52421.04,INFO,"Mister pulse started; ON until 52421.29s, cooldown until 52425.29s"
52427.03,INFO,"Mister pulse started; ON until 52427.28s, cooldown until 52431.28s"
52432.05,INFO,"Mister pulse started; ON until 52432.30s, cooldown until 52436.30s"
52446.04,INFO,"Mister pulse started; ON until 52446.29s, cooldown until 52450.29s"
52452.03,INFO,"Mister pulse started; ON until 52452.28s, cooldown until 52456.28s"
52459.00,INFO,"Mister pulse started; ON until 52459.25s, cooldown until 52463.25s"
52469.02,INFO,"Mister pulse started; ON until 52469.27s, cooldown until 52473.27s"
52477.02,INFO,"Mister pulse started; ON until 52477.27s, cooldown until 52481.27s"
52487.04,INFO,"Mister pulse started; ON until 52487.29s, cooldown until 52491.29s"
52499.02,INFO,"Mister pulse started; ON until 52499.27s, cooldown until 52503.27s"
52505.01,INFO,"Mister pulse started; ON until 52505.26s, cooldown until 52509.26s"
52511.00,INFO,"Mister pulse started; ON until 52511.25s, cooldown until 52515.25s"
52526.03,INFO,"Mister pulse started; ON until 52526.28s, cooldown until 52530.28s"
52531.03,INFO,"Mister pulse started; ON until 52531.28s, cooldown until 52535.28s"
52541.00,INFO,"Mister pulse started; ON until 52541.25s, cooldown until 52545.25s"
52554.00,INFO,"Mister pulse started; ON until 52554.25s, cooldown until 52558.25s"
52559.02,INFO,"Mister pulse started; ON until 52559.27s, cooldown until 52563.27s"
52574.04,INFO,"Mister pulse started; ON until 52574.29s, cooldown until 52578.29s"
52579.04,INFO,"Mister pulse started; ON until 52579.29s, cooldown until 52583.29s"
52591.02,INFO,"Mister pulse started; ON until 52591.27s, cooldown until 52595.27s"
52599.03,INFO,"Mister pulse started; ON until 52599.28s, cooldown until 52603.28s"
52615.03,INFO,"Mister pulse started; ON until 52615.28s, cooldown until 52619.28s"
52625.04,INFO,"Mister pulse started; ON until 52625.29s, cooldown until 52629.29s"
52631.03,INFO,"Mister pulse started; ON until 52631.28s, cooldown until 52635.28s"
52645.03,INFO,"Mister pulse started; ON until 52645.28s, cooldown until 52649.28s"
52653.03,INFO,"Mister pulse started; ON until 52653.28s, cooldown until 52657.28s"
52668.01,INFO,"Mister pulse started; ON until 52668.26s, cooldown until 52672.26s"
52673.01,INFO,"Mister pulse started; ON until 52673.26s, cooldown until 52677.26s"
52683.03,INFO,"Mister pulse started; ON until 52683.28s, cooldown until 52687.28s"
52693.00,INFO,"Mister pulse started; ON until 52693.25s, cooldown until 52697.25s"
52706.01,INFO,"Mister pulse started; ON until 52706.26s, cooldown until 52710.26s"
52715.05,INFO,"Mister pulse started; ON until 52715.30s, cooldown until 52719.30s"
52723.05,INFO,"Mister pulse started; ON until 52723.30s, cooldown until 52727.30s"
52735.02,INFO,"Mister pulse started; ON until 52735.27s, cooldown until 52739.27s"
52740.04,INFO,"Mister pulse started; ON until 52740.29s, cooldown until 52744.29s"
52746.03,INFO,"Mister pulse started; ON until 52746.28s, cooldown until 52750.28s"
52760.02,INFO,"Mister pulse started; ON until 52760.27s, cooldown until 52764.27s"
52767.05,INFO,"Mister pulse started; ON until 52767.30s, cooldown until 52771.30s"
52772.01,INFO,"Mister pulse started; ON until 52772.26s, cooldown until 52776.26s"
52787.04,INFO,"Mister pulse started; ON until 52787.29s, cooldown until 52791.29s"
52795.04,INFO,"Mister pulse started; ON until 52795.29s, cooldown until 52799.29s"
52808.00,INFO,"Mister pulse started; ON until 52808.25s, cooldown until 52812.25s"
52813.01,INFO,"Mister pulse started; ON until 52813.26s, cooldown until 52817.26s"
52819.04,INFO,"Mister pulse started; ON until 52819.29s, cooldown until 52823.29s"
52834.03,INFO,"Mister pulse started; ON until 52834.28s, cooldown until 52838.28s"
52840.01,INFO,"Mister pulse started; ON until 52840.26s, cooldown until 52844.26s"
52850.03,INFO,"Mister pulse started; ON until 52850.28s, cooldown until 52854.28s"
52863.03,INFO,"Mister pulse started; ON until 52863.28s, cooldown until 52867.28s"
52868.00,INFO,"Mister pulse started; ON until 52868.25s, cooldown until 52872.25s"
52873.01,INFO,"Mister pulse started; ON until 52873.26s, cooldown until 52877.26s"
52885.05,INFO,"Mister pulse started; ON until 52885.30s, cooldown until 52889.30s"
52891.04,INFO,"Mister pulse started; ON until 52891.29s, cooldown until 52895.29s"
52908.02,INFO,"Mister pulse started; ON until 52908.27s, cooldown until 52912.27s"
52913.03,INFO,"Mister pulse started; ON until 52913.28s, cooldown until 52917.28s"
52918.04,INFO,"Mister pulse started; ON until 52918.29s, cooldown until 52922.29s"
52929.04,INFO,"Mister pulse started; ON until 52929.29s, cooldown until 52933.29s"
52940.04,INFO,"Mister pulse started; ON until 52940.29s, cooldown until 52944.29s"
52945.04,INFO,"Mister pulse started; ON until 52945.29s, cooldown until 52949.29s"
52955.01,INFO,"Mister pulse started; ON until 52955.26s, cooldown until 52959.26s"
52961.00,INFO,"Mister pulse started; ON until 52961.25s, cooldown until 52965.25s"
52977.01,INFO,"Mister pulse started; ON until 52977.26s, cooldown until 52981.26s"
52983.05,INFO,"Mister pulse started; ON until 52983.30s, cooldown until 52987.30s"
52996.00,INFO,"Mister pulse started; ON until 52996.25s, cooldown until 53000.25s"
53003.02,INFO,"Mister pulse started; ON until 53003.27s, cooldown until 53007.27s"
53008.03,INFO,"Mister pulse started; ON until 53008.28s, cooldown until 53012.28s"
53020.01,INFO,"Mister pulse started; ON until 53020.26s, cooldown until 53024.26s"
53025.02,INFO,"Mister pulse started; ON until 53025.27s, cooldown until 53029.27s"
53039.01,INFO,"Mister pulse started; ON until 53039.26s, cooldown until 53043.26s"
53049.03,INFO,"Mister pulse started; ON until 53049.28s, cooldown until 53053.28s"
53063.02,INFO,"Mister pulse started; ON until 53063.27s, cooldown until 53067.27s"
53068.03,INFO,"Mister pulse started; ON until 53068.28s, cooldown until 53072.28s"
53079.03,INFO,"Mister pulse started; ON until 53079.28s, cooldown until 53083.28s"
53087.03,INFO,"Mister pulse started; ON until 53087.28s, cooldown until 53091.28s"
53100.04,INFO,"Mister pulse started; ON until 53100.29s, cooldown until 53104.29s"
53105.00,INFO,"Mister pulse started; ON until 53105.25s, cooldown until 53109.25s"
53110.01,INFO,"Mister pulse started; ON until 53110.26s, cooldown until 53114.26s"
53124.01,INFO,"Mister pulse started; ON until 53124.26s, cooldown until 53128.26s"
53129.01,INFO,"Mister pulse started; ON until 53129.26s, cooldown until 53133.26s"
53136.04,INFO,"Mister pulse started; ON until 53136.29s, cooldown until 53140.29s"
53153.03,INFO,"Mister pulse started; ON until 53153.28s, cooldown until 53157.28s"
53158.04,INFO,"Mister pulse started; ON until 53158.29s, cooldown until 53162.29s"
53163.04,INFO,"Mister pulse started; ON until 53163.29s, cooldown until 53167.29s"
53175.03,INFO,"Mister pulse started; ON until 53175.28s, cooldown until 53179.28s"
53186.02,INFO,"Mister pulse started; ON until 53186.27s, cooldown until 53190.27s"
53191.03,INFO,"Mister pulse started; ON until 53191.28s, cooldown until 53195.28s"
53208.02,INFO,"Mister pulse started; ON until 53208.27s, cooldown until 53212.27s"
53213.03,INFO,"Mister pulse started; ON until 53213.28s, cooldown until 53217.28s"
53224.03,INFO,"Mister pulse started; ON until 53224.28s, cooldown until 53228.28s"
53229.04,INFO,"Mister pulse started; ON until 53229.29s, cooldown until 53233.29s"
53238.03,INFO,"Mister pulse started; ON until 53238.28s, cooldown until 53242.28s"
53255.01,INFO,"Mister pulse started; ON until 53255.26s, cooldown until 53259.26s"
53260.02,INFO,"Mister pulse started; ON until 53260.27s, cooldown until 53264.27s"
53265.03,INFO,"Mister pulse started; ON until 53265.28s, cooldown until 53269.28s"
53276.03,INFO,"Mister pulse started; ON until 53276.28s, cooldown until 53280.28s"
53288.01,INFO,"Mister pulse started; ON until 53288.26s, cooldown until 53292.26s"
53293.02,INFO,"Mister pulse started; ON until 53293.27s, cooldown until 53297.27s"
53308.05,INFO,"Mister pulse started; ON until 53308.30s, cooldown until 53312.30s"
53315.02,INFO,"Mister pulse started; ON until 53315.27s, cooldown until 53319.27s"
53330.05,INFO,"Mister pulse started; ON until 53330.30s, cooldown until 53334.30s"
53335.01,INFO,"Mister pulse started; ON until 53335.26s, cooldown until 53339.26s"
53344.04,INFO,"Mister pulse started; ON until 53344.29s, cooldown until 53348.29s"
53352.05,INFO,"Mister pulse started; ON until 53352.30s, cooldown until 53356.30s"
53357.01,INFO,"Mister pulse started; ON until 53357.26s, cooldown until 53361.26s"
53365.02,INFO,"Mister pulse started; ON until 53365.27s, cooldown until 53369.27s"
53371.01,INFO,"Mister pulse started; ON until 53371.26s, cooldown until 53375.26s"
53385.01,INFO,"Mister pulse started; ON until 53385.26s, cooldown until 53389.26s"
53393.01,INFO,"Mister pulse started; ON until 53393.26s, cooldown until 53397.26s"
53405.04,INFO,"Mister pulse started; ON until 53405.29s, cooldown until 53409.29s"
53410.00,INFO,"Mister pulse started; ON until 53410.25s, cooldown until 53414.25s"
53425.02,INFO,"Mister pulse started; ON until 53425.27s, cooldown until 53429.27s"
53431.01,INFO,"Mister pulse started; ON until 53431.26s, cooldown until 53435.26s"
53445.00,INFO,"Mister pulse started; ON until 53445.25s, cooldown until 53449.25s"
53450.01,INFO,"Mister pulse started; ON until 53450.26s, cooldown until 53454.26s"
53464.00,INFO,"Mister pulse started; ON until 53464.25s, cooldown until 53468.25s"
53470.04,INFO,"Mister pulse started; ON until 53470.29s, cooldown until 53474.29s"
53483.01,INFO,"Mister pulse started; ON until 53483.26s, cooldown until 53487.26s"
53488.02,INFO,"Mister pulse started; ON until 53488.27s, cooldown until 53492.27s"
53499.02,INFO,"Mister pulse started; ON until 53499.27s, cooldown until 53503.27s"
53504.04,INFO,"Mister pulse started; ON until 53504.29s, cooldown until 53508.29s"
53516.01,INFO,"Mister pulse started; ON until 53516.26s, cooldown until 53520.26s"
53523.03,INFO,"Mister pulse started; ON until 53523.28s, cooldown until 53527.28s"
53528.05,INFO,"Mister pulse started; ON until 53528.30s, cooldown until 53532.30s"
53537.03,INFO,"Mister pulse started; ON until 53537.28s, cooldown until 53541.28s"
53552.00,INFO,"Mister pulse started; ON until 53552.25s, cooldown until 53556.25s"
53563.05,INFO,"Mister pulse started; ON until 53563.30s, cooldown until 53567.30s"
53569.05,INFO,"Mister pulse started; ON until 53569.30s, cooldown until 53573.30s"
53584.02,INFO,"Mister pulse started; ON until 53584.27s, cooldown until 53588.27s"
53589.02,INFO,"Mister pulse started; ON until 53589.27s, cooldown until 53593.27s"
53605.03,INFO,"Mister pulse started; ON until 53605.28s, cooldown until 53609.28s"
53610.04,INFO,"Mister pulse started; ON until 53610.29s, cooldown until 53614.29s"
53618.04,INFO,"Mister pulse started; ON until 53618.29s, cooldown until 53622.29s"
53623.01,INFO,"Mister pulse started; ON until 53623.26s, cooldown until 53627.26s"
53639.01,INFO,"Mister pulse started; ON until 53639.26s, cooldown until 53643.26s"
53651.04,INFO,"Mister pulse started; ON until 53651.29s, cooldown until 53655.29s"
53656.05,INFO,"Mister pulse started; ON until 53656.30s, cooldown until 53660.30s"
53671.03,INFO,"Mister pulse started; ON until 53671.28s, cooldown until 53675.28s"
53680.01,INFO,"Mister pulse started; ON until 53680.26s, cooldown until 53684.26s"
53687.04,INFO,"Mister pulse started; ON until 53687.29s, cooldown until 53691.29s"
53701.04,INFO,"Mister pulse started; ON until 53701.29s, cooldown until 53705.29s"
53708.01,INFO,"Mister pulse started; ON until 53708.26s, cooldown until 53712.26s"
53722.01,INFO,"Mister pulse started; ON until 53722.26s, cooldown until 53726.26s"
53728.00,INFO,"Mister pulse started; ON until 53728.25s, cooldown until 53732.25s"
53735.02,INFO,"Mister pulse started; ON until 53735.27s, cooldown until 53739.27s"
53743.04,INFO,"Mister pulse started; ON until 53743.29s, cooldown until 53747.29s"
53748.05,INFO,"Mister pulse started; ON until 53748.30s, cooldown until 53752.30s"
53761.01,INFO,"Mister pulse started; ON until 53761.26s, cooldown until 53765.26s"
53767.04,INFO,"Mister pulse started; ON until 53767.29s, cooldown until 53771.29s"
53772.00,INFO,"Mister pulse started; ON until 53772.25s, cooldown until 53776.25s"
53789.04,INFO,"Mister pulse started; ON until 53789.29s, cooldown until 53793.29s"
53800.04,INFO,"Mister pulse started; ON until 53800.29s, cooldown until 53804.29s"
53805.05,INFO,"Mister pulse started; ON until 53805.30s, cooldown until 53809.30s"
53818.01,INFO,"Mister pulse started; ON until 53818.26s, cooldown until 53822.26s"
53830.04,INFO,"Mister pulse started; ON until 53830.29s, cooldown until 53834.29s"
53835.00,INFO,"Mister pulse started; ON until 53835.25s, cooldown until 53839.25s"
53849.05,INFO,"Mister pulse started; ON until 53849.30s, cooldown until 53853.30s"
53857.00,INFO,"Mister pulse started; ON until 53857.25s, cooldown until 53861.25s"
53867.02,INFO,"Mister pulse started; ON until 53867.27s, cooldown until 53871.27s"
53880.04,INFO,"Mister pulse started; ON until 53880.29s, cooldown until 53884.29s"
53889.02,INFO,"Mister pulse started; ON until 53889.27s, cooldown until 53893.27s"
53902.03,INFO,"Mister pulse started; ON until 53902.28s, cooldown until 53906.28s"
53907.05,INFO,"Mister pulse started; ON until 53907.30s, cooldown until 53911.30s"
53922.02,INFO,"Mister pulse started; ON until 53922.27s, cooldown until 53926.27s"
53936.02,INFO,"Mister pulse started; ON until 53936.27s, cooldown until 53940.27s"
53942.00,INFO,"Mister pulse started; ON until 53942.25s, cooldown until 53946.25s"
53953.00,INFO,"Mister pulse started; ON until 53953.25s, cooldown until 53957.25s"
53968.03,INFO,"Mister pulse started; ON until 53968.28s, cooldown until 53972.28s"
53975.01,INFO,"Mister pulse started; ON until 53975.26s, cooldown until 53979.26s"
53987.03,INFO,"Mister pulse started; ON until 53987.28s, cooldown until 53991.28s"
53992.05,INFO,"Mister pulse started; ON until 53992.30s, cooldown until 53996.30s"
54005.00,INFO,"Mister pulse started; ON until 54005.25s, cooldown until 54009.25s"
54014.03,INFO,"Mister pulse started; ON until 54014.28s, cooldown until 54018.28s"
54023.02,INFO,"Mister pulse started; ON until 54023.27s, cooldown until 54027.27s"
54036.03,INFO,"Mister pulse started; ON until 54036.28s, cooldown until 54040.28s"
54041.04,INFO,"Mister pulse started; ON until 54041.29s, cooldown until 54045.29s"
54057.05,INFO,"Mister pulse started; ON until 54057.30s, cooldown until 54061.30s"
54067.02,INFO,"Mister pulse started; ON until 54067.27s, cooldown until 54071.27s"
54072.03,INFO,"Mister pulse started; ON until 54072.28s, cooldown until 54076.28s"
54088.02,INFO,"Mister pulse started; ON until 54088.27s, cooldown until 54092.27s"
54099.02,INFO,"Mister pulse started; ON until 54099.27s, cooldown until 54103.27s"
54105.01,INFO,"Mister pulse started; ON until 54105.26s, cooldown until 54109.26s"
54112.03,INFO,"Mister pulse started; ON until 54112.28s, cooldown until 54116.28s"
54130.04,INFO,"Mister pulse started; ON until 54130.29s, cooldown until 54134.29s"
54135.00,INFO,"Mister pulse started; ON until 54135.25s, cooldown until 54139.25s"
54147.02,INFO,"Mister pulse started; ON until 54147.27s, cooldown until 54151.27s"
54152.04,INFO,"Mister pulse started; ON until 54152.29s, cooldown until 54156.29s"
54165.00,INFO,"Mister pulse started; ON until 54165.25s, cooldown until 54169.25s"
54171.04,INFO,"Mister pulse started; ON until 54171.29s, cooldown until 54175.29s"
54178.01,INFO,"Mister pulse started; ON until 54178.26s, cooldown until 54182.26s"
54186.02,INFO,"Mister pulse started; ON until 54186.27s, cooldown until 54190.27s"
54192.00,INFO,"Mister pulse started; ON until 54192.25s, cooldown until 54196.25s"
54198.04,INFO,"Mister pulse started; ON until 54198.29s, cooldown until 54202.29s"
54214.05,INFO,"Mister pulse started; ON until 54214.30s, cooldown until 54218.30s"
54231.05,INFO,"Mister pulse started; ON until 54231.30s, cooldown until 54235.30s"
54244.00,INFO,"Mister pulse started; ON until 54244.25s, cooldown until 54248.25s"
54255.05,INFO,"Mister pulse started; ON until 54255.30s, cooldown until 54259.30s"
54270.02,INFO,"Mister pulse started; ON until 54270.27s, cooldown until 54274.27s"
54282.00,INFO,"Mister pulse started; ON until 54282.25s, cooldown until 54286.25s"
54289.03,INFO,"Mister pulse started; ON until 54289.28s, cooldown until 54293.28s"
54297.03,INFO,"Mister pulse started; ON until 54297.28s, cooldown until 54301.28s"
54304.05,INFO,"Mister pulse started; ON until 54304.30s, cooldown until 54308.30s"
54310.04,INFO,"Mister pulse started; ON until 54310.29s, cooldown until 54314.29s"
54325.02,INFO,"Mister pulse started; ON until 54325.27s, cooldown until 54329.27s"
54332.04,INFO,"Mister pulse started; ON until 54332.29s, cooldown until 54336.29s"
54349.03,INFO,"Mister pulse started; ON until 54349.28s, cooldown until 54353.28s"
54359.04,INFO,"Mister pulse started; ON until 54359.29s, cooldown until 54363.29s"
54364.00,INFO,"Mister pulse started; ON until 54364.25s, cooldown until 54368.25s"
54380.01,INFO,"Mister pulse started; ON until 54380.26s, cooldown until 54384.26s"
54391.00,INFO,"Mister pulse started; ON until 54391.25s, cooldown until 54395.25s"
54396.01,INFO,"Mister pulse started; ON until 54396.26s, cooldown until 54400.26s"
54412.02,INFO,"Mister pulse started; ON until 54412.27s, cooldown until 54416.27s"
54424.00,INFO,"Mister pulse started; ON until 54424.25s, cooldown until 54428.25s"
54431.02,INFO,"Mister pulse started; ON until 54431.27s, cooldown until 54435.27s"
54439.03,INFO,"Mister pulse started; ON until 54439.28s, cooldown until 54443.28s"
54447.04,INFO,"Mister pulse started; ON until 54447.29s, cooldown until 54451.29s"
54456.03,INFO,"Mister pulse started; ON until 54456.28s, cooldown until 54460.28s"
54466.04,INFO,"Mister pulse started; ON until 54466.29s, cooldown until 54470.29s"
54478.02,INFO,"Mister pulse started; ON until 54478.27s, cooldown until 54482.27s"
54483.03,INFO,"Mister pulse started; ON until 54483.28s, cooldown until 54487.28s"
54499.04,INFO,"Mister pulse started; ON until 54499.29s, cooldown until 54503.29s"
54508.00,INFO,"Mister pulse started; ON until 54508.25s, cooldown until 54512.25s"
54517.04,INFO,"Mister pulse started; ON until 54517.29s, cooldown until 54521.29s"
54522.00,INFO,"Mister pulse started; ON until 54522.25s, cooldown until 54526.25s"
54528.04,INFO,"Mister pulse started; ON until 54528.29s, cooldown until 54532.29s"
54542.04,INFO,"Mister pulse started; ON until 54542.29s, cooldown until 54546.29s"
54547.04,INFO,"Mister pulse started; ON until 54547.29s, cooldown until 54551.29s"
54558.05,INFO,"Mister pulse started; ON until 54558.30s, cooldown until 54562.30s"
54563.01,INFO,"Mister pulse started; ON until 54563.26s, cooldown until 54567.26s"
54568.02,INFO,"Mister pulse started; ON until 54568.27s, cooldown until 54572.27s"
54585.05,INFO,"Mister pulse started; ON until 54585.30s, cooldown until 54589.30s"
54599.03,INFO,"Mister pulse started; ON until 54599.28s, cooldown until 54603.28s"
54607.04,INFO,"Mister pulse started; ON until 54607.29s, cooldown until 54611.29s"
54620.05,INFO,"Mister pulse started; ON until 54620.30s, cooldown until 54624.30s"
54625.00,INFO,"Mister pulse started; ON until 54625.25s, cooldown until 54629.25s"
54630.01,INFO,"Mister pulse started; ON until 54630.26s, cooldown until 54634.26s"
54645.03,INFO,"Mister pulse started; ON until 54645.28s, cooldown until 54649.28s"
54650.04,INFO,"Mister pulse started; ON until 54650.29s, cooldown until 54654.29s"
54655.05,INFO,"Mister pulse started; ON until 54655.30s, cooldown until 54659.30s"
54668.01,INFO,"Mister pulse started; ON until 54668.26s, cooldown until 54672.26s"
54677.00,INFO,"Mister pulse started; ON until 54677.25s, cooldown until 54681.25s"
54691.04,INFO,"Mister pulse started; ON until 54691.29s, cooldown until 54695.29s"
54696.05,INFO,"Mister pulse started; ON until 54696.30s, cooldown until 54700.30s"
54714.02,INFO,"Mister pulse started; ON until 54714.27s, cooldown until 54718.27s"
54719.03,INFO,"Mister pulse started; ON until 54719.28s, cooldown until 54723.28s"
54737.01,INFO,"Mister pulse started; ON until 54737.26s, cooldown until 54741.26s"
54742.02,INFO,"Mister pulse started; ON until 54742.27s, cooldown until 54746.27s"
54757.04,INFO,"Mister pulse started; ON until 54757.29s, cooldown until 54761.29s"
54765.04,INFO,"Mister pulse started; ON until 54765.29s, cooldown until 54769.29s"
54778.01,INFO,"Mister pulse started; ON until 54778.26s, cooldown until 54782.26s"
54786.01,INFO,"Mister pulse started; ON until 54786.26s, cooldown until 54790.26s"
54798.04,INFO,"Mister pulse started; ON until 54798.29s, cooldown until 54802.29s"
54812.04,INFO,"Mister pulse started; ON until 54812.29s, cooldown until 54816.29s"
54818.03,INFO,"Mister pulse started; ON until 54818.28s, cooldown until 54822.28s"
54832.01,INFO,"Mister pulse started; ON until 54832.26s, cooldown until 54836.26s"
54838.00,INFO,"Mister pulse started; ON until 54838.25s, cooldown until 54842.25s"
54846.01,INFO,"Mister pulse started; ON until 54846.26s, cooldown until 54850.26s"
54852.05,INFO,"Mister pulse started; ON until 54852.30s, cooldown until 54856.30s"
54865.00,INFO,"Mister pulse started; ON until 54865.25s, cooldown until 54869.25s"
54875.01,INFO,"Mister pulse started; ON until 54875.26s, cooldown until 54879.26s"
54888.02,INFO,"Mister pulse started; ON until 54888.27s, cooldown until 54892.27s"
54893.04,INFO,"Mister pulse started; ON until 54893.29s, cooldown until 54897.29s"
54910.02,INFO,"Mister pulse started; ON until 54910.27s, cooldown until 54914.27s"
54915.03,INFO,"Mister pulse started; ON until 54915.28s, cooldown until 54919.28s"
54929.02,INFO,"Mister pulse started; ON until 54929.27s, cooldown until 54933.27s"
54934.03,INFO,"Mister pulse started; ON until 54934.28s, cooldown until 54938.28s"
54942.04,INFO,"Mister pulse started; ON until 54942.29s, cooldown until 54946.29s"
54948.03,INFO,"Mister pulse started; ON until 54948.28s, cooldown until 54952.28s"
54964.04,INFO,"Mister pulse started; ON until 54964.29s, cooldown until 54968.29s"
54978.03,INFO,"Mister pulse started; ON until 54978.28s, cooldown until 54982.28s"
54988.00,INFO,"Mister pulse started; ON until 54988.25s, cooldown until 54992.25s"
54993.02,INFO,"Mister pulse started; ON until 54993.27s, cooldown until 54997.27s"
55007.00,INFO,"Mister pulse started; ON until 55007.25s, cooldown until 55011.25s"
55012.01,INFO,"Mister pulse started; ON until 55012.26s, cooldown until 55016.26s"
55021.04,INFO,"Mister pulse started; ON until 55021.29s, cooldown until 55025.29s"
55026.00,INFO,"Mister pulse started; ON until 55026.25s, cooldown until 55030.25s"
55043.05,INFO,"Mister pulse started; ON until 55043.30s, cooldown until 55047.30s"
55050.02,INFO,"Mister pulse started; ON until 55050.27s, cooldown until 55054.27s"
55068.04,INFO,"Mister pulse started; ON until 55068.29s, cooldown until 55072.29s"
55073.00,INFO,"Mister pulse started; ON until 55073.25s, cooldown until 55077.25s"
55086.01,INFO,"Mister pulse started; ON until 55086.26s, cooldown until 55090.26s"
55092.00,INFO,"Mister pulse started; ON until 55092.25s, cooldown until 55096.25s"
55103.00,INFO,"Mister pulse started; ON until 55103.25s, cooldown until 55107.25s"
55113.01,INFO,"Mister pulse started; ON until 55113.26s, cooldown until 55117.26s"
55127.01,INFO,"Mister pulse started; ON until 55127.26s, cooldown until 55131.26s"
55137.02,INFO,"Mister pulse started; ON until 55137.27s, cooldown until 55141.27s"
55152.04,INFO,"Mister pulse started; ON until 55152.29s, cooldown until 55156.29s"
55163.00,INFO,"Mister pulse started; ON until 55163.25s, cooldown until 55167.25s"
55169.05,INFO,"Mister pulse started; ON until 55169.30s, cooldown until 55173.30s"
55185.01,INFO,"Mister pulse started; ON until 55185.26s, cooldown until 55189.26s"
55190.02,INFO,"Mister pulse started; ON until 55190.27s, cooldown until 55194.27s"
55203.03,INFO,"Mister pulse started; ON until 55203.28s, cooldown until 55207.28s"
55208.04,INFO,"Mister pulse started; ON until 55208.29s, cooldown until 55212.29s"
55225.02,INFO,"Mister pulse started; ON until 55225.27s, cooldown until 55229.27s"
55230.03,INFO,"Mister pulse started; ON until 55230.28s, cooldown until 55234.28s"
55236.02,INFO,"Mister pulse started; ON until 55236.27s, cooldown until 55240.27s"
55250.01,INFO,"Mister pulse started; ON until 55250.26s, cooldown until 55254.26s"
55256.05,INFO,"Mister pulse started; ON until 55256.30s, cooldown until 55260.30s"
55273.04,INFO,"Mister pulse started; ON until 55273.29s, cooldown until 55277.29s"
55278.02,INFO,"Mister pulse started; ON until 55278.27s, cooldown until 55282.27s"
55284.02,INFO,"Mister pulse started; ON until 55284.27s, cooldown until 55288.27s"
55298.01,INFO,"Mister pulse started; ON until 55298.26s, cooldown until 55302.26s"
55304.05,INFO,"Mister pulse started; ON until 55304.30s, cooldown until 55308.30s"
55319.03,INFO,"Mister pulse started; ON until 55319.28s, cooldown until 55323.28s"
55329.04,INFO,"Mister pulse started; ON until 55329.29s, cooldown until 55333.29s"
55335.03,INFO,"Mister pulse started; ON until 55335.28s, cooldown until 55339.28s"
55352.02,INFO,"Mister pulse started; ON until 55352.27s, cooldown until 55356.27s"
55357.03,INFO,"Mister pulse started; ON until 55357.28s, cooldown until 55361.28s"
55362.04,INFO,"Mister pulse started; ON until 55362.29s, cooldown until 55366.29s"
55374.02,INFO,"Mister pulse started; ON until 55374.27s, cooldown until 55378.27s"
55384.04,INFO,"Mister pulse started; ON until 55384.29s, cooldown until 55388.29s"
55390.04,INFO,"Mister pulse started; ON until 55390.29s, cooldown until 55394.29s"
55404.03,INFO,"Mister pulse started; ON until 55404.28s, cooldown until 55408.28s"
55415.03,INFO,"Mister pulse started; ON until 55415.28s, cooldown until 55419.28s"
55420.04,INFO,"Mister pulse started; ON until 55420.29s, cooldown until 55424.29s"
55433.04,INFO,"Mister pulse started; ON until 55433.29s, cooldown until 55437.29s"
55438.05,INFO,"Mister pulse started; ON until 55438.30s, cooldown until 55442.30s"
55453.03,INFO,"Mister pulse started; ON until 55453.28s, cooldown until 55457.28s"
55468.02,INFO,"Mister pulse started; ON until 55468.27s, cooldown until 55472.27s"
55480.04,INFO,"Mister pulse started; ON until 55480.29s, cooldown until 55484.29s"
55487.02,INFO,"Mister pulse started; ON until 55487.27s, cooldown until 55491.27s"
55497.04,INFO,"Mister pulse started; ON until 55497.29s, cooldown until 55501.29s"
55505.04,INFO,"Mister pulse started; ON until 55505.29s, cooldown until 55509.29s"
55515.01,INFO,"Mister pulse started; ON until 55515.26s, cooldown until 55519.26s"
55529.05,INFO,"Mister pulse started; ON until 55529.30s, cooldown until 55533.30s"
55534.00,INFO,"Mister pulse started; ON until 55534.25s, cooldown until 55538.25s"
55541.02,INFO,"Mister pulse started; ON until 55541.27s, cooldown until 55545.27s"
55550.01,INFO,"Mister pulse started; ON until 55550.26s, cooldown until 55554.26s"
55555.02,INFO,"Mister pulse started; ON until 55555.27s, cooldown until 55559.27s"
55572.00,INFO,"Mister pulse started; ON until 55572.25s, cooldown until 55576.25s"
55577.02,INFO,"Mister pulse started; ON until 55577.27s, cooldown until 55581.27s"
55588.01,INFO,"Mister pulse started; ON until 55588.26s, cooldown until 55592.26s"
55593.02,INFO,"Mister pulse started; ON until 55593.27s, cooldown until 55597.27s"
55607.01,INFO,"Mister pulse started; ON until 55607.26s, cooldown until 55611.26s"
55613.00,INFO,"Mister pulse started; ON until 55613.25s, cooldown until 55617.25s"
55624.00,INFO,"Mister pulse started; ON until 55624.25s, cooldown until 55628.25s"
55632.00,INFO,"Mister pulse started; ON until 55632.25s, cooldown until 55636.25s"
55645.01,INFO,"Mister pulse started; ON until 55645.26s, cooldown until 55649.26s"
55651.05,INFO,"Mister pulse started; ON until 55651.30s, cooldown until 55655.30s"
55669.02,INFO,"Mister pulse started; ON until 55669.27s, cooldown until 55673.27s"
55674.03,INFO,"Mister pulse started; ON until 55674.28s, cooldown until 55678.28s"
55690.04,INFO,"Mister pulse started; ON until 55690.29s, cooldown until 55694.29s"
55699.02,INFO,"Mister pulse started; ON until 55699.27s, cooldown until 55703.27s"
55705.01,INFO,"Mister pulse started; ON until 55705.26s, cooldown until 55709.26s"
55722.05,INFO,"Mister pulse started; ON until 55722.30s, cooldown until 55726.30s"
55729.02,INFO,"Mister pulse started; ON until 55729.27s, cooldown until 55733.27s"
55747.04,INFO,"Mister pulse started; ON until 55747.29s, cooldown until 55751.29s"
55752.05,INFO,"Mister pulse started; ON until 55752.30s, cooldown until 55756.30s"
55765.00,INFO,"Mister pulse started; ON until 55765.25s, cooldown until 55769.25s"
55770.01,INFO,"Mister pulse started; ON until 55770.26s, cooldown until 55774.26s"
55775.02,INFO,"Mister pulse started; ON until 55775.27s, cooldown until 55779.27s"
55791.02,INFO,"Mister pulse started; ON until 55791.27s, cooldown until 55795.27s"
55801.04,INFO,"Mister pulse started; ON until 55801.29s, cooldown until 55805.29s"
55816.02,INFO,"Mister pulse started; ON until 55816.27s, cooldown until 55820.27s"
55830.01,INFO,"Mister pulse started; ON until 55830.26s, cooldown until 55834.26s"
55835.02,INFO,"Mister pulse started; ON until 55835.27s, cooldown until 55839.27s"
55847.04,INFO,"Mister pulse started; ON until 55847.29s, cooldown until 55851.29s"
55857.01,INFO,"Mister pulse started; ON until 55857.26s, cooldown until 55861.26s"
55862.01,INFO,"Mister pulse started; ON until 55862.26s, cooldown until 55866.26s"
55877.04,INFO,"Mister pulse started; ON until 55877.29s, cooldown until 55881.29s"
55883.03,INFO,"Mister pulse started; ON until 55883.28s, cooldown until 55887.28s"
55894.03,INFO,"Mister pulse started; ON until 55894.28s, cooldown until 55898.28s"
55907.05,INFO,"Mister pulse started; ON until 55907.30s, cooldown until 55911.30s"
55912.00,INFO,"Mister pulse started; ON until 55912.25s, cooldown until 55916.25s"
55918.04,INFO,"Mister pulse started; ON until 55918.29s, cooldown until 55922.29s"
55934.05,INFO,"Mister pulse started; ON until 55934.30s, cooldown until 55938.30s"
55939.00,INFO,"Mister pulse started; ON until 55939.25s, cooldown until 55943.25s"
55954.03,INFO,"Mister pulse started; ON until 55954.28s, cooldown until 55958.28s"
55960.02,INFO,"Mister pulse started; ON until 55960.27s, cooldown until 55964.27s"
55966.01,INFO,"Mister pulse started; ON until 55966.26s, cooldown until 55970.26s"
55984.03,INFO,"Mister pulse started; ON until 55984.28s, cooldown until 55988.28s"
55989.05,INFO,"Mister pulse started; ON until 55989.30s, cooldown until 55993.30s"
55995.04,INFO,"Mister pulse started; ON until 55995.29s, cooldown until 55999.29s"
56009.03,INFO,"Mister pulse started; ON until 56009.28s, cooldown until 56013.28s"
56015.02,INFO,"Mister pulse started; ON until 56015.27s, cooldown until 56019.27s"
56021.01,INFO,"Mister pulse started; ON until 56021.26s, cooldown until 56025.26s"
56038.05,INFO,"Mister pulse started; ON until 56038.30s, cooldown until 56042.30s"
56046.01,INFO,"Mister pulse started; ON until 56046.26s, cooldown until 56050.26s"
56056.02,INFO,"Mister pulse started; ON until 56056.27s, cooldown until 56060.27s"
56061.03,INFO,"Mister pulse started; ON until 56061.28s, cooldown until 56065.28s"
56078.01,INFO,"Mister pulse started; ON until 56078.26s, cooldown until 56082.26s"
56083.02,INFO,"Mister pulse started; ON until 56083.27s, cooldown until 56087.27s"
56096.03,INFO,"Mister pulse started; ON until 56096.28s, cooldown until 56100.28s"
56101.04,INFO,"Mister pulse started; ON until 56101.29s, cooldown until 56105.29s"
56118.02,INFO,"Mister pulse started; ON until 56118.27s, cooldown until 56122.27s"
56123.03,INFO,"Mister pulse started; ON until 56123.28s, cooldown until 56127.28s"
56136.05,INFO,"Mister pulse started; ON until 56136.30s, cooldown until 56140.30s"
56141.01,INFO,"Mister pulse started; ON until 56141.26s, cooldown until 56145.26s"
56146.02,INFO,"Mister pulse started; ON until 56146.27s, cooldown until 56150.27s"
56163.01,INFO,"Mister pulse started; ON until 56163.26s, cooldown until 56167.26s"
56178.04,INFO,"Mister pulse started; ON until 56178.29s, cooldown until 56182.29s"
56183.04,INFO,"Mister pulse started; ON until 56183.29s, cooldown until 56187.29s"
56195.02,INFO,"Mister pulse started; ON until 56195.27s, cooldown until 56199.27s"
56209.01,INFO,"Mister pulse started; ON until 56209.26s, cooldown until 56213.26s"
56219.03,INFO,"Mister pulse started; ON until 56219.28s, cooldown until 56223.28s"
56234.01,INFO,"Mister pulse started; ON until 56234.26s, cooldown until 56238.26s"
56240.05,INFO,"Mister pulse started; ON until 56240.30s, cooldown until 56244.30s"
56255.02,INFO,"Mister pulse started; ON until 56255.27s, cooldown until 56259.27s"
56261.01,INFO,"Mister pulse started; ON until 56261.26s, cooldown until 56265.26s"
56273.04,INFO,"Mister pulse started; ON until 56273.29s, cooldown until 56277.29s"
56280.02,INFO,"Mister pulse started; ON until 56280.27s, cooldown until 56284.27s"
56294.01,INFO,"Mister pulse started; ON until 56294.26s, cooldown until 56298.26s"
56303.05,INFO,"Mister pulse started; ON until 56303.30s, cooldown until 56307.30s"
56313.01,INFO,"Mister pulse started; ON until 56313.26s, cooldown until 56317.26s"
56322.00,INFO,"Mister pulse started; ON until 56322.25s, cooldown until 56326.25s"
56329.02,INFO,"Mister pulse started; ON until 56329.27s, cooldown until 56333.27s"
56345.03,INFO,"Mister pulse started; ON until 56345.28s, cooldown until 56349.28s"
56358.03,INFO,"Mister pulse started; ON until 56358.28s, cooldown until 56362.28s"
56365.01,INFO,"Mister pulse started; ON until 56365.26s, cooldown until 56369.26s"
56376.00,INFO,"Mister pulse started; ON until 56376.25s, cooldown until 56380.25s"
56392.01,INFO,"Mister pulse started; ON until 56392.26s, cooldown until 56396.26s"
56402.03,INFO,"Mister pulse started; ON until 56402.28s, cooldown until 56406.28s"
56408.02,INFO,"Mister pulse started; ON until 56408.27s, cooldown until 56412.27s"
56423.05,INFO,"Mister pulse started; ON until 56423.30s, cooldown until 56427.30s"
56434.04,INFO,"Mister pulse started; ON until 56434.29s, cooldown until 56438.29s"
56439.00,INFO,"Mister pulse started; ON until 56439.25s, cooldown until 56443.25s"
56456.03,INFO,"Mister pulse started; ON until 56456.28s, cooldown until 56460.28s"
56465.01,INFO,"Mister pulse started; ON until 56465.26s, cooldown until 56469.26s"
56470.03,INFO,"Mister pulse started; ON until 56470.28s, cooldown until 56474.28s"
56486.03,INFO,"Mister pulse started; ON until 56486.28s, cooldown until 56490.28s"
56495.02,INFO,"Mister pulse started; ON until 56495.27s, cooldown until 56499.27s"
56511.03,INFO,"Mister pulse started; ON until 56511.28s, cooldown until 56515.28s"
56523.02,INFO,"Mister pulse started; ON until 56523.27s, cooldown until 56527.27s"
56533.03,INFO,"Mister pulse started; ON until 56533.28s, cooldown until 56537.28s"
56547.02,INFO,"Mister pulse started; ON until 56547.27s, cooldown until 56551.27s"
56553.01,INFO,"Mister pulse started; ON until 56553.26s, cooldown until 56557.26s"
56561.01,INFO,"Mister pulse started; ON until 56561.26s, cooldown until 56565.26s"
56571.02,INFO,"Mister pulse started; ON until 56571.27s, cooldown until 56575.27s"
56583.05,INFO,"Mister pulse started; ON until 56583.30s, cooldown until 56587.30s"
56598.03,INFO,"Mister pulse started; ON until 56598.28s, cooldown until 56602.28s"
56609.05,INFO,"Mister pulse started; ON until 56609.30s, cooldown until 56613.30s"
56614.01,INFO,"Mister pulse started; ON until 56614.26s, cooldown until 56618.26s"
56619.02,INFO,"Mister pulse started; ON until 56619.27s, cooldown until 56623.27s"
56634.05,INFO,"Mister pulse started; ON until 56634.30s, cooldown until 56638.30s"
56642.01,INFO,"Mister pulse started; ON until 56642.26s, cooldown until 56646.26s"
56656.00,INFO,"Mister pulse started; ON until 56656.25s, cooldown until 56660.25s"
56662.05,INFO,"Mister pulse started; ON until 56662.30s, cooldown until 56666.30s"
56668.04,INFO,"Mister pulse started; ON until 56668.29s, cooldown until 56672.29s"
56686.01,INFO,"Mister pulse started; ON until 56686.26s, cooldown until 56690.26s"
56691.02,INFO,"Mister pulse started; ON until 56691.27s, cooldown until 56695.27s"
56708.01,INFO,"Mister pulse started; ON until 56708.26s, cooldown until 56712.26s"
56713.02,INFO,"Mister pulse started; ON until 56713.27s, cooldown until 56717.27s"
56718.02,INFO,"Mister pulse started; ON until 56718.27s, cooldown until 56722.27s"
56732.02,INFO,"Mister pulse started; ON until 56732.27s, cooldown until 56736.27s"
56737.04,INFO,"Mister pulse started; ON until 56737.29s, cooldown until 56741.29s"
56751.03,INFO,"Mister pulse started; ON until 56751.28s, cooldown until 56755.28s"
56758.05,INFO,"Mister pulse started; ON until 56758.30s, cooldown until 56762.30s"
56766.05,INFO,"Mister pulse started; ON until 56766.30s, cooldown until 56770.30s"
56776.02,INFO,"Mister pulse started; ON until 56776.27s, cooldown until 56780.27s"
56787.01,INFO,"Mister pulse started; ON until 56787.26s, cooldown until 56791.26s"
56792.02,INFO,"Mister pulse started; ON until 56792.27s, cooldown until 56796.27s"
56807.04,INFO,"Mister pulse started; ON until 56807.29s, cooldown until 56811.29s"
56813.02,INFO,"Mister pulse started; ON until 56813.27s, cooldown until 56817.27s"
56821.03,INFO,"Mister pulse started; ON until 56821.28s, cooldown until 56825.28s"
56833.00,INFO,"Mister pulse started; ON until 56833.25s, cooldown until 56837.25s"
56846.01,INFO,"Mister pulse started; ON until 56846.26s, cooldown until 56850.26s"
56852.00,INFO,"Mister pulse started; ON until 56852.25s, cooldown until 56856.25s"
56864.03,INFO,"Mister pulse started; ON until 56864.28s, cooldown until 56868.28s"
56875.03,INFO,"Mister pulse started; ON until 56875.28s, cooldown until 56879.28s"
56880.04,INFO,"Mister pulse started; ON until 56880.29s, cooldown until 56884.29s"
56895.01,INFO,"Mister pulse started; ON until 56895.26s, cooldown until 56899.26s"
56900.02,INFO,"Mister pulse started; ON until 56900.27s, cooldown until 56904.27s"
56912.05,INFO,"Mister pulse started; ON until 56912.30s, cooldown until 56916.30s"
56924.02,INFO,"Mister pulse started; ON until 56924.27s, cooldown until 56928.27s"
56932.04,INFO,"Mister pulse started; ON until 56932.29s, cooldown until 56936.29s"
56948.04,INFO,"Mister pulse started; ON until 56948.29s, cooldown until 56952.29s"
56960.02,INFO,"Mister pulse started; ON until 56960.27s, cooldown until 56964.27s"
56966.01,INFO,"Mister pulse started; ON until 56966.26s, cooldown until 56970.26s"
56979.03,INFO,"Mister pulse started; ON until 56979.28s, cooldown until 56983.28s"
56993.02,INFO,"Mister pulse started; ON until 56993.27s, cooldown until 56997.27s"
57004.01,INFO,"Mister pulse started; ON until 57004.26s, cooldown until 57008.26s"
57009.02,INFO,"Mister pulse started; ON until 57009.27s, cooldown until 57013.27s"
57025.02,INFO,"Mister pulse started; ON until 57025.27s, cooldown until 57029.27s"
57030.03,INFO,"Mister pulse started; ON until 57030.28s, cooldown until 57034.28s"
57042.01,INFO,"Mister pulse started; ON until 57042.26s, cooldown until 57046.26s"
57055.03,INFO,"Mister pulse started; ON until 57055.28s, cooldown until 57059.28s"
57061.02,INFO,"Mister pulse started; ON until 57061.27s, cooldown until 57065.27s"
57069.03,INFO,"Mister pulse started; ON until 57069.28s, cooldown until 57073.28s"
57080.03,INFO,"Mister pulse started; ON until 57080.28s, cooldown until 57084.28s"
57093.03,INFO,"Mister pulse started; ON until 57093.28s, cooldown until 57097.28s"
57098.05,INFO,"Mister pulse started; ON until 57098.30s, cooldown until 57102.30s"
57115.03,INFO,"Mister pulse started; ON until 57115.28s, cooldown until 57119.28s"
57120.05,INFO,"Mister pulse started; ON until 57120.30s, cooldown until 57124.30s"
57127.02,INFO,"Mister pulse started; ON until 57127.27s, cooldown until 57131.27s"
57144.00,INFO,"Mister pulse started; ON until 57144.25s, cooldown until 57148.25s"
57156.04,INFO,"Mister pulse started; ON until 57156.29s, cooldown until 57160.29s"
57162.03,INFO,"Mister pulse started; ON until 57162.28s, cooldown until 57166.28s"
57169.05,INFO,"Mister pulse started; ON until 57169.30s, cooldown until 57173.30s"
57186.00,INFO,"Mister pulse started; ON until 57186.25s, cooldown until 57190.25s"
57191.01,INFO,"Mister pulse started; ON until 57191.26s, cooldown until 57195.26s"
57206.04,INFO,"Mister pulse started; ON until 57206.29s, cooldown until 57210.29s"
57211.05,INFO,"Mister pulse started; ON until 57211.30s, cooldown until 57215.30s"
57225.04,INFO,"Mister pulse started; ON until 57225.29s, cooldown until 57229.29s"
57230.00,INFO,"Mister pulse started; ON until 57230.25s, cooldown until 57234.25s"
57247.05,INFO,"Mister pulse started; ON until 57247.30s, cooldown until 57251.30s"
57253.04,INFO,"Mister pulse started; ON until 57253.29s, cooldown until 57257.29s"
57270.03,INFO,"Mister pulse started; ON until 57270.28s, cooldown until 57274.28s"
57277.00,INFO,"Mister pulse started; ON until 57277.25s, cooldown until 57281.25s"
57294.04,INFO,"Mister pulse started; ON until 57294.29s, cooldown until 57298.29s"
57309.01,INFO,"Mister pulse started; ON until 57309.26s, cooldown until 57313.26s"
57321.04,INFO,"Mister pulse started; ON until 57321.29s, cooldown until 57325.29s"
57329.05,INFO,"Mister pulse started; ON until 57329.30s, cooldown until 57333.30s"
57334.01,INFO,"Mister pulse started; ON until 57334.26s, cooldown until 57338.26s"
57343.04,INFO,"Mister pulse started; ON until 57343.29s, cooldown until 57347.29s"
57348.01,INFO,"Mister pulse started; ON until 57348.26s, cooldown until 57352.26s"
57364.02,INFO,"Mister pulse started; ON until 57364.27s, cooldown until 57368.27s"
57378.01,INFO,"Mister pulse started; ON until 57378.26s, cooldown until 57382.26s"
57388.03,INFO,"Mister pulse started; ON until 57388.28s, cooldown until 57392.28s"
57404.04,INFO,"Mister pulse started; ON until 57404.29s, cooldown until 57408.29s"
57413.02,INFO,"Mister pulse started; ON until 57413.27s, cooldown until 57417.27s"
57421.03,INFO,"Mister pulse started; ON until 57421.28s, cooldown until 57425.28s"
57426.03,INFO,"Mister pulse started; ON until 57426.28s, cooldown until 57430.28s"
57439.05,INFO,"Mister pulse started; ON until 57439.30s, cooldown until 57443.30s"
57445.04,INFO,"Mister pulse started; ON until 57445.29s, cooldown until 57449.29s"
57450.05,INFO,"Mister pulse started; ON until 57450.30s, cooldown until 57454.30s"
57465.02,INFO,"Mister pulse started; ON until 57465.27s, cooldown until 57469.27s"
57476.02,INFO,"Mister pulse started; ON until 57476.27s, cooldown until 57480.27s"
57481.03,INFO,"Mister pulse started; ON until 57481.28s, cooldown until 57485.28s"
57494.04,INFO,"Mister pulse started; ON until 57494.29s, cooldown until 57498.29s"
57499.05,INFO,"Mister pulse started; ON until 57499.30s, cooldown until 57503.30s"
57516.04,INFO,"Mister pulse started; ON until 57516.29s, cooldown until 57520.29s"
57521.00,INFO,"Mister pulse started; ON until 57521.25s, cooldown until 57525.25s"
57535.04,INFO,"Mister pulse started; ON until 57535.29s, cooldown until 57539.29s"
57540.05,INFO,"Mister pulse started; ON until 57540.30s, cooldown until 57544.30s"
57548.00,INFO,"Mister pulse started; ON until 57548.25s, cooldown until 57552.25s"
57558.02,INFO,"Mister pulse started; ON until 57558.27s, cooldown until 57562.27s"
57568.04,INFO,"Mister pulse started; ON until 57568.29s, cooldown until 57572.29s"
57581.00,INFO,"Mister pulse started; ON until 57581.25s, cooldown until 57585.25s"
57586.01,INFO,"Mister pulse started; ON until 57586.26s, cooldown until 57590.26s"
57596.02,INFO,"Mister pulse started; ON until 57596.27s, cooldown until 57600.27s"
57603.05,INFO,"Mister pulse started; ON until 57603.30s, cooldown until 57607.30s"
57608.01,INFO,"Mister pulse started; ON until 57608.26s, cooldown until 57612.26s"
57626.03,INFO,"Mister pulse started; ON until 57626.28s, cooldown until 57630.28s"
57631.04,INFO,"Mister pulse started; ON until 57631.29s, cooldown until 57635.29s"
57636.05,INFO,"Mister pulse started; ON until 57636.30s, cooldown until 57640.30s"
57652.05,INFO,"Mister pulse started; ON until 57652.30s, cooldown until 57656.30s"
57657.00,INFO,"Mister pulse started; ON until 57657.25s, cooldown until 57661.25s"
57662.01,INFO,"Mister pulse started; ON until 57662.26s, cooldown until 57666.26s"
57678.02,INFO,"Mister pulse started; ON until 57678.27s, cooldown until 57682.27s"
57686.02,INFO,"Mister pulse started; ON until 57686.27s, cooldown until 57690.27s"
57699.04,INFO,"Mister pulse started; ON until 57699.29s, cooldown until 57703.29s"
57704.05,INFO,"Mister pulse started; ON until 57704.30s, cooldown until 57708.30s"
57721.03,INFO,"Mister pulse started; ON until 57721.28s, cooldown until 57725.28s"
57726.05,INFO,"Mister pulse started; ON until 57726.30s, cooldown until 57730.30s"
57731.00,INFO,"Mister pulse started; ON until 57731.25s, cooldown until 57735.25s"
57749.02,INFO,"Mister pulse started; ON until 57749.27s, cooldown until 57753.27s"
57754.03,INFO,"Mister pulse started; ON until 57754.28s, cooldown until 57758.28s"
57765.03,INFO,"Mister pulse started; ON until 57765.28s, cooldown until 57769.28s"
57772.00,INFO,"Mister pulse started; ON until 57772.25s, cooldown until 57776.25s"
57787.03,INFO,"Mister pulse started; ON until 57787.28s, cooldown until 57791.28s"
57793.02,INFO,"Mister pulse started; ON until 57793.27s, cooldown until 57797.27s"
57802.00,INFO,"Mister pulse started; ON until 57802.25s, cooldown until 57806.25s"
57817.02,INFO,"Mister pulse started; ON until 57817.27s, cooldown until 57821.27s"
57822.03,INFO,"Mister pulse started; ON until 57822.28s, cooldown until 57826.28s"
57836.02,INFO,"Mister pulse started; ON until 57836.27s, cooldown until 57840.27s"
57849.03,INFO,"Mister pulse started; ON until 57849.28s, cooldown until 57853.28s"
57854.05,INFO,"Mister pulse started; ON until 57854.30s, cooldown until 57858.30s"
57871.03,INFO,"Mister pulse started; ON until 57871.28s, cooldown until 57875.28s"
57876.04,INFO,"Mister pulse started; ON until 57876.29s, cooldown until 57880.29s"
57891.02,INFO,"Mister pulse started; ON until 57891.27s, cooldown until 57895.27s"
57901.03,INFO,"Mister pulse started; ON until 57901.28s, cooldown until 57905.28s"
57916.01,INFO,"Mister pulse started; ON until 57916.26s, cooldown until 57920.26s"
57929.02,INFO,"Mister pulse started; ON until 57929.27s, cooldown until 57933.27s"
57939.04,INFO,"Mister pulse started; ON until 57939.29s, cooldown until 57943.29s"
57953.04,INFO,"Mister pulse started; ON until 57953.29s, cooldown until 57957.29s"
57958.05,INFO,"Mister pulse started; ON until 57958.30s, cooldown until 57962.30s"
57969.00,INFO,"Mister pulse started; ON until 57969.25s, cooldown until 57973.25s"
57981.03,INFO,"Mister pulse started; ON until 57981.28s, cooldown until 57985.28s"
57986.04,INFO,"Mister pulse started; ON until 57986.29s, cooldown until 57990.29s"
58001.01,INFO,"Mister pulse started; ON until 58001.26s, cooldown until 58005.26s"
58013.04,INFO,"Mister pulse started; ON until 58013.29s, cooldown until 58017.29s"
58018.04,INFO,"Mister pulse started; ON until 58018.29s, cooldown until 58022.29s"
58033.01,INFO,"Mister pulse started; ON until 58033.26s, cooldown until 58037.26s"
58040.04,INFO,"Mister pulse started; ON until 58040.29s, cooldown until 58044.29s"
58052.02,INFO,"Mister pulse started; ON until 58052.27s, cooldown until 58056.27s"
58057.03,INFO,"Mister pulse started; ON until 58057.28s, cooldown until 58061.28s"
58070.03,INFO,"Mister pulse started; ON until 58070.28s, cooldown until 58074.28s"
58076.02,INFO,"Mister pulse started; ON until 58076.27s, cooldown until 58080.27s"
58083.02,INFO,"Mister pulse started; ON until 58083.27s, cooldown until 58087.27s"
58091.02,INFO,"Mister pulse started; ON until 58091.27s, cooldown until 58095.27s"
58096.02,INFO,"Mister pulse started; ON until 58096.27s, cooldown until 58100.27s"
58111.05,INFO,"Mister pulse started; ON until 58111.30s, cooldown until 58115.30s"
58118.02,INFO,"Mister pulse started; ON until 58118.27s, cooldown until 58122.27s"
58133.04,INFO,"Mister pulse started; ON until 58133.29s, cooldown until 58137.29s"
58138.05,INFO,"Mister pulse started; ON until 58138.30s, cooldown until 58142.30s"
58156.02,INFO,"Mister pulse started; ON until 58156.27s, cooldown until 58160.27s"
58161.03,INFO,"Mister pulse started; ON until 58161.28s, cooldown until 58165.28s"
58177.04,INFO,"Mister pulse started; ON until 58177.29s, cooldown until 58181.29s"
58191.03,INFO,"Mister pulse started; ON until 58191.28s, cooldown until 58195.28s"
58199.04,INFO,"Mister pulse started; ON until 58199.29s, cooldown until 58203.29s"
58213.04,INFO,"Mister pulse started; ON until 58213.29s, cooldown until 58217.29s"
58219.03,INFO,"Mister pulse started; ON until 58219.28s, cooldown until 58223.28s"
58231.01,INFO,"Mister pulse started; ON until 58231.26s, cooldown until 58235.26s"
58245.00,INFO,"Mister pulse started; ON until 58245.25s, cooldown until 58249.25s"
58253.01,INFO,"Mister pulse started; ON until 58253.26s, cooldown until 58257.26s"
58269.02,INFO,"Mister pulse started; ON until 58269.27s, cooldown until 58273.27s"
58281.04,INFO,"Mister pulse started; ON until 58281.29s, cooldown until 58285.29s"
58286.00,INFO,"Mister pulse started; ON until 58286.25s, cooldown until 58290.25s"
58301.02,INFO,"Mister pulse started; ON until 58301.27s, cooldown until 58305.27s"
58311.04,INFO,"Mister pulse started; ON until 58311.29s, cooldown until 58315.29s"
58326.01,INFO,"Mister pulse started; ON until 58326.26s, cooldown until 58330.26s"
58339.02,INFO,"Mister pulse started; ON until 58339.27s, cooldown until 58343.27s"
58344.02,INFO,"Mister pulse started; ON until 58344.27s, cooldown until 58348.27s"
58352.03,INFO,"Mister pulse started; ON until 58352.28s, cooldown until 58356.28s"
58359.00,INFO,"Mister pulse started; ON until 58359.25s, cooldown until 58363.25s"
58366.03,INFO,"Mister pulse started; ON until 58366.28s, cooldown until 58370.28s"
58382.03,INFO,"Mister pulse started; ON until 58382.28s, cooldown until 58386.28s"
58397.04,INFO,"Mister pulse started; ON until 58397.29s, cooldown until 58401.29s"
58403.03,INFO,"Mister pulse started; ON until 58403.28s, cooldown until 58407.28s"
58420.02,INFO,"Mister pulse started; ON until 58420.27s, cooldown until 58424.27s"
58429.01,INFO,"Mister pulse started; ON until 58429.26s, cooldown until 58433.26s"
58445.01,INFO,"Mister pulse started; ON until 58445.26s, cooldown until 58449.26s"
58458.02,INFO,"Mister pulse started; ON until 58458.27s, cooldown until 58462.27s"
58465.04,INFO,"Mister pulse started; ON until 58465.29s, cooldown until 58469.29s"
58477.02,INFO,"Mister pulse started; ON until 58477.27s, cooldown until 58481.27s"
58493.03,INFO,"Mister pulse started; ON until 58493.28s, cooldown until 58497.28s"
58502.01,INFO,"Mister pulse started; ON until 58502.26s, cooldown until 58506.26s"
58507.02,INFO,"Mister pulse started; ON until 58507.27s, cooldown until 58511.27s"
58524.01,INFO,"Mister pulse started; ON until 58524.26s, cooldown until 58528.26s"
58538.05,INFO,"Mister pulse started; ON until 58538.30s, cooldown until 58542.30s"
58546.00,INFO,"Mister pulse started; ON until 58546.25s, cooldown until 58550.25s"
58560.04,INFO,"Mister pulse started; ON until 58560.29s, cooldown until 58564.29s"
58565.05,INFO,"Mister pulse started; ON until 58565.30s, cooldown until 58569.30s"
58584.00,INFO,"Mister pulse started; ON until 58584.25s, cooldown until 58588.25s"
58590.05,INFO,"Mister pulse started; ON until 58590.30s, cooldown until 58594.30s"
58597.02,INFO,"Mister pulse started; ON until 58597.27s, cooldown until 58601.27s"
58602.03,INFO,"Mister pulse started; ON until 58602.28s, cooldown until 58606.28s"
58619.02,INFO,"Mister pulse started; ON until 58619.27s, cooldown until 58623.27s"
58632.03,INFO,"Mister pulse started; ON until 58632.28s, cooldown until 58636.28s"
58637.04,INFO,"Mister pulse started; ON until 58637.29s, cooldown until 58641.29s"
58646.03,INFO,"Mister pulse started; ON until 58646.28s, cooldown until 58650.28s"
58658.01,INFO,"Mister pulse started; ON until 58658.26s, cooldown until 58662.26s"
58669.05,INFO,"Mister pulse started; ON until 58669.30s, cooldown until 58673.30s"
58674.01,INFO,"Mister pulse started; ON until 58674.26s, cooldown until 58678.26s"
58692.02,INFO,"Mister pulse started; ON until 58692.27s, cooldown until 58696.27s"
58697.03,INFO,"Mister pulse started; ON until 58697.28s, cooldown until 58701.28s"
58710.04,INFO,"Mister pulse started; ON until 58710.29s, cooldown until 58714.29s"
58716.03,INFO,"Mister pulse started; ON until 58716.28s, cooldown until 58720.28s"
58725.01,INFO,"Mister pulse started; ON until 58725.26s, cooldown until 58729.26s"
58731.00,INFO,"Mister pulse started; ON until 58731.25s, cooldown until 58735.25s"
58741.02,INFO,"Mister pulse started; ON until 58741.27s, cooldown until 58745.27s"
58751.04,INFO,"Mister pulse started; ON until 58751.29s, cooldown until 58755.29s"
58761.01,INFO,"Mister pulse started; ON until 58761.26s, cooldown until 58765.26s"
58775.00,INFO,"Mister pulse started; ON until 58775.25s, cooldown until 58779.25s"
58783.01,INFO,"Mister pulse started; ON until 58783.26s, cooldown until 58787.26s"
58799.02,INFO,"Mister pulse started; ON until 58799.27s, cooldown until 58803.27s"
58808.05,INFO,"Mister pulse started; ON until 58808.30s, cooldown until 58812.30s"
58823.03,INFO,"Mister pulse started; ON until 58823.28s, cooldown until 58827.28s"
58833.05,INFO,"Mister pulse started; ON until 58833.30s, cooldown until 58837.30s"
58850.03,INFO,"Mister pulse started; ON until 58850.28s, cooldown until 58854.28s"
58855.04,INFO,"Mister pulse started; ON until 58855.29s, cooldown until 58859.29s"
58862.02,INFO,"Mister pulse started; ON until 58862.27s, cooldown until 58866.27s"
58880.03,INFO,"Mister pulse started; ON until 58880.28s, cooldown until 58884.28s"
58891.03,INFO,"Mister pulse started; ON until 58891.28s, cooldown until 58895.28s"
58898.04,INFO,"Mister pulse started; ON until 58898.29s, cooldown until 58902.29s"
58904.04,INFO,"Mister pulse started; ON until 58904.29s, cooldown until 58908.29s"
58921.02,INFO,"Mister pulse started; ON until 58921.27s, cooldown until 58925.27s"
58926.04,INFO,"Mister pulse started; ON until 58926.29s, cooldown until 58930.29s"
58933.01,INFO,"Mister pulse started; ON until 58933.26s, cooldown until 58937.26s"
58948.03,INFO,"Mister pulse started; ON until 58948.28s, cooldown until 58952.28s"
58959.03,INFO,"Mister pulse started; ON until 58959.28s, cooldown until 58963.28s"
58975.03,INFO,"Mister pulse started; ON until 58975.28s, cooldown until 58979.28s"
58980.04,INFO,"Mister pulse started; ON until 58980.29s, cooldown until 58984.29s"
58996.05,INFO,"Mister pulse started; ON until 58996.30s, cooldown until 59000.30s"
59005.03,INFO,"Mister pulse started; ON until 59005.28s, cooldown until 59009.28s"
59016.03,INFO,"Mister pulse started; ON until 59016.28s, cooldown until 59020.28s"
59021.04,INFO,"Mister pulse started; ON until 59021.29s, cooldown until 59025.29s"
59035.03,INFO,"Mister pulse started; ON until 59035.28s, cooldown until 59039.28s"
59040.04,INFO,"Mister pulse started; ON until 59040.29s, cooldown until 59044.29s"
59048.05,INFO,"Mister pulse started; ON until 59048.30s, cooldown until 59052.30s"
59054.04,INFO,"Mister pulse started; ON until 59054.29s, cooldown until 59058.29s"
59076.03,INFO,"Mister pulse started; ON until 59076.28s, cooldown until 59080.28s"
59081.04,INFO,"Mister pulse started; ON until 59081.29s, cooldown until 59085.29s"
59096.01,INFO,"Mister pulse started; ON until 59096.26s, cooldown until 59100.26s"
59101.02,INFO,"Mister pulse started; ON until 59101.27s, cooldown until 59105.27s"
59120.02,INFO,"Mister pulse started; ON until 59120.27s, cooldown until 59124.27s"
59125.03,INFO,"Mister pulse started; ON until 59125.28s, cooldown until 59129.28s"
59142.01,INFO,"Mister pulse started; ON until 59142.26s, cooldown until 59146.26s"
59147.02,INFO,"Mister pulse started; ON until 59147.27s, cooldown until 59151.27s"
59161.01,INFO,"Mister pulse started; ON until 59161.26s, cooldown until 59165.26s"
59166.01,INFO,"Mister pulse started; ON until 59166.26s, cooldown until 59170.26s"
59175.00,INFO,"Mister pulse started; ON until 59175.25s, cooldown until 59179.25s"
59187.04,INFO,"Mister pulse started; ON until 59187.29s, cooldown until 59191.29s"
59199.01,INFO,"Mister pulse started; ON until 59199.26s, cooldown until 59203.26s"
59204.02,INFO,"Mister pulse started; ON until 59204.27s, cooldown until 59208.27s"
59221.00,INFO,"Mister pulse started; ON until 59221.25s, cooldown until 59225.25s"
59226.01,INFO,"Mister pulse started; ON until 59226.26s, cooldown until 59230.26s"
59236.02,INFO,"Mister pulse started; ON until 59236.27s, cooldown until 59240.27s"
59253.01,INFO,"Mister pulse started; ON until 59253.26s, cooldown until 59257.26s"
59258.02,INFO,"Mister pulse started; ON until 59258.27s, cooldown until 59262.27s"
59272.01,INFO,"Mister pulse started; ON until 59272.26s, cooldown until 59276.26s"
59277.02,INFO,"Mister pulse started; ON until 59277.27s, cooldown until 59281.27s"
59284.05,INFO,"Mister pulse started; ON until 59284.30s, cooldown until 59288.30s"
59302.02,INFO,"Mister pulse started; ON until 59302.27s, cooldown until 59306.27s"
59307.03,INFO,"Mister pulse started; ON until 59307.28s, cooldown until 59311.28s"
59324.02,INFO,"Mister pulse started; ON until 59324.27s, cooldown until 59328.27s"
59329.03,INFO,"Mister pulse started; ON until 59329.28s, cooldown until 59333.28s"
59337.03,INFO,"Mister pulse started; ON until 59337.28s, cooldown until 59341.28s"
59355.05,INFO,"Mister pulse started; ON until 59355.30s, cooldown until 59359.30s"
59365.01,INFO,"Mister pulse started; ON until 59365.26s, cooldown until 59369.26s"
59374.04,INFO,"Mister pulse started; ON until 59374.29s, cooldown until 59378.29s"
59384.01,INFO,"Mister pulse started; ON until 59384.26s, cooldown until 59388.26s"
59399.03,INFO,"Mister pulse started; ON until 59399.28s, cooldown until 59403.28s"
59404.04,INFO,"Mister pulse started; ON until 59404.29s, cooldown until 59408.29s"
59413.02,INFO,"Mister pulse started; ON until 59413.27s, cooldown until 59417.27s"
59419.02,INFO,"Mister pulse started; ON until 59419.27s, cooldown until 59423.27s"
59426.05,INFO,"Mister pulse started; ON until 59426.30s, cooldown until 59430.30s"
59444.02,INFO,"Mister pulse started; ON until 59444.27s, cooldown until 59448.27s"
59450.00,INFO,"Mister pulse started; ON until 59450.25s, cooldown until 59454.25s"
59456.04,INFO,"Mister pulse started; ON until 59456.29s, cooldown until 59460.29s"
59470.04,INFO,"Mister pulse started; ON until 59470.29s, cooldown until 59474.29s"
59477.01,INFO,"Mister pulse started; ON until 59477.26s, cooldown until 59481.26s"
59491.01,INFO,"Mister pulse started; ON until 59491.26s, cooldown until 59495.26s"
59498.04,INFO,"Mister pulse started; ON until 59498.29s, cooldown until 59502.29s"
59506.04,INFO,"Mister pulse started; ON until 59506.29s, cooldown until 59510.29s"
59511.00,INFO,"Mister pulse started; ON until 59511.25s, cooldown until 59515.25s"
59528.04,INFO,"Mister pulse started; ON until 59528.29s, cooldown until 59532.29s"
59541.00,INFO,"Mister pulse started; ON until 59541.25s, cooldown until 59545.25s"
59552.05,INFO,"Mister pulse started; ON until 59552.30s, cooldown until 59556.30s"
59569.04,INFO,"Mister pulse started; ON until 59569.29s, cooldown until 59573.29s"
59574.00,INFO,"Mister pulse started; ON until 59574.25s, cooldown until 59578.25s"
59590.01,INFO,"Mister pulse started; ON until 59590.26s, cooldown until 59594.26s"
59602.04,INFO,"Mister pulse started; ON until 59602.29s, cooldown until 59606.29s"
59609.02,INFO,"Mister pulse started; ON until 59609.27s, cooldown until 59613.27s"
59619.04,INFO,"Mister pulse started; ON until 59619.29s, cooldown until 59623.29s"
59628.02,INFO,"Mister pulse started; ON until 59628.27s, cooldown until 59632.27s"
59643.04,INFO,"Mister pulse started; ON until 59643.29s, cooldown until 59647.29s"
59649.03,INFO,"Mister pulse started; ON until 59649.28s, cooldown until 59653.28s"
59655.02,INFO,"Mister pulse started; ON until 59655.27s, cooldown until 59659.27s"
59667.00,INFO,"Mister pulse started; ON until 59667.25s, cooldown until 59671.25s"
59676.04,INFO,"Mister pulse started; ON until 59676.29s, cooldown until 59680.29s"
59691.02,INFO,"Mister pulse started; ON until 59691.27s, cooldown until 59695.27s"
59697.02,INFO,"Mister pulse started; ON until 59697.27s, cooldown until 59701.27s"
59713.02,INFO,"Mister pulse started; ON until 59713.27s, cooldown until 59717.27s"
59718.03,INFO,"Mister pulse started; ON until 59718.28s, cooldown until 59722.28s"
59729.02,INFO,"Mister pulse started; ON until 59729.27s, cooldown until 59733.27s"
59736.04,INFO,"Mister pulse started; ON until 59736.29s, cooldown until 59740.29s"
59748.02,INFO,"Mister pulse started; ON until 59748.27s, cooldown until 59752.27s"
59760.05,INFO,"Mister pulse started; ON until 59760.30s, cooldown until 59764.30s"
59765.00,INFO,"Mister pulse started; ON until 59765.25s, cooldown until 59769.25s"
59773.00,INFO,"Mister pulse started; ON until 59773.25s, cooldown until 59777.25s"
59781.00,INFO,"Mister pulse started; ON until 59781.25s, cooldown until 59785.25s"
59788.03,INFO,"Mister pulse started; ON until 59788.28s, cooldown until 59792.28s"
59804.03,INFO,"Mister pulse started; ON until 59804.28s, cooldown until 59808.28s"
59818.02,INFO,"Mister pulse started; ON until 59818.27s, cooldown until 59822.27s"
59830.00,INFO,"Mister pulse started; ON until 59830.25s, cooldown until 59834.25s"
59836.04,INFO,"Mister pulse started; ON until 59836.29s, cooldown until 59840.29s"
59854.00,INFO,"Mister pulse started; ON until 59854.25s, cooldown until 59858.25s"
59859.02,INFO,"Mister pulse started; ON until 59859.27s, cooldown until 59863.27s"
59877.04,INFO,"Mister pulse started; ON until 59877.29s, cooldown until 59881.29s"
59882.00,INFO,"Mister pulse started; ON until 59882.25s, cooldown until 59886.25s"
59897.02,INFO,"Mister pulse started; ON until 59897.27s, cooldown until 59901.27s"
59904.05,INFO,"Mister pulse started; ON until 59904.30s, cooldown until 59908.30s"
59918.04,INFO,"Mister pulse started; ON until 59918.29s, cooldown until 59922.29s"
59923.05,INFO,"Mister pulse started; ON until 59923.30s, cooldown until 59927.30s"
59941.01,INFO,"Mister pulse started; ON until 59941.26s, cooldown until 59945.26s"
59946.02,INFO,"Mister pulse started; ON until 59946.27s, cooldown until 59950.27s"
59963.01,INFO,"Mister pulse started; ON until 59963.26s, cooldown until 59967.26s"
59968.02,INFO,"Mister pulse started; ON until 59968.27s, cooldown until 59972.27s"
59981.03,INFO,"Mister pulse started; ON until 59981.28s, cooldown until 59985.28s"
59987.02,INFO,"Mister pulse started; ON until 59987.27s, cooldown until 59991.27s"
59995.02,INFO,"Mister pulse started; ON until 59995.27s, cooldown until 59999.27s"
60001.01,INFO,"Mister pulse started; ON until 60001.26s, cooldown until 60005.26s"
60020.01,INFO,"Mister pulse started; ON until 60020.26s, cooldown until 60024.26s"
60025.03,INFO,"Mister pulse started; ON until 60025.28s, cooldown until 60029.28s"
60041.03,INFO,"Mister pulse started; ON until 60041.28s, cooldown until 60045.28s"
60055.02,INFO,"Mister pulse started; ON until 60055.27s, cooldown until 60059.27s"
60062.05,INFO,"Mister pulse started; ON until 60062.30s, cooldown until 60066.30s"
60076.03,INFO,"Mister pulse started; ON until 60076.28s, cooldown until 60080.28s"
60083.01,INFO,"Mister pulse started; ON until 60083.26s, cooldown until 60087.26s"
60095.04,INFO,"Mister pulse started; ON until 60095.29s, cooldown until 60099.29s"
60111.05,INFO,"Mister pulse started; ON until 60111.30s, cooldown until 60115.30s"
60123.03,INFO,"Mister pulse started; ON until 60123.28s, cooldown until 60127.28s"
60130.00,INFO,"Mister pulse started; ON until 60130.25s, cooldown until 60134.25s"
60139.04,INFO,"Mister pulse started; ON until 60139.29s, cooldown until 60143.29s"
60148.03,INFO,"Mister pulse started; ON until 60148.28s, cooldown until 60152.28s"
60160.01,INFO,"Mister pulse started; ON until 60160.26s, cooldown until 60164.26s"
60165.02,INFO,"Mister pulse started; ON until 60165.27s, cooldown until 60169.27s"
60179.01,INFO,"Mister pulse started; ON until 60179.26s, cooldown until 60183.26s"
60184.02,INFO,"Mister pulse started; ON until 60184.27s, cooldown until 60188.27s"
60190.01,INFO,"Mister pulse started; ON until 60190.26s, cooldown until 60194.26s"
60209.01,INFO,"Mister pulse started; ON until 60209.26s, cooldown until 60213.26s"
60214.02,INFO,"Mister pulse started; ON until 60214.27s, cooldown until 60218.27s"
60230.02,INFO,"Mister pulse started; ON until 60230.27s, cooldown until 60234.27s"
60244.01,INFO,"Mister pulse started; ON until 60244.26s, cooldown until 60248.26s"
60256.04,INFO,"Mister pulse started; ON until 60256.29s, cooldown until 60260.29s"
60261.05,INFO,"Mister pulse started; ON until 60261.30s, cooldown until 60265.30s"
60274.01,INFO,"Mister pulse started; ON until 60274.26s, cooldown until 60278.26s"
60281.03,INFO,"Mister pulse started; ON until 60281.28s, cooldown until 60285.28s"
60293.02,INFO,"Mister pulse started; ON until 60293.27s, cooldown until 60297.27s"
60308.04,INFO,"Mister pulse started; ON until 60308.29s, cooldown until 60312.29s"
60320.02,INFO,"Mister pulse started; ON until 60320.27s, cooldown until 60324.27s"
60325.04,INFO,"Mister pulse started; ON until 60325.29s, cooldown until 60329.29s"
60339.03,INFO,"Mister pulse started; ON until 60339.28s, cooldown until 60343.28s"
60352.04,INFO,"Mister pulse started; ON until 60352.29s, cooldown until 60356.29s"
60357.05,INFO,"Mister pulse started; ON until 60357.30s, cooldown until 60361.30s"
60375.01,INFO,"Mister pulse started; ON until 60375.26s, cooldown until 60379.26s"
60380.02,INFO,"Mister pulse started; ON until 60380.27s, cooldown until 60384.27s"
60396.02,INFO,"Mister pulse started; ON until 60396.27s, cooldown until 60400.27s"
60410.01,INFO,"Mister pulse started; ON until 60410.26s, cooldown until 60414.26s"
60417.03,INFO,"Mister pulse started; ON until 60417.28s, cooldown until 60421.28s"
60431.01,INFO,"Mister pulse started; ON until 60431.26s, cooldown until 60435.26s"
60436.03,INFO,"Mister pulse started; ON until 60436.28s, cooldown until 60440.28s"
60454.04,INFO,"Mister pulse started; ON until 60454.29s, cooldown until 60458.29s"
60459.04,INFO,"Mister pulse started; ON until 60459.29s, cooldown until 60463.29s"
60473.04,INFO,"Mister pulse started; ON until 60473.29s, cooldown until 60477.29s"
60478.05,INFO,"Mister pulse started; ON until 60478.30s, cooldown until 60482.30s"
60488.01,INFO,"Mister pulse started; ON until 60488.26s, cooldown until 60492.26s"
60499.01,INFO,"Mister pulse started; ON until 60499.26s, cooldown until 60503.26s"
60514.03,INFO,"Mister pulse started; ON until 60514.28s, cooldown until 60518.28s"
60521.00,INFO,"Mister pulse started; ON until 60521.25s, cooldown until 60525.25s"
60538.04,INFO,"Mister pulse started; ON until 60538.29s, cooldown until 60542.29s"
60550.02,INFO,"Mister pulse started; ON until 60550.27s, cooldown until 60554.27s"
60555.03,INFO,"Mister pulse started; ON until 60555.28s, cooldown until 60559.28s"
60571.04,INFO,"Mister pulse started; ON until 60571.29s, cooldown until 60575.29s"
60584.05,INFO,"Mister pulse started; ON until 60584.30s, cooldown until 60588.30s"
60591.01,INFO,"Mister pulse started; ON until 60591.26s, cooldown until 60595.26s"
60606.04,INFO,"Mister pulse started; ON until 60606.29s, cooldown until 60610.29s"
60611.04,INFO,"Mister pulse started; ON until 60611.29s, cooldown until 60615.29s"
60628.03,INFO,"Mister pulse started; ON until 60628.28s, cooldown until 60632.28s"
60633.04,INFO,"Mister pulse started; ON until 60633.29s, cooldown until 60637.29s"
60646.00,INFO,"Mister pulse started; ON until 60646.25s, cooldown until 60650.25s"
60653.02,INFO,"Mister pulse started; ON until 60653.27s, cooldown until 60657.27s"
60664.02,INFO,"Mister pulse started; ON until 60664.27s, cooldown until 60668.27s"
60675.01,INFO,"Mister pulse started; ON until 60675.26s, cooldown until 60679.26s"
60682.03,INFO,"Mister pulse started; ON until 60682.28s, cooldown until 60686.28s"
60700.02,INFO,"Mister pulse started; ON until 60700.27s, cooldown until 60704.27s"
60705.03,INFO,"Mister pulse started; ON until 60705.28s, cooldown until 60709.28s"
60724.04,INFO,"Mister pulse started; ON until 60724.29s, cooldown until 60728.29s"
60729.05,INFO,"Mister pulse started; ON until 60729.30s, cooldown until 60733.30s"
60749.02,INFO,"Mister pulse started; ON until 60749.27s, cooldown until 60753.27s"
60754.03,INFO,"Mister pulse started; ON until 60754.28s, cooldown until 60758.28s"
60759.04,INFO,"Mister pulse started; ON until 60759.29s, cooldown until 60763.29s"
60776.03,INFO,"Mister pulse started; ON until 60776.28s, cooldown until 60780.28s"
60782.03,INFO,"Mister pulse started; ON until 60782.28s, cooldown until 60786.28s"
60789.05,INFO,"Mister pulse started; ON until 60789.30s, cooldown until 60793.30s"
60806.03,INFO,"Mister pulse started; ON until 60806.28s, cooldown until 60810.28s"
60811.04,INFO,"Mister pulse started; ON until 60811.29s, cooldown until 60815.29s"
60826.02,INFO,"Mister pulse started; ON until 60826.27s, cooldown until 60830.27s"
60832.01,INFO,"Mister pulse started; ON until 60832.26s, cooldown until 60836.26s"
60847.03,INFO,"Mister pulse started; ON until 60847.28s, cooldown until 60851.28s"
60853.02,INFO,"Mister pulse started; ON until 60853.27s, cooldown until 60857.27s"
60858.03,INFO,"Mister pulse started; ON until 60858.28s, cooldown until 60862.28s"
60873.00,INFO,"Mister pulse started; ON until 60873.25s, cooldown until 60877.25s"
60886.01,INFO,"Mister pulse started; ON until 60886.26s, cooldown until 60890.26s"
60891.02,INFO,"Mister pulse started; ON until 60891.27s, cooldown until 60895.27s"
60909.03,INFO,"Mister pulse started; ON until 60909.28s, cooldown until 60913.28s"
60914.04,INFO,"Mister pulse started; ON until 60914.29s, cooldown until 60918.29s"
60928.04,INFO,"Mister pulse started; ON until 60928.29s, cooldown until 60932.29s"
60937.02,INFO,"Mister pulse started; ON until 60937.27s, cooldown until 60941.27s"
60952.05,INFO,"Mister pulse started; ON until 60952.30s, cooldown until 60956.30s"
60959.03,INFO,"Mister pulse started; ON until 60959.28s, cooldown until 60963.28s"
60970.02,INFO,"Mister pulse started; ON until 60970.27s, cooldown until 60974.27s"
60988.04,INFO,"Mister pulse started; ON until 60988.29s, cooldown until 60992.29s"
60993.00,INFO,"Mister pulse started; ON until 60993.25s, cooldown until 60997.25s"
61007.04,INFO,"Mister pulse started; ON until 61007.29s, cooldown until 61011.29s"
61013.03,INFO,"Mister pulse started; ON until 61013.28s, cooldown until 61017.28s"
61025.01,INFO,"Mister pulse started; ON until 61025.26s, cooldown until 61029.26s"
61041.01,INFO,"Mister pulse started; ON until 61041.26s, cooldown until 61045.26s"
61055.00,INFO,"Mister pulse started; ON until 61055.25s, cooldown until 61059.25s"
61067.03,INFO,"Mister pulse started; ON until 61067.28s, cooldown until 61071.28s"
61072.04,INFO,"Mister pulse started; ON until 61072.29s, cooldown until 61076.29s"
61086.04,INFO,"Mister pulse started; ON until 61086.29s, cooldown until 61090.29s"
61094.04,INFO,"Mister pulse started; ON until 61094.29s, cooldown until 61098.29s"
61105.04,INFO,"Mister pulse started; ON until 61105.29s, cooldown until 61109.29s"
61122.02,INFO,"Mister pulse started; ON until 61122.27s, cooldown until 61126.27s"
61127.04,INFO,"Mister pulse started; ON until 61127.29s, cooldown until 61131.29s"
61141.03,INFO,"Mister pulse started; ON until 61141.28s, cooldown until 61145.28s"
61147.02,INFO,"Mister pulse started; ON until 61147.27s, cooldown until 61151.27s"
61152.03,INFO,"Mister pulse started; ON until 61152.28s, cooldown until 61156.28s"
61157.04,INFO,"Mister pulse started; ON until 61157.29s, cooldown until 61161.29s"
61162.04,INFO,"Mister pulse started; ON until 61162.29s, cooldown until 61166.29s"
61167.00,INFO,"Mister pulse started; ON until 61167.25s, cooldown until 61171.25s"
61172.01,INFO,"Mister pulse started; ON until 61172.26s, cooldown until 61176.26s"
61177.02,INFO,"Mister pulse started; ON until 61177.27s, cooldown until 61181.27s"
61182.03,INFO,"Mister pulse started; ON until 61182.28s, cooldown until 61186.28s"
61187.03,INFO,"Mister pulse started; ON until 61187.28s, cooldown until 61191.28s"
61192.04,INFO,"Mister pulse started; ON until 61192.29s, cooldown until 61196.29s"
61197.05,INFO,"Mister pulse started; ON until 61197.30s, cooldown until 61201.30s"
61202.01,INFO,"Mister pulse started; ON until 61202.26s, cooldown until 61206.26s"
61207.02,INFO,"Mister pulse started; ON until 61207.27s, cooldown until 61211.27s"
61212.02,INFO,"Mister pulse started; ON until 61212.27s, cooldown until 61216.27s"
61217.03,INFO,"Mister pulse started; ON until 61217.28s, cooldown until 61221.28s"
61222.04,INFO,"Mister pulse started; ON until 61222.29s, cooldown until 61226.29s"
61227.05,INFO,"Mister pulse started; ON until 61227.30s, cooldown until 61231.30s"
61232.00,INFO,"Mister pulse started; ON until 61232.25s, cooldown until 61236.25s"
61237.02,INFO,"Mister pulse started; ON until 61237.27s, cooldown until 61241.27s"
61242.02,INFO,"Mister pulse started; ON until 61242.27s, cooldown until 61246.27s"
61247.03,INFO,"Mister pulse started; ON until 61247.28s, cooldown until 61251.28s"
61252.03,INFO,"Mister pulse started; ON until 61252.28s, cooldown until 61256.28s"
61257.04,INFO,"Mister pulse started; ON until 61257.29s, cooldown until 61261.29s"
61262.01,INFO,"Mister pulse started; ON until 61262.26s, cooldown until 61266.26s"
61267.01,INFO,"Mister pulse started; ON until 61267.26s, cooldown until 61271.26s"
61272.02,INFO,"Mister pulse started; ON until 61272.27s, cooldown until 61276.27s"
61277.03,INFO,"Mister pulse started; ON until 61277.28s, cooldown until 61281.28s"
61282.04,INFO,"Mister pulse started; ON until 61282.29s, cooldown until 61286.29s"
61287.04,INFO,"Mister pulse started; ON until 61287.29s, cooldown until 61291.29s"
61292.00,INFO,"Mister pulse started; ON until 61292.25s, cooldown until 61296.25s"
61297.01,INFO,"Mister pulse started; ON until 61297.26s, cooldown until 61301.26s"
61302.02,INFO,"Mister pulse started; ON until 61302.27s, cooldown until 61306.27s"
61307.02,INFO,"Mister pulse started; ON until 61307.27s, cooldown until 61311.27s"
61312.03,INFO,"Mister pulse started; ON until 61312.28s, cooldown until 61316.28s"
61317.05,INFO,"Mister pulse started; ON until 61317.30s, cooldown until 61321.30s"
61322.00,INFO,"Mister pulse started; ON until 61322.25s, cooldown until 61326.25s"
61327.01,INFO,"Mister pulse started; ON until 61327.26s, cooldown until 61331.26s"
61332.02,INFO,"Mister pulse started; ON until 61332.27s, cooldown until 61336.27s"
61337.03,INFO,"Mister pulse started; ON until 61337.28s, cooldown until 61341.28s"
61342.04,INFO,"Mister pulse started; ON until 61342.29s, cooldown until 61346.29s"
61347.00,INFO,"Mister pulse started; ON until 61347.25s, cooldown until 61351.25s"
61352.01,INFO,"Mister pulse started; ON until 61352.26s, cooldown until 61356.26s"
61357.02,INFO,"Mister pulse started; ON until 61357.27s, cooldown until 61361.27s"
61362.03,INFO,"Mister pulse started; ON until 61362.28s, cooldown until 61366.28s"
61367.04,INFO,"Mister pulse started; ON until 61367.29s, cooldown until 61371.29s"
61372.05,INFO,"Mister pulse started; ON until 61372.30s, cooldown until 61376.30s"
61377.01,INFO,"Mister pulse started; ON until 61377.26s, cooldown until 61381.26s"
61382.02,INFO,"Mister pulse started; ON until 61382.27s, cooldown until 61386.27s"
61387.04,INFO,"Mister pulse started; ON until 61387.29s, cooldown until 61391.29s"
61392.05,INFO,"Mister pulse started; ON until 61392.30s, cooldown until 61396.30s"
61397.00,INFO,"Mister pulse started; ON until 61397.25s, cooldown until 61401.25s"
61402.01,INFO,"Mister pulse started; ON until 61402.26s, cooldown until 61406.26s"
61407.02,INFO,"Mister pulse started; ON until 61407.27s, cooldown until 61411.27s"
61412.03,INFO,"Mister pulse started; ON until 61412.28s, cooldown until 61416.28s"
61417.04,INFO,"Mister pulse started; ON until 61417.29s, cooldown until 61421.29s"
61422.04,INFO,"Mister pulse started; ON until 61422.29s, cooldown until 61426.29s"
61427.00,INFO,"Mister pulse started; ON until 61427.25s, cooldown until 61431.25s"
61432.01,INFO,"Mister pulse started; ON until 61432.26s, cooldown until 61436.26s"
61437.02,INFO,"Mister pulse started; ON until 61437.27s, cooldown until 61441.27s"
61442.03,INFO,"Mister pulse started; ON until 61442.28s, cooldown until 61446.28s"
61447.04,INFO,"Mister pulse started; ON until 61447.29s, cooldown until 61451.29s"
61452.05,INFO,"Mister pulse started; ON until 61452.30s, cooldown until 61456.30s"
61465.00,INFO,"Mister pulse started; ON until 61465.25s, cooldown until 61469.25s"
61470.01,INFO,"Mister pulse started; ON until 61470.26s, cooldown until 61474.26s"
61480.03,INFO,"Mister pulse started; ON until 61480.28s, cooldown until 61484.28s"
61485.04,INFO,"Mister pulse started; ON until 61485.29s, cooldown until 61489.29s"
61490.05,INFO,"Mister pulse started; ON until 61490.30s, cooldown until 61494.30s"
61501.04,INFO,"Mister pulse started; ON until 61501.29s, cooldown until 61505.29s"
61506.01,INFO,"Mister pulse started; ON until 61506.26s, cooldown until 61510.26s"
61511.02,INFO,"Mister pulse started; ON until 61511.27s, cooldown until 61515.27s"
61524.02,INFO,"Mister pulse started; ON until 61524.27s, cooldown until 61528.27s"
61529.03,INFO,"Mister pulse started; ON until 61529.28s, cooldown until 61533.28s"
61534.04,INFO,"Mister pulse started; ON until 61534.29s, cooldown until 61538.29s"
61543.02,INFO,"Mister pulse started; ON until 61543.27s, cooldown until 61547.27s"
61550.04,INFO,"Mister pulse started; ON until 61550.29s, cooldown until 61554.29s"
61555.05,INFO,"Mister pulse started; ON until 61555.30s, cooldown until 61559.30s"
61569.00,INFO,"Mister pulse started; ON until 61569.25s, cooldown until 61573.25s"
61574.01,INFO,"Mister pulse started; ON until 61574.26s, cooldown until 61578.26s"
61584.04,INFO,"Mister pulse started; ON until 61584.29s, cooldown until 61588.29s"
61595.03,INFO,"Mister pulse started; ON until 61595.28s, cooldown until 61599.28s"
61600.04,INFO,"Mister pulse started; ON until 61600.29s, cooldown until 61604.29s"
61605.05,INFO,"Mister pulse started; ON until 61605.30s, cooldown until 61609.30s"
61613.00,INFO,"Mister pulse started; ON until 61613.25s, cooldown until 61617.25s"
61622.03,INFO,"Mister pulse started; ON until 61622.28s, cooldown until 61626.28s"
61629.01,INFO,"Mister pulse started; ON until 61629.26s, cooldown until 61633.26s"
61639.02,INFO,"Mister pulse started; ON until 61639.27s, cooldown until 61643.27s"
61644.03,INFO,"Mister pulse started; ON until 61644.28s, cooldown until 61648.28s"
61654.04,INFO,"Mister pulse started; ON until 61654.29s, cooldown until 61658.29s"
61662.05,INFO,"Mister pulse started; ON until 61662.30s, cooldown until 61666.30s"
61669.02,INFO,"Mister pulse started; ON until 61669.27s, cooldown until 61673.27s"
61679.04,INFO,"Mister pulse started; ON until 61679.29s, cooldown until 61683.29s"
61689.01,INFO,"Mister pulse started; ON until 61689.26s, cooldown until 61693.26s"
61694.01,INFO,"Mister pulse started; ON until 61694.26s, cooldown until 61698.26s"
61703.01,INFO,"Mister pulse started; ON until 61703.26s, cooldown until 61707.26s"
61715.04,INFO,"Mister pulse started; ON until 61715.29s, cooldown until 61719.29s"
61720.00,INFO,"Mister pulse started; ON until 61720.25s, cooldown until 61724.25s"
61725.01,INFO,"Mister pulse started; ON until 61725.26s, cooldown until 61729.26s"
61738.02,INFO,"Mister pulse started; ON until 61738.27s, cooldown until 61742.27s"
61743.03,INFO,"Mister pulse started; ON until 61743.28s, cooldown until 61747.28s"
61756.05,INFO,"Mister pulse started; ON until 61756.30s, cooldown until 61760.30s"
61763.01,INFO,"Mister pulse started; ON until 61763.26s, cooldown until 61767.26s"
61769.00,INFO,"Mister pulse started; ON until 61769.25s, cooldown until 61773.25s"
61778.04,INFO,"Mister pulse started; ON until 61778.29s, cooldown until 61782.29s"
61783.05,INFO,"Mister pulse started; ON until 61783.30s, cooldown until 61787.30s"
61798.02,INFO,"Mister pulse started; ON until 61798.27s, cooldown until 61802.27s"
61803.03,INFO,"Mister pulse started; ON until 61803.28s, cooldown until 61807.28s"
61816.04,INFO,"Mister pulse started; ON until 61816.29s, cooldown until 61820.29s"
61821.05,INFO,"Mister pulse started; ON until 61821.30s, cooldown until 61825.30s"
61831.02,INFO,"Mister pulse started; ON until 61831.27s, cooldown until 61835.27s"
61836.03,INFO,"Mister pulse started; ON until 61836.28s, cooldown until 61840.28s"
61844.04,WARN,Slow log write/fsync: 6.93s
61851.03,WARN,Control loop delayed; skipped from 61844s to 61851s
61851.03,INFO,"Mister pulse started; ON until 61851.28s, cooldown until 61855.28s"
61856.04,INFO,"Mister pulse started; ON until 61856.29s, cooldown until 61860.29s"
61861.05,INFO,"Mister pulse started; ON until 61861.30s, cooldown until 61865.30s"
61866.01,INFO,"Mister pulse started; ON until 61866.26s, cooldown until 61870.26s"
61874.01,INFO,"Mister pulse started; ON until 61874.26s, cooldown until 61878.26s"
61879.02,INFO,"Mister pulse started; ON until 61879.27s, cooldown until 61883.27s"
61892.00,INFO,"Mister pulse started; ON until 61892.25s, cooldown until 61896.25s"
61897.01,INFO,"Mister pulse started; ON until 61897.26s, cooldown until 61901.26s"
61904.04,INFO,"Mister pulse started; ON until 61904.29s, cooldown until 61908.29s"
61918.03,INFO,"Mister pulse started; ON until 61918.28s, cooldown until 61922.28s"
61924.02,INFO,"Mister pulse started; ON until 61924.27s, cooldown until 61928.27s"
61936.00,INFO,"Mister pulse started; ON until 61936.25s, cooldown until 61940.25s"
61941.01,INFO,"Mister pulse started; ON until 61941.26s, cooldown until 61945.26s"
61947.00,INFO,"Mister pulse started; ON until 61947.25s, cooldown until 61951.25s"
61959.04,INFO,"Mister pulse started; ON until 61959.29s, cooldown until 61963.29s"
61971.01,INFO,"Mister pulse started; ON until 61971.26s, cooldown until 61975.26s"
61977.00,INFO,"Mister pulse started; ON until 61977.25s, cooldown until 61981.25s"
61986.03,INFO,"Mister pulse started; ON until 61986.28s, cooldown until 61990.28s"
61991.05,INFO,"Mister pulse started; ON until 61991.30s, cooldown until 61995.30s"
62006.02,INFO,"Mister pulse started; ON until 62006.27s, cooldown until 62010.27s"
62017.03,INFO,"Mister pulse started; ON until 62017.28s, cooldown until 62021.28s"
62022.04,INFO,"Mister pulse started; ON until 62022.29s, cooldown until 62026.29s"
62036.03,INFO,"Mister pulse started; ON until 62036.28s, cooldown until 62040.28s"
62042.02,INFO,"Mister pulse started; ON until 62042.27s, cooldown until 62046.27s"
62055.03,INFO,"Mister pulse started; ON until 62055.28s, cooldown until 62059.28s"
62060.04,INFO,"Mister pulse started; ON until 62060.29s, cooldown until 62064.29s"
62065.05,INFO,"Mister pulse started; ON until 62065.30s, cooldown until 62069.30s"
62077.03,INFO,"Mister pulse started; ON until 62077.28s, cooldown until 62081.28s"
62091.04,INFO,"Mister pulse started; ON until 62091.29s, cooldown until 62095.29s"
62096.04,INFO,"Mister pulse started; ON until 62096.29s, cooldown until 62100.29s"
62107.04,INFO,"Mister pulse started; ON until 62107.29s, cooldown until 62111.29s"
62118.02,INFO,"Mister pulse started; ON until 62118.27s, cooldown until 62122.27s"
62123.03,INFO,"Mister pulse started; ON until 62123.28s, cooldown until 62127.28s"
62139.04,INFO,"Mister pulse started; ON until 62139.29s, cooldown until 62143.29s"
62153.02,INFO,"Mister pulse started; ON until 62153.27s, cooldown until 62157.27s"
62158.03,INFO,"Mister pulse started; ON until 62158.28s, cooldown until 62162.28s"
62168.05,INFO,"Mister pulse started; ON until 62168.30s, cooldown until 62172.30s"
62178.01,INFO,"Mister pulse started; ON until 62178.26s, cooldown until 62182.26s"
62189.00,INFO,"Mister pulse started; ON until 62189.25s, cooldown until 62193.25s"
62194.01,INFO,"Mister pulse started; ON until 62194.26s, cooldown until 62198.26s"
62207.02,INFO,"Mister pulse started; ON until 62207.27s, cooldown until 62211.27s"
62212.03,INFO,"Mister pulse started; ON until 62212.28s, cooldown until 62216.28s"
62219.05,INFO,"Mister pulse started; ON until 62219.30s, cooldown until 62223.30s"
62231.03,INFO,"Mister pulse started; ON until 62231.28s, cooldown until 62235.28s"
62237.03,INFO,"Mister pulse started; ON until 62237.28s, cooldown until 62241.28s"
62245.03,INFO,"Mister pulse started; ON until 62245.28s, cooldown until 62249.28s"
62252.00,INFO,"Mister pulse started; ON until 62252.25s, cooldown until 62256.25s"
62260.01,INFO,"Mister pulse started; ON until 62260.26s, cooldown until 62264.26s"
62267.03,INFO,"Mister pulse started; ON until 62267.28s, cooldown until 62271.28s"
62272.04,INFO,"Mister pulse started; ON until 62272.29s, cooldown until 62276.29s"
62284.02,INFO,"Mister pulse started; ON until 62284.27s, cooldown until 62288.27s"
62289.03,INFO,"Mister pulse started; ON until 62289.28s, cooldown until 62293.28s"
62302.05,INFO,"Mister pulse started; ON until 62302.30s, cooldown until 62306.30s"
62309.01,INFO,"Mister pulse started; ON until 62309.26s, cooldown until 62313.26s"
62319.03,INFO,"Mister pulse started; ON until 62319.28s, cooldown until 62323.28s"
62330.03,INFO,"Mister pulse started; ON until 62330.28s, cooldown until 62334.28s"
62335.05,INFO,"Mister pulse started; ON until 62335.30s, cooldown until 62339.30s"
62340.01,INFO,"Mister pulse started; ON until 62340.26s, cooldown until 62344.26s"
62356.01,INFO,"Mister pulse started; ON until 62356.26s, cooldown until 62360.26s"
62361.02,INFO,"Mister pulse started; ON until 62361.27s, cooldown until 62365.27s"
62366.03,INFO,"Mister pulse started; ON until 62366.28s, cooldown until 62370.28s"
62381.01,INFO,"Mister pulse started; ON until 62381.26s, cooldown until 62385.26s"
62386.01,INFO,"Mister pulse started; ON until 62386.26s, cooldown until 62390.26s"
62397.01,INFO,"Mister pulse started; ON until 62397.26s, cooldown until 62401.26s"
62406.04,INFO,"Mister pulse started; ON until 62406.29s, cooldown until 62410.29s"
62417.04,INFO,"Mister pulse started; ON until 62417.29s, cooldown until 62421.29s"
62422.04,INFO,"Mister pulse started; ON until 62422.29s, cooldown until 62426.29s"
62433.04,INFO,"Mister pulse started; ON until 62433.29s, cooldown until 62437.29s"
62438.01,INFO,"Mister pulse started; ON until 62438.26s, cooldown until 62442.26s"
62451.02,INFO,"Mister pulse started; ON until 62451.27s, cooldown until 62455.27s"
62456.02,INFO,"Mister pulse started; ON until 62456.27s, cooldown until 62460.27s"
62463.05,INFO,"Mister pulse started; ON until 62463.30s, cooldown until 62467.30s"
62477.00,INFO,"Mister pulse started; ON until 62477.25s, cooldown until 62481.25s"
62488.05,INFO,"Mister pulse started; ON until 62488.30s, cooldown until 62492.30s"
62493.01,INFO,"Mister pulse started; ON until 62493.26s, cooldown until 62497.26s"
62507.05,INFO,"Mister pulse started; ON until 62507.30s, cooldown until 62511.30s"
62512.00,INFO,"Mister pulse started; ON until 62512.25s, cooldown until 62516.25s"
62517.01,INFO,"Mister pulse started; ON until 62517.26s, cooldown until 62521.26s"
62532.03,INFO,"Mister pulse started; ON until 62532.28s, cooldown until 62536.28s"
62538.02,INFO,"Mister pulse started; ON until 62538.27s, cooldown until 62542.27s"
62550.05,INFO,"Mister pulse started; ON until 62550.30s, cooldown until 62554.30s"
62561.05,INFO,"Mister pulse started; ON until 62561.30s, cooldown until 62565.30s"
62566.05,INFO,"Mister pulse started; ON until 62566.30s, cooldown until 62570.30s"
62580.04,INFO,"Mister pulse started; ON until 62580.29s, cooldown until 62584.29s"
62585.04,INFO,"Mister pulse started; ON until 62585.29s, cooldown until 62589.29s"
62595.01,INFO,"Mister pulse started; ON until 62595.26s, cooldown until 62599.26s"
62607.04,INFO,"Mister pulse started; ON until 62607.29s, cooldown until 62611.29s"
62612.05,INFO,"Mister pulse started; ON until 62612.30s, cooldown until 62616.30s"
62617.01,INFO,"Mister pulse started; ON until 62617.26s, cooldown until 62621.26s"
62631.05,INFO,"Mister pulse started; ON until 62631.30s, cooldown until 62635.30s"
62636.01,INFO,"Mister pulse started; ON until 62636.26s, cooldown until 62640.26s"
62643.03,INFO,"Mister pulse started; ON until 62643.28s, cooldown until 62647.28s"
62657.02,INFO,"Mister pulse started; ON until 62657.27s, cooldown until 62661.27s"
62663.01,INFO,"Mister pulse started; ON until 62663.26s, cooldown until 62667.26s"
62675.04,INFO,"Mister pulse started; ON until 62675.29s, cooldown until 62679.29s"
62682.01,INFO,"Mister pulse started; ON until 62682.26s, cooldown until 62686.26s"
62696.00,INFO,"Mister pulse started; ON until 62696.25s, cooldown until 62700.25s"
62701.01,INFO,"Mister pulse started; ON until 62701.26s, cooldown until 62705.26s"
62709.01,INFO,"Mister pulse started; ON until 62709.26s, cooldown until 62713.26s"
62715.01,INFO,"Mister pulse started; ON until 62715.26s, cooldown until 62719.26s"
62729.05,INFO,"Mister pulse started; ON until 62729.30s, cooldown until 62733.30s"
62734.00,INFO,"Mister pulse started; ON until 62734.25s, cooldown until 62738.25s"
62743.03,INFO,"Mister pulse started; ON until 62743.28s, cooldown until 62747.28s"
62750.00,INFO,"Mister pulse started; ON until 62750.25s, cooldown until 62754.25s"
62755.01,INFO,"Mister pulse started; ON until 62755.26s, cooldown until 62759.26s"
62772.04,INFO,"Mister pulse started; ON until 62772.29s, cooldown until 62776.29s"
62783.04,INFO,"Mister pulse started; ON until 62783.29s, cooldown until 62787.29s"
62788.05,INFO,"Mister pulse started; ON until 62788.30s, cooldown until 62792.30s"
62804.05,INFO,"Mister pulse started; ON until 62804.30s, cooldown until 62808.30s"
62811.02,INFO,"Mister pulse started; ON until 62811.27s, cooldown until 62815.27s"
62827.03,INFO,"Mister pulse started; ON until 62827.28s, cooldown until 62831.28s"
62835.03,INFO,"Mister pulse started; ON until 62835.28s, cooldown until 62839.28s"
62848.04,INFO,"Mister pulse started; ON until 62848.29s, cooldown until 62852.29s"
62853.00,INFO,"Mister pulse started; ON until 62853.25s, cooldown until 62857.25s"
62862.04,INFO,"Mister pulse started; ON until 62862.29s, cooldown until 62866.29s"
62867.05,INFO,"Mister pulse started; ON until 62867.30s, cooldown until 62871.30s"
62884.03,INFO,"Mister pulse started; ON until 62884.28s, cooldown until 62888.28s"
62889.04,INFO,"Mister pulse started; ON until 62889.29s, cooldown until 62893.29s"
62894.00,INFO,"Mister pulse started; ON until 62894.25s, cooldown until 62898.25s"
62906.04,INFO,"Mister pulse started; ON until 62906.29s, cooldown until 62910.29s"
62916.05,INFO,"Mister pulse started; ON until 62916.30s, cooldown until 62920.30s"
62921.01,INFO,"Mister pulse started; ON until 62921.26s, cooldown until 62925.26s"
62934.02,INFO,"Mister pulse started; ON until 62934.27s, cooldown until 62938.27s"
62939.03,INFO,"Mister pulse started; ON until 62939.28s, cooldown until 62943.28s"
62947.03,INFO,"Mister pulse started; ON until 62947.28s, cooldown until 62951.28s"
62952.04,INFO,"Mister pulse started; ON until 62952.29s, cooldown until 62956.29s"
62966.04,INFO,"Mister pulse started; ON until 62966.29s, cooldown until 62970.29s"
62971.05,INFO,"Mister pulse started; ON until 62971.30s, cooldown until 62975.30s"
62976.00,INFO,"Mister pulse started; ON until 62976.25s, cooldown until 62980.25s"
62993.03,INFO,"Mister pulse started; ON until 62993.28s, cooldown until 62997.28s"
63000.01,INFO,"Mister pulse started; ON until 63000.26s, cooldown until 63004.26s"
63016.01,INFO,"Mister pulse started; ON until 63016.26s, cooldown until 63020.26s"
63028.04,INFO,"Mister pulse started; ON until 63028.29s, cooldown until 63032.29s"
63033.00,INFO,"Mister pulse started; ON until 63033.25s, cooldown until 63037.25s"
63040.03,INFO,"Mister pulse started; ON until 63040.28s, cooldown until 63044.28s"
63053.03,INFO,"Mister pulse started; ON until 63053.28s, cooldown until 63057.28s"
63058.04,INFO,"Mister pulse started; ON until 63058.29s, cooldown until 63062.29s"
63065.01,INFO,"Mister pulse started; ON until 63065.26s, cooldown until 63069.26s"
63070.02,INFO,"Mister pulse started; ON until 63070.27s, cooldown until 63074.27s"
63082.00,INFO,"Mister pulse started; ON until 63082.25s, cooldown until 63086.25s"
63087.01,INFO,"Mister pulse started; ON until 63087.26s, cooldown until 63091.26s"
63102.04,INFO,"Mister pulse started; ON until 63102.29s, cooldown until 63106.29s"
63108.03,INFO,"Mister pulse started; ON until 63108.28s, cooldown until 63112.28s"
63121.03,INFO,"Mister pulse started; ON until 63121.28s, cooldown until 63125.28s"
63126.04,INFO,"Mister pulse started; ON until 63126.29s, cooldown until 63130.29s"
63131.05,INFO,"Mister pulse started; ON until 63131.30s, cooldown until 63135.30s"
63143.02,INFO,"Mister pulse started; ON until 63143.27s, cooldown until 63147.27s"
63156.03,INFO,"Mister pulse started; ON until 63156.28s, cooldown until 63160.28s"
63161.04,INFO,"Mister pulse started; ON until 63161.29s, cooldown until 63165.29s"
63166.01,INFO,"Mister pulse started; ON until 63166.26s, cooldown until 63170.26s"
63182.01,INFO,"Mister pulse started; ON until 63182.26s, cooldown until 63186.26s"
63194.04,INFO,"Mister pulse started; ON until 63194.29s, cooldown until 63198.29s"
63199.00,INFO,"Mister pulse started; ON until 63199.25s, cooldown until 63203.25s"
63204.01,INFO,"Mister pulse started; ON until 63204.26s, cooldown until 63208.26s"
63215.01,INFO,"Mister pulse started; ON until 63215.26s, cooldown until 63219.26s"
63220.04,INFO,"Mister pulse started; ON until 63220.29s, cooldown until 63224.29s"
63233.01,INFO,"Mister pulse started; ON until 63233.26s, cooldown until 63237.26s"
63239.05,INFO,"Mister pulse started; ON until 63239.30s, cooldown until 63243.30s"
63249.02,INFO,"Mister pulse started; ON until 63249.27s, cooldown until 63253.27s"
63261.05,INFO,"Mister pulse started; ON until 63261.30s, cooldown until 63265.30s"
63266.01,INFO,"Mister pulse started; ON until 63266.26s, cooldown until 63270.26s"
63281.03,INFO,"Mister pulse started; ON until 63281.28s, cooldown until 63285.28s"
63286.04,INFO,"Mister pulse started; ON until 63286.29s, cooldown until 63290.29s"
63292.03,INFO,"Mister pulse started; ON until 63292.28s, cooldown until 63296.28s"
63302.05,INFO,"Mister pulse started; ON until 63302.30s, cooldown until 63306.30s"
63307.00,INFO,"Mister pulse started; ON until 63307.25s, cooldown until 63311.25s"
63314.03,INFO,"Mister pulse started; ON until 63314.28s, cooldown until 63318.28s"
63328.02,INFO,"Mister pulse started; ON until 63328.27s, cooldown until 63332.27s"
63334.02,INFO,"Mister pulse started; ON until 63334.27s, cooldown until 63338.27s"
63346.04,INFO,"Mister pulse started; ON until 63346.29s, cooldown until 63350.29s"
63353.01,INFO,"Mister pulse started; ON until 63353.26s, cooldown until 63357.26s"
63367.00,INFO,"Mister pulse started; ON until 63367.25s, cooldown until 63371.25s"
63375.00,INFO,"Mister pulse started; ON until 63375.25s, cooldown until 63379.25s"
63388.01,INFO,"Mister pulse started; ON until 63388.26s, cooldown until 63392.26s"
63393.02,INFO,"Mister pulse started; ON until 63393.27s, cooldown until 63397.27s"
63409.03,INFO,"Mister pulse started; ON until 63409.28s, cooldown until 63413.28s"
63415.02,INFO,"Mister pulse started; ON until 63415.27s, cooldown until 63419.27s"
63431.02,INFO,"Mister pulse started; ON until 63431.27s, cooldown until 63435.27s"
63436.04,INFO,"Mister pulse started; ON until 63436.29s, cooldown until 63440.29s"
63447.04,INFO,"Mister pulse started; ON until 63447.29s, cooldown until 63451.29s"
63457.00,INFO,"Mister pulse started; ON until 63457.25s, cooldown until 63461.25s"
63462.01,INFO,"Mister pulse started; ON until 63462.26s, cooldown until 63466.26s"
63472.03,INFO,"Mister pulse started; ON until 63472.28s, cooldown until 63476.28s"
63487.00,INFO,"Mister pulse started; ON until 63487.25s, cooldown until 63491.25s"
63492.01,INFO,"Mister pulse started; ON until 63492.26s, cooldown until 63496.26s"
63505.02,INFO,"Mister pulse started; ON until 63505.27s, cooldown until 63509.27s"
63510.03,INFO,"Mister pulse started; ON until 63510.28s, cooldown until 63514.28s"
63515.04,INFO,"Mister pulse started; ON until 63515.29s, cooldown until 63519.29s"
63528.00,INFO,"Mister pulse started; ON until 63528.25s, cooldown until 63532.25s"
63533.02,INFO,"Mister pulse started; ON until 63533.27s, cooldown until 63537.27s"
63544.01,INFO,"Mister pulse started; ON until 63544.26s, cooldown until 63548.26s"
63549.02,INFO,"Mister pulse started; ON until 63549.27s, cooldown until 63553.27s"
63558.00,INFO,"Mister pulse started; ON until 63558.25s, cooldown until 63562.25s"
63572.00,INFO,"Mister pulse started; ON until 63572.25s, cooldown until 63576.25s"
63580.00,INFO,"Mister pulse started; ON until 63580.25s, cooldown until 63584.25s"
63592.03,INFO,"Mister pulse started; ON until 63592.28s, cooldown until 63596.28s"
63597.04,INFO,"Mister pulse started; ON until 63597.29s, cooldown until 63601.29s"
63610.00,INFO,"Mister pulse started; ON until 63610.25s, cooldown until 63614.25s"
63615.01,INFO,"Mister pulse started; ON until 63615.26s, cooldown until 63619.26s"
63620.02,INFO,"Mister pulse started; ON until 63620.27s, cooldown until 63624.27s"
63633.03,INFO,"Mister pulse started; ON until 63633.28s, cooldown until 63637.28s"
63638.04,INFO,"Mister pulse started; ON until 63638.29s, cooldown until 63642.29s"
63652.03,INFO,"Mister pulse started; ON until 63652.28s, cooldown until 63656.28s"
63660.03,INFO,"Mister pulse started; ON until 63660.28s, cooldown until 63664.28s"
63672.01,INFO,"Mister pulse started; ON until 63672.26s, cooldown until 63676.26s"
63677.02,INFO,"Mister pulse started; ON until 63677.27s, cooldown until 63681.27s"
63693.03,INFO,"Mister pulse started; ON until 63693.28s, cooldown until 63697.28s"
63698.04,INFO,"Mister pulse started; ON until 63698.29s, cooldown until 63702.29s"
63711.05,INFO,"Mister pulse started; ON until 63711.30s, cooldown until 63715.30s"
63716.01,INFO,"Mister pulse started; ON until 63716.26s, cooldown until 63720.26s"
63729.02,INFO,"Mister pulse started; ON until 63729.27s, cooldown until 63733.27s"
63734.03,INFO,"Mister pulse started; ON until 63734.28s, cooldown until 63738.28s"
63740.02,INFO,"Mister pulse started; ON until 63740.27s, cooldown until 63744.27s"
63755.01,INFO,"Mister pulse started; ON until 63755.26s, cooldown until 63759.26s"
63766.00,INFO,"Mister pulse started; ON until 63766.25s, cooldown until 63770.25s"
63771.01,INFO,"Mister pulse started; ON until 63771.26s, cooldown until 63775.26s"
63785.05,INFO,"Mister pulse started; ON until 63785.30s, cooldown until 63789.30s"
63791.04,INFO,"Mister pulse started; ON until 63791.29s, cooldown until 63795.29s"
63802.03,INFO,"Mister pulse started; ON until 63802.28s, cooldown until 63806.28s"
63813.03,INFO,"Mister pulse started; ON until 63813.28s, cooldown until 63817.28s"
63818.05,INFO,"Mister pulse started; ON until 63818.30s, cooldown until 63822.30s"
63827.02,INFO,"Mister pulse started; ON until 63827.27s, cooldown until 63831.27s"
63843.03,INFO,"Mister pulse started; ON until 63843.28s, cooldown until 63847.28s"
63849.02,INFO,"Mister pulse started; ON until 63849.27s, cooldown until 63853.27s"
63865.03,INFO,"Mister pulse started; ON until 63865.28s, cooldown until 63869.28s"
63870.03,INFO,"Mister pulse started; ON until 63870.28s, cooldown until 63874.28s"
63881.03,INFO,"Mister pulse started; ON until 63881.28s, cooldown until 63885.28s"
63894.04,INFO,"Mister pulse started; ON until 63894.29s, cooldown until 63898.29s"
63899.05,INFO,"Mister pulse started; ON until 63899.30s, cooldown until 63903.30s"
63913.05,INFO,"Mister pulse started; ON until 63913.30s, cooldown until 63917.30s"
63923.01,INFO,"Mister pulse started; ON until 63923.26s, cooldown until 63927.26s"
63928.02,INFO,"Mister pulse started; ON until 63928.27s, cooldown until 63932.27s"
63940.05,INFO,"Mister pulse started; ON until 63940.30s, cooldown until 63944.30s"
63945.00,INFO,"Mister pulse started; ON until 63945.25s, cooldown until 63949.25s"
63960.03,INFO,"Mister pulse started; ON until 63960.28s, cooldown until 63964.28s"
63970.05,INFO,"Mister pulse started; ON until 63970.30s, cooldown until 63974.30s"
63980.01,INFO,"Mister pulse started; ON until 63980.26s, cooldown until 63984.26s"
63985.02,INFO,"Mister pulse started; ON until 63985.27s, cooldown until 63989.27s"
64000.04,INFO,"Mister pulse started; ON until 64000.29s, cooldown until 64004.29s"
64006.03,INFO,"Mister pulse started; ON until 64006.28s, cooldown until 64010.28s"
64020.02,INFO,"Mister pulse started; ON until 64020.27s, cooldown until 64024.27s"
64025.03,INFO,"Mister pulse started; ON until 64025.28s, cooldown until 64029.28s"
64038.03,INFO,"Mister pulse started; ON until 64038.28s, cooldown until 64042.28s"
64043.04,INFO,"Mister pulse started; ON until 64043.29s, cooldown until 64047.29s"
64051.04,INFO,"Mister pulse started; ON until 64051.29s, cooldown until 64055.29s"
64056.01,INFO,"Mister pulse started; ON until 64056.26s, cooldown until 64060.26s"
64069.03,INFO,"Mister pulse started; ON until 64069.28s, cooldown until 64073.28s"
64077.03,INFO,"Mister pulse started; ON until 64077.28s, cooldown until 64081.28s"
64088.03,INFO,"Mister pulse started; ON until 64088.28s, cooldown until 64092.28s"
64100.00,INFO,"Mister pulse started; ON until 64100.25s, cooldown until 64104.25s"
64106.04,INFO,"Mister pulse started; ON until 64106.29s, cooldown until 64110.29s"
64116.00,INFO,"Mister pulse started; ON until 64116.25s, cooldown until 64120.25s"
64121.02,INFO,"Mister pulse started; ON until 64121.27s, cooldown until 64125.27s"
64128.04,INFO,"Mister pulse started; ON until 64128.29s, cooldown until 64132.29s"
64143.02,INFO,"Mister pulse started; ON until 64143.27s, cooldown until 64147.27s"
64153.03,INFO,"Mister pulse started; ON until 64153.28s, cooldown until 64157.28s"
64158.05,INFO,"Mister pulse started; ON until 64158.30s, cooldown until 64162.30s"
64170.03,INFO,"Mister pulse started; ON until 64170.28s, cooldown until 64174.28s"
64175.04,INFO,"Mister pulse started; ON until 64175.29s, cooldown until 64179.29s"
64189.03,INFO,"Mister pulse started; ON until 64189.28s, cooldown until 64193.28s"
64194.04,INFO,"Mister pulse started; ON until 64194.29s, cooldown until 64198.29s"
64206.02,INFO,"Mister pulse started; ON until 64206.27s, cooldown until 64210.27s"
64216.03,INFO,"Mister pulse started; ON until 64216.28s, cooldown until 64220.28s"
64221.04,INFO,"Mister pulse started; ON until 64221.29s, cooldown until 64225.29s"
64234.05,INFO,"Mister pulse started; ON until 64234.30s, cooldown until 64238.30s"
64239.01,INFO,"Mister pulse started; ON until 64239.26s, cooldown until 64243.26s"
64244.02,INFO,"Mister pulse started; ON until 64244.27s, cooldown until 64248.27s"
64256.05,INFO,"Mister pulse started; ON until 64256.30s, cooldown until 64260.30s"
64261.01,INFO,"Mister pulse started; ON until 64261.26s, cooldown until 64265.26s"
64273.04,INFO,"Mister pulse started; ON until 64273.29s, cooldown until 64277.29s"
64278.05,INFO,"Mister pulse started; ON until 64278.30s, cooldown until 64282.30s"
64292.04,INFO,"Mister pulse started; ON until 64292.29s, cooldown until 64296.29s"
64301.02,INFO,"Mister pulse started; ON until 64301.27s, cooldown until 64305.27s"
64314.03,INFO,"Mister pulse started; ON until 64314.28s, cooldown until 64318.28s"
64319.04,INFO,"Mister pulse started; ON until 64319.29s, cooldown until 64323.29s"
64326.01,INFO,"Mister pulse started; ON until 64326.26s, cooldown until 64330.26s"
64331.02,INFO,"Mister pulse started; ON until 64331.27s, cooldown until 64335.27s"
64344.04,INFO,"Mister pulse started; ON until 64344.29s, cooldown until 64348.29s"
64349.05,INFO,"Mister pulse started; ON until 64349.30s, cooldown until 64353.30s"
64363.04,INFO,"Mister pulse started; ON until 64363.29s, cooldown until 64367.29s"
64369.03,INFO,"Mister pulse started; ON until 64369.28s, cooldown until 64373.28s"
64382.04,INFO,"Mister pulse started; ON until 64382.29s, cooldown until 64386.29s"
64387.00,INFO,"Mister pulse started; ON until 64387.25s, cooldown until 64391.25s"
64399.03,INFO,"Mister pulse started; ON until 64399.28s, cooldown until 64403.28s"
64404.04,INFO,"Mister pulse started; ON until 64404.29s, cooldown until 64408.29s"
64417.00,INFO,"Mister pulse started; ON until 64417.25s, cooldown until 64421.25s"
64425.01,INFO,"Mister pulse started; ON until 64425.26s, cooldown until 64429.26s"
64436.00,INFO,"Mister pulse started; ON until 64436.25s, cooldown until 64440.25s"
64441.02,INFO,"Mister pulse started; ON until 64441.27s, cooldown until 64445.27s"
64452.01,INFO,"Mister pulse started; ON until 64452.26s, cooldown until 64456.26s"
64457.02,INFO,"Mister pulse started; ON until 64457.27s, cooldown until 64461.27s"
64470.02,INFO,"Mister pulse started; ON until 64470.27s, cooldown until 64474.27s"
64475.03,INFO,"Mister pulse started; ON until 64475.28s, cooldown until 64479.28s"
64490.01,INFO,"Mister pulse started; ON until 64490.26s, cooldown until 64494.26s"
64502.04,INFO,"Mister pulse started; ON until 64502.29s, cooldown until 64506.29s"
64507.05,INFO,"Mister pulse started; ON until 64507.30s, cooldown until 64511.30s"
64521.03,INFO,"Mister pulse started; ON until 64521.28s, cooldown until 64525.28s"
64531.05,INFO,"Mister pulse started; ON until 64531.30s, cooldown until 64535.30s"
64545.04,INFO,"Mister pulse started; ON until 64545.29s, cooldown until 64549.29s"
64552.01,INFO,"Mister pulse started; ON until 64552.26s, cooldown until 64556.26s"
64564.04,INFO,"Mister pulse started; ON until 64564.29s, cooldown until 64568.29s"
64569.00,INFO,"Mister pulse started; ON until 64569.25s, cooldown until 64573.25s"
64582.02,INFO,"Mister pulse started; ON until 64582.27s, cooldown until 64586.27s"
64592.03,INFO,"Mister pulse started; ON until 64592.28s, cooldown until 64596.28s"
64598.02,INFO,"Mister pulse started; ON until 64598.27s, cooldown until 64602.27s"
64612.01,INFO,"Mister pulse started; ON until 64612.26s, cooldown until 64616.26s"
64617.02,INFO,"Mister pulse started; ON until 64617.27s, cooldown until 64621.27s"
64632.04,INFO,"Mister pulse started; ON until 64632.29s, cooldown until 64636.29s"
64640.04,INFO,"Mister pulse started; ON until 64640.29s, cooldown until 64644.29s"
64652.03,INFO,"Mister pulse started; ON until 64652.28s, cooldown until 64656.28s"
64657.04,INFO,"Mister pulse started; ON until 64657.29s, cooldown until 64661.29s"
64673.05,INFO,"Mister pulse started; ON until 64673.30s, cooldown until 64677.30s"
64680.02,INFO,"Mister pulse started; ON until 64680.27s, cooldown until 64684.27s"
64695.04,INFO,"Mister pulse started; ON until 64695.29s, cooldown until 64699.29s"
64700.05,INFO,"Mister pulse started; ON until 64700.30s, cooldown until 64704.30s"
64712.02,INFO,"Mister pulse started; ON until 64712.27s, cooldown until 64716.27s"
64725.03,INFO,"Mister pulse started; ON until 64725.28s, cooldown until 64729.28s"
64730.03,INFO,"Mister pulse started; ON until 64730.28s, cooldown until 64734.28s"
64736.03,INFO,"Mister pulse started; ON until 64736.28s, cooldown until 64740.28s"
64751.01,INFO,"Mister pulse started; ON until 64751.26s, cooldown until 64755.26s"
64763.04,INFO,"Mister pulse started; ON until 64763.29s, cooldown until 64767.29s"
64769.03,INFO,"Mister pulse started; ON until 64769.28s, cooldown until 64773.28s"
64774.04,INFO,"Mister pulse started; ON until 64774.29s, cooldown until 64778.29s"
64785.04,INFO,"Mister pulse started; ON until 64785.29s, cooldown until 64789.29s"
64790.05,INFO,"Mister pulse started; ON until 64790.30s, cooldown until 64794.30s"
64804.04,INFO,"Mister pulse started; ON until 64804.29s, cooldown until 64808.29s"
64809.05,INFO,"Mister pulse started; ON until 64809.30s, cooldown until 64813.30s"
64814.01,INFO,"Mister pulse started; ON until 64814.26s, cooldown until 64818.26s"
64830.02,INFO,"Mister pulse started; ON until 64830.27s, cooldown until 64834.27s"
64842.04,INFO,"Mister pulse started; ON until 64842.29s, cooldown until 64846.29s"
64847.00,INFO,"Mister pulse started; ON until 64847.25s, cooldown until 64851.25s"
64852.01,INFO,"Mister pulse started; ON until 64852.26s, cooldown until 64856.26s"
64866.01,INFO,"Mister pulse started; ON until 64866.26s, cooldown until 64870.26s"
64871.02,INFO,"Mister pulse started; ON until 64871.27s, cooldown until 64875.27s"
64877.01,INFO,"Mister pulse started; ON until 64877.26s, cooldown until 64881.26s"
64894.04,INFO,"Mister pulse started; ON until 64894.29s, cooldown until 64898.29s"
64900.03,INFO,"Mister pulse started; ON until 64900.28s, cooldown until 64904.28s"
64916.04,INFO,"Mister pulse started; ON until 64916.29s, cooldown until 64920.29s"
64922.03,INFO,"Mister pulse started; ON until 64922.28s, cooldown until 64926.28s"
64935.04,INFO,"Mister pulse started; ON until 64935.29s, cooldown until 64939.29s"
64940.00,INFO,"Mister pulse started; ON until 64940.25s, cooldown until 64944.25s"
64946.04,INFO,"Mister pulse started; ON until 64946.29s, cooldown until 64950.29s"
64960.03,INFO,"Mister pulse started; ON until 64960.28s, cooldown until 64964.28s"
64965.04,INFO,"Mister pulse started; ON until 64965.29s, cooldown until 64969.29s"
64980.02,INFO,"Mister pulse started; ON until 64980.27s, cooldown until 64984.27s"
64991.01,INFO,"Mister pulse started; ON until 64991.26s, cooldown until 64995.26s"
64996.02,INFO,"Mister pulse started; ON until 64996.27s, cooldown until 65000.27s"
65009.03,INFO,"Mister pulse started; ON until 65009.28s, cooldown until 65013.28s"
65017.03,INFO,"Mister pulse started; ON until 65017.28s, cooldown until 65021.28s"
65027.00,INFO,"Mister pulse started; ON until 65027.25s, cooldown until 65031.25s"
65040.02,INFO,"Mister pulse started; ON until 65040.27s, cooldown until 65044.27s"
65046.01,INFO,"Mister pulse started; ON until 65046.26s, cooldown until 65050.26s"
65056.02,INFO,"Mister pulse started; ON until 65056.27s, cooldown until 65060.27s"
65061.03,INFO,"Mister pulse started; ON until 65061.28s, cooldown until 65065.28s"
65069.03,INFO,"Mister pulse started; ON until 65069.28s, cooldown until 65073.28s"
65075.03,INFO,"Mister pulse started; ON until 65075.28s, cooldown until 65079.28s"
65088.04,INFO,"Mister pulse started; ON until 65088.29s, cooldown until 65092.29s"
65097.02,INFO,"Mister pulse started; ON until 65097.27s, cooldown until 65101.27s"
65107.04,INFO,"Mister pulse started; ON until 65107.29s, cooldown until 65111.29s"
65119.01,INFO,"Mister pulse started; ON until 65119.26s, cooldown until 65123.26s"
65125.05,INFO,"Mister pulse started; ON until 65125.30s, cooldown until 65129.30s"
65131.04,INFO,"Mister pulse started; ON until 65131.29s, cooldown until 65135.29s"
65146.02,INFO,"Mister pulse started; ON until 65146.27s, cooldown until 65150.27s"
65156.03,INFO,"Mister pulse started; ON until 65156.28s, cooldown until 65160.28s"
65162.03,INFO,"Mister pulse started; ON until 65162.28s, cooldown until 65166.28s"
65175.03,INFO,"Mister pulse started; ON until 65175.28s, cooldown until 65179.28s"
65181.02,INFO,"Mister pulse started; ON until 65181.27s, cooldown until 65185.27s"
65192.02,INFO,"Mister pulse started; ON until 65192.27s, cooldown until 65196.27s"
65203.01,INFO,"Mister pulse started; ON until 65203.26s, cooldown until 65207.26s"
65208.02,INFO,"Mister pulse started; ON until 65208.27s, cooldown until 65212.27s"
65219.02,INFO,"Mister pulse started; ON until 65219.27s, cooldown until 65223.27s"
65224.03,INFO,"Mister pulse started; ON until 65224.28s, cooldown until 65228.28s"
65235.02,INFO,"Mister pulse started; ON until 65235.27s, cooldown until 65239.27s"
65240.03,INFO,"Mister pulse started; ON until 65240.28s, cooldown until 65244.28s"
65251.03,INFO,"Mister pulse started; ON until 65251.28s, cooldown until 65255.28s"
65256.04,INFO,"Mister pulse started; ON until 65256.29s, cooldown until 65260.29s"
65263.02,INFO,"Mister pulse started; ON until 65263.27s, cooldown until 65267.27s"
65277.00,INFO,"Mister pulse started; ON until 65277.25s, cooldown until 65281.25s"
65284.02,INFO,"Mister pulse started; ON until 65284.27s, cooldown until 65288.27s"
65293.01,INFO,"Mister pulse started; ON until 65293.26s, cooldown until 65297.26s"
65303.02,INFO,"Mister pulse started; ON until 65303.27s, cooldown until 65307.27s"
65313.04,INFO,"Mister pulse started; ON until 65313.29s, cooldown until 65317.29s"
65326.00,INFO,"Mister pulse started; ON until 65326.25s, cooldown until 65330.25s"
65336.03,INFO,"Mister pulse started; ON until 65336.28s, cooldown until 65340.28s"
65350.02,INFO,"Mister pulse started; ON until 65350.27s, cooldown until 65354.27s"
65357.04,INFO,"Mister pulse started; ON until 65357.29s, cooldown until 65361.29s"
65369.02,INFO,"Mister pulse started; ON until 65369.27s, cooldown until 65373.27s"
65374.04,INFO,"Mister pulse started; ON until 65374.29s, cooldown until 65378.29s"
65386.01,INFO,"Mister pulse started; ON until 65386.26s, cooldown until 65390.26s"
65391.02,INFO,"Mister pulse started; ON until 65391.27s, cooldown until 65395.27s"
65405.01,INFO,"Mister pulse started; ON until 65405.26s, cooldown until 65409.26s"
65416.01,INFO,"Mister pulse started; ON until 65416.26s, cooldown until 65420.26s"
65421.02,INFO,"Mister pulse started; ON until 65421.27s, cooldown until 65425.27s"
65432.02,INFO,"Mister pulse started; ON until 65432.27s, cooldown until 65436.27s"
65437.03,INFO,"Mister pulse started; ON until 65437.28s, cooldown until 65441.28s"
65448.02,INFO,"Mister pulse started; ON until 65448.27s, cooldown until 65452.27s"
65453.03,INFO,"Mister pulse started; ON until 65453.28s, cooldown until 65457.28s"
65461.04,INFO,"Mister pulse started; ON until 65461.29s, cooldown until 65465.29s"
65476.01,INFO,"Mister pulse started; ON until 65476.26s, cooldown until 65480.26s"
65486.03,INFO,"Mister pulse started; ON until 65486.28s, cooldown until 65490.28s"
65501.00,INFO,"Mister pulse started; ON until 65501.25s, cooldown until 65505.25s"
65512.00,INFO,"Mister pulse started; ON until 65512.25s, cooldown until 65516.25s"
65517.01,INFO,"Mister pulse started; ON until 65517.26s, cooldown until 65521.26s"
65531.00,INFO,"Mister pulse started; ON until 65531.25s, cooldown until 65535.25s"
65542.00,INFO,"Mister pulse started; ON until 65542.25s, cooldown until 65546.25s"
65547.02,INFO,"Mister pulse started; ON until 65547.27s, cooldown until 65551.27s"
65560.02,INFO,"Mister pulse started; ON until 65560.27s, cooldown until 65564.27s"
65565.03,INFO,"Mister pulse started; ON until 65565.28s, cooldown until 65569.28s"
65580.01,INFO,"Mister pulse started; ON until 65580.26s, cooldown until 65584.26s"
65593.02,INFO,"Mister pulse started; ON until 65593.27s, cooldown until 65597.27s"
65598.02,INFO,"Mister pulse started; ON until 65598.27s, cooldown until 65602.27s"
65603.03,INFO,"Mister pulse started; ON until 65603.28s, cooldown until 65607.28s"
65617.02,INFO,"Mister pulse started; ON until 65617.27s, cooldown until 65621.27s"
65622.03,INFO,"Mister pulse started; ON until 65622.28s, cooldown until 65626.28s"
65631.01,INFO,"Mister pulse started; ON until 65631.26s, cooldown until 65635.26s"
65637.00,INFO,"Mister pulse started; ON until 65637.25s, cooldown until 65641.25s"
65643.04,INFO,"Mister pulse started; ON until 65643.29s, cooldown until 65647.29s"
65655.02,INFO,"Mister pulse started; ON until 65655.27s, cooldown until 65659.27s"
65660.04,INFO,"Mister pulse started; ON until 65660.29s, cooldown until 65664.29s"
65675.02,INFO,"Mister pulse started; ON until 65675.27s, cooldown until 65679.27s"
65686.02,INFO,"Mister pulse started; ON until 65686.27s, cooldown until 65690.27s"
65692.00,INFO,"Mister pulse started; ON until 65692.25s, cooldown until 65696.25s"
65697.01,INFO,"Mister pulse started; ON until 65697.26s, cooldown until 65701.26s"
65710.02,INFO,"Mister pulse started; ON until 65710.27s, cooldown until 65714.27s"
65716.01,INFO,"Mister pulse started; ON until 65716.26s, cooldown until 65720.26s"
65722.00,INFO,"Mister pulse started; ON until 65722.25s, cooldown until 65726.25s"
65737.03,INFO,"Mister pulse started; ON until 65737.28s, cooldown until 65741.28s"
65742.03,INFO,"Mister pulse started; ON until 65742.28s, cooldown until 65746.28s"
65753.04,INFO,"Mister pulse started; ON until 65753.29s, cooldown until 65757.29s"
65763.05,INFO,"Mister pulse started; ON until 65763.30s, cooldown until 65767.30s"
65776.01,INFO,"Mister pulse started; ON until 65776.26s, cooldown until 65780.26s"
65786.03,INFO,"Mister pulse started; ON until 65786.28s, cooldown until 65790.28s"
65798.00,INFO,"Mister pulse started; ON until 65798.25s, cooldown until 65802.25s"
65808.02,INFO,"Mister pulse started; ON until 65808.27s, cooldown until 65812.27s"
65818.04,INFO,"Mister pulse started; ON until 65818.29s, cooldown until 65822.29s"
65831.05,INFO,"Mister pulse started; ON until 65831.30s, cooldown until 65835.30s"
65836.00,INFO,"Mister pulse started; ON until 65836.25s, cooldown until 65840.25s"
65847.00,INFO,"Mister pulse started; ON until 65847.25s, cooldown until 65851.25s"
65858.05,INFO,"Mister pulse started; ON until 65858.30s, cooldown until 65862.30s"
65870.02,INFO,"Mister pulse started; ON until 65870.27s, cooldown until 65874.27s"
65876.01,INFO,"Mister pulse started; ON until 65876.26s, cooldown until 65880.26s"
65886.03,INFO,"Mister pulse started; ON until 65886.28s, cooldown until 65890.28s"
65892.02,INFO,"Mister pulse started; ON until 65892.27s, cooldown until 65896.27s"
65903.02,INFO,"Mister pulse started; ON until 65903.27s, cooldown until 65907.27s"
65913.04,INFO,"Mister pulse started; ON until 65913.29s, cooldown until 65917.29s"
65925.01,INFO,"Mister pulse started; ON until 65925.26s, cooldown until 65929.26s"
65930.02,INFO,"Mister pulse started; ON until 65930.27s, cooldown until 65934.27s"
65939.00,INFO,"Mister pulse started; ON until 65939.25s, cooldown until 65943.25s"
65944.01,INFO,"Mister pulse started; ON until 65944.26s, cooldown until 65948.26s"
65949.01,INFO,"Mister pulse started; ON until 65949.26s, cooldown until 65953.26s"
65954.03,INFO,"Mister pulse started; ON until 65954.28s, cooldown until 65958.28s"
65959.04,INFO,"Mister pulse started; ON until 65959.29s, cooldown until 65963.29s"
65964.05,INFO,"Mister pulse started; ON until 65964.30s, cooldown until 65968.30s"
65969.01,INFO,"Mister pulse started; ON until 65969.26s, cooldown until 65973.26s"
65974.02,INFO,"Mister pulse started; ON until 65974.27s, cooldown until 65978.27s"
65979.03,INFO,"Mister pulse started; ON until 65979.28s, cooldown until 65983.28s"
65984.03,INFO,"Mister pulse started; ON until 65984.28s, cooldown until 65988.28s"
65989.04,INFO,"Mister pulse started; ON until 65989.29s, cooldown until 65993.29s"
65994.00,INFO,"Mister pulse started; ON until 65994.25s, cooldown until 65998.25s"
65999.01,INFO,"Mister pulse started; ON until 65999.26s, cooldown until 66003.26s"
66004.02,INFO,"Mister pulse started; ON until 66004.27s, cooldown until 66008.27s"
66009.03,INFO,"Mister pulse started; ON until 66009.28s, cooldown until 66013.28s"
66014.04,INFO,"Mister pulse started; ON until 66014.29s, cooldown until 66018.29s"
66019.04,INFO,"Mister pulse started; ON until 66019.29s, cooldown until 66023.29s"
66024.05,INFO,"Mister pulse started; ON until 66024.30s, cooldown until 66028.30s"
66029.01,INFO,"Mister pulse started; ON until 66029.26s, cooldown until 66033.26s"
66034.02,INFO,"Mister pulse started; ON until 66034.27s, cooldown until 66038.27s"
66039.03,INFO,"Mister pulse started; ON until 66039.28s, cooldown until 66043.28s"
66044.04,INFO,"Mister pulse started; ON until 66044.29s, cooldown until 66048.29s"
66049.04,INFO,"Mister pulse started; ON until 66049.29s, cooldown until 66053.29s"
66054.05,INFO,"Mister pulse started; ON until 66054.30s, cooldown until 66058.30s"
66059.00,INFO,"Mister pulse started; ON until 66059.25s, cooldown until 66063.25s"
66064.01,INFO,"Mister pulse started; ON until 66064.26s, cooldown until 66068.26s"
66069.03,INFO,"Mister pulse started; ON until 66069.28s, cooldown until 66073.28s"
66074.03,INFO,"Mister pulse started; ON until 66074.28s, cooldown until 66078.28s"
66079.04,INFO,"Mister pulse started; ON until 66079.29s, cooldown until 66083.29s"
66084.00,INFO,"Mister pulse started; ON until 66084.25s, cooldown until 66088.25s"
66089.01,INFO,"Mister pulse started; ON until 66089.26s, cooldown until 66093.26s"
66094.02,INFO,"Mister pulse started; ON until 66094.27s, cooldown until 66098.27s"
66099.03,INFO,"Mister pulse started; ON until 66099.28s, cooldown until 66103.28s"
66104.04,INFO,"Mister pulse started; ON until 66104.29s, cooldown until 66108.29s"
66109.05,INFO,"Mister pulse started; ON until 66109.30s, cooldown until 66113.30s"
66114.01,INFO,"Mister pulse started; ON until 66114.26s, cooldown until 66118.26s"
66119.02,INFO,"Mister pulse started; ON until 66119.27s, cooldown until 66123.27s"
66124.03,INFO,"Mister pulse started; ON until 66124.28s, cooldown until 66128.28s"
66129.03,INFO,"Mister pulse started; ON until 66129.28s, cooldown until 66133.28s"
66139.00,INFO,"Mister pulse started; ON until 66139.25s, cooldown until 66143.25s"
66153.04,INFO,"Mister pulse started; ON until 66153.29s, cooldown until 66157.29s"
66158.05,INFO,"Mister pulse started; ON until 66158.30s, cooldown until 66162.30s"
66172.04,INFO,"Mister pulse started; ON until 66172.29s, cooldown until 66176.29s"
66182.00,INFO,"Mister pulse started; ON until 66182.25s, cooldown until 66186.25s"
66187.01,INFO,"Mister pulse started; ON until 66187.26s, cooldown until 66191.26s"
66199.00,INFO,"Mister pulse started; ON until 66199.25s, cooldown until 66203.25s"
66204.01,INFO,"Mister pulse started; ON until 66204.26s, cooldown until 66208.26s"
66218.00,INFO,"Mister pulse started; ON until 66218.25s, cooldown until 66222.25s"
66231.02,INFO,"Mister pulse started; ON until 66231.27s, cooldown until 66235.27s"
66237.01,INFO,"Mister pulse started; ON until 66237.26s, cooldown until 66241.26s"
66242.02,INFO,"Mister pulse started; ON until 66242.27s, cooldown until 66246.27s"
66257.05,INFO,"Mister pulse started; ON until 66257.30s, cooldown until 66261.30s"
66267.01,INFO,"Mister pulse started; ON until 66267.26s, cooldown until 66271.26s"
66281.01,INFO,"Mister pulse started; ON until 66281.26s, cooldown until 66285.26s"
66292.00,INFO,"Mister pulse started; ON until 66292.25s, cooldown until 66296.25s"
66297.02,INFO,"Mister pulse started; ON until 66297.27s, cooldown until 66301.27s"
66309.04,INFO,"Mister pulse started; ON until 66309.29s, cooldown until 66313.29s"
66314.05,INFO,"Mister pulse started; ON until 66314.30s, cooldown until 66318.30s"
66327.01,INFO,"Mister pulse started; ON until 66327.26s, cooldown until 66331.26s"
66333.05,INFO,"Mister pulse started; ON until 66333.30s, cooldown until 66337.30s"
66343.01,INFO,"Mister pulse started; ON until 66343.26s, cooldown until 66347.26s"
66350.03,INFO,"Mister pulse started; ON until 66350.28s, cooldown until 66354.28s"
66363.04,INFO,"Mister pulse started; ON until 66363.29s, cooldown until 66367.29s"
66377.03,INFO,"Mister pulse started; ON until 66377.28s, cooldown until 66381.28s"
66384.01,INFO,"Mister pulse started; ON until 66384.26s, cooldown until 66388.26s"
66399.03,INFO,"Mister pulse started; ON until 66399.28s, cooldown until 66403.28s"
66405.02,INFO,"Mister pulse started; ON until 66405.27s, cooldown until 66409.27s"
66417.04,INFO,"Mister pulse started; ON until 66417.29s, cooldown until 66421.29s"
66431.03,INFO,"Mister pulse started; ON until 66431.28s, cooldown until 66435.28s"
66437.02,INFO,"Mister pulse started; ON until 66437.27s, cooldown until 66441.27s"
66448.02,INFO,"Mister pulse started; ON until 66448.27s, cooldown until 66452.27s"
66462.00,INFO,"Mister pulse started; ON until 66462.25s, cooldown until 66466.25s"
66467.01,INFO,"Mister pulse started; ON until 66467.26s, cooldown until 66471.26s"
66479.05,INFO,"Mister pulse started; ON until 66479.30s, cooldown until 66483.30s"
66484.00,INFO,"Mister pulse started; ON until 66484.25s, cooldown until 66488.25s"
66497.02,INFO,"Mister pulse started; ON until 66497.27s, cooldown until 66501.27s"
66511.00,INFO,"Mister pulse started; ON until 66511.25s, cooldown until 66515.25s"
66524.01,INFO,"Mister pulse started; ON until 66524.26s, cooldown until 66528.26s"
66529.02,INFO,"Mister pulse started; ON until 66529.27s, cooldown until 66533.27s"
66547.04,INFO,"Mister pulse started; ON until 66547.29s, cooldown until 66551.29s"
66552.00,INFO,"Mister pulse started; ON until 66552.25s, cooldown until 66556.25s"
66568.01,INFO,"Mister pulse started; ON until 66568.26s, cooldown until 66572.26s"
66584.01,INFO,"Mister pulse started; ON until 66584.26s, cooldown until 66588.26s"
66596.04,INFO,"Mister pulse started; ON until 66596.29s, cooldown until 66600.29s"
66604.04,INFO,"Mister pulse started; ON until 66604.29s, cooldown until 66608.29s"
66610.04,INFO,"Mister pulse started; ON until 66610.29s, cooldown until 66614.29s"
66621.03,INFO,"Mister pulse started; ON until 66621.28s, cooldown until 66625.28s"
66631.00,INFO,"Mister pulse started; ON until 66631.25s, cooldown until 66635.25s"
66646.03,INFO,"Mister pulse started; ON until 66646.28s, cooldown until 66650.28s"
66659.04,INFO,"Mister pulse started; ON until 66659.29s, cooldown until 66663.29s"
66664.01,INFO,"Mister pulse started; ON until 66664.26s, cooldown until 66668.26s"
66672.01,INFO,"Mister pulse started; ON until 66672.26s, cooldown until 66676.26s"
66681.04,INFO,"Mister pulse started; ON until 66681.29s, cooldown until 66685.29s"
66686.00,INFO,"Mister pulse started; ON until 66686.25s, cooldown until 66690.25s"
66704.02,INFO,"Mister pulse started; ON until 66704.27s, cooldown until 66708.27s"
66709.03,INFO,"Mister pulse started; ON until 66709.28s, cooldown until 66713.28s"
66724.05,INFO,"Mister pulse started; ON until 66724.30s, cooldown until 66728.30s"
66734.02,INFO,"Mister pulse started; ON until 66734.27s, cooldown until 66738.27s"
66752.04,INFO,"Mister pulse started; ON until 66752.29s, cooldown until 66756.29s"
66757.05,INFO,"Mister pulse started; ON until 66757.30s, cooldown until 66761.30s"
66771.04,INFO,"Mister pulse started; ON until 66771.29s, cooldown until 66775.29s"
66780.02,INFO,"Mister pulse started; ON until 66780.27s, cooldown until 66784.27s"
66794.01,INFO,"Mister pulse started; ON until 66794.26s, cooldown until 66798.26s"
66805.01,INFO,"Mister pulse started; ON until 66805.26s, cooldown until 66809.26s"
66821.02,INFO,"Mister pulse started; ON until 66821.27s, cooldown until 66825.27s"
66836.04,INFO,"Mister pulse started; ON until 66836.29s, cooldown until 66840.29s"
66843.01,INFO,"Mister pulse started; ON until 66843.26s, cooldown until 66847.26s"
66861.03,INFO,"Mister pulse started; ON until 66861.28s, cooldown until 66865.28s"
66874.04,INFO,"Mister pulse started; ON until 66874.29s, cooldown until 66878.29s"
66879.00,INFO,"Mister pulse started; ON until 66879.25s, cooldown until 66883.25s"
66890.05,INFO,"Mister pulse started; ON until 66890.30s, cooldown until 66894.30s"
66897.02,INFO,"Mister pulse started; ON until 66897.27s, cooldown until 66901.27s"
66913.03,INFO,"Mister pulse started; ON until 66913.28s, cooldown until 66917.28s"
66919.02,INFO,"Mister pulse started; ON until 66919.27s, cooldown until 66923.27s"
66930.01,INFO,"Mister pulse started; ON until 66930.26s, cooldown until 66934.26s"
66944.00,INFO,"Mister pulse started; ON until 66944.25s, cooldown until 66948.25s"
66951.02,INFO,"Mister pulse started; ON until 66951.27s, cooldown until 66955.27s"
66961.05,INFO,"Mister pulse started; ON until 66961.30s, cooldown until 66965.30s"
66968.02,INFO,"Mister pulse started; ON until 66968.27s, cooldown until 66972.27s"
66982.01,INFO,"Mister pulse started; ON until 66982.26s, cooldown until 66986.26s"
66987.01,INFO,"Mister pulse started; ON until 66987.26s, cooldown until 66991.26s"
67006.02,INFO,"Mister pulse started; ON until 67006.27s, cooldown until 67010.27s"
67011.02,INFO,"Mister pulse started; ON until 67011.27s, cooldown until 67015.27s"
67028.05,INFO,"Mister pulse started; ON until 67028.30s, cooldown until 67032.30s"
67043.02,INFO,"Mister pulse started; ON until 67043.27s, cooldown until 67047.27s"
67057.01,INFO,"Mister pulse started; ON until 67057.26s, cooldown until 67061.26s"
67069.04,INFO,"Mister pulse started; ON until 67069.29s, cooldown until 67073.29s"
67074.05,INFO,"Mister pulse started; ON until 67074.30s, cooldown until 67078.30s"
67085.04,INFO,"Mister pulse started; ON until 67085.29s, cooldown until 67089.29s"
67090.00,INFO,"Mister pulse started; ON until 67090.25s, cooldown until 67094.25s"
67107.04,INFO,"Mister pulse started; ON until 67107.29s, cooldown until 67111.29s"
67121.03,INFO,"Mister pulse started; ON until 67121.28s, cooldown until 67125.28s"
67131.05,INFO,"Mister pulse started; ON until 67131.30s, cooldown until 67135.30s"
67149.02,INFO,"Mister pulse started; ON until 67149.27s, cooldown until 67153.27s"
67154.03,INFO,"Mister pulse started; ON until 67154.28s, cooldown until 67158.28s"
67171.02,INFO,"Mister pulse started; ON until 67171.27s, cooldown until 67175.27s"
67176.02,INFO,"Mister pulse started; ON until 67176.27s, cooldown until 67180.27s"
67190.01,INFO,"Mister pulse started; ON until 67190.26s, cooldown until 67194.26s"
67197.03,INFO,"Mister pulse started; ON until 67197.28s, cooldown until 67201.28s"
67209.02,INFO,"Mister pulse started; ON until 67209.27s, cooldown until 67213.27s"
67226.01,INFO,"Mister pulse started; ON until 67226.26s, cooldown until 67230.26s"
67231.02,INFO,"Mister pulse started; ON until 67231.27s, cooldown until 67235.27s"
67244.03,INFO,"Mister pulse started; ON until 67244.28s, cooldown until 67248.28s"
67249.05,INFO,"Mister pulse started; ON until 67249.30s, cooldown until 67253.30s"
67268.05,INFO,"Mister pulse started; ON until 67268.30s, cooldown until 67272.30s"
67273.00,INFO,"Mister pulse started; ON until 67273.25s, cooldown until 67277.25s"
67278.01,INFO,"Mister pulse started; ON until 67278.26s, cooldown until 67282.26s"
67293.04,INFO,"Mister pulse started; ON until 67293.29s, cooldown until 67297.29s"
67302.02,INFO,"Mister pulse started; ON until 67302.27s, cooldown until 67306.27s"
67314.04,INFO,"Mister pulse started; ON until 67314.29s, cooldown until 67318.29s"
67319.00,INFO,"Mister pulse started; ON until 67319.25s, cooldown until 67323.25s"
67334.04,INFO,"Mister pulse started; ON until 67334.29s, cooldown until 67338.29s"
67343.02,INFO,"Mister pulse started; ON until 67343.27s, cooldown until 67347.27s"
67360.05,INFO,"Mister pulse started; ON until 67360.30s, cooldown until 67364.30s"
67372.03,INFO,"Mister pulse started; ON until 67372.28s, cooldown until 67376.28s"
67382.00,INFO,"Mister pulse started; ON until 67382.25s, cooldown until 67386.25s"
67395.01,INFO,"Mister pulse started; ON until 67395.26s, cooldown until 67399.26s"
67403.01,INFO,"Mister pulse started; ON until 67403.26s, cooldown until 67407.26s"
67415.00,INFO,"Mister pulse started; ON until 67415.25s, cooldown until 67419.25s"
67420.01,INFO,"Mister pulse started; ON until 67420.26s, cooldown until 67424.26s"
67434.00,INFO,"Mister pulse started; ON until 67434.25s, cooldown until 67438.25s"
67440.04,INFO,"Mister pulse started; ON until 67440.29s, cooldown until 67444.29s"
67449.03,INFO,"Mister pulse started; ON until 67449.28s, cooldown until 67453.28s"
67454.04,INFO,"Mister pulse started; ON until 67454.29s, cooldown until 67458.29s"
67473.03,INFO,"Mister pulse started; ON until 67473.28s, cooldown until 67477.28s"
67478.04,INFO,"Mister pulse started; ON until 67478.29s, cooldown until 67482.29s"
67494.05,INFO,"Mister pulse started; ON until 67494.30s, cooldown until 67498.30s"
67508.04,INFO,"Mister pulse started; ON until 67508.29s, cooldown until 67512.29s"
67520.01,INFO,"Mister pulse started; ON until 67520.26s, cooldown until 67524.26s"
67526.00,INFO,"Mister pulse started; ON until 67526.25s, cooldown until 67530.25s"
67535.04,INFO,"Mister pulse started; ON until 67535.29s, cooldown until 67539.29s"
67540.00,INFO,"Mister pulse started; ON until 67540.25s, cooldown until 67544.25s"
67557.05,INFO,"Mister pulse started; ON until 67557.30s, cooldown until 67561.30s"
67568.04,INFO,"Mister pulse started; ON until 67568.29s, cooldown until 67572.29s"
67575.01,INFO,"Mister pulse started; ON until 67575.26s, cooldown until 67579.26s"
67585.03,INFO,"Mister pulse started; ON until 67585.28s, cooldown until 67589.28s"
67596.03,INFO,"Mister pulse started; ON until 67596.28s, cooldown until 67600.28s"
67611.05,INFO,"Mister pulse started; ON until 67611.30s, cooldown until 67615.30s"
67619.01,INFO,"Mister pulse started; ON until 67619.26s, cooldown until 67623.26s"
67638.02,INFO,"Mister pulse started; ON until 67638.27s, cooldown until 67642.27s"
67643.03,INFO,"Mister pulse started; ON until 67643.28s, cooldown until 67647.28s"
67657.02,INFO,"Mister pulse started; ON until 67657.27s, cooldown until 67661.27s"
67672.05,INFO,"Mister pulse started; ON until 67672.30s, cooldown until 67676.30s"
67677.00,INFO,"Mister pulse started; ON until 67677.25s, cooldown until 67681.25s"
67690.01,INFO,"Mister pulse started; ON until 67690.26s, cooldown until 67694.26s"
67707.05,INFO,"Mister pulse started; ON until 67707.30s, cooldown until 67711.30s"
67720.01,INFO,"Mister pulse started; ON until 67720.26s, cooldown until 67724.26s"
67732.04,INFO,"Mister pulse started; ON until 67732.29s, cooldown until 67736.29s"
67737.05,INFO,"Mister pulse started; ON until 67737.30s, cooldown until 67741.30s"
67752.02,INFO,"Mister pulse started; ON until 67752.27s, cooldown until 67756.27s"
67757.03,INFO,"Mister pulse started; ON until 67757.28s, cooldown until 67761.28s"
67770.04,INFO,"Mister pulse started; ON until 67770.29s, cooldown until 67774.29s"
67785.01,INFO,"Mister pulse started; ON until 67785.26s, cooldown until 67789.26s"
67799.05,INFO,"Mister pulse started; ON until 67799.30s, cooldown until 67803.30s"
67804.01,INFO,"Mister pulse started; ON until 67804.26s, cooldown until 67808.26s"
67817.02,INFO,"Mister pulse started; ON until 67817.27s, cooldown until 67821.27s"
67832.00,INFO,"Mister pulse started; ON until 67832.25s, cooldown until 67836.25s"
67844.03,INFO,"Mister pulse started; ON until 67844.28s, cooldown until 67848.28s"
67850.02,INFO,"Mister pulse started; ON until 67850.27s, cooldown until 67854.27s"
67858.02,INFO,"Mister pulse started; ON until 67858.27s, cooldown until 67862.27s"
67867.01,INFO,"Mister pulse started; ON until 67867.26s, cooldown until 67871.26s"
67879.04,INFO,"Mister pulse started; ON until 67879.29s, cooldown until 67883.29s"
67891.01,INFO,"Mister pulse started; ON until 67891.26s, cooldown until 67895.26s"
67896.02,INFO,"Mister pulse started; ON until 67896.27s, cooldown until 67900.27s"
67914.04,INFO,"Mister pulse started; ON until 67914.29s, cooldown until 67918.29s"
67919.05,INFO,"Mister pulse started; ON until 67919.30s, cooldown until 67923.30s"
67935.00,INFO,"Mister pulse started; ON until 67935.25s, cooldown until 67939.25s"
67948.02,INFO,"Mister pulse started; ON until 67948.27s, cooldown until 67952.27s"
67957.05,INFO,"Mister pulse started; ON until 67957.30s, cooldown until 67961.30s"
67970.01,INFO,"Mister pulse started; ON until 67970.26s, cooldown until 67974.26s"
67975.02,INFO,"Mister pulse started; ON until 67975.27s, cooldown until 67979.27s"
67993.04,INFO,"Mister pulse started; ON until 67993.29s, cooldown until 67997.29s"
67998.00,INFO,"Mister pulse started; ON until 67998.25s, cooldown until 68002.25s"
68016.04,INFO,"Mister pulse started; ON until 68016.29s, cooldown until 68020.29s"
68021.05,INFO,"Mister pulse started; ON until 68021.30s, cooldown until 68025.30s"
68035.04,INFO,"Mister pulse started; ON until 68035.29s, cooldown until 68039.29s"
68043.04,INFO,"Mister pulse started; ON until 68043.29s, cooldown until 68047.29s"
68056.01,INFO,"Mister pulse started; ON until 68056.26s, cooldown until 68060.26s"
68062.05,INFO,"Mister pulse started; ON until 68062.30s, cooldown until 68066.30s"
68080.01,INFO,"Mister pulse started; ON until 68080.26s, cooldown until 68084.26s"
68085.01,INFO,"Mister pulse started; ON until 68085.26s, cooldown until 68089.26s"
68102.05,INFO,"Mister pulse started; ON until 68102.30s, cooldown until 68106.30s"
68117.02,INFO,"Mister pulse started; ON until 68117.27s, cooldown until 68121.27s"
68126.05,INFO,"Mister pulse started; ON until 68126.30s, cooldown until 68130.30s"
68144.02,INFO,"Mister pulse started; ON until 68144.27s, cooldown until 68148.27s"
68149.03,INFO,"Mister pulse started; ON until 68149.28s, cooldown until 68153.28s"
68166.01,INFO,"Mister pulse started; ON until 68166.26s, cooldown until 68170.26s"
68171.03,INFO,"Mister pulse started; ON until 68171.28s, cooldown until 68175.28s"
68182.03,INFO,"Mister pulse started; ON until 68182.28s, cooldown until 68186.28s"
68187.04,INFO,"Mister pulse started; ON until 68187.29s, cooldown until 68191.29s"
68204.03,INFO,"Mister pulse started; ON until 68204.28s, cooldown until 68208.28s"
68209.05,INFO,"Mister pulse started; ON until 68209.30s, cooldown until 68213.30s"
68227.02,INFO,"Mister pulse started; ON until 68227.27s, cooldown until 68231.27s"
68240.03,INFO,"Mister pulse started; ON until 68240.28s, cooldown until 68244.28s"
68245.04,INFO,"Mister pulse started; ON until 68245.29s, cooldown until 68249.29s"
68258.00,INFO,"Mister pulse started; ON until 68258.25s, cooldown until 68262.25s"
68271.02,INFO,"Mister pulse started; ON until 68271.27s, cooldown until 68275.27s"
68276.03,INFO,"Mister pulse started; ON until 68276.28s, cooldown until 68280.28s"
68284.03,INFO,"Mister pulse started; ON until 68284.28s, cooldown until 68288.28s"
68290.03,INFO,"Mister pulse started; ON until 68290.28s, cooldown until 68294.28s"
68307.01,INFO,"Mister pulse started; ON until 68307.26s, cooldown until 68311.26s"
68312.02,INFO,"Mister pulse started; ON until 68312.27s, cooldown until 68316.27s"
68325.03,INFO,"Mister pulse started; ON until 68325.28s, cooldown until 68329.28s"
68330.04,INFO,"Mister pulse started; ON until 68330.29s, cooldown until 68334.29s"
68345.01,INFO,"Mister pulse started; ON until 68345.26s, cooldown until 68349.26s"
68358.03,INFO,"Mister pulse started; ON until 68358.28s, cooldown until 68362.28s"
68364.01,INFO,"Mister pulse started; ON until 68364.26s, cooldown until 68368.26s"
68375.01,INFO,"Mister pulse started; ON until 68375.26s, cooldown until 68379.26s"
68388.02,INFO,"Mister pulse started; ON until 68388.27s, cooldown until 68392.27s"
68393.03,INFO,"Mister pulse started; ON until 68393.28s, cooldown until 68397.28s"
68412.03,INFO,"Mister pulse started; ON until 68412.28s, cooldown until 68416.28s"
68417.04,INFO,"Mister pulse started; ON until 68417.29s, cooldown until 68421.29s"
68427.01,INFO,"Mister pulse started; ON until 68427.26s, cooldown until 68431.26s"
68438.01,INFO,"Mister pulse started; ON until 68438.26s, cooldown until 68442.26s"
68446.01,INFO,"Mister pulse started; ON until 68446.26s, cooldown until 68450.26s"
68462.01,INFO,"Mister pulse started; ON until 68462.26s, cooldown until 68466.26s"
68473.00,INFO,"Mister pulse started; ON until 68473.25s, cooldown until 68477.25s"
68478.02,INFO,"Mister pulse started; ON until 68478.27s, cooldown until 68482.27s"
68491.02,INFO,"Mister pulse started; ON until 68491.27s, cooldown until 68495.27s"
68497.01,INFO,"Mister pulse started; ON until 68497.26s, cooldown until 68501.26s"
68502.02,INFO,"Mister pulse started; ON until 68502.27s, cooldown until 68506.27s"
68518.03,INFO,"Mister pulse started; ON until 68518.28s, cooldown until 68522.28s"
68523.04,INFO,"Mister pulse started; ON until 68523.29s, cooldown until 68527.29s"
68536.05,INFO,"Mister pulse started; ON until 68536.30s, cooldown until 68540.30s"
68551.02,INFO,"Mister pulse started; ON until 68551.27s, cooldown until 68555.27s"
68559.03,INFO,"Mister pulse started; ON until 68559.28s, cooldown until 68563.28s"
68576.01,INFO,"Mister pulse started; ON until 68576.26s, cooldown until 68580.26s"
68581.03,INFO,"Mister pulse started; ON until 68581.28s, cooldown until 68585.28s"
68592.02,INFO,"Mister pulse started; ON until 68592.27s, cooldown until 68596.27s"
68597.03,INFO,"Mister pulse started; ON until 68597.28s, cooldown until 68601.28s"
68612.00,INFO,"Mister pulse started; ON until 68612.25s, cooldown until 68616.25s"
68617.01,INFO,"Mister pulse started; ON until 68617.26s, cooldown until 68621.26s"
68631.00,INFO,"Mister pulse started; ON until 68631.25s, cooldown until 68635.25s"
68636.01,INFO,"Mister pulse started; ON until 68636.26s, cooldown until 68640.26s"
68649.02,INFO,"Mister pulse started; ON until 68649.27s, cooldown until 68653.27s"
68655.01,INFO,"Mister pulse started; ON until 68655.26s, cooldown until 68659.26s"
68663.01,INFO,"Mister pulse started; ON until 68663.26s, cooldown until 68667.26s"
68668.02,INFO,"Mister pulse started; ON until 68668.27s, cooldown until 68672.27s"
68682.01,INFO,"Mister pulse started; ON until 68682.26s, cooldown until 68686.26s"
68692.03,INFO,"Mister pulse started; ON until 68692.28s, cooldown until 68696.28s"
68705.04,INFO,"Mister pulse started; ON until 68705.29s, cooldown until 68709.29s"
68710.05,INFO,"Mister pulse started; ON until 68710.30s, cooldown until 68714.30s"
68727.04,INFO,"Mister pulse started; ON until 68727.29s, cooldown until 68731.29s"
68732.05,INFO,"Mister pulse started; ON until 68732.30s, cooldown until 68736.30s"
68747.02,INFO,"Mister pulse started; ON until 68747.27s, cooldown until 68751.27s"
68759.00,INFO,"Mister pulse started; ON until 68759.25s, cooldown until 68763.25s"
68764.01,INFO,"Mister pulse started; ON until 68764.26s, cooldown until 68768.26s"
68782.02,INFO,"Mister pulse started; ON until 68782.27s, cooldown until 68786.27s"
68787.03,INFO,"Mister pulse started; ON until 68787.28s, cooldown until 68791.28s"
68802.00,INFO,"Mister pulse started; ON until 68802.25s, cooldown until 68806.25s"
68811.04,INFO,"Mister pulse started; ON until 68811.29s, cooldown until 68815.29s"
68825.02,INFO,"Mister pulse started; ON until 68825.27s, cooldown until 68829.27s"
68830.04,INFO,"Mister pulse started; ON until 68830.29s, cooldown until 68834.29s"
68841.04,INFO,"Mister pulse started; ON until 68841.29s, cooldown until 68845.29s"
68851.00,INFO,"Mister pulse started; ON until 68851.25s, cooldown until 68855.25s"
68867.03,INFO,"Mister pulse started; ON until 68867.28s, cooldown until 68871.28s"
68876.01,INFO,"Mister pulse started; ON until 68876.26s, cooldown until 68880.26s"
68884.01,INFO,"Mister pulse started; ON until 68884.26s, cooldown until 68888.26s"
68892.01,INFO,"Mister pulse started; ON until 68892.26s, cooldown until 68896.26s"
68898.00,INFO,"Mister pulse started; ON until 68898.25s, cooldown until 68902.25s"
68914.01,INFO,"Mister pulse started; ON until 68914.26s, cooldown until 68918.26s"
68931.04,INFO,"Mister pulse started; ON until 68931.29s, cooldown until 68935.29s"
68944.01,INFO,"Mister pulse started; ON until 68944.26s, cooldown until 68948.26s"
68956.04,INFO,"Mister pulse started; ON until 68956.29s, cooldown until 68960.29s"
68961.05,INFO,"Mister pulse started; ON until 68961.30s, cooldown until 68965.30s"
68977.01,INFO,"Mister pulse started; ON until 68977.26s, cooldown until 68981.26s"
68991.05,INFO,"Mister pulse started; ON until 68991.30s, cooldown until 68995.30s"
68997.04,INFO,"Mister pulse started; ON until 68997.29s, cooldown until 69001.29s"
69011.02,INFO,"Mister pulse started; ON until 69011.27s, cooldown until 69015.27s"
69016.03,INFO,"Mister pulse started; ON until 69016.28s, cooldown until 69020.28s"
69030.02,INFO,"Mister pulse started; ON until 69030.27s, cooldown until 69034.27s"
69040.04,INFO,"Mister pulse started; ON until 69040.29s, cooldown until 69044.29s"
69056.04,INFO,"Mister pulse started; ON until 69056.29s, cooldown until 69060.29s"
69063.02,INFO,"Mister pulse started; ON until 69063.27s, cooldown until 69067.27s"
69081.04,INFO,"Mister pulse started; ON until 69081.29s, cooldown until 69085.29s"
69096.01,INFO,"Mister pulse started; ON until 69096.26s, cooldown until 69100.26s"
69110.01,INFO,"Mister pulse started; ON until 69110.26s, cooldown until 69114.26s"
69125.03,INFO,"Mister pulse started; ON until 69125.28s, cooldown until 69129.28s"
69132.00,INFO,"Mister pulse started; ON until 69132.25s, cooldown until 69136.25s"
69143.00,INFO,"Mister pulse started; ON until 69143.25s, cooldown until 69147.25s"
69160.03,INFO,"Mister pulse started; ON until 69160.28s, cooldown until 69164.28s"
69173.04,INFO,"Mister pulse started; ON until 69173.29s, cooldown until 69177.29s"
69178.00,INFO,"Mister pulse started; ON until 69178.25s, cooldown until 69182.25s"
69195.04,INFO,"Mister pulse started; ON until 69195.29s, cooldown until 69199.29s"
69200.05,INFO,"Mister pulse started; ON until 69200.30s, cooldown until 69204.30s"
69216.00,INFO,"Mister pulse started; ON until 69216.25s, cooldown until 69220.25s"
69222.05,INFO,"Mister pulse started; ON until 69222.30s, cooldown until 69226.30s"
69238.00,INFO,"Mister pulse started; ON until 69238.25s, cooldown until 69242.25s"
69256.02,INFO,"Mister pulse started; ON until 69256.27s, cooldown until 69260.27s"
69261.03,INFO,"Mister pulse started; ON until 69261.28s, cooldown until 69265.28s"
69271.04,INFO,"Mister pulse started; ON until 69271.29s, cooldown until 69275.29s"
69291.03,INFO,"Mister pulse started; ON until 69291.28s, cooldown until 69295.28s"
69302.03,INFO,"Mister pulse started; ON until 69302.28s, cooldown until 69306.28s"
69319.02,INFO,"Mister pulse started; ON until 69319.27s, cooldown until 69323.27s"
69324.03,INFO,"Mister pulse started; ON until 69324.28s, cooldown until 69328.28s"
69340.04,INFO,"Mister pulse started; ON until 69340.29s, cooldown until 69344.29s"
69353.00,INFO,"Mister pulse started; ON until 69353.25s, cooldown until 69357.25s"
69358.01,INFO,"Mister pulse started; ON until 69358.26s, cooldown until 69362.26s"
69371.04,INFO,"Mister pulse started; ON until 69371.29s, cooldown until 69375.29s"
69387.05,INFO,"Mister pulse started; ON until 69387.30s, cooldown until 69391.30s"
69399.02,INFO,"Mister pulse started; ON until 69399.27s, cooldown until 69403.27s"
69405.01,INFO,"Mister pulse started; ON until 69405.26s, cooldown until 69409.26s"
69417.04,INFO,"Mister pulse started; ON until 69417.29s, cooldown until 69421.29s"
69428.04,INFO,"Mister pulse started; ON until 69428.29s, cooldown until 69432.29s"
69444.05,INFO,"Mister pulse started; ON until 69444.30s, cooldown until 69448.30s"
69459.02,INFO,"Mister pulse started; ON until 69459.27s, cooldown until 69463.27s"
69474.04,INFO,"Mister pulse started; ON until 69474.29s, cooldown until 69478.29s"
69487.05,INFO,"Mister pulse started; ON until 69487.30s, cooldown until 69491.30s"
69492.00,INFO,"Mister pulse started; ON until 69492.25s, cooldown until 69496.25s"
69501.04,INFO,"Mister pulse started; ON until 69501.29s, cooldown until 69505.29s"
69508.01,INFO,"Mister pulse started; ON until 69508.26s, cooldown until 69512.26s"
69514.00,INFO,"Mister pulse started; ON until 69514.25s, cooldown until 69518.25s"
69535.01,INFO,"Mister pulse started; ON until 69535.26s, cooldown until 69539.26s"
69540.02,INFO,"Mister pulse started; ON until 69540.27s, cooldown until 69544.27s"
69550.04,INFO,"Mister pulse started; ON until 69550.29s, cooldown until 69554.29s"
69556.02,INFO,"Mister pulse started; ON until 69556.27s, cooldown until 69560.27s"
69568.00,INFO,"Mister pulse started; ON until 69568.25s, cooldown until 69572.25s"
69582.04,INFO,"Mister pulse started; ON until 69582.29s, cooldown until 69586.29s"
69587.05,INFO,"Mister pulse started; ON until 69587.30s, cooldown until 69591.30s"
69607.04,INFO,"Mister pulse started; ON until 69607.29s, cooldown until 69611.29s"
69615.04,INFO,"Mister pulse started; ON until 69615.29s, cooldown until 69619.29s"
69628.00,INFO,"Mister pulse started; ON until 69628.25s, cooldown until 69632.25s"
69636.00,INFO,"Mister pulse started; ON until 69636.25s, cooldown until 69640.25s"
69643.02,INFO,"Mister pulse started; ON until 69643.27s, cooldown until 69647.27s"
69650.05,INFO,"Mister pulse started; ON until 69650.30s, cooldown until 69654.30s"
69667.03,INFO,"Mister pulse started; ON until 69667.28s, cooldown until 69671.28s"
69672.05,INFO,"Mister pulse started; ON until 69672.30s, cooldown until 69676.30s"
69686.03,INFO,"Mister pulse started; ON until 69686.28s, cooldown until 69690.28s"
69692.02,INFO,"Mister pulse started; ON until 69692.27s, cooldown until 69696.27s"
69704.01,INFO,"Mister pulse started; ON until 69704.26s, cooldown until 69708.26s"
69718.00,INFO,"Mister pulse started; ON until 69718.25s, cooldown until 69722.25s"
69730.03,INFO,"Mister pulse started; ON until 69730.28s, cooldown until 69734.28s"
69735.04,INFO,"Mister pulse started; ON until 69735.29s, cooldown until 69739.29s"
69748.05,INFO,"Mister pulse started; ON until 69748.30s, cooldown until 69752.30s"
69753.00,INFO,"Mister pulse started; ON until 69753.25s, cooldown until 69757.25s"
69761.01,INFO,"Mister pulse started; ON until 69761.26s, cooldown until 69765.26s"
69769.01,INFO,"Mister pulse started; ON until 69769.26s, cooldown until 69773.26s"
69777.01,INFO,"Mister pulse started; ON until 69777.26s, cooldown until 69781.26s"
69782.02,INFO,"Mister pulse started; ON until 69782.27s, cooldown until 69786.27s"
69795.03,INFO,"Mister pulse started; ON until 69795.28s, cooldown until 69799.28s"
69800.05,INFO,"Mister pulse started; ON until 69800.30s, cooldown until 69804.30s"
69818.02,INFO,"Mister pulse started; ON until 69818.27s, cooldown until 69822.27s"
69823.04,INFO,"Mister pulse started; ON until 69823.29s, cooldown until 69827.29s"
69836.00,INFO,"Mister pulse started; ON until 69836.25s, cooldown until 69840.25s"
69848.02,INFO,"Mister pulse started; ON until 69848.27s, cooldown until 69852.27s"
69853.05,INFO,"Mister pulse started; ON until 69853.30s, cooldown until 69857.30s"
69862.03,INFO,"Mister pulse started; ON until 69862.28s, cooldown until 69866.28s"
69870.03,INFO,"Mister pulse started; ON until 69870.28s, cooldown until 69874.28s"
69880.04,INFO,"Mister pulse started; ON until 69880.29s, cooldown until 69884.29s"
69893.00,INFO,"Mister pulse started; ON until 69893.25s, cooldown until 69897.25s"
69898.01,INFO,"Mister pulse started; ON until 69898.26s, cooldown until 69902.26s"
69915.05,INFO,"Mister pulse started; ON until 69915.30s, cooldown until 69919.30s"
69924.03,INFO,"Mister pulse started; ON until 69924.28s, cooldown until 69928.28s"
69933.01,INFO,"Mister pulse started; ON until 69933.26s, cooldown until 69937.26s"
69939.00,INFO,"Mister pulse started; ON until 69939.25s, cooldown until 69943.25s"
69945.04,INFO,"Mister pulse started; ON until 69945.29s, cooldown until 69949.29s"
69961.05,INFO,"Mister pulse started; ON until 69961.30s, cooldown until 69965.30s"
69972.04,INFO,"Mister pulse started; ON until 69972.29s, cooldown until 69976.29s"
69977.05,INFO,"Mister pulse started; ON until 69977.30s, cooldown until 69981.30s"
69991.03,INFO,"Mister pulse started; ON until 69991.28s, cooldown until 69995.28s"
69996.04,INFO,"Mister pulse started; ON until 69996.29s, cooldown until 70000.29s"
70004.04,INFO,"Mister pulse started; ON until 70004.29s, cooldown until 70008.29s"
70009.05,INFO,"Mister pulse started; ON until 70009.30s, cooldown until 70013.30s"
70025.05,INFO,"Mister pulse started; ON until 70025.30s, cooldown until 70029.30s"
70030.01,INFO,"Mister pulse started; ON until 70030.26s, cooldown until 70034.26s"
70043.01,INFO,"Mister pulse started; ON until 70043.26s, cooldown until 70047.26s"
70048.03,INFO,"Mister pulse started; ON until 70048.28s, cooldown until 70052.28s"
70061.04,INFO,"Mister pulse started; ON until 70061.29s, cooldown until 70065.29s"
70066.05,INFO,"Mister pulse started; ON until 70066.30s, cooldown until 70070.30s"
70083.03,INFO,"Mister pulse started; ON until 70083.28s, cooldown until 70087.28s"
70088.04,INFO,"Mister pulse started; ON until 70088.29s, cooldown until 70092.29s"
70093.05,INFO,"Mister pulse started; ON until 70093.30s, cooldown until 70097.30s"
70107.04,INFO,"Mister pulse started; ON until 70107.29s, cooldown until 70111.29s"
70112.05,INFO,"Mister pulse started; ON until 70112.30s, cooldown until 70116.30s"
70127.03,INFO,"Mister pulse started; ON until 70127.28s, cooldown until 70131.28s"
70133.02,INFO,"Mister pulse started; ON until 70133.27s, cooldown until 70137.27s"
70147.02,INFO,"Mister pulse started; ON until 70147.27s, cooldown until 70151.27s"
70153.01,INFO,"Mister pulse started; ON until 70153.26s, cooldown until 70157.26s"
70163.04,INFO,"Mister pulse started; ON until 70163.29s, cooldown until 70167.29s"
70169.03,INFO,"Mister pulse started; ON until 70169.28s, cooldown until 70173.28s"
70174.04,INFO,"Mister pulse started; ON until 70174.29s, cooldown until 70178.29s"
70189.02,INFO,"Mister pulse started; ON until 70189.27s, cooldown until 70193.27s"
70195.00,INFO,"Mister pulse started; ON until 70195.25s, cooldown until 70199.25s"
70209.05,INFO,"Mister pulse started; ON until 70209.30s, cooldown until 70213.30s"
70214.01,INFO,"Mister pulse started; ON until 70214.26s, cooldown until 70218.26s"
70230.01,INFO,"Mister pulse started; ON until 70230.26s, cooldown until 70234.26s"
70245.04,INFO,"Mister pulse started; ON until 70245.29s, cooldown until 70249.29s"
70252.01,INFO,"Mister pulse started; ON until 70252.26s, cooldown until 70256.26s"
70267.04,INFO,"Mister pulse started; ON until 70267.29s, cooldown until 70271.29s"
70272.04,INFO,"Mister pulse started; ON until 70272.29s, cooldown until 70276.29s"
70277.00,INFO,"Mister pulse started; ON until 70277.25s, cooldown until 70281.25s"
70294.04,INFO,"Mister pulse started; ON until 70294.29s, cooldown until 70298.29s"
70307.05,INFO,"Mister pulse started; ON until 70307.30s, cooldown until 70311.30s"
70312.00,INFO,"Mister pulse started; ON until 70312.25s, cooldown until 70316.25s"
70324.04,INFO,"Mister pulse started; ON until 70324.29s, cooldown until 70328.29s"
70337.05,INFO,"Mister pulse started; ON until 70337.30s, cooldown until 70341.30s"
70342.00,INFO,"Mister pulse started; ON until 70342.25s, cooldown until 70346.25s"
70349.03,INFO,"Mister pulse started; ON until 70349.28s, cooldown until 70353.28s"
70365.04,INFO,"Mister pulse started; ON until 70365.29s, cooldown until 70369.29s"
70370.00,INFO,"Mister pulse started; ON until 70370.25s, cooldown until 70374.25s"
70387.04,INFO,"Mister pulse started; ON until 70387.29s, cooldown until 70391.29s"
70400.00,INFO,"Mister pulse started; ON until 70400.25s, cooldown until 70404.25s"
70407.02,INFO,"Mister pulse started; ON until 70407.27s, cooldown until 70411.27s"
70419.00,INFO,"Mister pulse started; ON until 70419.25s, cooldown until 70423.25s"
70433.04,INFO,"Mister pulse started; ON until 70433.29s, cooldown until 70437.29s"
70438.00,INFO,"Mister pulse started; ON until 70438.25s, cooldown until 70442.25s"
70451.01,INFO,"Mister pulse started; ON until 70451.26s, cooldown until 70455.26s"
70463.04,INFO,"Mister pulse started; ON until 70463.29s, cooldown until 70467.29s"
70468.05,INFO,"Mister pulse started; ON until 70468.30s, cooldown until 70472.30s"
70486.01,INFO,"Mister pulse started; ON until 70486.26s, cooldown until 70490.26s"
70492.00,INFO,"Mister pulse started; ON until 70492.25s, cooldown until 70496.25s"
70500.01,INFO,"Mister pulse started; ON until 70500.26s, cooldown until 70504.26s"
70505.02,INFO,"Mister pulse started; ON until 70505.27s, cooldown until 70509.27s"
70519.00,INFO,"Mister pulse started; ON until 70519.25s, cooldown until 70523.25s"
70528.04,INFO,"Mister pulse started; ON until 70528.29s, cooldown until 70532.29s"
70539.05,INFO,"Mister pulse started; ON until 70539.30s, cooldown until 70543.30s"
70557.01,INFO,"Mister pulse started; ON until 70557.26s, cooldown until 70561.26s"
70562.02,INFO,"Mister pulse started; ON until 70562.27s, cooldown until 70566.27s"
70578.02,INFO,"Mister pulse started; ON until 70578.27s, cooldown until 70582.27s"
70590.05,INFO,"Mister pulse started; ON until 70590.30s, cooldown until 70594.30s"
70598.05,INFO,"Mister pulse started; ON until 70598.30s, cooldown until 70602.30s"
70606.00,INFO,"Mister pulse started; ON until 70606.25s, cooldown until 70610.25s"
70618.04,INFO,"Mister pulse started; ON until 70618.29s, cooldown until 70622.29s"
70633.02,INFO,"Mister pulse started; ON until 70633.27s, cooldown until 70637.27s"
70647.01,INFO,"Mister pulse started; ON until 70647.26s, cooldown until 70651.26s"
70659.04,INFO,"Mister pulse started; ON until 70659.29s, cooldown until 70663.29s"
70664.00,INFO,"Mister pulse started; ON until 70664.25s, cooldown until 70668.25s"
70679.02,INFO,"Mister pulse started; ON until 70679.27s, cooldown until 70683.27s"
70693.02,INFO,"Mister pulse started; ON until 70693.27s, cooldown until 70697.27s"
70705.05,INFO,"Mister pulse started; ON until 70705.30s, cooldown until 70709.30s"
70721.00,INFO,"Mister pulse started; ON until 70721.25s, cooldown until 70725.25s"
70726.01,INFO,"Mister pulse started; ON until 70726.26s, cooldown until 70730.26s"
70738.04,INFO,"Mister pulse started; ON until 70738.29s, cooldown until 70742.29s"
70743.00,INFO,"Mister pulse started; ON until 70743.25s, cooldown until 70747.25s"
70761.02,INFO,"Mister pulse started; ON until 70761.27s, cooldown until 70765.27s"
70766.03,INFO,"Mister pulse started; ON until 70766.28s, cooldown until 70770.28s"
70780.04,INFO,"Mister pulse started; ON until 70780.29s, cooldown until 70784.29s"
70791.04,INFO,"Mister pulse started; ON until 70791.29s, cooldown until 70795.29s"
70805.02,INFO,"Mister pulse started; ON until 70805.27s, cooldown until 70809.27s"
70818.04,INFO,"Mister pulse started; ON until 70818.29s, cooldown until 70822.29s"
70823.05,INFO,"Mister pulse started; ON until 70823.30s, cooldown until 70827.30s"
70843.01,INFO,"Mister pulse started; ON until 70843.26s, cooldown until 70847.26s"
70848.02,INFO,"Mister pulse started; ON until 70848.27s, cooldown until 70852.27s"
70865.00,INFO,"Mister pulse started; ON until 70865.25s, cooldown until 70869.25s"
70870.01,INFO,"Mister pulse started; ON until 70870.26s, cooldown until 70874.26s"
70885.03,INFO,"Mister pulse started; ON until 70885.28s, cooldown until 70889.28s"
70891.02,INFO,"Mister pulse started; ON until 70891.27s, cooldown until 70895.27s"
70904.03,INFO,"Mister pulse started; ON until 70904.28s, cooldown until 70908.28s"
70919.00,INFO,"Mister pulse started; ON until 70919.25s, cooldown until 70923.25s"
70933.05,INFO,"Mister pulse started; ON until 70933.30s, cooldown until 70937.30s"
70942.04,INFO,"Mister pulse started; ON until 70942.29s, cooldown until 70946.29s"
70958.04,INFO,"Mister pulse started; ON until 70958.29s, cooldown until 70962.29s"
70964.03,INFO,"Mister pulse started; ON until 70964.28s, cooldown until 70968.28s"
70983.05,INFO,"Mister pulse started; ON until 70983.30s, cooldown until 70987.30s"
70999.01,INFO,"Mister pulse started; ON until 70999.26s, cooldown until 71003.26s"
71004.02,INFO,"Mister pulse started; ON until 71004.27s, cooldown until 71008.27s"
71017.04,INFO,"Mister pulse started; ON until 71017.29s, cooldown until 71021.29s"
71022.05,INFO,"Mister pulse started; ON until 71022.30s, cooldown until 71026.30s"
71043.01,INFO,"Mister pulse started; ON until 71043.26s, cooldown until 71047.26s"
71055.04,INFO,"Mister pulse started; ON until 71055.29s, cooldown until 71059.29s"
71060.00,INFO,"Mister pulse started; ON until 71060.25s, cooldown until 71064.25s"
71079.01,INFO,"Mister pulse started; ON until 71079.26s, cooldown until 71083.26s"
71084.02,INFO,"Mister pulse started; ON until 71084.27s, cooldown until 71088.27s"
71104.05,INFO,"Mister pulse started; ON until 71104.30s, cooldown until 71108.30s"
71109.01,INFO,"Mister pulse started; ON until 71109.26s, cooldown until 71113.26s"
71121.04,INFO,"Mister pulse started; ON until 71121.29s, cooldown until 71125.29s"
71134.00,INFO,"Mister pulse started; ON until 71134.25s, cooldown until 71138.25s"
71139.01,INFO,"Mister pulse started; ON until 71139.26s, cooldown until 71143.26s"
71160.02,INFO,"Mister pulse started; ON until 71160.27s, cooldown until 71164.27s"
71165.03,INFO,"Mister pulse started; ON until 71165.28s, cooldown until 71169.28s"
71176.03,INFO,"Mister pulse started; ON until 71176.28s, cooldown until 71180.28s"
71185.02,INFO,"Mister pulse started; ON until 71185.27s, cooldown until 71189.27s"
71200.04,INFO,"Mister pulse started; ON until 71200.29s, cooldown until 71204.29s"
71206.02,INFO,"Mister pulse started; ON until 71206.27s, cooldown until 71210.27s"
71219.03,INFO,"Mister pulse started; ON until 71219.28s, cooldown until 71223.28s"
71235.04,INFO,"Mister pulse started; ON until 71235.29s, cooldown until 71239.29s"
71251.05,INFO,"Mister pulse started; ON until 71251.30s, cooldown until 71255.30s"
71264.01,INFO,"Mister pulse started; ON until 71264.26s, cooldown until 71268.26s"
71280.02,INFO,"Mister pulse started; ON until 71280.27s, cooldown until 71284.27s"
71285.03,INFO,"Mister pulse started; ON until 71285.28s, cooldown until 71289.28s"
71300.00,INFO,"Mister pulse started; ON until 71300.25s, cooldown until 71304.25s"
71306.05,INFO,"Mister pulse started; ON until 71306.30s, cooldown until 71310.30s"
71325.00,INFO,"Mister pulse started; ON until 71325.25s, cooldown until 71329.25s"
71330.01,INFO,"Mister pulse started; ON until 71330.26s, cooldown until 71334.26s"
71342.03,INFO,"Mister pulse started; ON until 71342.28s, cooldown until 71346.28s"
71355.04,INFO,"Mister pulse started; ON until 71355.29s, cooldown until 71359.29s"
71360.01,INFO,"Mister pulse started; ON until 71360.26s, cooldown until 71364.26s"
71375.03,INFO,"Mister pulse started; ON until 71375.28s, cooldown until 71379.28s"
71389.02,INFO,"Mister pulse started; ON until 71389.27s, cooldown until 71393.27s"
71394.03,INFO,"Mister pulse started; ON until 71394.28s, cooldown until 71398.28s"
71405.03,INFO,"Mister pulse started; ON until 71405.28s, cooldown until 71409.28s"
71420.01,INFO,"Mister pulse started; ON until 71420.26s, cooldown until 71424.26s"
71434.01,INFO,"Mister pulse started; ON until 71434.26s, cooldown until 71438.26s"
71445.00,INFO,"Mister pulse started; ON until 71445.25s, cooldown until 71449.25s"
71451.05,INFO,"Mister pulse started; ON until 71451.30s, cooldown until 71455.30s"
71466.02,INFO,"Mister pulse started; ON until 71466.27s, cooldown until 71470.27s"
71478.01,INFO,"Mister pulse started; ON until 71478.26s, cooldown until 71482.26s"
71483.02,INFO,"Mister pulse started; ON until 71483.27s, cooldown until 71487.27s"
71500.00,INFO,"Mister pulse started; ON until 71500.25s, cooldown until 71504.25s"
71505.01,INFO,"Mister pulse started; ON until 71505.26s, cooldown until 71509.26s"
71517.03,INFO,"Mister pulse started; ON until 71517.28s, cooldown until 71521.28s"
71522.04,INFO,"Mister pulse started; ON until 71522.29s, cooldown until 71526.29s"
71534.02,INFO,"Mister pulse started; ON until 71534.27s, cooldown until 71538.27s"
71540.04,INFO,"Mister pulse started; ON until 71540.29s, cooldown until 71544.29s"
71548.04,INFO,"Mister pulse started; ON until 71548.29s, cooldown until 71552.29s"
71554.04,INFO,"Mister pulse started; ON until 71554.29s, cooldown until 71558.29s"
71566.01,INFO,"Mister pulse started; ON until 71566.26s, cooldown until 71570.26s"
71578.05,INFO,"Mister pulse started; ON until 71578.30s, cooldown until 71582.30s"
71591.01,INFO,"Mister pulse started; ON until 71591.26s, cooldown until 71595.26s"
71603.03,INFO,"Mister pulse started; ON until 71603.28s, cooldown until 71607.28s"
71608.05,INFO,"Mister pulse started; ON until 71608.30s, cooldown until 71612.30s"
71620.02,INFO,"Mister pulse started; ON until 71620.27s, cooldown until 71624.27s"
71625.03,INFO,"Mister pulse started; ON until 71625.28s, cooldown until 71629.28s"
71642.01,INFO,"Mister pulse started; ON until 71642.26s, cooldown until 71646.26s"
71648.01,INFO,"Mister pulse started; ON until 71648.26s, cooldown until 71652.26s"
71662.00,INFO,"Mister pulse started; ON until 71662.25s, cooldown until 71666.25s"
71675.01,INFO,"Mister pulse started; ON until 71675.26s, cooldown until 71679.26s"
71680.03,INFO,"Mister pulse started; ON until 71680.28s, cooldown until 71684.28s"
71695.00,INFO,"Mister pulse started; ON until 71695.25s, cooldown until 71699.25s"
71708.03,INFO,"Mister pulse started; ON until 71708.28s, cooldown until 71712.28s"
71713.04,INFO,"Mister pulse started; ON until 71713.29s, cooldown until 71717.29s"
71726.01,INFO,"Mister pulse started; ON until 71726.26s, cooldown until 71730.26s"
71731.01,INFO,"Mister pulse started; ON until 71731.26s, cooldown until 71735.26s"
71748.05,INFO,"Mister pulse started; ON until 71748.30s, cooldown until 71752.30s"
71753.00,INFO,"Mister pulse started; ON until 71753.25s, cooldown until 71757.25s"
71766.02,INFO,"Mister pulse started; ON until 71766.27s, cooldown until 71770.27s"
71780.01,INFO,"Mister pulse started; ON until 71780.26s, cooldown until 71784.26s"
71785.02,INFO,"Mister pulse started; ON until 71785.27s, cooldown until 71789.27s"
71798.04,INFO,"Mister pulse started; ON until 71798.29s, cooldown until 71802.29s"
71812.03,INFO,"Mister pulse started; ON until 71812.28s, cooldown until 71816.28s"
71823.02,INFO,"Mister pulse started; ON until 71823.27s, cooldown until 71827.27s"
71828.03,INFO,"Mister pulse started; ON until 71828.28s, cooldown until 71832.28s"
71841.04,INFO,"Mister pulse started; ON until 71841.29s, cooldown until 71845.29s"
71846.04,INFO,"Mister pulse started; ON until 71846.29s, cooldown until 71850.29s"
71862.05,INFO,"Mister pulse started; ON until 71862.30s, cooldown until 71866.30s"
71873.04,INFO,"Mister pulse started; ON until 71873.29s, cooldown until 71877.29s"
71880.02,INFO,"Mister pulse started; ON until 71880.27s, cooldown until 71884.27s"
71888.03,INFO,"Mister pulse started; ON until 71888.28s, cooldown until 71892.28s"
71898.05,INFO,"Mister pulse started; ON until 71898.30s, cooldown until 71902.30s"
71909.04,INFO,"Mister pulse started; ON until 71909.29s, cooldown until 71913.29s"
71925.00,INFO,"Mister pulse started; ON until 71925.25s, cooldown until 71929.25s"
71930.02,INFO,"Mister pulse started; ON until 71930.27s, cooldown until 71934.27s"
71935.02,INFO,"Mister pulse started; ON until 71935.27s, cooldown until 71939.27s"
71950.05,INFO,"Mister pulse started; ON until 71950.30s, cooldown until 71954.30s"
71955.01,INFO,"Mister pulse started; ON until 71955.26s, cooldown until 71959.26s"
71971.01,INFO,"Mister pulse started; ON until 71971.26s, cooldown until 71975.26s"
71983.04,INFO,"Mister pulse started; ON until 71983.29s, cooldown until 71987.29s"
71988.05,INFO,"Mister pulse started; ON until 71988.30s, cooldown until 71992.30s"
72007.01,INFO,"Mister pulse started; ON until 72007.26s, cooldown until 72011.26s"
72012.02,INFO,"Mister pulse started; ON until 72012.27s, cooldown until 72016.27s"
72022.03,INFO,"Mister pulse started; ON until 72022.28s, cooldown until 72026.28s"
72032.05,INFO,"Mister pulse started; ON until 72032.30s, cooldown until 72036.30s"
72043.00,INFO,"Mister pulse started; ON until 72043.25s, cooldown until 72047.25s"
72048.01,INFO,"Mister pulse started; ON until 72048.26s, cooldown until 72052.26s"
72063.03,INFO,"Mister pulse started; ON until 72063.28s, cooldown until 72067.28s"
72070.00,INFO,"Mister pulse started; ON until 72070.25s, cooldown until 72074.25s"
72085.02,INFO,"Mister pulse started; ON until 72085.27s, cooldown until 72089.27s"
72090.03,INFO,"Mister pulse started; ON until 72090.28s, cooldown until 72094.28s"
72108.01,INFO,"Mister pulse started; ON until 72108.26s, cooldown until 72112.26s"
72114.05,INFO,"Mister pulse started; ON until 72114.30s, cooldown until 72118.30s"
72133.01,INFO,"Mister pulse started; ON until 72133.26s, cooldown until 72137.26s"
72139.04,INFO,"Mister pulse started; ON until 72139.29s, cooldown until 72143.29s"
72148.03,INFO,"Mister pulse started; ON until 72148.28s, cooldown until 72152.28s"
72156.03,INFO,"Mister pulse started; ON until 72156.28s, cooldown until 72160.28s"
72167.03,INFO,"Mister pulse started; ON until 72167.28s, cooldown until 72171.28s"
72180.04,INFO,"Mister pulse started; ON until 72180.29s, cooldown until 72184.29s"
72186.03,INFO,"Mister pulse started; ON until 72186.28s, cooldown until 72190.28s"
72192.02,INFO,"Mister pulse started; ON until 72192.27s, cooldown until 72196.27s"
72210.04,INFO,"Mister pulse started; ON until 72210.29s, cooldown until 72214.29s"
72215.05,INFO,"Mister pulse started; ON until 72215.30s, cooldown until 72219.30s"
72228.01,INFO,"Mister pulse started; ON until 72228.26s, cooldown until 72232.26s"
72236.01,INFO,"Mister pulse started; ON until 72236.26s, cooldown until 72240.26s"
72253.05,INFO,"Mister pulse started; ON until 72253.30s, cooldown until 72257.30s"
72266.01,INFO,"Mister pulse started; ON until 72266.26s, cooldown until 72270.26s"
72271.02,INFO,"Mister pulse started; ON until 72271.27s, cooldown until 72275.27s"
72292.03,INFO,"Mister pulse started; ON until 72292.28s, cooldown until 72296.28s"
72299.01,INFO,"Mister pulse started; ON until 72299.26s, cooldown until 72303.26s"
72316.04,INFO,"Mister pulse started; ON until 72316.29s, cooldown until 72320.29s"
72328.01,INFO,"Mister pulse started; ON until 72328.26s, cooldown until 72332.26s"
72333.02,INFO,"Mister pulse started; ON until 72333.27s, cooldown until 72337.27s"
72352.02,INFO,"Mister pulse started; ON until 72352.27s, cooldown until 72356.27s"
72357.03,INFO,"Mister pulse started; ON until 72357.28s, cooldown until 72361.28s"
72373.04,INFO,"Mister pulse started; ON until 72373.29s, cooldown until 72377.29s"
72386.00,INFO,"Mister pulse started; ON until 72386.25s, cooldown until 72390.25s"
72401.03,INFO,"Mister pulse started; ON until 72401.28s, cooldown until 72405.28s"
72406.04,INFO,"Mister pulse started; ON until 72406.29s, cooldown until 72410.29s"
72426.02,INFO,"Mister pulse started; ON until 72426.27s, cooldown until 72430.27s"
72431.02,INFO,"Mister pulse started; ON until 72431.27s, cooldown until 72435.27s"
72444.04,INFO,"Mister pulse started; ON until 72444.29s, cooldown until 72448.29s"
72458.03,INFO,"Mister pulse started; ON until 72458.28s, cooldown until 72462.28s"
72465.05,INFO,"Mister pulse started; ON until 72465.30s, cooldown until 72469.30s"
72477.03,INFO,"Mister pulse started; ON until 72477.28s, cooldown until 72481.28s"
72494.01,INFO,"Mister pulse started; ON until 72494.26s, cooldown until 72498.26s"
72499.03,INFO,"Mister pulse started; ON until 72499.28s, cooldown until 72503.28s"
72514.05,INFO,"Mister pulse started; ON until 72514.30s, cooldown until 72518.30s"
72526.02,INFO,"Mister pulse started; ON until 72526.27s, cooldown until 72530.27s"
72531.04,INFO,"Mister pulse started; ON until 72531.29s, cooldown until 72535.29s"
72547.05,INFO,"Mister pulse started; ON until 72547.30s, cooldown until 72551.30s"
72560.01,INFO,"Mister pulse started; ON until 72560.26s, cooldown until 72564.26s"
72572.05,INFO,"Mister pulse started; ON until 72572.30s, cooldown until 72576.30s"
72589.03,INFO,"Mister pulse started; ON until 72589.28s, cooldown until 72593.28s"
72594.04,INFO,"Mister pulse started; ON until 72594.29s, cooldown until 72598.29s"
72608.03,INFO,"Mister pulse started; ON until 72608.28s, cooldown until 72612.28s"
72621.04,INFO,"Mister pulse started; ON until 72621.29s, cooldown until 72625.29s"
72626.00,INFO,"Mister pulse started; ON until 72626.25s, cooldown until 72630.25s"
72645.05,INFO,"Mister pulse started; ON until 72645.30s, cooldown until 72649.30s"
72650.01,INFO,"Mister pulse started; ON until 72650.26s, cooldown until 72654.26s"
72669.01,INFO,"Mister pulse started; ON until 72669.26s, cooldown until 72673.26s"
72675.05,INFO,"Mister pulse started; ON until 72675.30s, cooldown until 72679.30s"
72694.05,INFO,"Mister pulse started; ON until 72694.30s, cooldown until 72698.30s"
72699.01,INFO,"Mister pulse started; ON until 72699.26s, cooldown until 72703.26s"
72708.04,INFO,"Mister pulse started; ON until 72708.29s, cooldown until 72712.29s"
72714.04,INFO,"Mister pulse started; ON until 72714.29s, cooldown until 72718.29s"
72733.03,INFO,"Mister pulse started; ON until 72733.28s, cooldown until 72737.28s"
72738.05,INFO,"Mister pulse started; ON until 72738.30s, cooldown until 72742.30s"
72757.00,INFO,"Mister pulse started; ON until 72757.25s, cooldown until 72761.25s"
72766.04,INFO,"Mister pulse started; ON until 72766.29s, cooldown until 72770.29s"
72778.02,INFO,"Mister pulse started; ON until 72778.27s, cooldown until 72782.27s"
72783.03,INFO,"Mister pulse started; ON until 72783.28s, cooldown until 72787.28s"
72800.02,INFO,"Mister pulse started; ON until 72800.27s, cooldown until 72804.27s"
72817.00,INFO,"Mister pulse started; ON until 72817.25s, cooldown until 72821.25s"
72822.02,INFO,"Mister pulse started; ON until 72822.27s, cooldown until 72826.27s"
72836.01,INFO,"Mister pulse started; ON until 72836.26s, cooldown until 72840.26s"
72844.01,INFO,"Mister pulse started; ON until 72844.26s, cooldown until 72848.26s"
72858.01,INFO,"Mister pulse started; ON until 72858.26s, cooldown until 72862.26s"
72864.00,INFO,"Mister pulse started; ON until 72864.25s, cooldown until 72868.25s"
72873.03,INFO,"Mister pulse started; ON until 72873.28s, cooldown until 72877.28s"
72879.02,INFO,"Mister pulse started; ON until 72879.27s, cooldown until 72883.27s"
72898.02,INFO,"Mister pulse started; ON until 72898.27s, cooldown until 72902.27s"
72903.04,INFO,"Mister pulse started; ON until 72903.29s, cooldown until 72907.29s"
72922.04,INFO,"Mister pulse started; ON until 72922.29s, cooldown until 72926.29s"
72928.03,INFO,"Mister pulse started; ON until 72928.28s, cooldown until 72932.28s"
72935.01,INFO,"Mister pulse started; ON until 72935.26s, cooldown until 72939.26s"
72944.04,INFO,"Mister pulse started; ON until 72944.29s, cooldown until 72948.29s"
72950.04,INFO,"Mister pulse started; ON until 72950.29s, cooldown until 72954.29s"
72969.03,INFO,"Mister pulse started; ON until 72969.28s, cooldown until 72973.28s"
72974.04,INFO,"Mister pulse started; ON until 72974.29s, cooldown until 72978.29s"
72992.01,INFO,"Mister pulse started; ON until 72992.26s, cooldown until 72996.26s"
72997.02,INFO,"Mister pulse started; ON until 72997.27s, cooldown until 73001.27s"
73017.00,INFO,"Mister pulse started; ON until 73017.25s, cooldown until 73021.25s"
73025.00,INFO,"Mister pulse started; ON until 73025.25s, cooldown until 73029.25s"
73038.01,INFO,"Mister pulse started; ON until 73038.26s, cooldown until 73042.26s"
73043.02,INFO,"Mister pulse started; ON until 73043.27s, cooldown until 73047.27s"
73059.03,INFO,"Mister pulse started; ON until 73059.28s, cooldown until 73063.28s"
73072.04,INFO,"Mister pulse started; ON until 73072.29s, cooldown until 73076.29s"
73078.03,INFO,"Mister pulse started; ON until 73078.28s, cooldown until 73082.28s"
73088.04,INFO,"Mister pulse started; ON until 73088.29s, cooldown until 73092.29s"
73096.04,INFO,"Mister pulse started; ON until 73096.29s, cooldown until 73100.29s"
73106.01,INFO,"Mister pulse started; ON until 73106.26s, cooldown until 73110.26s"
73122.02,INFO,"Mister pulse started; ON until 73122.27s, cooldown until 73126.27s"
73128.01,INFO,"Mister pulse started; ON until 73128.26s, cooldown until 73132.26s"
73144.02,INFO,"Mister pulse started; ON until 73144.27s, cooldown until 73148.27s"
73149.02,INFO,"Mister pulse started; ON until 73149.27s, cooldown until 73153.27s"
73159.04,INFO,"Mister pulse started; ON until 73159.29s, cooldown until 73163.29s"
73166.01,INFO,"Mister pulse started; ON until 73166.26s, cooldown until 73170.26s"
73179.02,INFO,"Mister pulse started; ON until 73179.27s, cooldown until 73183.27s"
73193.01,INFO,"Mister pulse started; ON until 73193.26s, cooldown until 73197.26s"
73206.02,INFO,"Mister pulse started; ON until 73206.27s, cooldown until 73210.27s"
73211.04,INFO,"Mister pulse started; ON until 73211.29s, cooldown until 73215.29s"
73228.02,INFO,"Mister pulse started; ON until 73228.27s, cooldown until 73232.27s"
73233.03,INFO,"Mister pulse started; ON until 73233.28s, cooldown until 73237.28s"
73247.02,INFO,"Mister pulse started; ON until 73247.27s, cooldown until 73251.27s"
73254.05,INFO,"Mister pulse started; ON until 73254.30s, cooldown until 73258.30s"
73264.01,INFO,"Mister pulse started; ON until 73264.26s, cooldown until 73268.26s"
73279.03,INFO,"Mister pulse started; ON until 73279.28s, cooldown until 73283.28s"
73284.04,INFO,"Mister pulse started; ON until 73284.29s, cooldown until 73288.29s"
73293.03,INFO,"Mister pulse started; ON until 73293.28s, cooldown until 73297.28s"
73299.01,INFO,"Mister pulse started; ON until 73299.26s, cooldown until 73303.26s"
73309.04,INFO,"Mister pulse started; ON until 73309.29s, cooldown until 73313.29s"
73316.01,INFO,"Mister pulse started; ON until 73316.26s, cooldown until 73320.26s"
73324.01,INFO,"Mister pulse started; ON until 73324.26s, cooldown until 73328.26s"
73336.04,INFO,"Mister pulse started; ON until 73336.29s, cooldown until 73340.29s"
73342.03,INFO,"Mister pulse started; ON until 73342.28s, cooldown until 73346.28s"
73357.01,INFO,"Mister pulse started; ON until 73357.26s, cooldown until 73361.26s"
73363.05,INFO,"Mister pulse started; ON until 73363.30s, cooldown until 73367.30s"
73374.05,INFO,"Mister pulse started; ON until 73374.30s, cooldown until 73378.30s"
73385.04,INFO,"Mister pulse started; ON until 73385.29s, cooldown until 73389.29s"
73401.04,INFO,"Mister pulse started; ON until 73401.29s, cooldown until 73405.29s"
73412.03,INFO,"Mister pulse started; ON until 73412.28s, cooldown until 73416.28s"
73418.01,INFO,"Mister pulse started; ON until 73418.26s, cooldown until 73422.26s"
73432.01,INFO,"Mister pulse started; ON until 73432.26s, cooldown until 73436.26s"
73437.02,INFO,"Mister pulse started; ON until 73437.27s, cooldown until 73441.27s"
73443.01,INFO,"Mister pulse started; ON until 73443.26s, cooldown until 73447.26s"
73459.01,INFO,"Mister pulse started; ON until 73459.26s, cooldown until 73463.26s"
73464.02,INFO,"Mister pulse started; ON until 73464.27s, cooldown until 73468.27s"
73473.05,INFO,"Mister pulse started; ON until 73473.30s, cooldown until 73477.30s"
73478.01,INFO,"Mister pulse started; ON until 73478.26s, cooldown until 73482.26s"
73495.05,INFO,"Mister pulse started; ON until 73495.30s, cooldown until 73499.30s"
73507.03,INFO,"Mister pulse started; ON until 73507.28s, cooldown until 73511.28s"
73512.04,INFO,"Mister pulse started; ON until 73512.29s, cooldown until 73516.29s"
73521.02,INFO,"Mister pulse started; ON until 73521.27s, cooldown until 73525.27s"
73526.03,INFO,"Mister pulse started; ON until 73526.28s, cooldown until 73530.28s"
73543.01,INFO,"Mister pulse started; ON until 73543.26s, cooldown until 73547.26s"
73548.02,INFO,"Mister pulse started; ON until 73548.27s, cooldown until 73552.27s"
73560.00,INFO,"Mister pulse started; ON until 73560.25s, cooldown until 73564.25s"
73566.04,INFO,"Mister pulse started; ON until 73566.29s, cooldown until 73570.29s"
73582.05,INFO,"Mister pulse started; ON until 73582.30s, cooldown until 73586.30s"
73597.03,INFO,"Mister pulse started; ON until 73597.28s, cooldown until 73601.28s"
73609.01,INFO,"Mister pulse started; ON until 73609.26s, cooldown until 73613.26s"
73616.03,INFO,"Mister pulse started; ON until 73616.28s, cooldown until 73620.28s"
73626.04,INFO,"Mister pulse started; ON until 73626.29s, cooldown until 73630.29s"
73638.02,INFO,"Mister pulse started; ON until 73638.27s, cooldown until 73642.27s"
73643.03,INFO,"Mister pulse started; ON until 73643.28s, cooldown until 73647.28s"
73657.02,INFO,"Mister pulse started; ON until 73657.27s, cooldown until 73661.27s"
73662.03,INFO,"Mister pulse started; ON until 73662.28s, cooldown until 73666.28s"
73671.02,INFO,"Mister pulse started; ON until 73671.27s, cooldown until 73675.27s"
73679.02,INFO,"Mister pulse started; ON until 73679.27s, cooldown until 73683.27s"
73688.01,INFO,"Mister pulse started; ON until 73688.26s, cooldown until 73692.26s"
73700.03,INFO,"Mister pulse started; ON until 73700.28s, cooldown until 73704.28s"
73713.04,INFO,"Mister pulse started; ON until 73713.29s, cooldown until 73717.29s"
73720.01,INFO,"Mister pulse started; ON until 73720.26s, cooldown until 73724.26s"
73733.02,INFO,"Mister pulse started; ON until 73733.27s, cooldown until 73737.27s"
73738.03,INFO,"Mister pulse started; ON until 73738.28s, cooldown until 73742.28s"
73752.02,INFO,"Mister pulse started; ON until 73752.27s, cooldown until 73756.27s"
73758.01,INFO,"Mister pulse started; ON until 73758.26s, cooldown until 73762.26s"
73769.01,INFO,"Mister pulse started; ON until 73769.26s, cooldown until 73773.26s"
73784.03,INFO,"Mister pulse started; ON until 73784.28s, cooldown until 73788.28s"
73789.03,INFO,"Mister pulse started; ON until 73789.28s, cooldown until 73793.28s"
73796.00,INFO,"Mister pulse started; ON until 73796.25s, cooldown until 73800.25s"
73804.01,INFO,"Mister pulse started; ON until 73804.26s, cooldown until 73808.26s"
73810.05,INFO,"Mister pulse started; ON until 73810.30s, cooldown until 73814.30s"
73825.03,INFO,"Mister pulse started; ON until 73825.28s, cooldown until 73829.28s"
73833.02,INFO,"Mister pulse started; ON until 73833.27s, cooldown until 73837.27s"
73848.05,INFO,"Mister pulse started; ON until 73848.30s, cooldown until 73852.30s"
73858.02,INFO,"Mister pulse started; ON until 73858.27s, cooldown until 73862.27s"
73874.02,INFO,"Mister pulse started; ON until 73874.27s, cooldown until 73878.27s"
73889.01,INFO,"Mister pulse started; ON until 73889.26s, cooldown until 73893.26s"
73903.04,INFO,"Mister pulse started; ON until 73903.29s, cooldown until 73907.29s"
73908.05,INFO,"Mister pulse started; ON until 73908.30s, cooldown until 73912.30s"
73920.03,INFO,"Mister pulse started; ON until 73920.28s, cooldown until 73924.28s"
73931.03,INFO,"Mister pulse started; ON until 73931.28s, cooldown until 73935.28s"
73936.04,INFO,"Mister pulse started; ON until 73936.29s, cooldown until 73940.29s"
73951.02,INFO,"Mister pulse started; ON until 73951.27s, cooldown until 73955.27s"
73963.04,INFO,"Mister pulse started; ON until 73963.29s, cooldown until 73967.29s"
73968.00,INFO,"Mister pulse started; ON until 73968.25s, cooldown until 73972.25s"
73986.02,INFO,"Mister pulse started; ON until 73986.27s, cooldown until 73990.27s"
73991.04,INFO,"Mister pulse started; ON until 73991.29s, cooldown until 73995.29s"
74005.04,INFO,"Mister pulse started; ON until 74005.29s, cooldown until 74009.29s"
74012.00,INFO,"Mister pulse started; ON until 74012.25s, cooldown until 74016.25s"
74027.03,INFO,"Mister pulse started; ON until 74027.28s, cooldown until 74031.28s"
74032.04,INFO,"Mister pulse started; ON until 74032.29s, cooldown until 74036.29s"
74051.04,INFO,"Mister pulse started; ON until 74051.29s, cooldown until 74055.29s"
74056.05,INFO,"Mister pulse started; ON until 74056.30s, cooldown until 74060.30s"
74073.04,INFO,"Mister pulse started; ON until 74073.29s, cooldown until 74077.29s"
74078.00,INFO,"Mister pulse started; ON until 74078.25s, cooldown until 74082.25s"
74093.02,INFO,"Mister pulse started; ON until 74093.27s, cooldown until 74097.27s"
74106.03,INFO,"Mister pulse started; ON until 74106.28s, cooldown until 74110.28s"
74111.05,INFO,"Mister pulse started; ON until 74111.30s, cooldown until 74115.30s"
74128.03,INFO,"Mister pulse started; ON until 74128.28s, cooldown until 74132.28s"
74133.04,INFO,"Mister pulse started; ON until 74133.29s, cooldown until 74137.29s"
74146.05,INFO,"Mister pulse started; ON until 74146.30s, cooldown until 74150.30s"
74153.02,INFO,"Mister pulse started; ON until 74153.27s, cooldown until 74157.27s"
74163.03,INFO,"Mister pulse started; ON until 74163.28s, cooldown until 74167.28s"
74175.01,INFO,"Mister pulse started; ON until 74175.26s, cooldown until 74179.26s"
74180.02,INFO,"Mister pulse started; ON until 74180.27s, cooldown until 74184.27s"
74196.03,INFO,"Mister pulse started; ON until 74196.28s, cooldown until 74200.28s"
74208.00,INFO,"Mister pulse started; ON until 74208.25s, cooldown until 74212.25s"
74215.02,INFO,"Mister pulse started; ON until 74215.27s, cooldown until 74219.27s"
74221.02,INFO,"Mister pulse started; ON until 74221.27s, cooldown until 74225.27s"
74240.02,INFO,"Mister pulse started; ON until 74240.27s, cooldown until 74244.27s"
74245.03,INFO,"Mister pulse started; ON until 74245.28s, cooldown until 74249.28s"
74263.04,INFO,"Mister pulse started; ON until 74263.29s, cooldown until 74267.29s"
74268.00,INFO,"Mister pulse started; ON until 74268.25s, cooldown until 74272.25s"
74284.01,INFO,"Mister pulse started; ON until 74284.26s, cooldown until 74288.26s"
74296.05,INFO,"Mister pulse started; ON until 74296.30s, cooldown until 74300.30s"
74302.04,INFO,"Mister pulse started; ON until 74302.29s, cooldown until 74306.29s"
74313.04,INFO,"Mister pulse started; ON until 74313.29s, cooldown until 74317.29s"
74324.04,INFO,"Mister pulse started; ON until 74324.29s, cooldown until 74328.29s"
74337.00,INFO,"Mister pulse started; ON until 74337.25s, cooldown until 74341.25s"
74351.05,INFO,"Mister pulse started; ON until 74351.30s, cooldown until 74355.30s"
74358.02,INFO,"Mister pulse started; ON until 74358.27s, cooldown until 74362.27s"
74369.02,INFO,"Mister pulse started; ON until 74369.27s, cooldown until 74373.27s"
74383.03,INFO,"Mister pulse started; ON until 74383.28s, cooldown until 74387.28s"
74388.04,INFO,"Mister pulse started; ON until 74388.29s, cooldown until 74392.29s"
74398.00,INFO,"Mister pulse started; ON until 74398.25s, cooldown until 74402.25s"
74411.01,INFO,"Mister pulse started; ON until 74411.26s, cooldown until 74415.26s"
74416.02,INFO,"Mister pulse started; ON until 74416.27s, cooldown until 74420.27s"
74430.01,INFO,"Mister pulse started; ON until 74430.26s, cooldown until 74434.26s"
74441.02,INFO,"Mister pulse started; ON until 74441.27s, cooldown until 74445.27s"
74457.02,INFO,"Mister pulse started; ON until 74457.27s, cooldown until 74461.27s"
74469.05,INFO,"Mister pulse started; ON until 74469.30s, cooldown until 74473.30s"
74477.01,INFO,"Mister pulse started; ON until 74477.26s, cooldown until 74481.26s"
74491.00,INFO,"Mister pulse started; ON until 74491.25s, cooldown until 74495.25s"
74497.05,INFO,"Mister pulse started; ON until 74497.30s, cooldown until 74501.30s"
74516.04,INFO,"Mister pulse started; ON until 74516.29s, cooldown until 74520.29s"
74521.05,INFO,"Mister pulse started; ON until 74521.30s, cooldown until 74525.30s"
74539.02,INFO,"Mister pulse started; ON until 74539.27s, cooldown until 74543.27s"
74544.03,INFO,"Mister pulse started; ON until 74544.28s, cooldown until 74548.28s"
74563.03,INFO,"Mister pulse started; ON until 74563.28s, cooldown until 74567.28s"
74568.04,INFO,"Mister pulse started; ON until 74568.29s, cooldown until 74572.29s"
74587.04,INFO,"Mister pulse started; ON until 74587.29s, cooldown until 74591.29s"
74592.05,INFO,"Mister pulse started; ON until 74592.30s, cooldown until 74596.30s"
74610.02,INFO,"Mister pulse started; ON until 74610.27s, cooldown until 74614.27s"
74615.03,INFO,"Mister pulse started; ON until 74615.28s, cooldown until 74619.28s"
74633.05,INFO,"Mister pulse started; ON until 74633.30s, cooldown until 74637.30s"
74638.00,INFO,"Mister pulse started; ON until 74638.25s, cooldown until 74642.25s"
74656.02,INFO,"Mister pulse started; ON until 74656.27s, cooldown until 74660.27s"
74661.04,INFO,"Mister pulse started; ON until 74661.29s, cooldown until 74665.29s"
74675.03,INFO,"Mister pulse started; ON until 74675.28s, cooldown until 74679.28s"
74683.03,INFO,"Mister pulse started; ON until 74683.28s, cooldown until 74687.28s"
74696.05,INFO,"Mister pulse started; ON until 74696.30s, cooldown until 74700.30s"
74702.04,INFO,"Mister pulse started; ON until 74702.29s, cooldown until 74706.29s"
74721.03,INFO,"Mister pulse started; ON until 74721.28s, cooldown until 74725.28s"
74727.02,INFO,"Mister pulse started; ON until 74727.27s, cooldown until 74731.27s"
74736.01,INFO,"Mister pulse started; ON until 74736.26s, cooldown until 74740.26s"
74747.01,INFO,"Mister pulse started; ON until 74747.26s, cooldown until 74751.26s"
74760.02,INFO,"Mister pulse started; ON until 74760.27s, cooldown until 74764.27s"
74766.02,INFO,"Mister pulse started; ON until 74766.27s, cooldown until 74770.27s"
74775.05,INFO,"Mister pulse started; ON until 74775.30s, cooldown until 74779.30s"
74781.04,INFO,"Mister pulse started; ON until 74781.29s, cooldown until 74785.29s"
74800.03,INFO,"Mister pulse started; ON until 74800.28s, cooldown until 74804.28s"
74805.04,INFO,"Mister pulse started; ON until 74805.29s, cooldown until 74809.29s"
74824.04,INFO,"Mister pulse started; ON until 74824.29s, cooldown until 74828.29s"
74829.00,INFO,"Mister pulse started; ON until 74829.25s, cooldown until 74833.25s"
74835.04,INFO,"Mister pulse started; ON until 74835.29s, cooldown until 74839.29s"
74853.01,INFO,"Mister pulse started; ON until 74853.26s, cooldown until 74857.26s"
74858.02,INFO,"Mister pulse started; ON until 74858.27s, cooldown until 74862.27s"
74872.02,INFO,"Mister pulse started; ON until 74872.27s, cooldown until 74876.27s"
74883.02,INFO,"Mister pulse started; ON until 74883.27s, cooldown until 74887.27s"
74899.02,INFO,"Mister pulse started; ON until 74899.27s, cooldown until 74903.27s"
74913.01,INFO,"Mister pulse started; ON until 74913.26s, cooldown until 74917.26s"
74925.04,INFO,"Mister pulse started; ON until 74925.29s, cooldown until 74929.29s"
74931.03,INFO,"Mister pulse started; ON until 74931.28s, cooldown until 74935.28s"
74948.01,INFO,"Mister pulse started; ON until 74948.26s, cooldown until 74952.26s"
74953.02,INFO,"Mister pulse started; ON until 74953.27s, cooldown until 74957.27s"
74970.01,INFO,"Mister pulse started; ON until 74970.26s, cooldown until 74974.26s"
74986.02,INFO,"Mister pulse started; ON until 74986.27s, cooldown until 74990.27s"
75001.04,INFO,"Mister pulse started; ON until 75001.29s, cooldown until 75005.29s"
75013.02,INFO,"Mister pulse started; ON until 75013.27s, cooldown until 75017.27s"
75024.01,INFO,"Mister pulse started; ON until 75024.26s, cooldown until 75028.26s"
75037.02,INFO,"Mister pulse started; ON until 75037.27s, cooldown until 75041.27s"
75044.03,INFO,"Mister pulse started; ON until 75044.28s, cooldown until 75048.28s"
75051.01,INFO,"Mister pulse started; ON until 75051.26s, cooldown until 75055.26s"
75057.00,INFO,"Mister pulse started; ON until 75057.25s, cooldown until 75061.25s"
75075.02,INFO,"Mister pulse started; ON until 75075.27s, cooldown until 75079.27s"
75080.03,INFO,"Mister pulse started; ON until 75080.28s, cooldown until 75084.28s"
75097.02,INFO,"Mister pulse started; ON until 75097.27s, cooldown until 75101.27s"
75110.03,INFO,"Mister pulse started; ON until 75110.28s, cooldown until 75114.28s"
75121.03,INFO,"Mister pulse started; ON until 75121.28s, cooldown until 75125.28s"
75135.02,INFO,"Mister pulse started; ON until 75135.27s, cooldown until 75139.27s"
75150.05,INFO,"Mister pulse started; ON until 75150.30s, cooldown until 75154.30s"
75160.01,INFO,"Mister pulse started; ON until 75160.26s, cooldown until 75164.26s"
75176.01,INFO,"Mister pulse started; ON until 75176.26s, cooldown until 75180.26s"
75192.02,INFO,"Mister pulse started; ON until 75192.27s, cooldown until 75196.27s"
75208.03,INFO,"Mister pulse started; ON until 75208.28s, cooldown until 75212.28s"
75224.04,INFO,"Mister pulse started; ON until 75224.29s, cooldown until 75228.29s"
75235.05,INFO,"Mister pulse started; ON until 75235.30s, cooldown until 75239.30s"
75243.05,INFO,"Mister pulse started; ON until 75243.30s, cooldown until 75247.30s"
75256.01,INFO,"Mister pulse started; ON until 75256.26s, cooldown until 75260.26s"
75261.02,INFO,"Mister pulse started; ON until 75261.27s, cooldown until 75265.27s"
75277.03,INFO,"Mister pulse started; ON until 75277.28s, cooldown until 75281.28s"
75292.00,INFO,"Mister pulse started; ON until 75292.25s, cooldown until 75296.25s"
75304.03,INFO,"Mister pulse started; ON until 75304.28s, cooldown until 75308.28s"
75309.04,INFO,"Mister pulse started; ON until 75309.29s, cooldown until 75313.29s"
75325.04,INFO,"Mister pulse started; ON until 75325.29s, cooldown until 75329.29s"
75337.02,INFO,"Mister pulse started; ON until 75337.27s, cooldown until 75341.27s"
75346.00,INFO,"Mister pulse started; ON until 75346.25s, cooldown until 75350.25s"
75356.02,INFO,"Mister pulse started; ON until 75356.27s, cooldown until 75360.27s"
75368.00,INFO,"Mister pulse started; ON until 75368.25s, cooldown until 75372.25s"
75374.05,INFO,"Mister pulse started; ON until 75374.30s, cooldown until 75378.30s"
75393.04,INFO,"Mister pulse started; ON until 75393.29s, cooldown until 75397.29s"
75398.05,INFO,"Mister pulse started; ON until 75398.30s, cooldown until 75402.30s"
75420.00,INFO,"Mister pulse started; ON until 75420.25s, cooldown until 75424.25s"
75435.03,INFO,"Mister pulse started; ON until 75435.28s, cooldown until 75439.28s"
75447.01,INFO,"Mister pulse started; ON until 75447.26s, cooldown until 75451.26s"
75453.01,INFO,"Mister pulse started; ON until 75453.26s, cooldown until 75457.26s"
75462.05,INFO,"Mister pulse started; ON until 75462.30s, cooldown until 75466.30s"
75471.03,INFO,"Mister pulse started; ON until 75471.28s, cooldown until 75475.28s"
75480.01,INFO,"Mister pulse started; ON until 75480.26s, cooldown until 75484.26s"
75491.01,INFO,"Mister pulse started; ON until 75491.26s, cooldown until 75495.26s"
75509.02,INFO,"Mister pulse started; ON until 75509.27s, cooldown until 75513.27s"
75514.03,INFO,"Mister pulse started; ON until 75514.28s, cooldown until 75518.28s"
75530.03,INFO,"Mister pulse started; ON until 75530.28s, cooldown until 75534.28s"
75544.02,INFO,"Mister pulse started; ON until 75544.27s, cooldown until 75548.27s"
75552.02,INFO,"Mister pulse started; ON until 75552.27s, cooldown until 75556.27s"
75565.04,INFO,"Mister pulse started; ON until 75565.29s, cooldown until 75569.29s"
75570.05,INFO,"Mister pulse started; ON until 75570.30s, cooldown until 75574.30s"
75587.04,INFO,"Mister pulse started; ON until 75587.29s, cooldown until 75591.29s"
75603.04,INFO,"Mister pulse started; ON until 75603.29s, cooldown until 75607.29s"
75618.01,INFO,"Mister pulse started; ON until 75618.26s, cooldown until 75622.26s"
75634.02,INFO,"Mister pulse started; ON until 75634.27s, cooldown until 75638.27s"
75649.04,INFO,"Mister pulse started; ON until 75649.29s, cooldown until 75653.29s"
75662.05,INFO,"Mister pulse started; ON until 75662.30s, cooldown until 75666.30s"
75667.01,INFO,"Mister pulse started; ON until 75667.26s, cooldown until 75671.26s"
75675.01,INFO,"Mister pulse started; ON until 75675.26s, cooldown until 75679.26s"
75681.00,INFO,"Mister pulse started; ON until 75681.25s, cooldown until 75685.25s"
75700.00,INFO,"Mister pulse started; ON until 75700.25s, cooldown until 75704.25s"
75705.01,INFO,"Mister pulse started; ON until 75705.26s, cooldown until 75709.26s"
75722.04,INFO,"Mister pulse started; ON until 75722.29s, cooldown until 75726.29s"
75739.03,INFO,"Mister pulse started; ON until 75739.28s, cooldown until 75743.28s"
75744.04,INFO,"Mister pulse started; ON until 75744.29s, cooldown until 75748.29s"
75760.05,INFO,"Mister pulse started; ON until 75760.30s, cooldown until 75764.30s"
75774.04,INFO,"Mister pulse started; ON until 75774.29s, cooldown until 75778.29s"
75783.02,INFO,"Mister pulse started; ON until 75783.27s, cooldown until 75787.27s"
75799.03,INFO,"Mister pulse started; ON until 75799.28s, cooldown until 75803.28s"
75813.01,INFO,"Mister pulse started; ON until 75813.26s, cooldown until 75817.26s"
75826.02,INFO,"Mister pulse started; ON until 75826.27s, cooldown until 75830.27s"
75837.02,INFO,"Mister pulse started; ON until 75837.27s, cooldown until 75841.27s"
75854.01,INFO,"Mister pulse started; ON until 75854.26s, cooldown until 75858.26s"
75859.02,INFO,"Mister pulse started; ON until 75859.27s, cooldown until 75863.27s"
75875.02,INFO,"Mister pulse started; ON until 75875.27s, cooldown until 75879.27s"
75888.03,INFO,"Mister pulse started; ON until 75888.28s, cooldown until 75892.28s"
75898.05,INFO,"Mister pulse started; ON until 75898.30s, cooldown until 75902.30s"
75907.03,INFO,"Mister pulse started; ON until 75907.28s, cooldown until 75911.28s"
75923.03,INFO,"Mister pulse started; ON until 75923.28s, cooldown until 75927.28s"
75937.03,INFO,"Mister pulse started; ON until 75937.28s, cooldown until 75941.28s"
75949.02,INFO,"Mister pulse started; ON until 75949.27s, cooldown until 75953.27s"
75954.03,INFO,"Mister pulse started; ON until 75954.28s, cooldown until 75958.28s"
75969.01,INFO,"Mister pulse started; ON until 75969.26s, cooldown until 75973.26s"
75981.04,INFO,"Mister pulse started; ON until 75981.29s, cooldown until 75985.29s"
75990.02,INFO,"Mister pulse started; ON until 75990.27s, cooldown until 75994.27s"
76000.04,INFO,"Mister pulse started; ON until 76000.29s, cooldown until 76004.29s"
76011.04,INFO,"Mister pulse started; ON until 76011.29s, cooldown until 76015.29s"
76029.01,INFO,"Mister pulse started; ON until 76029.26s, cooldown until 76033.26s"
76036.03,INFO,"Mister pulse started; ON until 76036.28s, cooldown until 76040.28s"
76045.02,INFO,"Mister pulse started; ON until 76045.27s, cooldown until 76049.27s"
76054.05,INFO,"Mister pulse started; ON until 76054.30s, cooldown until 76058.30s"
76065.05,INFO,"Mister pulse started; ON until 76065.30s, cooldown until 76069.30s"
76080.02,INFO,"Mister pulse started; ON until 76080.27s, cooldown until 76084.27s"
76093.03,INFO,"Mister pulse started; ON until 76093.28s, cooldown until 76097.28s"
76102.02,INFO,"Mister pulse started; ON until 76102.27s, cooldown until 76106.27s"
76116.02,INFO,"Mister pulse started; ON until 76116.27s, cooldown until 76120.27s"
76126.04,INFO,"Mister pulse started; ON until 76126.29s, cooldown until 76130.29s"
76138.01,INFO,"Mister pulse started; ON until 76138.26s, cooldown until 76142.26s"
76144.01,INFO,"Mister pulse started; ON until 76144.26s, cooldown until 76148.26s"
76162.03,INFO,"Mister pulse started; ON until 76162.28s, cooldown until 76166.28s"
76167.04,INFO,"Mister pulse started; ON until 76167.29s, cooldown until 76171.29s"
76184.03,INFO,"Mister pulse started; ON until 76184.28s, cooldown until 76188.28s"
76199.00,INFO,"Mister pulse started; ON until 76199.25s, cooldown until 76203.25s"
76214.02,INFO,"Mister pulse started; ON until 76214.27s, cooldown until 76218.27s"
76228.01,INFO,"Mister pulse started; ON until 76228.26s, cooldown until 76232.26s"
76239.01,INFO,"Mister pulse started; ON until 76239.26s, cooldown until 76243.26s"
76256.05,INFO,"Mister pulse started; ON until 76256.30s, cooldown until 76260.30s"
76270.03,INFO,"Mister pulse started; ON until 76270.28s, cooldown until 76274.28s"
76285.01,INFO,"Mister pulse started; ON until 76285.26s, cooldown until 76289.26s"
76298.02,INFO,"Mister pulse started; ON until 76298.27s, cooldown until 76302.27s"
76307.00,INFO,"Mister pulse started; ON until 76307.25s, cooldown until 76311.25s"
76321.04,INFO,"Mister pulse started; ON until 76321.29s, cooldown until 76325.29s"
76326.01,INFO,"Mister pulse started; ON until 76326.26s, cooldown until 76330.26s"
76346.04,INFO,"Mister pulse started; ON until 76346.29s, cooldown until 76350.29s"
76351.05,INFO,"Mister pulse started; ON until 76351.30s, cooldown until 76355.30s"
76372.01,INFO,"Mister pulse started; ON until 76372.26s, cooldown until 76376.26s"
76381.05,INFO,"Mister pulse started; ON until 76381.30s, cooldown until 76385.30s"
76398.04,INFO,"Mister pulse started; ON until 76398.29s, cooldown until 76402.29s"
76415.02,INFO,"Mister pulse started; ON until 76415.27s, cooldown until 76419.27s"
76420.03,INFO,"Mister pulse started; ON until 76420.28s, cooldown until 76424.28s"
76437.01,INFO,"Mister pulse started; ON until 76437.26s, cooldown until 76441.26s"
76451.00,INFO,"Mister pulse started; ON until 76451.25s, cooldown until 76455.25s"
76466.03,INFO,"Mister pulse started; ON until 76466.28s, cooldown until 76470.28s"
76475.01,INFO,"Mister pulse started; ON until 76475.26s, cooldown until 76479.26s"
76491.02,INFO,"Mister pulse started; ON until 76491.27s, cooldown until 76495.27s"
76497.01,INFO,"Mister pulse started; ON until 76497.26s, cooldown until 76501.26s"
76513.02,INFO,"Mister pulse started; ON until 76513.27s, cooldown until 76517.27s"
76520.04,INFO,"Mister pulse started; ON until 76520.29s, cooldown until 76524.29s"
76533.05,INFO,"Mister pulse started; ON until 76533.30s, cooldown until 76537.30s"
76550.04,INFO,"Mister pulse started; ON until 76550.29s, cooldown until 76554.29s"
76555.04,INFO,"Mister pulse started; ON until 76555.29s, cooldown until 76559.29s"
76569.04,INFO,"Mister pulse started; ON until 76569.29s, cooldown until 76573.29s"
76575.03,INFO,"Mister pulse started; ON until 76575.28s, cooldown until 76579.28s"
76589.02,INFO,"Mister pulse started; ON until 76589.27s, cooldown until 76593.27s"
76594.03,INFO,"Mister pulse started; ON until 76594.28s, cooldown until 76598.28s"
76611.01,INFO,"Mister pulse started; ON until 76611.26s, cooldown until 76615.26s"
76626.04,INFO,"Mister pulse started; ON until 76626.29s, cooldown until 76630.29s"
76640.03,INFO,"Mister pulse started; ON until 76640.28s, cooldown until 76644.28s"
76649.01,INFO,"Mister pulse started; ON until 76649.26s, cooldown until 76653.26s"
76668.01,INFO,"Mister pulse started; ON until 76668.26s, cooldown until 76672.26s"
76673.02,INFO,"Mister pulse started; ON until 76673.27s, cooldown until 76677.27s"
76690.01,INFO,"Mister pulse started; ON until 76690.26s, cooldown until 76694.26s"
76703.01,INFO,"Mister pulse started; ON until 76703.26s, cooldown until 76707.26s"
76718.04,INFO,"Mister pulse started; ON until 76718.29s, cooldown until 76722.29s"
76723.05,INFO,"Mister pulse started; ON until 76723.30s, cooldown until 76727.30s"
76741.02,INFO,"Mister pulse started; ON until 76741.27s, cooldown until 76745.27s"
76748.04,INFO,"Mister pulse started; ON until 76748.29s, cooldown until 76752.29s"
76757.02,INFO,"Mister pulse started; ON until 76757.27s, cooldown until 76761.27s"
76764.04,INFO,"Mister pulse started; ON until 76764.29s, cooldown until 76768.29s"
76774.01,INFO,"Mister pulse started; ON until 76774.26s, cooldown until 76778.26s"
76788.00,INFO,"Mister pulse started; ON until 76788.25s, cooldown until 76792.25s"
76793.01,INFO,"Mister pulse started; ON until 76793.26s, cooldown until 76797.26s"
76812.01,INFO,"Mister pulse started; ON until 76812.26s, cooldown until 76816.26s"
76818.05,INFO,"Mister pulse started; ON until 76818.30s, cooldown until 76822.30s"
76835.04,INFO,"Mister pulse started; ON until 76835.29s, cooldown until 76839.29s"
76841.04,INFO,"Mister pulse started; ON until 76841.29s, cooldown until 76845.29s"
76858.03,INFO,"Mister pulse started; ON until 76858.28s, cooldown until 76862.28s"
76863.04,INFO,"Mister pulse started; ON until 76863.29s, cooldown until 76867.29s"
76881.00,INFO,"Mister pulse started; ON until 76881.25s, cooldown until 76885.25s"
76886.02,INFO,"Mister pulse started; ON until 76886.27s, cooldown until 76890.27s"
76902.02,INFO,"Mister pulse started; ON until 76902.27s, cooldown until 76906.27s"
76915.04,INFO,"Mister pulse started; ON until 76915.29s, cooldown until 76919.29s"
76922.01,INFO,"Mister pulse started; ON until 76922.26s, cooldown until 76926.26s"
76936.00,INFO,"Mister pulse started; ON until 76936.25s, cooldown until 76940.25s"
76941.02,INFO,"Mister pulse started; ON until 76941.27s, cooldown until 76945.27s"
76958.01,INFO,"Mister pulse started; ON until 76958.26s, cooldown until 76962.26s"
76974.02,INFO,"Mister pulse started; ON until 76974.27s, cooldown until 76978.27s"
76989.05,INFO,"Mister pulse started; ON until 76989.30s, cooldown until 76993.30s"
77004.02,INFO,"Mister pulse started; ON until 77004.27s, cooldown until 77008.27s"
77018.01,INFO,"Mister pulse started; ON until 77018.26s, cooldown until 77022.26s"
77028.03,INFO,"Mister pulse started; ON until 77028.28s, cooldown until 77032.28s"
77042.02,INFO,"Mister pulse started; ON until 77042.27s, cooldown until 77046.27s"
77055.04,INFO,"Mister pulse started; ON until 77055.29s, cooldown until 77059.29s"
77061.03,INFO,"Mister pulse started; ON until 77061.28s, cooldown until 77065.28s"
77077.03,INFO,"Mister pulse started; ON until 77077.28s, cooldown until 77081.28s"
77092.00,INFO,"Mister pulse started; ON until 77092.25s, cooldown until 77096.25s"
77109.04,INFO,"Mister pulse started; ON until 77109.29s, cooldown until 77113.29s"
77123.03,INFO,"Mister pulse started; ON until 77123.28s, cooldown until 77127.28s"
77140.02,INFO,"Mister pulse started; ON until 77140.27s, cooldown until 77144.27s"
77152.05,INFO,"Mister pulse started; ON until 77152.30s, cooldown until 77156.30s"
77163.04,INFO,"Mister pulse started; ON until 77163.29s, cooldown until 77167.29s"
77177.03,INFO,"Mister pulse started; ON until 77177.28s, cooldown until 77181.28s"
77190.05,INFO,"Mister pulse started; ON until 77190.30s, cooldown until 77194.30s"
77195.01,INFO,"Mister pulse started; ON until 77195.26s, cooldown until 77199.26s"
77213.03,INFO,"Mister pulse started; ON until 77213.28s, cooldown until 77217.28s"
77219.02,INFO,"Mister pulse started; ON until 77219.27s, cooldown until 77223.27s"
77237.04,INFO,"Mister pulse started; ON until 77237.29s, cooldown until 77241.29s"
77242.00,INFO,"Mister pulse started; ON until 77242.25s, cooldown until 77246.25s"
77261.05,INFO,"Mister pulse started; ON until 77261.30s, cooldown until 77265.30s"
77266.01,INFO,"Mister pulse started; ON until 77266.26s, cooldown until 77270.26s"
77283.05,INFO,"Mister pulse started; ON until 77283.30s, cooldown until 77287.30s"
77301.01,INFO,"Mister pulse started; ON until 77301.26s, cooldown until 77305.26s"
77306.02,INFO,"Mister pulse started; ON until 77306.27s, cooldown until 77310.27s"
77326.05,INFO,"Mister pulse started; ON until 77326.30s, cooldown until 77330.30s"
77332.04,INFO,"Mister pulse started; ON until 77332.29s, cooldown until 77336.29s"
77343.03,INFO,"Mister pulse started; ON until 77343.28s, cooldown until 77347.28s"
77357.03,INFO,"Mister pulse started; ON until 77357.28s, cooldown until 77361.28s"
77362.04,INFO,"Mister pulse started; ON until 77362.29s, cooldown until 77366.29s"
77382.02,INFO,"Mister pulse started; ON until 77382.27s, cooldown until 77386.27s"
77393.02,INFO,"Mister pulse started; ON until 77393.27s, cooldown until 77397.27s"
77411.00,INFO,"Mister pulse started; ON until 77411.25s, cooldown until 77415.25s"
77416.02,INFO,"Mister pulse started; ON until 77416.27s, cooldown until 77420.27s"
77438.01,INFO,"Mister pulse started; ON until 77438.26s, cooldown until 77442.26s"
77451.02,INFO,"Mister pulse started; ON until 77451.27s, cooldown until 77455.27s"
77456.03,INFO,"Mister pulse started; ON until 77456.28s, cooldown until 77460.28s"
77478.02,INFO,"Mister pulse started; ON until 77478.27s, cooldown until 77482.27s"
77491.03,INFO,"Mister pulse started; ON until 77491.28s, cooldown until 77495.28s"
77500.02,INFO,"Mister pulse started; ON until 77500.27s, cooldown until 77504.27s"
77515.04,INFO,"Mister pulse started; ON until 77515.29s, cooldown until 77519.29s"
77520.05,INFO,"Mister pulse started; ON until 77520.30s, cooldown until 77524.30s"
77541.03,INFO,"Mister pulse started; ON until 77541.28s, cooldown until 77545.28s"
77554.03,INFO,"Mister pulse started; ON until 77554.28s, cooldown until 77558.28s"
77562.04,INFO,"Mister pulse started; ON until 77562.29s, cooldown until 77566.29s"
77574.02,INFO,"Mister pulse started; ON until 77574.27s, cooldown until 77578.27s"
77592.04,INFO,"Mister pulse started; ON until 77592.29s, cooldown until 77596.29s"
77597.05,INFO,"Mister pulse started; ON until 77597.30s, cooldown until 77601.30s"
77615.02,INFO,"Mister pulse started; ON until 77615.27s, cooldown until 77619.27s"
77620.03,INFO,"Mister pulse started; ON until 77620.28s, cooldown until 77624.28s"
77634.02,INFO,"Mister pulse started; ON until 77634.27s, cooldown until 77638.27s"
77647.03,INFO,"Mister pulse started; ON until 77647.28s, cooldown until 77651.28s"
77652.05,INFO,"Mister pulse started; ON until 77652.30s, cooldown until 77656.30s"
77668.01,INFO,"Mister pulse started; ON until 77668.26s, cooldown until 77672.26s"
77686.02,INFO,"Mister pulse started; ON until 77686.27s, cooldown until 77690.27s"
77691.03,INFO,"Mister pulse started; ON until 77691.28s, cooldown until 77695.28s"
77707.03,INFO,"Mister pulse started; ON until 77707.28s, cooldown until 77711.28s"
77721.03,INFO,"Mister pulse started; ON until 77721.28s, cooldown until 77725.28s"
77733.01,INFO,"Mister pulse started; ON until 77733.26s, cooldown until 77737.26s"
77738.02,INFO,"Mister pulse started; ON until 77738.27s, cooldown until 77742.27s"
77756.04,INFO,"Mister pulse started; ON until 77756.29s, cooldown until 77760.29s"
77772.05,INFO,"Mister pulse started; ON until 77772.30s, cooldown until 77776.30s"
77788.00,INFO,"Mister pulse started; ON until 77788.25s, cooldown until 77792.25s"
77793.01,INFO,"Mister pulse started; ON until 77793.26s, cooldown until 77797.26s"
77808.03,INFO,"Mister pulse started; ON until 77808.28s, cooldown until 77812.28s"
77814.02,INFO,"Mister pulse started; ON until 77814.27s, cooldown until 77818.27s"
77831.00,INFO,"Mister pulse started; ON until 77831.25s, cooldown until 77835.25s"
77842.05,INFO,"Mister pulse started; ON until 77842.30s, cooldown until 77846.30s"
77858.00,INFO,"Mister pulse started; ON until 77858.25s, cooldown until 77862.25s"
77871.01,INFO,"Mister pulse started; ON until 77871.26s, cooldown until 77875.26s"
77883.04,INFO,"Mister pulse started; ON until 77883.29s, cooldown until 77887.29s"
77899.05,INFO,"Mister pulse started; ON until 77899.30s, cooldown until 77903.30s"
77915.05,INFO,"Mister pulse started; ON until 77915.30s, cooldown until 77919.30s"
77933.02,INFO,"Mister pulse started; ON until 77933.27s, cooldown until 77937.27s"
77938.03,INFO,"Mister pulse started; ON until 77938.28s, cooldown until 77942.28s"
77959.04,INFO,"Mister pulse started; ON until 77959.29s, cooldown until 77963.29s"
77973.03,INFO,"Mister pulse started; ON until 77973.28s, cooldown until 77977.28s"
77978.04,INFO,"Mister pulse started; ON until 77978.29s, cooldown until 77982.29s"
77998.03,INFO,"Mister pulse started; ON until 77998.28s, cooldown until 78002.28s"
78008.04,INFO,"Mister pulse started; ON until 78008.29s, cooldown until 78012.29s"
78025.03,INFO,"Mister pulse started; ON until 78025.28s, cooldown until 78029.28s"
78040.05,INFO,"Mister pulse started; ON until 78040.30s, cooldown until 78044.30s"
78056.01,INFO,"Mister pulse started; ON until 78056.26s, cooldown until 78060.26s"
78074.02,INFO,"Mister pulse started; ON until 78074.27s, cooldown until 78078.27s"
78079.03,INFO,"Mister pulse started; ON until 78079.28s, cooldown until 78083.28s"
78097.01,INFO,"Mister pulse started; ON until 78097.26s, cooldown until 78101.26s"
78102.02,INFO,"Mister pulse started; ON until 78102.27s, cooldown until 78106.27s"
78117.04,INFO,"Mister pulse started; ON until 78117.29s, cooldown until 78121.29s"
78131.03,INFO,"Mister pulse started; ON until 78131.28s, cooldown until 78135.28s"
78136.04,INFO,"Mister pulse started; ON until 78136.29s, cooldown until 78140.29s"
78159.02,INFO,"Mister pulse started; ON until 78159.27s, cooldown until 78163.27s"
78174.05,INFO,"Mister pulse started; ON until 78174.30s, cooldown until 78178.30s"
78179.00,INFO,"Mister pulse started; ON until 78179.25s, cooldown until 78183.25s"
78201.00,INFO,"Mister pulse started; ON until 78201.25s, cooldown until 78205.25s"
78206.01,INFO,"Mister pulse started; ON until 78206.26s, cooldown until 78210.26s"
78225.01,INFO,"Mister pulse started; ON until 78225.26s, cooldown until 78229.26s"
78231.05,INFO,"Mister pulse started; ON until 78231.30s, cooldown until 78235.30s"
78252.01,INFO,"Mister pulse started; ON until 78252.26s, cooldown until 78256.26s"
78267.04,INFO,"Mister pulse started; ON until 78267.29s, cooldown until 78271.29s"
78275.04,INFO,"Mister pulse started; ON until 78275.29s, cooldown until 78279.29s"
78293.01,INFO,"Mister pulse started; ON until 78293.26s, cooldown until 78297.26s"
78309.01,INFO,"Mister pulse started; ON until 78309.26s, cooldown until 78313.26s"
78327.03,INFO,"Mister pulse started; ON until 78327.28s, cooldown until 78331.28s"
78332.04,INFO,"Mister pulse started; ON until 78332.29s, cooldown until 78336.29s"
78347.02,INFO,"Mister pulse started; ON until 78347.27s, cooldown until 78351.27s"
78361.00,INFO,"Mister pulse started; ON until 78361.25s, cooldown until 78365.25s"
78375.05,INFO,"Mister pulse started; ON until 78375.30s, cooldown until 78379.30s"
78380.01,INFO,"Mister pulse started; ON until 78380.26s, cooldown until 78384.26s"
78402.05,INFO,"Mister pulse started; ON until 78402.30s, cooldown until 78406.30s"
78409.02,INFO,"Mister pulse started; ON until 78409.27s, cooldown until 78413.27s"
78425.02,INFO,"Mister pulse started; ON until 78425.27s, cooldown until 78429.27s"
78437.01,INFO,"Mister pulse started; ON until 78437.26s, cooldown until 78441.26s"
78444.03,INFO,"Mister pulse started; ON until 78444.28s, cooldown until 78448.28s"
78461.01,INFO,"Mister pulse started; ON until 78461.26s, cooldown until 78465.26s"
78466.02,INFO,"Mister pulse started; ON until 78466.27s, cooldown until 78470.27s"
78484.04,INFO,"Mister pulse started; ON until 78484.29s, cooldown until 78488.29s"
78498.04,INFO,"Mister pulse started; ON until 78498.29s, cooldown until 78502.29s"
78509.03,INFO,"Mister pulse started; ON until 78509.28s, cooldown until 78513.28s"
78516.00,INFO,"Mister pulse started; ON until 78516.25s, cooldown until 78520.25s"
78526.02,INFO,"Mister pulse started; ON until 78526.27s, cooldown until 78530.27s"
78534.02,INFO,"Mister pulse started; ON until 78534.27s, cooldown until 78538.27s"
78545.02,INFO,"Mister pulse started; ON until 78545.27s, cooldown until 78549.27s"
78562.01,INFO,"Mister pulse started; ON until 78562.26s, cooldown until 78566.26s"
78577.04,INFO,"Mister pulse started; ON until 78577.29s, cooldown until 78581.29s"
78593.05,INFO,"Mister pulse started; ON until 78593.30s, cooldown until 78597.30s"
78607.04,INFO,"Mister pulse started; ON until 78607.29s, cooldown until 78611.29s"
78618.04,INFO,"Mister pulse started; ON until 78618.29s, cooldown until 78622.29s"
78635.02,INFO,"Mister pulse started; ON until 78635.27s, cooldown until 78639.27s"
78640.03,INFO,"Mister pulse started; ON until 78640.28s, cooldown until 78644.28s"
78658.00,INFO,"Mister pulse started; ON until 78658.25s, cooldown until 78662.25s"
78663.01,INFO,"Mister pulse started; ON until 78663.26s, cooldown until 78667.26s"
78681.03,INFO,"Mister pulse started; ON until 78681.28s, cooldown until 78685.28s"
78698.02,INFO,"Mister pulse started; ON until 78698.27s, cooldown until 78702.27s"
78703.03,INFO,"Mister pulse started; ON until 78703.28s, cooldown until 78707.28s"
78720.03,INFO,"Mister pulse started; ON until 78720.28s, cooldown until 78724.28s"
78736.03,INFO,"Mister pulse started; ON until 78736.28s, cooldown until 78740.28s"
78753.01,INFO,"Mister pulse started; ON until 78753.26s, cooldown until 78757.26s"
78758.02,INFO,"Mister pulse started; ON until 78758.27s, cooldown until 78762.27s"
78776.04,INFO,"Mister pulse started; ON until 78776.29s, cooldown until 78780.29s"
78793.02,INFO,"Mister pulse started; ON until 78793.27s, cooldown until 78797.27s"
78798.03,INFO,"Mister pulse started; ON until 78798.28s, cooldown until 78802.28s"
78814.03,INFO,"Mister pulse started; ON until 78814.28s, cooldown until 78818.28s"
78828.02,INFO,"Mister pulse started; ON until 78828.27s, cooldown until 78832.27s"
78840.05,INFO,"Mister pulse started; ON until 78840.30s, cooldown until 78844.30s"
78857.04,INFO,"Mister pulse started; ON until 78857.29s, cooldown until 78861.29s"
78863.04,INFO,"Mister pulse started; ON until 78863.29s, cooldown until 78867.29s"
78882.03,INFO,"Mister pulse started; ON until 78882.28s, cooldown until 78886.28s"
78887.04,INFO,"Mister pulse started; ON until 78887.29s, cooldown until 78891.29s"
78908.00,INFO,"Mister pulse started; ON until 78908.25s, cooldown until 78912.25s"
78919.05,INFO,"Mister pulse started; ON until 78919.30s, cooldown until 78923.30s"
78938.00,INFO,"Mister pulse started; ON until 78938.25s, cooldown until 78942.25s"
78949.04,INFO,"Mister pulse started; ON until 78949.29s, cooldown until 78953.29s"
78964.02,INFO,"Mister pulse started; ON until 78964.27s, cooldown until 78968.27s"
78980.02,INFO,"Mister pulse started; ON until 78980.27s, cooldown until 78984.27s"
78993.03,INFO,"Mister pulse started; ON until 78993.28s, cooldown until 78997.28s"
79004.03,INFO,"Mister pulse started; ON until 79004.28s, cooldown until 79008.28s"
79019.01,INFO,"Mister pulse started; ON until 79019.26s, cooldown until 79023.26s"
79033.01,INFO,"Mister pulse started; ON until 79033.26s, cooldown until 79037.26s"
79044.02,INFO,"Mister pulse started; ON until 79044.27s, cooldown until 79048.27s"
79063.01,INFO,"Mister pulse started; ON until 79063.26s, cooldown until 79067.26s"
79069.05,INFO,"Mister pulse started; ON until 79069.30s, cooldown until 79073.30s"
79090.01,INFO,"Mister pulse started; ON until 79090.26s, cooldown until 79094.26s"
79105.03,INFO,"Mister pulse started; ON until 79105.28s, cooldown until 79109.28s"
79111.02,INFO,"Mister pulse started; ON until 79111.27s, cooldown until 79115.27s"
79126.04,INFO,"Mister pulse started; ON until 79126.29s, cooldown until 79130.29s"
79132.03,INFO,"Mister pulse started; ON until 79132.28s, cooldown until 79136.28s"
79152.01,INFO,"Mister pulse started; ON until 79152.26s, cooldown until 79156.26s"
79164.05,INFO,"Mister pulse started; ON until 79164.30s, cooldown until 79168.30s"
79181.03,INFO,"Mister pulse started; ON until 79181.28s, cooldown until 79185.28s"
79186.04,INFO,"Mister pulse started; ON until 79186.29s, cooldown until 79190.29s"
79206.03,INFO,"Mister pulse started; ON until 79206.28s, cooldown until 79210.28s"
79212.02,INFO,"Mister pulse started; ON until 79212.27s, cooldown until 79216.27s"
79222.03,INFO,"Mister pulse started; ON until 79222.28s, cooldown until 79226.28s"
79235.00,INFO,"Mister pulse started; ON until 79235.25s, cooldown until 79239.25s"
79240.02,INFO,"Mister pulse started; ON until 79240.27s, cooldown until 79244.27s"
79258.04,INFO,"Mister pulse started; ON until 79258.29s, cooldown until 79262.29s"
79274.04,INFO,"Mister pulse started; ON until 79274.29s, cooldown until 79278.29s"
79292.00,INFO,"Mister pulse started; ON until 79292.25s, cooldown until 79296.25s"
79297.01,INFO,"Mister pulse started; ON until 79297.26s, cooldown until 79301.26s"
79318.02,INFO,"Mister pulse started; ON until 79318.27s, cooldown until 79322.27s"
79325.05,INFO,"Mister pulse started; ON until 79325.30s, cooldown until 79329.30s"
79338.01,INFO,"Mister pulse started; ON until 79338.26s, cooldown until 79342.26s"
79343.02,INFO,"Mister pulse started; ON until 79343.27s, cooldown until 79347.27s"
79365.02,INFO,"Mister pulse started; ON until 79365.27s, cooldown until 79369.27s"
79373.03,INFO,"Mister pulse started; ON until 79373.28s, cooldown until 79377.28s"
79388.04,INFO,"Mister pulse started; ON until 79388.29s, cooldown until 79392.29s"
79395.01,INFO,"Mister pulse started; ON until 79395.26s, cooldown until 79399.26s"
79409.00,INFO,"Mister pulse started; ON until 79409.25s, cooldown until 79413.25s"
79414.01,INFO,"Mister pulse started; ON until 79414.26s, cooldown until 79418.26s"
79435.03,INFO,"Mister pulse started; ON until 79435.28s, cooldown until 79439.28s"
79442.04,INFO,"Mister pulse started; ON until 79442.29s, cooldown until 79446.29s"
79447.00,INFO,"Mister pulse started; ON until 79447.25s, cooldown until 79451.25s"
79471.01,INFO,"Mister pulse started; ON until 79471.26s, cooldown until 79475.26s"
79486.04,INFO,"Mister pulse started; ON until 79486.29s, cooldown until 79490.29s"
79498.02,INFO,"Mister pulse started; ON until 79498.27s, cooldown until 79502.27s"
79507.01,INFO,"Mister pulse started; ON until 79507.26s, cooldown until 79511.26s"
79521.00,INFO,"Mister pulse started; ON until 79521.25s, cooldown until 79525.25s"
79528.02,INFO,"Mister pulse started; ON until 79528.27s, cooldown until 79532.27s"
79540.00,INFO,"Mister pulse started; ON until 79540.25s, cooldown until 79544.25s"
79555.02,INFO,"Mister pulse started; ON until 79555.27s, cooldown until 79559.27s"
79568.03,INFO,"Mister pulse started; ON until 79568.28s, cooldown until 79572.28s"
79573.05,INFO,"Mister pulse started; ON until 79573.30s, cooldown until 79577.30s"
79591.01,INFO,"Mister pulse started; ON until 79591.26s, cooldown until 79595.26s"
79596.02,INFO,"Mister pulse started; ON until 79596.27s, cooldown until 79600.27s"
79615.02,INFO,"Mister pulse started; ON until 79615.27s, cooldown until 79619.27s"
79620.03,INFO,"Mister pulse started; ON until 79620.28s, cooldown until 79624.28s"
79638.05,INFO,"Mister pulse started; ON until 79638.30s, cooldown until 79642.30s"
79654.05,INFO,"Mister pulse started; ON until 79654.30s, cooldown until 79658.30s"
79672.02,INFO,"Mister pulse started; ON until 79672.27s, cooldown until 79676.27s"
79677.03,INFO,"Mister pulse started; ON until 79677.28s, cooldown until 79681.28s"
79700.00,INFO,"Mister pulse started; ON until 79700.25s, cooldown until 79704.25s"
79713.02,INFO,"Mister pulse started; ON until 79713.27s, cooldown until 79717.27s"
79727.01,INFO,"Mister pulse started; ON until 79727.26s, cooldown until 79731.26s"
79732.02,INFO,"Mister pulse started; ON until 79732.27s, cooldown until 79736.27s"
79752.05,INFO,"Mister pulse started; ON until 79752.30s, cooldown until 79756.30s"
79759.02,INFO,"Mister pulse started; ON until 79759.27s, cooldown until 79763.27s"
79773.01,INFO,"Mister pulse started; ON until 79773.26s, cooldown until 79777.26s"
79779.00,INFO,"Mister pulse started; ON until 79779.25s, cooldown until 79783.25s"
79798.01,INFO,"Mister pulse started; ON until 79798.26s, cooldown until 79802.26s"
79805.03,INFO,"Mister pulse started; ON until 79805.28s, cooldown until 79809.28s"
79817.00,INFO,"Mister pulse started; ON until 79817.25s, cooldown until 79821.25s"
79832.03,INFO,"Mister pulse started; ON until 79832.28s, cooldown until 79836.28s"
79838.02,INFO,"Mister pulse started; ON until 79838.27s, cooldown until 79842.27s"
79857.02,INFO,"Mister pulse started; ON until 79857.27s, cooldown until 79861.27s"
79872.04,INFO,"Mister pulse started; ON until 79872.29s, cooldown until 79876.29s"
79884.02,INFO,"Mister pulse started; ON until 79884.27s, cooldown until 79888.27s"
79889.03,INFO,"Mister pulse started; ON until 79889.28s, cooldown until 79893.28s"
79906.02,INFO,"Mister pulse started; ON until 79906.27s, cooldown until 79910.27s"
79924.04,INFO,"Mister pulse started; ON until 79924.29s, cooldown until 79928.29s"
79929.05,INFO,"Mister pulse started; ON until 79929.30s, cooldown until 79933.30s"
79947.01,INFO,"Mister pulse started; ON until 79947.26s, cooldown until 79951.26s"
79952.02,INFO,"Mister pulse started; ON until 79952.27s, cooldown until 79956.27s"
79968.03,INFO,"Mister pulse started; ON until 79968.28s, cooldown until 79972.28s"
79981.04,INFO,"Mister pulse started; ON until 79981.29s, cooldown until 79985.29s"
79993.02,INFO,"Mister pulse started; ON until 79993.27s, cooldown until 79997.27s"
80010.01,INFO,"Mister pulse started; ON until 80010.26s, cooldown until 80014.26s"
80015.02,INFO,"Mister pulse started; ON until 80015.27s, cooldown until 80019.27s"
80033.04,INFO,"Mister pulse started; ON until 80033.29s, cooldown until 80037.29s"
80049.05,INFO,"Mister pulse started; ON until 80049.30s, cooldown until 80053.30s"
80068.05,INFO,"Mister pulse started; ON until 80068.30s, cooldown until 80072.30s"
80073.00,INFO,"Mister pulse started; ON until 80073.25s, cooldown until 80077.25s"
80085.03,INFO,"Mister pulse started; ON until 80085.28s, cooldown until 80089.28s"
80099.02,INFO,"Mister pulse started; ON until 80099.27s, cooldown until 80103.27s"
80104.03,INFO,"Mister pulse started; ON until 80104.28s, cooldown until 80108.28s"
80126.03,INFO,"Mister pulse started; ON until 80126.28s, cooldown until 80130.28s"
80142.04,INFO,"Mister pulse started; ON until 80142.29s, cooldown until 80146.29s"
80158.04,INFO,"Mister pulse started; ON until 80158.29s, cooldown until 80162.29s"
80168.00,INFO,"Mister pulse started; ON until 80168.25s, cooldown until 80172.25s"
80176.00,INFO,"Mister pulse started; ON until 80176.25s, cooldown until 80180.25s"
80182.04,INFO,"Mister pulse started; ON until 80182.29s, cooldown until 80186.29s"
80201.04,INFO,"Mister pulse started; ON until 80201.29s, cooldown until 80205.29s"
80206.05,INFO,"Mister pulse started; ON until 80206.30s, cooldown until 80210.30s"
80224.01,INFO,"Mister pulse started; ON until 80224.26s, cooldown until 80228.26s"
80229.03,INFO,"Mister pulse started; ON until 80229.28s, cooldown until 80233.28s"
80247.05,INFO,"Mister pulse started; ON until 80247.30s, cooldown until 80251.30s"
80265.01,INFO,"Mister pulse started; ON until 80265.26s, cooldown until 80269.26s"
80270.02,INFO,"Mister pulse started; ON until 80270.27s, cooldown until 80274.27s"
80292.01,INFO,"Mister pulse started; ON until 80292.26s, cooldown until 80296.26s"
80304.04,INFO,"Mister pulse started; ON until 80304.29s, cooldown until 80308.29s"
80309.00,INFO,"Mister pulse started; ON until 80309.25s, cooldown until 80313.25s"
80329.04,INFO,"Mister pulse started; ON until 80329.29s, cooldown until 80333.29s"
80336.01,INFO,"Mister pulse started; ON until 80336.26s, cooldown until 80340.26s"
80349.03,INFO,"Mister pulse started; ON until 80349.28s, cooldown until 80353.28s"
80368.03,INFO,"Mister pulse started; ON until 80368.28s, cooldown until 80372.28s"
80374.02,INFO,"Mister pulse started; ON until 80374.27s, cooldown until 80378.27s"
80383.00,INFO,"Mister pulse started; ON until 80383.25s, cooldown until 80387.25s"
80396.02,INFO,"Mister pulse started; ON until 80396.27s, cooldown until 80400.27s"
80415.01,INFO,"Mister pulse started; ON until 80415.26s, cooldown until 80419.26s"
80421.05,INFO,"Mister pulse started; ON until 80421.30s, cooldown until 80425.30s"
80440.05,INFO,"Mister pulse started; ON until 80440.30s, cooldown until 80444.30s"
80448.05,INFO,"Mister pulse started; ON until 80448.30s, cooldown until 80452.30s"
80461.02,INFO,"Mister pulse started; ON until 80461.27s, cooldown until 80465.27s"
80466.03,INFO,"Mister pulse started; ON until 80466.28s, cooldown until 80470.28s"
80483.01,INFO,"Mister pulse started; ON until 80483.26s, cooldown until 80487.26s"
80500.05,INFO,"Mister pulse started; ON until 80500.30s, cooldown until 80504.30s"
80515.02,INFO,"Mister pulse started; ON until 80515.27s, cooldown until 80519.27s"
80531.02,INFO,"Mister pulse started; ON until 80531.27s, cooldown until 80535.27s"
80552.04,INFO,"Mister pulse started; ON until 80552.29s, cooldown until 80556.29s"
80563.04,INFO,"Mister pulse started; ON until 80563.29s, cooldown until 80567.29s"
80580.02,INFO,"Mister pulse started; ON until 80580.27s, cooldown until 80584.27s"
80585.04,INFO,"Mister pulse started; ON until 80585.29s, cooldown until 80589.29s"
80604.03,INFO,"Mister pulse started; ON until 80604.28s, cooldown until 80608.28s"
80609.04,INFO,"Mister pulse started; ON until 80609.29s, cooldown until 80613.29s"
80629.02,INFO,"Mister pulse started; ON until 80629.27s, cooldown until 80633.27s"
80634.03,INFO,"Mister pulse started; ON until 80634.28s, cooldown until 80638.28s"
80655.04,INFO,"Mister pulse started; ON until 80655.29s, cooldown until 80659.29s"
80666.05,INFO,"Mister pulse started; ON until 80666.30s, cooldown until 80670.30s"
80685.04,INFO,"Mister pulse started; ON until 80685.29s, cooldown until 80689.29s"
80690.05,INFO,"Mister pulse started; ON until 80690.30s, cooldown until 80694.30s"
80710.03,INFO,"Mister pulse started; ON until 80710.28s, cooldown until 80714.28s"
80722.01,INFO,"Mister pulse started; ON until 80722.26s, cooldown until 80726.26s"
80729.03,INFO,"Mister pulse started; ON until 80729.28s, cooldown until 80733.28s"
80748.03,INFO,"Mister pulse started; ON until 80748.28s, cooldown until 80752.28s"
80753.04,INFO,"Mister pulse started; ON until 80753.29s, cooldown until 80757.29s"
80775.03,INFO,"Mister pulse started; ON until 80775.28s, cooldown until 80779.28s"
80781.02,INFO,"Mister pulse started; ON until 80781.27s, cooldown until 80785.27s"
80801.05,INFO,"Mister pulse started; ON until 80801.30s, cooldown until 80805.30s"
80819.02,INFO,"Mister pulse started; ON until 80819.27s, cooldown until 80823.27s"
80825.01,INFO,"Mister pulse started; ON until 80825.26s, cooldown until 80829.26s"
80837.04,INFO,"Mister pulse started; ON until 80837.29s, cooldown until 80841.29s"
80849.01,INFO,"Mister pulse started; ON until 80849.26s, cooldown until 80853.26s"
80855.00,INFO,"Mister pulse started; ON until 80855.25s, cooldown until 80859.25s"
80875.03,INFO,"Mister pulse started; ON until 80875.28s, cooldown until 80879.28s"
80880.04,INFO,"Mister pulse started; ON until 80880.29s, cooldown until 80884.29s"
80904.04,INFO,"Mister pulse started; ON until 80904.29s, cooldown until 80908.29s"
80920.04,INFO,"Mister pulse started; ON until 80920.29s, cooldown until 80924.29s"
80937.03,INFO,"Mister pulse started; ON until 80937.28s, cooldown until 80941.28s"
80942.04,INFO,"Mister pulse started; ON until 80942.29s, cooldown until 80946.29s"
80960.00,INFO,"Mister pulse started; ON until 80960.25s, cooldown until 80964.25s"
80965.01,INFO,"Mister pulse started; ON until 80965.26s, cooldown until 80969.26s"
80982.00,INFO,"Mister pulse started; ON until 80982.25s, cooldown until 80986.25s"
81000.02,INFO,"Mister pulse started; ON until 81000.27s, cooldown until 81004.27s"
81005.03,INFO,"Mister pulse started; ON until 81005.28s, cooldown until 81009.28s"
81021.03,INFO,"Mister pulse started; ON until 81021.28s, cooldown until 81025.28s"
81035.02,INFO,"Mister pulse started; ON until 81035.27s, cooldown until 81039.27s"
81047.01,INFO,"Mister pulse started; ON until 81047.26s, cooldown until 81051.26s"
81053.05,INFO,"Mister pulse started; ON until 81053.30s, cooldown until 81057.30s"
81071.01,INFO,"Mister pulse started; ON until 81071.26s, cooldown until 81075.26s"
81076.02,INFO,"Mister pulse started; ON until 81076.27s, cooldown until 81080.27s"
81094.05,INFO,"Mister pulse started; ON until 81094.30s, cooldown until 81098.30s"
81111.03,INFO,"Mister pulse started; ON until 81111.28s, cooldown until 81115.28s"
81116.04,INFO,"Mister pulse started; ON until 81116.29s, cooldown until 81120.29s"
81134.00,INFO,"Mister pulse started; ON until 81134.25s, cooldown until 81138.25s"
81139.01,INFO,"Mister pulse started; ON until 81139.26s, cooldown until 81143.26s"
81157.04,INFO,"Mister pulse started; ON until 81157.29s, cooldown until 81161.29s"
81174.02,INFO,"Mister pulse started; ON until 81174.27s, cooldown until 81178.27s"
81179.03,INFO,"Mister pulse started; ON until 81179.28s, cooldown until 81183.28s"
81197.05,INFO,"Mister pulse started; ON until 81197.30s, cooldown until 81201.30s"
81213.01,INFO,"Mister pulse started; ON until 81213.26s, cooldown until 81217.26s"
81218.02,INFO,"Mister pulse started; ON until 81218.27s, cooldown until 81222.27s"
81235.01,INFO,"Mister pulse started; ON until 81235.26s, cooldown until 81239.26s"
81253.03,INFO,"Mister pulse started; ON until 81253.28s, cooldown until 81257.28s"
81258.04,INFO,"Mister pulse started; ON until 81258.29s, cooldown until 81262.29s"
81275.03,INFO,"Mister pulse started; ON until 81275.28s, cooldown until 81279.28s"
81293.05,INFO,"Mister pulse started; ON until 81293.30s, cooldown until 81297.30s"
81298.01,INFO,"Mister pulse started; ON until 81298.26s, cooldown until 81302.26s"
81318.04,INFO,"Mister pulse started; ON until 81318.29s, cooldown until 81322.29s"
81324.03,INFO,"Mister pulse started; ON until 81324.28s, cooldown until 81328.28s"
81335.04,INFO,"Mister pulse started; ON until 81335.29s, cooldown until 81339.29s"
81351.05,INFO,"Mister pulse started; ON until 81351.30s, cooldown until 81355.30s"
81363.03,INFO,"Mister pulse started; ON until 81363.28s, cooldown until 81367.28s"
81368.04,INFO,"Mister pulse started; ON until 81368.29s, cooldown until 81372.29s"
81386.01,INFO,"Mister pulse started; ON until 81386.26s, cooldown until 81390.26s"
81391.02,INFO,"Mister pulse started; ON until 81391.27s, cooldown until 81395.27s"
81409.04,INFO,"Mister pulse started; ON until 81409.29s, cooldown until 81413.29s"
81426.02,INFO,"Mister pulse started; ON until 81426.27s, cooldown until 81430.27s"
81431.04,INFO,"Mister pulse started; ON until 81431.29s, cooldown until 81435.29s"
81449.00,INFO,"Mister pulse started; ON until 81449.25s, cooldown until 81453.25s"
81454.02,INFO,"Mister pulse started; ON until 81454.27s, cooldown until 81458.27s"
81470.03,INFO,"Mister pulse started; ON until 81470.28s, cooldown until 81474.28s"
81485.00,INFO,"Mister pulse started; ON until 81485.25s, cooldown until 81489.25s"
81502.05,INFO,"Mister pulse started; ON until 81502.30s, cooldown until 81506.30s"
81516.04,INFO,"Mister pulse started; ON until 81516.29s, cooldown until 81520.29s"
81530.03,INFO,"Mister pulse started; ON until 81530.28s, cooldown until 81534.28s"
81535.05,INFO,"Mister pulse started; ON until 81535.30s, cooldown until 81539.30s"
81557.05,INFO,"Mister pulse started; ON until 81557.30s, cooldown until 81561.30s"
81572.02,INFO,"Mister pulse started; ON until 81572.27s, cooldown until 81576.27s"
81587.04,INFO,"Mister pulse started; ON until 81587.29s, cooldown until 81591.29s"
81601.03,INFO,"Mister pulse started; ON until 81601.28s, cooldown until 81605.28s"
81607.02,INFO,"Mister pulse started; ON until 81607.27s, cooldown until 81611.27s"
81621.01,INFO,"Mister pulse started; ON until 81621.26s, cooldown until 81625.26s"
81636.03,INFO,"Mister pulse started; ON until 81636.28s, cooldown until 81640.28s"
81650.02,INFO,"Mister pulse started; ON until 81650.27s, cooldown until 81654.27s"
81665.05,INFO,"Mister pulse started; ON until 81665.30s, cooldown until 81669.30s"
81671.04,INFO,"Mister pulse started; ON until 81671.29s, cooldown until 81675.29s"
81681.01,INFO,"Mister pulse started; ON until 81681.26s, cooldown until 81685.26s"
81695.01,INFO,"Mister pulse started; ON until 81695.26s, cooldown until 81699.26s"
81702.03,INFO,"Mister pulse started; ON until 81702.28s, cooldown until 81706.28s"
81714.01,INFO,"Mister pulse started; ON until 81714.26s, cooldown until 81718.26s"
81728.01,INFO,"Mister pulse started; ON until 81728.26s, cooldown until 81732.26s"
81739.00,INFO,"Mister pulse started; ON until 81739.25s, cooldown until 81743.25s"
81759.03,INFO,"Mister pulse started; ON until 81759.28s, cooldown until 81763.28s"
81765.02,INFO,"Mister pulse started; ON until 81765.27s, cooldown until 81769.27s"
81776.02,INFO,"Mister pulse started; ON until 81776.27s, cooldown until 81780.27s"
81788.05,INFO,"Mister pulse started; ON until 81788.30s, cooldown until 81792.30s"
81809.01,INFO,"Mister pulse started; ON until 81809.26s, cooldown until 81813.26s"
81823.00,INFO,"Mister pulse started; ON until 81823.25s, cooldown until 81827.25s"
81835.04,INFO,"Mister pulse started; ON until 81835.29s, cooldown until 81839.29s"
81854.03,INFO,"Mister pulse started; ON until 81854.28s, cooldown until 81858.28s"
81860.02,INFO,"Mister pulse started; ON until 81860.27s, cooldown until 81864.27s"
81872.01,INFO,"Mister pulse started; ON until 81872.26s, cooldown until 81876.26s"
81886.00,INFO,"Mister pulse started; ON until 81886.25s, cooldown until 81890.25s"
81892.04,INFO,"Mister pulse started; ON until 81892.29s, cooldown until 81896.29s"
81907.02,INFO,"Mister pulse started; ON until 81907.27s, cooldown until 81911.27s"
81912.04,INFO,"Mister pulse started; ON until 81912.29s, cooldown until 81916.29s"
81932.03,INFO,"Mister pulse started; ON until 81932.28s, cooldown until 81936.28s"
81938.02,INFO,"Mister pulse started; ON until 81938.27s, cooldown until 81942.27s"
81949.02,INFO,"Mister pulse started; ON until 81949.27s, cooldown until 81953.27s"
81964.05,INFO,"Mister pulse started; ON until 81964.30s, cooldown until 81968.30s"
81969.00,INFO,"Mister pulse started; ON until 81969.25s, cooldown until 81973.25s"
81981.04,INFO,"Mister pulse started; ON until 81981.29s, cooldown until 81985.29s"
81994.04,INFO,"Mister pulse started; ON until 81994.29s, cooldown until 81998.29s"
82000.04,INFO,"Mister pulse started; ON until 82000.29s, cooldown until 82004.29s"
82020.04,INFO,"Mister pulse started; ON until 82020.29s, cooldown until 82024.29s"
82033.04,INFO,"Mister pulse started; ON until 82033.29s, cooldown until 82037.29s"
82038.00,INFO,"Mister pulse started; ON until 82038.25s, cooldown until 82042.25s"
82058.03,INFO,"Mister pulse started; ON until 82058.28s, cooldown until 82062.28s"
82064.03,INFO,"Mister pulse started; ON until 82064.28s, cooldown until 82068.28s"
82077.04,INFO,"Mister pulse started; ON until 82077.29s, cooldown until 82081.29s"
82092.02,INFO,"Mister pulse started; ON until 82092.27s, cooldown until 82096.27s"
82105.03,INFO,"Mister pulse started; ON until 82105.28s, cooldown until 82109.28s"
82115.05,INFO,"Mister pulse started; ON until 82115.30s, cooldown until 82119.30s"
82128.01,INFO,"Mister pulse started; ON until 82128.26s, cooldown until 82132.26s"
82140.04,INFO,"Mister pulse started; ON until 82140.29s, cooldown until 82144.29s"
82157.02,INFO,"Mister pulse started; ON until 82157.27s, cooldown until 82161.27s"
82174.01,INFO,"Mister pulse started; ON until 82174.26s, cooldown until 82178.26s"
82179.03,INFO,"Mister pulse started; ON until 82179.28s, cooldown until 82183.28s"
82198.03,INFO,"Mister pulse started; ON until 82198.28s, cooldown until 82202.28s"
82203.04,INFO,"Mister pulse started; ON until 82203.29s, cooldown until 82207.29s"
82222.04,INFO,"Mister pulse started; ON until 82222.29s, cooldown until 82226.29s"
82227.05,INFO,"Mister pulse started; ON until 82227.30s, cooldown until 82231.30s"
82246.00,INFO,"Mister pulse started; ON until 82246.25s, cooldown until 82250.25s"
82251.01,INFO,"Mister pulse started; ON until 82251.26s, cooldown until 82255.26s"
82271.05,INFO,"Mister pulse started; ON until 82271.30s, cooldown until 82275.30s"
82276.00,INFO,"Mister pulse started; ON until 82276.25s, cooldown until 82280.25s"
82288.03,INFO,"Mister pulse started; ON until 82288.28s, cooldown until 82292.28s"
82303.00,INFO,"Mister pulse started; ON until 82303.25s, cooldown until 82307.25s"
82312.03,INFO,"Mister pulse started; ON until 82312.28s, cooldown until 82316.28s"
82329.03,INFO,"Mister pulse started; ON until 82329.28s, cooldown until 82333.28s"
82345.04,INFO,"Mister pulse started; ON until 82345.29s, cooldown until 82349.29s"
82359.03,INFO,"Mister pulse started; ON until 82359.28s, cooldown until 82363.28s"
82372.04,INFO,"Mister pulse started; ON until 82372.29s, cooldown until 82376.29s"
82378.03,INFO,"Mister pulse started; ON until 82378.28s, cooldown until 82382.28s"
82399.04,INFO,"Mister pulse started; ON until 82399.29s, cooldown until 82403.29s"
82411.02,INFO,"Mister pulse started; ON until 82411.27s, cooldown until 82415.27s"
82416.03,INFO,"Mister pulse started; ON until 82416.28s, cooldown until 82420.28s"
82436.01,INFO,"Mister pulse started; ON until 82436.26s, cooldown until 82440.26s"
82442.05,INFO,"Mister pulse started; ON until 82442.30s, cooldown until 82446.30s"
82464.04,INFO,"Mister pulse started; ON until 82464.29s, cooldown until 82468.29s"
82476.02,INFO,"Mister pulse started; ON until 82476.27s, cooldown until 82480.27s"
82488.01,INFO,"Mister pulse started; ON until 82488.26s, cooldown until 82492.26s"
82506.02,INFO,"Mister pulse started; ON until 82506.27s, cooldown until 82510.27s"
82511.04,INFO,"Mister pulse started; ON until 82511.29s, cooldown until 82515.29s"
82529.00,INFO,"Mister pulse started; ON until 82529.25s, cooldown until 82533.25s"
82534.02,INFO,"Mister pulse started; ON until 82534.27s, cooldown until 82538.27s"
82553.01,INFO,"Mister pulse started; ON until 82553.26s, cooldown until 82557.26s"
82561.02,INFO,"Mister pulse started; ON until 82561.27s, cooldown until 82565.27s"
82567.01,INFO,"Mister pulse started; ON until 82567.26s, cooldown until 82571.26s"
82589.01,INFO,"Mister pulse started; ON until 82589.26s, cooldown until 82593.26s"
82604.03,INFO,"Mister pulse started; ON until 82604.28s, cooldown until 82608.28s"
82617.03,INFO,"Mister pulse started; ON until 82617.28s, cooldown until 82621.28s"
82622.04,INFO,"Mister pulse started; ON until 82622.29s, cooldown until 82626.29s"
82642.03,INFO,"Mister pulse started; ON until 82642.28s, cooldown until 82646.28s"
82647.04,INFO,"Mister pulse started; ON until 82647.29s, cooldown until 82651.29s"
82669.03,INFO,"Mister pulse started; ON until 82669.28s, cooldown until 82673.28s"
82686.01,INFO,"Mister pulse started; ON until 82686.26s, cooldown until 82690.26s"
82704.03,INFO,"Mister pulse started; ON until 82704.28s, cooldown until 82708.28s"
82709.03,INFO,"Mister pulse started; ON until 82709.28s, cooldown until 82713.28s"
82728.03,INFO,"Mister pulse started; ON until 82728.28s, cooldown until 82732.28s"
82733.05,INFO,"Mister pulse started; ON until 82733.30s, cooldown until 82737.30s"
82752.04,INFO,"Mister pulse started; ON until 82752.29s, cooldown until 82756.29s"
82758.04,INFO,"Mister pulse started; ON until 82758.29s, cooldown until 82762.29s"
82779.01,INFO,"Mister pulse started; ON until 82779.26s, cooldown until 82783.26s"
82794.03,INFO,"Mister pulse started; ON until 82794.28s, cooldown until 82798.28s"
82807.04,INFO,"Mister pulse started; ON until 82807.29s, cooldown until 82811.29s"
82816.03,INFO,"Mister pulse started; ON until 82816.28s, cooldown until 82820.28s"
82823.00,INFO,"Mister pulse started; ON until 82823.25s, cooldown until 82827.25s"
82838.02,INFO,"Mister pulse started; ON until 82838.27s, cooldown until 82842.27s"
82843.04,INFO,"Mister pulse started; ON until 82843.29s, cooldown until 82847.29s"
82862.03,INFO,"Mister pulse started; ON until 82862.28s, cooldown until 82866.28s"
82867.04,INFO,"Mister pulse started; ON until 82867.29s, cooldown until 82871.29s"
82886.03,INFO,"Mister pulse started; ON until 82886.28s, cooldown until 82890.28s"
82891.04,INFO,"Mister pulse started; ON until 82891.29s, cooldown until 82895.29s"
82910.04,INFO,"Mister pulse started; ON until 82910.29s, cooldown until 82914.29s"
82915.05,INFO,"Mister pulse started; ON until 82915.30s, cooldown until 82919.30s"
82934.00,INFO,"Mister pulse started; ON until 82934.25s, cooldown until 82938.25s"
82941.02,INFO,"Mister pulse started; ON until 82941.27s, cooldown until 82945.27s"
82953.00,INFO,"Mister pulse started; ON until 82953.25s, cooldown until 82957.25s"
82968.03,INFO,"Mister pulse started; ON until 82968.28s, cooldown until 82972.28s"
82982.02,INFO,"Mister pulse started; ON until 82982.27s, cooldown until 82986.27s"
82991.05,INFO,"Mister pulse started; ON until 82991.30s, cooldown until 82995.30s"
83004.01,INFO,"Mister pulse started; ON until 83004.26s, cooldown until 83008.26s"
83009.02,INFO,"Mister pulse started; ON until 83009.27s, cooldown until 83013.27s"
83029.01,INFO,"Mister pulse started; ON until 83029.26s, cooldown until 83033.26s"
83034.02,INFO,"Mister pulse started; ON until 83034.27s, cooldown until 83038.27s"
83058.02,INFO,"Mister pulse started; ON until 83058.27s, cooldown until 83062.27s"
83075.00,INFO,"Mister pulse started; ON until 83075.25s, cooldown until 83079.25s"
83080.01,INFO,"Mister pulse started; ON until 83080.26s, cooldown until 83084.26s"
83100.05,INFO,"Mister pulse started; ON until 83100.30s, cooldown until 83104.30s"
83105.00,INFO,"Mister pulse started; ON until 83105.25s, cooldown until 83109.25s"
83126.02,INFO,"Mister pulse started; ON until 83126.27s, cooldown until 83130.27s"
83138.05,INFO,"Mister pulse started; ON until 83138.30s, cooldown until 83142.30s"
83158.02,INFO,"Mister pulse started; ON until 83158.27s, cooldown until 83162.27s"
83163.03,INFO,"Mister pulse started; ON until 83163.28s, cooldown until 83167.28s"
83180.02,INFO,"Mister pulse started; ON until 83180.27s, cooldown until 83184.27s"
83186.01,INFO,"Mister pulse started; ON until 83186.26s, cooldown until 83190.26s"
83197.00,INFO,"Mister pulse started; ON until 83197.25s, cooldown until 83201.25s"
83212.03,INFO,"Mister pulse started; ON until 83212.28s, cooldown until 83216.28s"
83223.03,INFO,"Mister pulse started; ON until 83223.28s, cooldown until 83227.28s"
83239.03,INFO,"Mister pulse started; ON until 83239.28s, cooldown until 83243.28s"
83252.04,INFO,"Mister pulse started; ON until 83252.29s, cooldown until 83256.29s"
83264.02,INFO,"Mister pulse started; ON until 83264.27s, cooldown until 83268.27s"
83285.04,INFO,"Mister pulse started; ON until 83285.29s, cooldown until 83289.29s"
83295.00,INFO,"Mister pulse started; ON until 83295.25s, cooldown until 83299.25s"
83315.04,INFO,"Mister pulse started; ON until 83315.29s, cooldown until 83319.29s"
83322.01,INFO,"Mister pulse started; ON until 83322.26s, cooldown until 83326.26s"
83337.03,INFO,"Mister pulse started; ON until 83337.28s, cooldown until 83341.28s"
83344.00,INFO,"Mister pulse started; ON until 83344.25s, cooldown until 83348.25s"
83354.01,INFO,"Mister pulse started; ON until 83354.26s, cooldown until 83358.26s"
83366.04,INFO,"Mister pulse started; ON until 83366.29s, cooldown until 83370.29s"
83381.02,INFO,"Mister pulse started; ON until 83381.27s, cooldown until 83385.27s"
83399.03,INFO,"Mister pulse started; ON until 83399.28s, cooldown until 83403.28s"
83417.00,INFO,"Mister pulse started; ON until 83417.25s, cooldown until 83421.25s"
83422.01,INFO,"Mister pulse started; ON until 83422.26s, cooldown until 83426.26s"
83447.05,INFO,"Mister pulse started; ON until 83447.30s, cooldown until 83451.30s"
83467.04,INFO,"Mister pulse started; ON until 83467.29s, cooldown until 83471.29s"
83479.02,INFO,"Mister pulse started; ON until 83479.27s, cooldown until 83483.27s"
83487.02,INFO,"Mister pulse started; ON until 83487.27s, cooldown until 83491.27s"
83492.03,INFO,"Mister pulse started; ON until 83492.28s, cooldown until 83496.28s"
83514.02,INFO,"Mister pulse started; ON until 83514.27s, cooldown until 83518.27s"
83528.02,INFO,"Mister pulse started; ON until 83528.27s, cooldown until 83532.27s"
83536.03,INFO,"Mister pulse started; ON until 83536.28s, cooldown until 83540.28s"
83551.00,INFO,"Mister pulse started; ON until 83551.25s, cooldown until 83555.25s"
83557.05,INFO,"Mister pulse started; ON until 83557.30s, cooldown until 83561.30s"
83581.00,INFO,"Mister pulse started; ON until 83581.25s, cooldown until 83585.25s"
83586.01,INFO,"Mister pulse started; ON until 83586.26s, cooldown until 83590.26s"
83604.03,INFO,"Mister pulse started; ON until 83604.28s, cooldown until 83608.28s"
83622.04,INFO,"Mister pulse started; ON until 83622.29s, cooldown until 83626.29s"
83628.03,INFO,"Mister pulse started; ON until 83628.28s, cooldown until 83632.28s"
83647.03,INFO,"Mister pulse started; ON until 83647.28s, cooldown until 83651.28s"
83654.05,INFO,"Mister pulse started; ON until 83654.30s, cooldown until 83658.30s"
83666.03,INFO,"Mister pulse started; ON until 83666.28s, cooldown until 83670.28s"
83683.02,INFO,"Mister pulse started; ON until 83683.27s, cooldown until 83687.27s"
83699.03,INFO,"Mister pulse started; ON until 83699.28s, cooldown until 83703.28s"
83718.03,INFO,"Mister pulse started; ON until 83718.28s, cooldown until 83722.28s"
83723.04,INFO,"Mister pulse started; ON until 83723.29s, cooldown until 83727.29s"
83747.05,INFO,"Mister pulse started; ON until 83747.30s, cooldown until 83751.30s"
83765.02,INFO,"Mister pulse started; ON until 83765.27s, cooldown until 83769.27s"
83773.04,INFO,"Mister pulse started; ON until 83773.29s, cooldown until 83777.29s"
83788.02,INFO,"Mister pulse started; ON until 83788.27s, cooldown until 83792.27s"
83798.04,INFO,"Mister pulse started; ON until 83798.29s, cooldown until 83802.29s"
83812.03,INFO,"Mister pulse started; ON until 83812.28s, cooldown until 83816.28s"
83823.03,INFO,"Mister pulse started; ON until 83823.28s, cooldown until 83827.28s"
83842.03,INFO,"Mister pulse started; ON until 83842.28s, cooldown until 83846.28s"
83847.03,INFO,"Mister pulse started; ON until 83847.28s, cooldown until 83851.28s"
83866.03,INFO,"Mister pulse started; ON until 83866.28s, cooldown until 83870.28s"
83871.05,INFO,"Mister pulse started; ON until 83871.30s, cooldown until 83875.30s"
83890.04,INFO,"Mister pulse started; ON until 83890.29s, cooldown until 83894.29s"
83895.01,INFO,"Mister pulse started; ON until 83895.26s, cooldown until 83899.26s"
83918.03,INFO,"Mister pulse started; ON until 83918.28s, cooldown until 83922.28s"
83935.01,INFO,"Mister pulse started; ON until 83935.26s, cooldown until 83939.26s"
83954.01,INFO,"Mister pulse started; ON until 83954.26s, cooldown until 83958.26s"
83959.02,INFO,"Mister pulse started; ON until 83959.27s, cooldown until 83963.27s"
83982.04,INFO,"Mister pulse started; ON until 83982.29s, cooldown until 83986.29s"
83998.05,INFO,"Mister pulse started; ON until 83998.30s, cooldown until 84002.30s"
84015.04,INFO,"Mister pulse started; ON until 84015.29s, cooldown until 84019.29s"
84033.01,INFO,"Mister pulse started; ON until 84033.26s, cooldown until 84037.26s"
84040.03,INFO,"Mister pulse started; ON until 84040.28s, cooldown until 84044.28s"
84051.03,INFO,"Mister pulse started; ON until 84051.28s, cooldown until 84055.28s"
84066.01,INFO,"Mister pulse started; ON until 84066.26s, cooldown until 84070.26s"
84080.01,INFO,"Mister pulse started; ON until 84080.26s, cooldown until 84084.26s"
84090.02,INFO,"Mister pulse started; ON until 84090.27s, cooldown until 84094.27s"
84105.05,INFO,"Mister pulse started; ON until 84105.30s, cooldown until 84109.30s"
84116.00,INFO,"Mister pulse started; ON until 84116.25s, cooldown until 84120.25s"
84135.01,INFO,"Mister pulse started; ON until 84135.26s, cooldown until 84139.26s"
84140.02,INFO,"Mister pulse started; ON until 84140.27s, cooldown until 84144.27s"
84162.01,INFO,"Mister pulse started; ON until 84162.26s, cooldown until 84166.26s"
84178.02,INFO,"Mister pulse started; ON until 84178.27s, cooldown until 84182.27s"
84193.04,INFO,"Mister pulse started; ON until 84193.29s, cooldown until 84197.29s"
84206.00,INFO,"Mister pulse started; ON until 84206.25s, cooldown until 84210.25s"
84211.01,INFO,"Mister pulse started; ON until 84211.26s, cooldown until 84215.26s"
84235.01,INFO,"Mister pulse started; ON until 84235.26s, cooldown until 84239.26s"
84254.00,INFO,"Mister pulse started; ON until 84254.25s, cooldown until 84258.25s"
84262.01,INFO,"Mister pulse started; ON until 84262.26s, cooldown until 84266.26s"
84275.02,INFO,"Mister pulse started; ON until 84275.27s, cooldown until 84279.27s"
84293.04,INFO,"Mister pulse started; ON until 84293.29s, cooldown until 84297.29s"
84298.05,INFO,"Mister pulse started; ON until 84298.30s, cooldown until 84302.30s"
84320.05,INFO,"Mister pulse started; ON until 84320.30s, cooldown until 84324.30s"
84331.05,INFO,"Mister pulse started; ON until 84331.30s, cooldown until 84335.30s"
84351.04,INFO,"Mister pulse started; ON until 84351.29s, cooldown until 84355.29s"
84367.04,INFO,"Mister pulse started; ON until 84367.29s, cooldown until 84371.29s"
84374.01,INFO,"Mister pulse started; ON until 84374.26s, cooldown until 84378.26s"
84393.01,INFO,"Mister pulse started; ON until 84393.26s, cooldown until 84397.26s"
84412.01,INFO,"Mister pulse started; ON until 84412.26s, cooldown until 84416.26s"
84418.00,INFO,"Mister pulse started; ON until 84418.25s, cooldown until 84422.25s"
84431.00,INFO,"Mister pulse started; ON until 84431.25s, cooldown until 84435.25s"
84446.03,INFO,"Mister pulse started; ON until 84446.28s, cooldown until 84450.28s"
84451.03,INFO,"Mister pulse started; ON until 84451.28s, cooldown until 84455.28s"
84466.01,INFO,"Mister pulse started; ON until 84466.26s, cooldown until 84470.26s"
84471.02,INFO,"Mister pulse started; ON until 84471.27s, cooldown until 84475.27s"
84492.04,INFO,"Mister pulse started; ON until 84492.29s, cooldown until 84496.29s"
84504.02,INFO,"Mister pulse started; ON until 84504.27s, cooldown until 84508.27s"
84523.01,INFO,"Mister pulse started; ON until 84523.26s, cooldown until 84527.26s"
84529.05,INFO,"Mister pulse started; ON until 84529.30s, cooldown until 84533.30s"
84553.00,INFO,"Mister pulse started; ON until 84553.25s, cooldown until 84557.25s"
84558.02,INFO,"Mister pulse started; ON until 84558.27s, cooldown until 84562.27s"
84577.01,INFO,"Mister pulse started; ON until 84577.26s, cooldown until 84581.26s"
84583.00,INFO,"Mister pulse started; ON until 84583.25s, cooldown until 84587.25s"
84605.05,INFO,"Mister pulse started; ON until 84605.30s, cooldown until 84609.30s"
84612.02,INFO,"Mister pulse started; ON until 84612.27s, cooldown until 84616.27s"
84631.04,INFO,"Mister pulse started; ON until 84631.29s, cooldown until 84635.29s"
84649.01,INFO,"Mister pulse started; ON until 84649.26s, cooldown until 84653.26s"
84662.02,INFO,"Mister pulse started; ON until 84662.27s, cooldown until 84666.27s"
84681.01,INFO,"Mister pulse started; ON until 84681.26s, cooldown until 84685.26s"
84686.03,INFO,"Mister pulse started; ON until 84686.28s, cooldown until 84690.28s"
84709.02,INFO,"Mister pulse started; ON until 84709.27s, cooldown until 84713.27s"
84729.05,INFO,"Mister pulse started; ON until 84729.30s, cooldown until 84733.30s"
84737.05,INFO,"Mister pulse started; ON until 84737.30s, cooldown until 84741.30s"
84750.01,INFO,"Mister pulse started; ON until 84750.26s, cooldown until 84754.26s"
84756.05,INFO,"Mister pulse started; ON until 84756.30s, cooldown until 84760.30s"
84775.00,INFO,"Mister pulse started; ON until 84775.25s, cooldown until 84779.25s"
84784.04,INFO,"Mister pulse started; ON until 84784.29s, cooldown until 84788.29s"
84796.02,INFO,"Mister pulse started; ON until 84796.27s, cooldown until 84800.27s"
84816.01,INFO,"Mister pulse started; ON until 84816.26s, cooldown until 84820.26s"
84829.02,INFO,"Mister pulse started; ON until 84829.27s, cooldown until 84833.27s"
84838.01,INFO,"Mister pulse started; ON until 84838.26s, cooldown until 84842.26s"
84851.01,INFO,"Mister pulse started; ON until 84851.26s, cooldown until 84855.26s"
84871.04,INFO,"Mister pulse started; ON until 84871.29s, cooldown until 84875.29s"
84877.03,INFO,"Mister pulse started; ON until 84877.28s, cooldown until 84881.28s"
84890.04,INFO,"Mister pulse started; ON until 84890.29s, cooldown until 84894.29s"
84910.02,INFO,"Mister pulse started; ON until 84910.27s, cooldown until 84914.27s"
84915.03,INFO,"Mister pulse started; ON until 84915.28s, cooldown until 84919.28s"
84940.02,INFO,"Mister pulse started; ON until 84940.27s, cooldown until 84944.27s"
84945.03,INFO,"Mister pulse started; ON until 84945.28s, cooldown until 84949.28s"
84967.03,INFO,"Mister pulse started; ON until 84967.28s, cooldown until 84971.28s"
84972.04,INFO,"Mister pulse started; ON until 84972.29s, cooldown until 84976.29s"
84987.01,INFO,"Mister pulse started; ON until 84987.26s, cooldown until 84991.26s"
84995.02,INFO,"Mister pulse started; ON until 84995.27s, cooldown until 84999.27s"
85007.05,INFO,"Mister pulse started; ON until 85007.30s, cooldown until 85011.30s"
85020.01,INFO,"Mister pulse started; ON until 85020.26s, cooldown until 85024.26s"
85031.00,INFO,"Mister pulse started; ON until 85031.25s, cooldown until 85035.25s"
85048.04,INFO,"Mister pulse started; ON until 85048.29s, cooldown until 85052.29s"
85066.00,INFO,"Mister pulse started; ON until 85066.25s, cooldown until 85070.25s"
85071.01,INFO,"Mister pulse started; ON until 85071.26s, cooldown until 85075.26s"
85089.03,INFO,"Mister pulse started; ON until 85089.28s, cooldown until 85093.28s"
85107.05,INFO,"Mister pulse started; ON until 85107.30s, cooldown until 85111.30s"
85112.01,INFO,"Mister pulse started; ON until 85112.26s, cooldown until 85116.26s"
85135.04,INFO,"Mister pulse started; ON until 85135.29s, cooldown until 85139.29s"
85152.02,INFO,"Mister pulse started; ON until 85152.27s, cooldown until 85156.27s"
85169.01,INFO,"Mister pulse started; ON until 85169.26s, cooldown until 85173.26s"
85174.02,INFO,"Mister pulse started; ON until 85174.27s, cooldown until 85178.27s"
85194.01,INFO,"Mister pulse started; ON until 85194.26s, cooldown until 85198.26s"
85201.03,INFO,"Mister pulse started; ON until 85201.28s, cooldown until 85205.28s"
85215.02,INFO,"Mister pulse started; ON until 85215.27s, cooldown until 85219.27s"
85234.03,INFO,"Mister pulse started; ON until 85234.28s, cooldown until 85238.28s"
85240.02,INFO,"Mister pulse started; ON until 85240.27s, cooldown until 85244.27s"
85255.04,INFO,"Mister pulse started; ON until 85255.29s, cooldown until 85259.29s"
85274.04,INFO,"Mister pulse started; ON until 85274.29s, cooldown until 85278.29s"
85279.00,INFO,"Mister pulse started; ON until 85279.25s, cooldown until 85283.25s"
85291.03,INFO,"Mister pulse started; ON until 85291.28s, cooldown until 85295.28s"
85307.04,INFO,"Mister pulse started; ON until 85307.29s, cooldown until 85311.29s"
85320.03,INFO,"Mister pulse started; ON until 85320.28s, cooldown until 85324.28s"
85326.02,INFO,"Mister pulse started; ON until 85326.27s, cooldown until 85330.27s"
85347.03,INFO,"Mister pulse started; ON until 85347.28s, cooldown until 85351.28s"
85361.02,INFO,"Mister pulse started; ON until 85361.27s, cooldown until 85365.27s"
85367.01,INFO,"Mister pulse started; ON until 85367.26s, cooldown until 85371.26s"
85380.02,INFO,"Mister pulse started; ON until 85380.27s, cooldown until 85384.27s"
85399.02,INFO,"Mister pulse started; ON until 85399.27s, cooldown until 85403.27s"
85404.03,INFO,"Mister pulse started; ON until 85404.28s, cooldown until 85408.28s"
85423.03,INFO,"Mister pulse started; ON until 85423.28s, cooldown until 85427.28s"
85428.03,INFO,"Mister pulse started; ON until 85428.28s, cooldown until 85432.28s"
85448.01,INFO,"Mister pulse started; ON until 85448.26s, cooldown until 85452.26s"
85454.00,INFO,"Mister pulse started; ON until 85454.25s, cooldown until 85458.25s"
85468.04,INFO,"Mister pulse started; ON until 85468.29s, cooldown until 85472.29s"
85483.02,INFO,"Mister pulse started; ON until 85483.27s, cooldown until 85487.27s"
85500.02,INFO,"Mister pulse started; ON until 85500.27s, cooldown until 85504.27s"
85518.04,INFO,"Mister pulse started; ON until 85518.29s, cooldown until 85522.29s"
85523.01,INFO,"Mister pulse started; ON until 85523.26s, cooldown until 85527.26s"
85546.04,INFO,"Mister pulse started; ON until 85546.29s, cooldown until 85550.29s"
85562.05,INFO,"Mister pulse started; ON until 85562.30s, cooldown until 85566.30s"
85578.00,INFO,"Mister pulse started; ON until 85578.25s, cooldown until 85582.25s"
85597.00,INFO,"Mister pulse started; ON until 85597.25s, cooldown until 85601.25s"
85602.01,INFO,"Mister pulse started; ON until 85602.26s, cooldown until 85606.26s"
85625.04,INFO,"Mister pulse started; ON until 85625.29s, cooldown until 85629.29s"
85641.04,INFO,"Mister pulse started; ON until 85641.29s, cooldown until 85645.29s"
85657.01,INFO,"Mister pulse started; ON until 85657.26s, cooldown until 85661.26s"
85676.00,INFO,"Mister pulse started; ON until 85676.25s, cooldown until 85680.25s"
85682.04,INFO,"Mister pulse started; ON until 85682.29s, cooldown until 85686.29s"
85706.04,INFO,"Mister pulse started; ON until 85706.29s, cooldown until 85710.29s"
85725.04,INFO,"Mister pulse started; ON until 85725.29s, cooldown until 85729.29s"
85730.05,INFO,"Mister pulse started; ON until 85730.30s, cooldown until 85734.30s"
85754.00,INFO,"Mister pulse started; ON until 85754.25s, cooldown until 85758.25s"
85759.01,INFO,"Mister pulse started; ON until 85759.26s, cooldown until 85763.26s"
85782.04,INFO,"Mister pulse started; ON until 85782.29s, cooldown until 85786.29s"
85795.05,INFO,"Mister pulse started; ON until 85795.30s, cooldown until 85799.30s"
85801.04,INFO,"Mister pulse started; ON until 85801.29s, cooldown until 85805.29s"
85824.02,INFO,"Mister pulse started; ON until 85824.27s, cooldown until 85828.27s"
85844.05,INFO,"Mister pulse started; ON until 85844.30s, cooldown until 85848.30s"
85850.04,INFO,"Mister pulse started; ON until 85850.29s, cooldown until 85854.29s"
85864.03,INFO,"Mister pulse started; ON until 85864.28s, cooldown until 85868.28s"
85885.05,INFO,"Mister pulse started; ON until 85885.30s, cooldown until 85889.30s"
85898.01,INFO,"Mister pulse started; ON until 85898.26s, cooldown until 85902.26s"
85909.01,INFO,"Mister pulse started; ON until 85909.26s, cooldown until 85913.26s"
85928.00,INFO,"Mister pulse started; ON until 85928.25s, cooldown until 85932.25s"
85933.01,INFO,"Mister pulse started; ON until 85933.26s, cooldown until 85937.26s"
85954.03,INFO,"Mister pulse started; ON until 85954.28s, cooldown until 85958.28s"
85965.02,INFO,"Mister pulse started; ON until 85965.27s, cooldown until 85969.27s"
85980.05,INFO,"Mister pulse started; ON until 85980.30s, cooldown until 85984.30s"
85995.02,INFO,"Mister pulse started; ON until 85995.27s, cooldown until 85999.27s"
86008.03,INFO,"Mister pulse started; ON until 86008.28s, cooldown until 86012.28s"
86015.01,INFO,"Mister pulse started; ON until 86015.26s, cooldown until 86019.26s"
86027.03,INFO,"Mister pulse started; ON until 86027.28s, cooldown until 86031.28s"
86043.04,INFO,"Mister pulse started; ON until 86043.29s, cooldown until 86047.29s"
86055.01,INFO,"Mister pulse started; ON until 86055.26s, cooldown until 86059.26s"
86061.05,INFO,"Mister pulse started; ON until 86061.30s, cooldown until 86065.30s"
86083.04,INFO,"Mister pulse started; ON until 86083.29s, cooldown until 86087.29s"
86098.03,INFO,"Mister pulse started; ON until 86098.28s, cooldown until 86102.28s"
86111.05,INFO,"Mister pulse started; ON until 86111.30s, cooldown until 86115.30s"
86119.05,INFO,"Mister pulse started; ON until 86119.30s, cooldown until 86123.30s"
86126.02,INFO,"Mister pulse started; ON until 86126.27s, cooldown until 86130.27s"
86140.01,INFO,"Mister pulse started; ON until 86140.26s, cooldown until 86144.26s"
86159.01,INFO,"Mister pulse started; ON until 86159.26s, cooldown until 86163.26s"
86167.01,INFO,"Mister pulse started; ON until 86167.26s, cooldown until 86171.26s"
86180.03,INFO,"Mister pulse started; ON until 86180.28s, cooldown until 86184.28s"
86201.04,INFO,"Mister pulse started; ON until 86201.29s, cooldown until 86205.29s"
86206.00,INFO,"Mister pulse started; ON until 86206.25s, cooldown until 86210.25s"
86223.04,INFO,"Mister pulse started; ON until 86223.29s, cooldown until 86227.29s"
86229.04,INFO,"Mister pulse started; ON until 86229.29s, cooldown until 86233.29s"
86244.01,INFO,"Mister pulse started; ON until 86244.26s, cooldown until 86248.26s"
86249.02,INFO,"Mister pulse started; ON until 86249.27s, cooldown until 86253.27s"
86271.02,INFO,"Mister pulse started; ON until 86271.27s, cooldown until 86275.27s"
86284.03,INFO,"Mister pulse started; ON until 86284.28s, cooldown until 86288.28s"
86290.03,INFO,"Mister pulse started; ON until 86290.28s, cooldown until 86294.28s"
86313.01,INFO,"Mister pulse started; ON until 86313.26s, cooldown until 86317.26s"
86333.05,INFO,"Mister pulse started; ON until 86333.30s, cooldown until 86337.30s"
86338.00,INFO,"Mister pulse started; ON until 86338.25s, cooldown until 86342.25s"
86352.04,INFO,"Mister pulse started; ON until 86352.29s, cooldown until 86356.29s"
86369.02,INFO,"Mister pulse started; ON until 86369.27s, cooldown until 86373.27s"
86390.03,INFO,"Mister pulse started; ON until 86390.28s, cooldown until 86394.28s"
86400.05,INFO,"Mister pulse started; ON until 86400.30s, cooldown until 86404.30s"
86418.02,INFO,"Mister pulse started; ON until 86418.27s, cooldown until 86422.27s"
86425.04,INFO,"Mister pulse started; ON until 86425.29s, cooldown until 86429.29s"
86446.00,INFO,"Mister pulse started; ON until 86446.25s, cooldown until 86450.25s"
86465.05,INFO,"Mister pulse started; ON until 86465.30s, cooldown until 86469.30s"
86484.05,INFO,"Mister pulse started; ON until 86484.30s, cooldown until 86488.30s"
86489.00,INFO,"Mister pulse started; ON until 86489.25s, cooldown until 86493.25s"
86501.04,INFO,"Mister pulse started; ON until 86501.29s, cooldown until 86505.29s"
86516.01,INFO,"Mister pulse started; ON until 86516.26s, cooldown until 86520.26s"
86531.04,INFO,"Mister pulse started; ON until 86531.29s, cooldown until 86535.29s"
86542.04,INFO,"Mister pulse started; ON until 86542.29s, cooldown until 86546.29s"
86560.00,INFO,"Mister pulse started; ON until 86560.25s, cooldown until 86564.25s"
86566.04,INFO,"Mister pulse started; ON until 86566.29s, cooldown until 86570.29s"
86585.04,INFO,"Mister pulse started; ON until 86585.29s, cooldown until 86589.29s"
86590.00,INFO,"Mister pulse started; ON until 86590.25s, cooldown until 86594.25s"
86612.05,INFO,"Mister pulse started; ON until 86612.30s, cooldown until 86616.30s"
86628.00,INFO,"Mister pulse started; ON until 86628.25s, cooldown until 86632.25s"
86644.01,INFO,"Mister pulse started; ON until 86644.26s, cooldown until 86648.26s"
86661.05,INFO,"Mister pulse started; ON until 86661.30s, cooldown until 86665.30s"
86678.03,INFO,"Mister pulse started; ON until 86678.28s, cooldown until 86682.28s"
86696.05,INFO,"Mister pulse started; ON until 86696.30s, cooldown until 86700.30s"
86701.01,INFO,"Mister pulse started; ON until 86701.26s, cooldown until 86705.26s"
86726.05,INFO,"Mister pulse started; ON until 86726.30s, cooldown until 86730.30s"
86743.03,INFO,"Mister pulse started; ON until 86743.28s, cooldown until 86747.28s"
86749.02,INFO,"Mister pulse started; ON until 86749.27s, cooldown until 86753.27s"
86770.03,INFO,"Mister pulse started; ON until 86770.28s, cooldown until 86774.28s"
86784.02,INFO,"Mister pulse started; ON until 86784.27s, cooldown until 86788.27s"
86791.04,INFO,"Mister pulse started; ON until 86791.29s, cooldown until 86795.29s"
86804.01,INFO,"Mister pulse started; ON until 86804.26s, cooldown until 86808.26s"
86824.03,INFO,"Mister pulse started; ON until 86824.28s, cooldown until 86828.28s"
86831.00,INFO,"Mister pulse started; ON until 86831.25s, cooldown until 86835.25s"
86847.00,INFO,"Mister pulse started; ON until 86847.25s, cooldown until 86851.25s"
86854.03,INFO,"Mister pulse started; ON until 86854.28s, cooldown until 86858.28s"
86868.03,INFO,"Mister pulse started; ON until 86868.28s, cooldown until 86872.28s"
86889.04,INFO,"Mister pulse started; ON until 86889.29s, cooldown until 86893.29s"
86901.02,INFO,"Mister pulse started; ON until 86901.27s, cooldown until 86905.27s"
86912.02,INFO,"Mister pulse started; ON until 86912.27s, cooldown until 86916.27s"
86929.00,INFO,"Mister pulse started; ON until 86929.25s, cooldown until 86933.25s"
86945.01,INFO,"Mister pulse started; ON until 86945.26s, cooldown until 86949.26s"
86962.05,INFO,"Mister pulse started; ON until 86962.30s, cooldown until 86966.30s"
86979.04,INFO,"Mister pulse started; ON until 86979.29s, cooldown until 86983.29s"
86998.04,INFO,"Mister pulse started; ON until 86998.29s, cooldown until 87002.29s"
87003.05,INFO,"Mister pulse started; ON until 87003.30s, cooldown until 87007.30s"
87028.04,INFO,"Mister pulse started; ON until 87028.29s, cooldown until 87032.29s"
87033.00,INFO,"Mister pulse started; ON until 87033.25s, cooldown until 87037.25s"
87054.02,INFO,"Mister pulse started; ON until 87054.27s, cooldown until 87058.27s"
87069.04,INFO,"Mister pulse started; ON until 87069.29s, cooldown until 87073.29s"
87078.03,INFO,"Mister pulse started; ON until 87078.28s, cooldown until 87082.28s"
87096.05,INFO,"Mister pulse started; ON until 87096.30s, cooldown until 87100.30s"
87115.00,INFO,"Mister pulse started; ON until 87115.25s, cooldown until 87119.25s"
87121.05,INFO,"Mister pulse started; ON until 87121.30s, cooldown until 87125.30s"
87144.02,INFO,"Mister pulse started; ON until 87144.27s, cooldown until 87148.27s"
87163.02,INFO,"Mister pulse started; ON until 87163.27s, cooldown until 87167.27s"
87168.03,INFO,"Mister pulse started; ON until 87168.28s, cooldown until 87172.28s"
87193.02,INFO,"Mister pulse started; ON until 87193.27s, cooldown until 87197.27s"
87198.03,INFO,"Mister pulse started; ON until 87198.28s, cooldown until 87202.28s"
87220.03,INFO,"Mister pulse started; ON until 87220.28s, cooldown until 87224.28s"
87229.01,INFO,"Mister pulse started; ON until 87229.26s, cooldown until 87233.26s"
87251.01,INFO,"Mister pulse started; ON until 87251.26s, cooldown until 87255.26s"
87262.01,INFO,"Mister pulse started; ON until 87262.26s, cooldown until 87266.26s"
87284.01,INFO,"Mister pulse started; ON until 87284.26s, cooldown until 87288.26s"
87300.02,INFO,"Mister pulse started; ON until 87300.27s, cooldown until 87304.27s"
87318.04,INFO,"Mister pulse started; ON until 87318.29s, cooldown until 87322.29s"
87337.05,INFO,"Mister pulse started; ON until 87337.30s, cooldown until 87341.30s"
87342.00,INFO,"Mister pulse started; ON until 87342.25s, cooldown until 87346.25s"
87355.02,INFO,"Mister pulse started; ON until 87355.27s, cooldown until 87359.27s"
87373.05,INFO,"Mister pulse started; ON until 87373.30s, cooldown until 87377.30s"
87392.00,INFO,"Mister pulse started; ON until 87392.25s, cooldown until 87396.25s"
87404.03,INFO,"Mister pulse started; ON until 87404.28s, cooldown until 87408.28s"
87425.04,INFO,"Mister pulse started; ON until 87425.29s, cooldown until 87429.29s"
87440.01,INFO,"Mister pulse started; ON until 87440.26s, cooldown until 87444.26s"
87456.02,INFO,"Mister pulse started; ON until 87456.27s, cooldown until 87460.27s"
87468.05,INFO,"Mister pulse started; ON until 87468.30s, cooldown until 87472.30s"
87488.03,INFO,"Mister pulse started; ON until 87488.28s, cooldown until 87492.28s"
87493.04,INFO,"Mister pulse started; ON until 87493.29s, cooldown until 87497.29s"
87510.03,INFO,"Mister pulse started; ON until 87510.28s, cooldown until 87514.28s"
87515.04,INFO,"Mister pulse started; ON until 87515.29s, cooldown until 87519.29s"
87540.03,INFO,"Mister pulse started; ON until 87540.28s, cooldown until 87544.28s"
87545.04,INFO,"Mister pulse started; ON until 87545.29s, cooldown until 87549.29s"
87566.00,INFO,"Mister pulse started; ON until 87566.25s, cooldown until 87570.25s"
87572.04,INFO,"Mister pulse started; ON until 87572.29s, cooldown until 87576.29s"
87588.01,INFO,"Mister pulse started; ON until 87588.26s, cooldown until 87592.26s"
87593.02,INFO,"Mister pulse started; ON until 87593.27s, cooldown until 87597.27s"
87617.02,INFO,"Mister pulse started; ON until 87617.27s, cooldown until 87621.27s"
87635.03,INFO,"Mister pulse started; ON until 87635.28s, cooldown until 87639.28s"
87640.04,INFO,"Mister pulse started; ON until 87640.29s, cooldown until 87644.29s"
87659.04,INFO,"Mister pulse started; ON until 87659.29s, cooldown until 87663.29s"
87664.05,INFO,"Mister pulse started; ON until 87664.30s, cooldown until 87668.30s"
87683.05,INFO,"Mister pulse started; ON until 87683.30s, cooldown until 87687.30s"
87689.04,INFO,"Mister pulse started; ON until 87689.29s, cooldown until 87693.29s"
87710.00,INFO,"Mister pulse started; ON until 87710.25s, cooldown until 87714.25s"
87728.02,INFO,"Mister pulse started; ON until 87728.27s, cooldown until 87732.27s"
87744.03,INFO,"Mister pulse started; ON until 87744.28s, cooldown until 87748.28s"
87764.01,INFO,"Mister pulse started; ON until 87764.26s, cooldown until 87768.26s"
87779.04,INFO,"Mister pulse started; ON until 87779.29s, cooldown until 87783.29s"
87787.04,INFO,"Mister pulse started; ON until 87787.29s, cooldown until 87791.29s"
87804.04,INFO,"Mister pulse started; ON until 87804.29s, cooldown until 87808.29s"
87820.04,INFO,"Mister pulse started; ON until 87820.29s, cooldown until 87824.29s"
87831.05,INFO,"Mister pulse started; ON until 87831.30s, cooldown until 87835.30s"
87852.00,INFO,"Mister pulse started; ON until 87852.25s, cooldown until 87856.25s"
87866.04,INFO,"Mister pulse started; ON until 87866.29s, cooldown until 87870.29s"
87879.00,INFO,"Mister pulse started; ON until 87879.25s, cooldown until 87883.25s"
87884.01,INFO,"Mister pulse started; ON until 87884.26s, cooldown until 87888.26s"
87906.00,INFO,"Mister pulse started; ON until 87906.25s, cooldown until 87910.25s"
87920.04,INFO,"Mister pulse started; ON until 87920.29s, cooldown until 87924.29s"
87925.01,INFO,"Mister pulse started; ON until 87925.26s, cooldown until 87929.26s"
87948.03,INFO,"Mister pulse started; ON until 87948.28s, cooldown until 87952.28s"
87964.04,INFO,"Mister pulse started; ON until 87964.29s, cooldown until 87968.29s"
87981.02,INFO,"Mister pulse started; ON until 87981.27s, cooldown until 87985.27s"
88002.03,INFO,"Mister pulse started; ON until 88002.28s, cooldown until 88006.28s"
88013.03,INFO,"Mister pulse started; ON until 88013.28s, cooldown until 88017.28s"
88034.05,INFO,"Mister pulse started; ON until 88034.30s, cooldown until 88038.30s"
88047.01,INFO,"Mister pulse started; ON until 88047.26s, cooldown until 88051.26s"
88052.01,INFO,"Mister pulse started; ON until 88052.26s, cooldown until 88056.26s"
88077.05,INFO,"Mister pulse started; ON until 88077.30s, cooldown until 88081.30s"
88099.05,INFO,"Mister pulse started; ON until 88099.30s, cooldown until 88103.30s"
88113.04,INFO,"Mister pulse started; ON until 88113.29s, cooldown until 88117.29s"
88128.02,INFO,"Mister pulse started; ON until 88128.27s, cooldown until 88132.27s"
88141.02,INFO,"Mister pulse started; ON until 88141.27s, cooldown until 88145.27s"
88146.03,INFO,"Mister pulse started; ON until 88146.28s, cooldown until 88150.28s"
88167.05,INFO,"Mister pulse started; ON until 88167.30s, cooldown until 88171.30s"
88174.02,INFO,"Mister pulse started; ON until 88174.27s, cooldown until 88178.27s"
88188.01,INFO,"Mister pulse started; ON until 88188.26s, cooldown until 88192.26s"
88193.02,INFO,"Mister pulse started; ON until 88193.27s, cooldown until 88197.27s"
88215.01,INFO,"Mister pulse started; ON until 88215.26s, cooldown until 88219.26s"
88229.00,INFO,"Mister pulse started; ON until 88229.25s, cooldown until 88233.25s"
88238.04,INFO,"Mister pulse started; ON until 88238.29s, cooldown until 88242.29s"
88253.02,INFO,"Mister pulse started; ON until 88253.27s, cooldown until 88257.27s"
88264.02,INFO,"Mister pulse started; ON until 88264.27s, cooldown until 88268.27s"
88283.01,INFO,"Mister pulse started; ON until 88283.26s, cooldown until 88287.26s"
88288.03,INFO,"Mister pulse started; ON until 88288.28s, cooldown until 88292.28s"
88307.03,INFO,"Mister pulse started; ON until 88307.28s, cooldown until 88311.28s"
88312.04,INFO,"Mister pulse started; ON until 88312.29s, cooldown until 88316.29s"
88331.04,INFO,"Mister pulse started; ON until 88331.29s, cooldown until 88335.29s"
88336.04,INFO,"Mister pulse started; ON until 88336.29s, cooldown until 88340.29s"
88359.02,INFO,"Mister pulse started; ON until 88359.27s, cooldown until 88363.27s"
88375.03,INFO,"Mister pulse started; ON until 88375.28s, cooldown until 88379.28s"
88392.02,INFO,"Mister pulse started; ON until 88392.27s, cooldown until 88396.27s"
88413.03,INFO,"Mister pulse started; ON until 88413.28s, cooldown until 88417.28s"
88426.04,INFO,"Mister pulse started; ON until 88426.29s, cooldown until 88430.29s"
88431.00,INFO,"Mister pulse started; ON until 88431.25s, cooldown until 88435.25s"
88454.02,INFO,"Mister pulse started; ON until 88454.27s, cooldown until 88458.27s"
88471.01,INFO,"Mister pulse started; ON until 88471.26s, cooldown until 88475.26s"
88492.02,INFO,"Mister pulse started; ON until 88492.27s, cooldown until 88496.27s"
88502.03,INFO,"Mister pulse started; ON until 88502.28s, cooldown until 88506.28s"
88520.01,INFO,"Mister pulse started; ON until 88520.26s, cooldown until 88524.26s"
88525.02,INFO,"Mister pulse started; ON until 88525.27s, cooldown until 88529.27s"
88546.04,INFO,"Mister pulse started; ON until 88546.29s, cooldown until 88550.29s"
88561.01,INFO,"Mister pulse started; ON until 88561.26s, cooldown until 88565.26s"
88570.04,INFO,"Mister pulse started; ON until 88570.29s, cooldown until 88574.29s"
88584.03,INFO,"Mister pulse started; ON until 88584.28s, cooldown until 88588.28s"
88590.02,INFO,"Mister pulse started; ON until 88590.27s, cooldown until 88594.27s"
88613.05,INFO,"Mister pulse started; ON until 88613.30s, cooldown until 88617.30s"
88631.02,INFO,"Mister pulse started; ON until 88631.27s, cooldown until 88635.27s"
88636.03,INFO,"Mister pulse started; ON until 88636.28s, cooldown until 88640.28s"
88658.03,INFO,"Mister pulse started; ON until 88658.28s, cooldown until 88662.28s"
88673.02,INFO,"Mister pulse started; ON until 88673.27s, cooldown until 88677.27s"
88687.00,INFO,"Mister pulse started; ON until 88687.25s, cooldown until 88691.25s"
88692.02,INFO,"Mister pulse started; ON until 88692.27s, cooldown until 88696.27s"
88717.00,INFO,"Mister pulse started; ON until 88717.25s, cooldown until 88721.25s"
88722.01,INFO,"Mister pulse started; ON until 88722.26s, cooldown until 88726.26s"
88743.02,INFO,"Mister pulse started; ON until 88743.27s, cooldown until 88747.27s"
88748.03,INFO,"Mister pulse started; ON until 88748.28s, cooldown until 88752.28s"
88774.04,INFO,"Mister pulse started; ON until 88774.29s, cooldown until 88778.29s"
88779.00,INFO,"Mister pulse started; ON until 88779.25s, cooldown until 88783.25s"
88800.02,INFO,"Mister pulse started; ON until 88800.27s, cooldown until 88804.27s"
88812.05,INFO,"Mister pulse started; ON until 88812.30s, cooldown until 88816.30s"
88836.01,INFO,"Mister pulse started; ON until 88836.26s, cooldown until 88840.26s"
88843.04,INFO,"Mister pulse started; ON until 88843.29s, cooldown until 88847.29s"
88860.03,INFO,"Mister pulse started; ON until 88860.28s, cooldown until 88864.28s"
88866.02,INFO,"Mister pulse started; ON until 88866.27s, cooldown until 88870.27s"
88890.03,INFO,"Mister pulse started; ON until 88890.28s, cooldown until 88894.28s"
88909.03,INFO,"Mister pulse started; ON until 88909.28s, cooldown until 88913.28s"
88916.00,INFO,"Mister pulse started; ON until 88916.25s, cooldown until 88920.25s"
88932.01,INFO,"Mister pulse started; ON until 88932.26s, cooldown until 88936.26s"
88937.02,INFO,"Mister pulse started; ON until 88937.27s, cooldown until 88941.27s"
88962.01,INFO,"Mister pulse started; ON until 88962.26s, cooldown until 88966.26s"
88967.02,INFO,"Mister pulse started; ON until 88967.27s, cooldown until 88971.27s"
88988.04,INFO,"Mister pulse started; ON until 88988.29s, cooldown until 88992.29s"
88993.05,INFO,"Mister pulse started; ON until 88993.30s, cooldown until 88997.30s"
89020.00,INFO,"Mister pulse started; ON until 89020.25s, cooldown until 89024.25s"
89027.03,INFO,"Mister pulse started; ON until 89027.28s, cooldown until 89031.28s"
89045.05,INFO,"Mister pulse started; ON until 89045.30s, cooldown until 89049.30s"
89059.04,INFO,"Mister pulse started; ON until 89059.29s, cooldown until 89063.29s"
89064.05,INFO,"Mister pulse started; ON until 89064.30s, cooldown until 89068.30s"
89090.01,INFO,"Mister pulse started; ON until 89090.26s, cooldown until 89094.26s"
89099.05,INFO,"Mister pulse started; ON until 89099.30s, cooldown until 89103.30s"
89111.03,INFO,"Mister pulse started; ON until 89111.28s, cooldown until 89115.28s"
89134.01,INFO,"Mister pulse started; ON until 89134.26s, cooldown until 89138.26s"
89154.04,INFO,"Mister pulse started; ON until 89154.29s, cooldown until 89158.29s"
89160.03,INFO,"Mister pulse started; ON until 89160.28s, cooldown until 89164.28s"
89173.04,INFO,"Mister pulse started; ON until 89173.29s, cooldown until 89177.29s"
89192.01,INFO,"Mister pulse started; ON until 89192.26s, cooldown until 89196.26s"
89198.05,INFO,"Mister pulse started; ON until 89198.30s, cooldown until 89202.30s"
89223.04,INFO,"Mister pulse started; ON until 89223.29s, cooldown until 89227.29s"
89228.04,INFO,"Mister pulse started; ON until 89228.29s, cooldown until 89232.29s"
89246.00,INFO,"Mister pulse started; ON until 89246.25s, cooldown until 89250.25s"
89251.01,INFO,"Mister pulse started; ON until 89251.26s, cooldown until 89255.26s"
89272.04,INFO,"Mister pulse started; ON until 89272.29s, cooldown until 89276.29s"
89281.02,INFO,"Mister pulse started; ON until 89281.27s, cooldown until 89285.27s"
89299.05,INFO,"Mister pulse started; ON until 89299.30s, cooldown until 89303.30s"
89315.04,INFO,"Mister pulse started; ON until 89315.29s, cooldown until 89319.29s"
89333.00,INFO,"Mister pulse started; ON until 89333.25s, cooldown until 89337.25s"
89338.01,INFO,"Mister pulse started; ON until 89338.26s, cooldown until 89342.26s"
89359.02,INFO,"Mister pulse started; ON until 89359.27s, cooldown until 89363.27s"
89367.03,INFO,"Mister pulse started; ON until 89367.28s, cooldown until 89371.28s"
89383.03,INFO,"Mister pulse started; ON until 89383.28s, cooldown until 89387.28s"
89396.04,INFO,"Mister pulse started; ON until 89396.29s, cooldown until 89400.29s"
89412.05,INFO,"Mister pulse started; ON until 89412.30s, cooldown until 89416.30s"
89434.04,INFO,"Mister pulse started; ON until 89434.29s, cooldown until 89438.29s"
89448.03,INFO,"Mister pulse started; ON until 89448.28s, cooldown until 89452.28s"
89464.03,INFO,"Mister pulse started; ON until 89464.28s, cooldown until 89468.28s"
89479.00,INFO,"Mister pulse started; ON until 89479.25s, cooldown until 89483.25s"
89484.01,INFO,"Mister pulse started; ON until 89484.26s, cooldown until 89488.26s"
89501.04,INFO,"Mister pulse started; ON until 89501.29s, cooldown until 89505.29s"
89507.03,INFO,"Mister pulse started; ON until 89507.28s, cooldown until 89511.28s"
89530.00,INFO,"Mister pulse started; ON until 89530.25s, cooldown until 89534.25s"
89552.05,INFO,"Mister pulse started; ON until 89552.30s, cooldown until 89556.30s"
89562.01,INFO,"Mister pulse started; ON until 89562.26s, cooldown until 89566.26s"
89582.04,INFO,"Mister pulse started; ON until 89582.29s, cooldown until 89586.29s"
89595.00,INFO,"Mister pulse started; ON until 89595.25s, cooldown until 89599.25s"
89601.05,INFO,"Mister pulse started; ON until 89601.30s, cooldown until 89605.30s"
89623.04,INFO,"Mister pulse started; ON until 89623.29s, cooldown until 89627.29s"
89636.05,INFO,"Mister pulse started; ON until 89636.30s, cooldown until 89640.30s"
89642.04,INFO,"Mister pulse started; ON until 89642.29s, cooldown until 89646.29s"
89665.02,INFO,"Mister pulse started; ON until 89665.27s, cooldown until 89669.27s"
89686.02,INFO,"Mister pulse started; ON until 89686.27s, cooldown until 89690.27s"
89700.02,INFO,"Mister pulse started; ON until 89700.27s, cooldown until 89704.27s"
89714.01,INFO,"Mister pulse started; ON until 89714.26s, cooldown until 89718.26s"
89719.02,INFO,"Mister pulse started; ON until 89719.27s, cooldown until 89723.27s"
89739.00,INFO,"Mister pulse started; ON until 89739.25s, cooldown until 89743.25s"
89744.01,INFO,"Mister pulse started; ON until 89744.26s, cooldown until 89748.26s"
89770.03,INFO,"Mister pulse started; ON until 89770.28s, cooldown until 89774.28s"
89775.04,INFO,"Mister pulse started; ON until 89775.29s, cooldown until 89779.29s"
89798.02,INFO,"Mister pulse started; ON until 89798.27s, cooldown until 89802.27s"
89813.03,INFO,"Mister pulse started; ON until 89813.28s, cooldown until 89817.28s"
89826.04,INFO,"Mister pulse started; ON until 89826.29s, cooldown until 89830.29s"
89832.04,INFO,"Mister pulse started; ON until 89832.29s, cooldown until 89836.29s"
89856.04,INFO,"Mister pulse started; ON until 89856.29s, cooldown until 89860.29s"
89875.05,INFO,"Mister pulse started; ON until 89875.30s, cooldown until 89879.30s"
89887.03,INFO,"Mister pulse started; ON until 89887.28s, cooldown until 89891.28s"
89905.00,INFO,"Mister pulse started; ON until 89905.25s, cooldown until 89909.25s"
89915.02,INFO,"Mister pulse started; ON until 89915.27s, cooldown until 89919.27s"
89932.05,INFO,"Mister pulse started; ON until 89932.30s, cooldown until 89936.30s"
89947.02,INFO,"Mister pulse started; ON until 89947.27s, cooldown until 89951.27s"
89962.04,INFO,"Mister pulse started; ON until 89962.29s, cooldown until 89966.29s"
89967.00,INFO,"Mister pulse started; ON until 89967.25s, cooldown until 89971.25s"
89981.05,INFO,"Mister pulse started; ON until 89981.30s, cooldown until 89985.30s"
89999.00,INFO,"Mister pulse started; ON until 89999.25s, cooldown until 90003.25s"
90005.04,INFO,"Mister pulse started; ON until 90005.29s, cooldown until 90009.29s"
90026.01,INFO,"Mister pulse started; ON until 90026.26s, cooldown until 90030.26s"
90040.01,INFO,"Mister pulse started; ON until 90040.26s, cooldown until 90044.26s"
90052.04,INFO,"Mister pulse started; ON until 90052.29s, cooldown until 90056.29s"
90070.00,INFO,"Mister pulse started; ON until 90070.25s, cooldown until 90074.25s"
90077.03,INFO,"Mister pulse started; ON until 90077.28s, cooldown until 90081.28s"
90099.03,INFO,"Mister pulse started; ON until 90099.28s, cooldown until 90103.28s"
90115.04,INFO,"Mister pulse started; ON until 90115.29s, cooldown until 90119.29s"
90131.00,INFO,"Mister pulse started; ON until 90131.25s, cooldown until 90135.25s"
90149.02,INFO,"Mister pulse started; ON until 90149.27s, cooldown until 90153.27s"
90156.05,INFO,"Mister pulse started; ON until 90156.30s, cooldown until 90160.30s"
90179.02,INFO,"Mister pulse started; ON until 90179.27s, cooldown until 90183.27s"
90199.04,INFO,"Mister pulse started; ON until 90199.29s, cooldown until 90203.29s"
90205.04,INFO,"Mister pulse started; ON until 90205.29s, cooldown until 90209.29s"
90221.04,INFO,"Mister pulse started; ON until 90221.29s, cooldown until 90225.29s"
90226.01,INFO,"Mister pulse started; ON until 90226.26s, cooldown until 90230.26s"
90250.01,INFO,"Mister pulse started; ON until 90250.26s, cooldown until 90254.26s"
90268.02,INFO,"Mister pulse started; ON until 90268.27s, cooldown until 90272.27s"
90278.04,INFO,"Mister pulse started; ON until 90278.29s, cooldown until 90282.29s"
90288.01,INFO,"Mister pulse started; ON until 90288.26s, cooldown until 90292.26s"
90308.05,INFO,"Mister pulse started; ON until 90308.30s, cooldown until 90312.30s"
90314.05,INFO,"Mister pulse started; ON until 90314.30s, cooldown until 90318.30s"
90339.03,INFO,"Mister pulse started; ON until 90339.28s, cooldown until 90343.28s"
90344.05,INFO,"Mister pulse started; ON until 90344.30s, cooldown until 90348.30s"
90365.02,INFO,"Mister pulse started; ON until 90365.27s, cooldown until 90369.27s"
90377.05,INFO,"Mister pulse started; ON until 90377.30s, cooldown until 90381.30s"
90396.00,INFO,"Mister pulse started; ON until 90396.25s, cooldown until 90400.25s"
90411.02,INFO,"Mister pulse started; ON until 90411.27s, cooldown until 90415.27s"
90417.01,INFO,"Mister pulse started; ON until 90417.26s, cooldown until 90421.26s"
90432.04,INFO,"Mister pulse started; ON until 90432.29s, cooldown until 90436.29s"
90452.02,INFO,"Mister pulse started; ON until 90452.27s, cooldown until 90456.27s"
90469.04,INFO,"Mister pulse started; ON until 90469.29s, cooldown until 90473.29s"
90474.05,INFO,"Mister pulse started; ON until 90474.30s, cooldown until 90478.30s"
90491.03,INFO,"Mister pulse started; ON until 90491.28s, cooldown until 90495.28s"
90505.02,INFO,"Mister pulse started; ON until 90505.27s, cooldown until 90509.27s"
90510.03,INFO,"Mister pulse started; ON until 90510.28s, cooldown until 90514.28s"
90533.00,INFO,"Mister pulse started; ON until 90533.25s, cooldown until 90537.25s"
90550.05,INFO,"Mister pulse started; ON until 90550.30s, cooldown until 90554.30s"
90565.02,INFO,"Mister pulse started; ON until 90565.27s, cooldown until 90569.27s"
90584.02,INFO,"Mister pulse started; ON until 90584.27s, cooldown until 90588.27s"
90589.03,INFO,"Mister pulse started; ON until 90589.28s, cooldown until 90593.28s"
90611.03,INFO,"Mister pulse started; ON until 90611.28s, cooldown until 90615.28s"
90624.04,INFO,"Mister pulse started; ON until 90624.29s, cooldown until 90628.29s"
90630.03,INFO,"Mister pulse started; ON until 90630.28s, cooldown until 90634.28s"
90655.05,INFO,"Mister pulse started; ON until 90655.30s, cooldown until 90659.30s"
90660.01,INFO,"Mister pulse started; ON until 90660.26s, cooldown until 90664.26s"
90680.04,INFO,"Mister pulse started; ON until 90680.29s, cooldown until 90684.29s"
90685.05,INFO,"Mister pulse started; ON until 90685.30s, cooldown until 90689.30s"
90711.03,INFO,"Mister pulse started; ON until 90711.28s, cooldown until 90715.28s"
90724.04,INFO,"Mister pulse started; ON until 90724.29s, cooldown until 90728.29s"
90744.02,INFO,"Mister pulse started; ON until 90744.27s, cooldown until 90748.27s"
90758.00,INFO,"Mister pulse started; ON until 90758.25s, cooldown until 90762.25s"
90771.01,INFO,"Mister pulse started; ON until 90771.26s, cooldown until 90775.26s"
90791.04,INFO,"Mister pulse started; ON until 90791.29s, cooldown until 90795.29s"
90796.05,INFO,"Mister pulse started; ON until 90796.30s, cooldown until 90800.30s"
90823.00,INFO,"Mister pulse started; ON until 90823.25s, cooldown until 90827.25s"
90830.03,INFO,"Mister pulse started; ON until 90830.28s, cooldown until 90834.28s"
90847.01,INFO,"Mister pulse started; ON until 90847.26s, cooldown until 90851.26s"
90861.00,INFO,"Mister pulse started; ON until 90861.25s, cooldown until 90865.25s"
90874.02,INFO,"Mister pulse started; ON until 90874.27s, cooldown until 90878.27s"
90894.00,INFO,"Mister pulse started; ON until 90894.25s, cooldown until 90898.25s"
90906.04,INFO,"Mister pulse started; ON until 90906.29s, cooldown until 90910.29s"
90925.04,INFO,"Mister pulse started; ON until 90925.29s, cooldown until 90929.29s"
90937.02,INFO,"Mister pulse started; ON until 90937.27s, cooldown until 90941.27s"
90957.04,INFO,"Mister pulse started; ON until 90957.29s, cooldown until 90961.29s"
90967.01,INFO,"Mister pulse started; ON until 90967.26s, cooldown until 90971.26s"
90988.03,INFO,"Mister pulse started; ON until 90988.28s, cooldown until 90992.28s"
90995.05,INFO,"Mister pulse started; ON until 90995.30s, cooldown until 90999.30s"
91010.02,INFO,"Mister pulse started; ON until 91010.27s, cooldown until 91014.27s"
91015.04,INFO,"Mister pulse started; ON until 91015.29s, cooldown until 91019.29s"
91035.02,INFO,"Mister pulse started; ON until 91035.27s, cooldown until 91039.27s"
91047.00,INFO,"Mister pulse started; ON until 91047.25s, cooldown until 91051.25s"
91067.04,INFO,"Mister pulse started; ON until 91067.29s, cooldown until 91071.29s"
91078.04,INFO,"Mister pulse started; ON until 91078.29s, cooldown until 91082.29s"
91099.04,INFO,"Mister pulse started; ON until 91099.29s, cooldown until 91103.29s"
91104.05,INFO,"Mister pulse started; ON until 91104.30s, cooldown until 91108.30s"
91128.01,INFO,"Mister pulse started; ON until 91128.26s, cooldown until 91132.26s"
91134.05,INFO,"Mister pulse started; ON until 91134.30s, cooldown until 91138.30s"
91154.02,INFO,"Mister pulse started; ON until 91154.27s, cooldown until 91158.27s"
91165.02,INFO,"Mister pulse started; ON until 91165.27s, cooldown until 91169.27s"
91183.03,INFO,"Mister pulse started; ON until 91183.28s, cooldown until 91187.28s"
91202.03,INFO,"Mister pulse started; ON until 91202.28s, cooldown until 91206.28s"
91207.04,INFO,"Mister pulse started; ON until 91207.29s, cooldown until 91211.29s"
91232.02,INFO,"Mister pulse started; ON until 91232.27s, cooldown until 91236.27s"
91239.05,INFO,"Mister pulse started; ON until 91239.30s, cooldown until 91243.30s"
91262.03,INFO,"Mister pulse started; ON until 91262.28s, cooldown until 91266.28s"
91281.02,INFO,"Mister pulse started; ON until 91281.27s, cooldown until 91285.27s"
91289.03,INFO,"Mister pulse started; ON until 91289.28s, cooldown until 91293.28s"
91307.05,INFO,"Mister pulse started; ON until 91307.30s, cooldown until 91311.30s"
91321.04,INFO,"Mister pulse started; ON until 91321.29s, cooldown until 91325.29s"
91334.01,INFO,"Mister pulse started; ON until 91334.26s, cooldown until 91338.26s"
91339.02,INFO,"Mister pulse started; ON until 91339.27s, cooldown until 91343.27s"
91363.03,INFO,"Mister pulse started; ON until 91363.28s, cooldown until 91367.28s"
91379.03,INFO,"Mister pulse started; ON until 91379.28s, cooldown until 91383.28s"
91397.05,INFO,"Mister pulse started; ON until 91397.30s, cooldown until 91401.30s"
91416.00,INFO,"Mister pulse started; ON until 91416.25s, cooldown until 91420.25s"
91430.05,INFO,"Mister pulse started; ON until 91430.30s, cooldown until 91434.30s"
91437.02,INFO,"Mister pulse started; ON until 91437.27s, cooldown until 91441.27s"
91449.01,INFO,"Mister pulse started; ON until 91449.26s, cooldown until 91453.26s"
91465.01,INFO,"Mister pulse started; ON until 91465.26s, cooldown until 91469.26s"
91483.03,INFO,"Mister pulse started; ON until 91483.28s, cooldown until 91487.28s"
91502.02,INFO,"Mister pulse started; ON until 91502.27s, cooldown until 91506.27s"
91507.03,INFO,"Mister pulse started; ON until 91507.28s, cooldown until 91511.28s"
91533.04,INFO,"Mister pulse started; ON until 91533.29s, cooldown until 91537.29s"
91538.00,INFO,"Mister pulse started; ON until 91538.25s, cooldown until 91542.25s"
91562.01,INFO,"Mister pulse started; ON until 91562.26s, cooldown until 91566.26s"
91582.04,INFO,"Mister pulse started; ON until 91582.29s, cooldown until 91586.29s"
91594.02,INFO,"Mister pulse started; ON until 91594.27s, cooldown until 91598.27s"
91614.00,INFO,"Mister pulse started; ON until 91614.25s, cooldown until 91618.25s"
91627.01,INFO,"Mister pulse started; ON until 91627.26s, cooldown until 91631.26s"
91634.03,INFO,"Mister pulse started; ON until 91634.28s, cooldown until 91638.28s"
91657.01,INFO,"Mister pulse started; ON until 91657.26s, cooldown until 91661.26s"
91678.02,INFO,"Mister pulse started; ON until 91678.27s, cooldown until 91682.27s"
91691.03,INFO,"Mister pulse started; ON until 91691.28s, cooldown until 91695.28s"
91697.03,INFO,"Mister pulse started; ON until 91697.28s, cooldown until 91701.28s"
91722.01,INFO,"Mister pulse started; ON until 91722.26s, cooldown until 91726.26s"
91727.02,INFO,"Mister pulse started; ON until 91727.27s, cooldown until 91731.27s"
91746.03,INFO,"Mister pulse started; ON until 91746.28s, cooldown until 91750.28s"
91752.02,INFO,"Mister pulse started; ON until 91752.27s, cooldown until 91756.27s"
91774.01,INFO,"Mister pulse started; ON until 91774.26s, cooldown until 91778.26s"
91791.04,INFO,"Mister pulse started; ON until 91791.29s, cooldown until 91795.29s"
91810.05,INFO,"Mister pulse started; ON until 91810.30s, cooldown until 91814.30s"
91815.01,INFO,"Mister pulse started; ON until 91815.26s, cooldown until 91819.26s"
91838.04,INFO,"Mister pulse started; ON until 91838.29s, cooldown until 91842.29s"
91854.04,INFO,"Mister pulse started; ON until 91854.29s, cooldown until 91858.29s"
91872.01,INFO,"Mister pulse started; ON until 91872.26s, cooldown until 91876.26s"
91877.02,INFO,"Mister pulse started; ON until 91877.27s, cooldown until 91881.27s"
91898.04,INFO,"Mister pulse started; ON until 91898.29s, cooldown until 91902.29s"
91906.04,INFO,"Mister pulse started; ON until 91906.29s, cooldown until 91910.29s"
91921.02,INFO,"Mister pulse started; ON until 91921.27s, cooldown until 91925.27s"
91934.03,INFO,"Mister pulse started; ON until 91934.28s, cooldown until 91938.28s"
91952.04,INFO,"Mister pulse started; ON until 91952.29s, cooldown until 91956.29s"
91957.00,INFO,"Mister pulse started; ON until 91957.25s, cooldown until 91961.25s"
91983.02,INFO,"Mister pulse started; ON until 91983.27s, cooldown until 91987.27s"
91988.03,INFO,"Mister pulse started; ON until 91988.28s, cooldown until 91992.28s"
92010.03,INFO,"Mister pulse started; ON until 92010.28s, cooldown until 92014.28s"
92015.03,INFO,"Mister pulse started; ON until 92015.28s, cooldown until 92019.28s"
92032.02,INFO,"Mister pulse started; ON until 92032.27s, cooldown until 92036.27s"
92045.03,INFO,"Mister pulse started; ON until 92045.28s, cooldown until 92049.28s"
92064.03,INFO,"Mister pulse started; ON until 92064.28s, cooldown until 92068.28s"
92072.04,INFO,"Mister pulse started; ON until 92072.29s, cooldown until 92076.29s"
92088.05,INFO,"Mister pulse started; ON until 92088.30s, cooldown until 92092.30s"
92098.01,INFO,"Mister pulse started; ON until 92098.26s, cooldown until 92102.26s"
92120.00,INFO,"Mister pulse started; ON until 92120.25s, cooldown until 92124.25s"
92130.02,INFO,"Mister pulse started; ON until 92130.27s, cooldown until 92134.27s"
92152.02,INFO,"Mister pulse started; ON until 92152.27s, cooldown until 92156.27s"
92166.01,INFO,"Mister pulse started; ON until 92166.26s, cooldown until 92170.26s"
92172.05,INFO,"Mister pulse started; ON until 92172.30s, cooldown until 92176.30s"
92199.05,INFO,"Mister pulse started; ON until 92199.30s, cooldown until 92203.30s"
92204.00,INFO,"Mister pulse started; ON until 92204.25s, cooldown until 92208.25s"
92221.04,INFO,"Mister pulse started; ON until 92221.29s, cooldown until 92225.29s"
92227.03,INFO,"Mister pulse started; ON until 92227.28s, cooldown until 92231.28s"
92250.01,INFO,"Mister pulse started; ON until 92250.26s, cooldown until 92254.26s"
92269.02,INFO,"Mister pulse started; ON until 92269.27s, cooldown until 92273.27s"
92281.05,INFO,"Mister pulse started; ON until 92281.30s, cooldown until 92285.30s"
92299.02,INFO,"Mister pulse started; ON until 92299.27s, cooldown until 92303.27s"
92304.03,INFO,"Mister pulse started; ON until 92304.28s, cooldown until 92308.28s"
92326.04,INFO,"Mister pulse started; ON until 92326.29s, cooldown until 92330.29s"
92339.05,INFO,"Mister pulse started; ON until 92339.30s, cooldown until 92343.30s"
92346.02,INFO,"Mister pulse started; ON until 92346.27s, cooldown until 92350.27s"
92356.04,INFO,"Mister pulse started; ON until 92356.29s, cooldown until 92360.29s"
92369.05,INFO,"Mister pulse started; ON until 92369.30s, cooldown until 92373.30s"
92389.03,INFO,"Mister pulse started; ON until 92389.28s, cooldown until 92393.28s"
92403.02,INFO,"Mister pulse started; ON until 92403.27s, cooldown until 92407.27s"
92417.01,INFO,"Mister pulse started; ON until 92417.26s, cooldown until 92421.26s"
92423.04,INFO,"Mister pulse started; ON until 92423.29s, cooldown until 92427.29s"
92444.01,INFO,"Mister pulse started; ON until 92444.26s, cooldown until 92448.26s"
92459.03,INFO,"Mister pulse started; ON until 92459.28s, cooldown until 92463.28s"
92470.03,INFO,"Mister pulse started; ON until 92470.28s, cooldown until 92474.28s"
92491.04,INFO,"Mister pulse started; ON until 92491.29s, cooldown until 92495.29s"
92496.05,INFO,"Mister pulse started; ON until 92496.30s, cooldown until 92500.30s"
92524.03,INFO,"Mister pulse started; ON until 92524.28s, cooldown until 92528.28s"
92538.02,INFO,"Mister pulse started; ON until 92538.27s, cooldown until 92542.27s"
92551.03,INFO,"Mister pulse started; ON until 92551.28s, cooldown until 92555.28s"
92572.04,INFO,"Mister pulse started; ON until 92572.29s, cooldown until 92576.29s"
92586.03,INFO,"Mister pulse started; ON until 92586.28s, cooldown until 92590.28s"
92600.02,INFO,"Mister pulse started; ON until 92600.27s, cooldown until 92604.27s"
92605.04,INFO,"Mister pulse started; ON until 92605.29s, cooldown until 92609.29s"
92627.04,INFO,"Mister pulse started; ON until 92627.29s, cooldown until 92631.29s"
92641.05,INFO,"Mister pulse started; ON until 92641.30s, cooldown until 92645.30s"
92653.03,INFO,"Mister pulse started; ON until 92653.28s, cooldown until 92657.28s"
92674.04,INFO,"Mister pulse started; ON until 92674.29s, cooldown until 92678.29s"
92688.03,INFO,"Mister pulse started; ON until 92688.28s, cooldown until 92692.28s"
92701.04,INFO,"Mister pulse started; ON until 92701.29s, cooldown until 92705.29s"
92721.02,INFO,"Mister pulse started; ON until 92721.27s, cooldown until 92725.27s"
92736.04,INFO,"Mister pulse started; ON until 92736.29s, cooldown until 92740.29s"
92748.03,INFO,"Mister pulse started; ON until 92748.28s, cooldown until 92752.28s"
92771.01,INFO,"Mister pulse started; ON until 92771.26s, cooldown until 92775.26s"
92789.03,INFO,"Mister pulse started; ON until 92789.28s, cooldown until 92793.28s"
92798.02,INFO,"Mister pulse started; ON until 92798.27s, cooldown until 92802.27s"
92811.02,INFO,"Mister pulse started; ON until 92811.27s, cooldown until 92815.27s"
92834.00,INFO,"Mister pulse started; ON until 92834.25s, cooldown until 92838.25s"
92855.01,INFO,"Mister pulse started; ON until 92855.26s, cooldown until 92859.26s"
92868.02,INFO,"Mister pulse started; ON until 92868.27s, cooldown until 92872.27s"
92873.03,INFO,"Mister pulse started; ON until 92873.28s, cooldown until 92877.28s"
92895.02,INFO,"Mister pulse started; ON until 92895.27s, cooldown until 92899.27s"
92909.01,INFO,"Mister pulse started; ON until 92909.26s, cooldown until 92913.26s"
92922.02,INFO,"Mister pulse started; ON until 92922.27s, cooldown until 92926.27s"
92944.01,INFO,"Mister pulse started; ON until 92944.26s, cooldown until 92948.26s"
92962.03,INFO,"Mister pulse started; ON until 92962.28s, cooldown until 92966.28s"
92982.01,INFO,"Mister pulse started; ON until 92982.26s, cooldown until 92986.26s"
92997.03,INFO,"Mister pulse started; ON until 92997.28s, cooldown until 93001.28s"
93002.04,INFO,"Mister pulse started; ON until 93002.29s, cooldown until 93006.29s"
93029.04,INFO,"Mister pulse started; ON until 93029.29s, cooldown until 93033.29s"
93042.04,INFO,"Mister pulse started; ON until 93042.29s, cooldown until 93046.29s"
93062.02,INFO,"Mister pulse started; ON until 93062.27s, cooldown until 93066.27s"
93076.02,INFO,"Mister pulse started; ON until 93076.27s, cooldown until 93080.27s"
93081.03,INFO,"Mister pulse started; ON until 93081.28s, cooldown until 93085.28s"
93108.03,INFO,"Mister pulse started; ON until 93108.28s, cooldown until 93112.28s"
93119.03,INFO,"Mister pulse started; ON until 93119.28s, cooldown until 93123.28s"
93138.03,INFO,"Mister pulse started; ON until 93138.28s, cooldown until 93142.28s"
93143.04,INFO,"Mister pulse started; ON until 93143.29s, cooldown until 93147.29s"
93166.02,INFO,"Mister pulse started; ON until 93166.27s, cooldown until 93170.27s"
93182.02,INFO,"Mister pulse started; ON until 93182.27s, cooldown until 93186.27s"
93201.02,INFO,"Mister pulse started; ON until 93201.27s, cooldown until 93205.27s"
93208.00,INFO,"Mister pulse started; ON until 93208.25s, cooldown until 93212.25s"
93221.02,INFO,"Mister pulse started; ON until 93221.27s, cooldown until 93225.27s"
93240.02,INFO,"Mister pulse started; ON until 93240.27s, cooldown until 93244.27s"
93246.02,INFO,"Mister pulse started; ON until 93246.27s, cooldown until 93250.27s"
93271.01,INFO,"Mister pulse started; ON until 93271.26s, cooldown until 93275.26s"
93276.01,INFO,"Mister pulse started; ON until 93276.26s, cooldown until 93280.26s"
93301.05,INFO,"Mister pulse started; ON until 93301.30s, cooldown until 93305.30s"
93320.05,INFO,"Mister pulse started; ON until 93320.30s, cooldown until 93324.30s"
93325.01,INFO,"Mister pulse started; ON until 93325.26s, cooldown until 93329.26s"
93351.03,INFO,"Mister pulse started; ON until 93351.28s, cooldown until 93355.28s"
93356.04,INFO,"Mister pulse started; ON until 93356.29s, cooldown until 93360.29s"
93379.02,INFO,"Mister pulse started; ON until 93379.27s, cooldown until 93383.27s"
93398.01,INFO,"Mister pulse started; ON until 93398.26s, cooldown until 93402.26s"
93404.01,INFO,"Mister pulse started; ON until 93404.26s, cooldown until 93408.26s"
93427.03,INFO,"Mister pulse started; ON until 93427.28s, cooldown until 93431.28s"
93446.04,INFO,"Mister pulse started; ON until 93446.29s, cooldown until 93450.29s"
93451.04,INFO,"Mister pulse started; ON until 93451.29s, cooldown until 93455.29s"
93473.03,INFO,"Mister pulse started; ON until 93473.28s, cooldown until 93477.28s"
93488.00,INFO,"Mister pulse started; ON until 93488.25s, cooldown until 93492.25s"
93505.04,INFO,"Mister pulse started; ON until 93505.29s, cooldown until 93509.29s"
93520.02,INFO,"Mister pulse started; ON until 93520.27s, cooldown until 93524.27s"
93535.05,INFO,"Mister pulse started; ON until 93535.30s, cooldown until 93539.30s"
93546.05,INFO,"Mister pulse started; ON until 93546.30s, cooldown until 93550.30s"
93565.05,INFO,"Mister pulse started; ON until 93565.30s, cooldown until 93569.30s"
93571.04,INFO,"Mister pulse started; ON until 93571.29s, cooldown until 93575.29s"
93596.03,INFO,"Mister pulse started; ON until 93596.28s, cooldown until 93600.28s"
93602.02,INFO,"Mister pulse started; ON until 93602.27s, cooldown until 93606.27s"
93629.02,INFO,"Mister pulse started; ON until 93629.27s, cooldown until 93633.27s"
93641.00,INFO,"Mister pulse started; ON until 93641.25s, cooldown until 93645.25s"
93664.02,INFO,"Mister pulse started; ON until 93664.27s, cooldown until 93668.27s"
93679.00,INFO,"Mister pulse started; ON until 93679.25s, cooldown until 93683.25s"
93698.05,INFO,"Mister pulse started; ON until 93698.30s, cooldown until 93702.30s"
93715.03,INFO,"Mister pulse started; ON until 93715.28s, cooldown until 93719.28s"
93720.05,INFO,"Mister pulse started; ON until 93720.30s, cooldown until 93724.30s"
93743.02,INFO,"Mister pulse started; ON until 93743.27s, cooldown until 93747.27s"
93762.02,INFO,"Mister pulse started; ON until 93762.27s, cooldown until 93766.27s"
93767.03,INFO,"Mister pulse started; ON until 93767.28s, cooldown until 93771.28s"
93788.05,INFO,"Mister pulse started; ON until 93788.30s, cooldown until 93792.30s"
93803.02,INFO,"Mister pulse started; ON until 93803.27s, cooldown until 93807.27s"
93812.01,INFO,"Mister pulse started; ON until 93812.26s, cooldown until 93816.26s"
93832.04,INFO,"Mister pulse started; ON until 93832.29s, cooldown until 93836.29s"
93852.02,INFO,"Mister pulse started; ON until 93852.27s, cooldown until 93856.27s"
93868.04,INFO,"Mister pulse started; ON until 93868.29s, cooldown until 93872.29s"
93884.01,INFO,"Mister pulse started; ON until 93884.26s, cooldown until 93888.26s"
93904.00,INFO,"Mister pulse started; ON until 93904.25s, cooldown until 93908.25s"
93909.01,INFO,"Mister pulse started; ON until 93909.26s, cooldown until 93913.26s"
93936.01,INFO,"Mister pulse started; ON until 93936.26s, cooldown until 93940.26s"
93948.04,INFO,"Mister pulse started; ON until 93948.29s, cooldown until 93952.29s"
93967.05,INFO,"Mister pulse started; ON until 93967.30s, cooldown until 93971.30s"
93974.02,INFO,"Mister pulse started; ON until 93974.27s, cooldown until 93978.27s"
93988.02,INFO,"Mister pulse started; ON until 93988.27s, cooldown until 93992.27s"
94009.04,INFO,"Mister pulse started; ON until 94009.29s, cooldown until 94013.29s"
94024.02,INFO,"Mister pulse started; ON until 94024.27s, cooldown until 94028.27s"
94038.02,INFO,"Mister pulse started; ON until 94038.27s, cooldown until 94042.27s"
94050.05,INFO,"Mister pulse started; ON until 94050.30s, cooldown until 94054.30s"
94070.03,INFO,"Mister pulse started; ON until 94070.28s, cooldown until 94074.28s"
94080.05,INFO,"Mister pulse started; ON until 94080.30s, cooldown until 94084.30s"
94098.01,INFO,"Mister pulse started; ON until 94098.26s, cooldown until 94102.26s"
94116.02,INFO,"Mister pulse started; ON until 94116.27s, cooldown until 94120.27s"
94121.03,INFO,"Mister pulse started; ON until 94121.28s, cooldown until 94125.28s"
94144.01,INFO,"Mister pulse started; ON until 94144.26s, cooldown until 94148.26s"
94162.04,INFO,"Mister pulse started; ON until 94162.29s, cooldown until 94166.29s"
94183.05,INFO,"Mister pulse started; ON until 94183.30s, cooldown until 94187.30s"
94199.00,INFO,"Mister pulse started; ON until 94199.25s, cooldown until 94203.25s"
94217.03,INFO,"Mister pulse started; ON until 94217.28s, cooldown until 94221.28s"
94238.04,INFO,"Mister pulse started; ON until 94238.29s, cooldown until 94242.29s"
94252.03,INFO,"Mister pulse started; ON until 94252.28s, cooldown until 94256.28s"
94265.05,INFO,"Mister pulse started; ON until 94265.30s, cooldown until 94269.30s"
94285.03,INFO,"Mister pulse started; ON until 94285.28s, cooldown until 94289.28s"
94300.00,INFO,"Mister pulse started; ON until 94300.25s, cooldown until 94304.25s"
94314.05,INFO,"Mister pulse started; ON until 94314.30s, cooldown until 94318.30s"
94321.02,INFO,"Mister pulse started; ON until 94321.27s, cooldown until 94325.27s"
94333.05,INFO,"Mister pulse started; ON until 94333.30s, cooldown until 94337.30s"
94350.04,INFO,"Mister pulse started; ON until 94350.29s, cooldown until 94354.29s"
94368.01,INFO,"Mister pulse started; ON until 94368.26s, cooldown until 94372.26s"
94373.03,INFO,"Mister pulse started; ON until 94373.28s, cooldown until 94377.28s"
94395.02,INFO,"Mister pulse started; ON until 94395.27s, cooldown until 94399.27s"
94408.03,INFO,"Mister pulse started; ON until 94408.28s, cooldown until 94412.28s"
94420.01,INFO,"Mister pulse started; ON until 94420.26s, cooldown until 94424.26s"
94440.04,INFO,"Mister pulse started; ON until 94440.29s, cooldown until 94444.29s"
94445.05,INFO,"Mister pulse started; ON until 94445.30s, cooldown until 94449.30s"
94468.02,INFO,"Mister pulse started; ON until 94468.27s, cooldown until 94472.27s"
94486.04,INFO,"Mister pulse started; ON until 94486.29s, cooldown until 94490.29s"
94506.04,INFO,"Mister pulse started; ON until 94506.29s, cooldown until 94510.29s"
94522.05,INFO,"Mister pulse started; ON until 94522.30s, cooldown until 94526.30s"
94534.02,INFO,"Mister pulse started; ON until 94534.27s, cooldown until 94538.27s"
94539.03,INFO,"Mister pulse started; ON until 94539.28s, cooldown until 94543.28s"
94564.02,INFO,"Mister pulse started; ON until 94564.27s, cooldown until 94568.27s"
94583.02,INFO,"Mister pulse started; ON until 94583.27s, cooldown until 94587.27s"
94597.01,INFO,"Mister pulse started; ON until 94597.26s, cooldown until 94601.26s"
94602.02,INFO,"Mister pulse started; ON until 94602.27s, cooldown until 94606.27s"
94626.02,INFO,"Mister pulse started; ON until 94626.27s, cooldown until 94630.27s"
94644.04,INFO,"Mister pulse started; ON until 94644.29s, cooldown until 94648.29s"
94665.01,INFO,"Mister pulse started; ON until 94665.26s, cooldown until 94669.26s"
94683.03,INFO,"Mister pulse started; ON until 94683.28s, cooldown until 94687.28s"
94706.01,INFO,"Mister pulse started; ON until 94706.26s, cooldown until 94710.26s"
94726.03,INFO,"Mister pulse started; ON until 94726.28s, cooldown until 94730.28s"
94732.02,INFO,"Mister pulse started; ON until 94732.27s, cooldown until 94736.27s"
94750.03,INFO,"Mister pulse started; ON until 94750.28s, cooldown until 94754.28s"
94757.01,INFO,"Mister pulse started; ON until 94757.26s, cooldown until 94761.26s"
94775.03,INFO,"Mister pulse started; ON until 94775.28s, cooldown until 94779.28s"
94792.02,INFO,"Mister pulse started; ON until 94792.27s, cooldown until 94796.27s"
94809.01,INFO,"Mister pulse started; ON until 94809.26s, cooldown until 94813.26s"
94831.01,INFO,"Mister pulse started; ON until 94831.26s, cooldown until 94835.26s"
94850.01,INFO,"Mister pulse started; ON until 94850.26s, cooldown until 94854.26s"
94855.02,INFO,"Mister pulse started; ON until 94855.27s, cooldown until 94859.27s"
94878.05,INFO,"Mister pulse started; ON until 94878.30s, cooldown until 94882.30s"
94894.05,INFO,"Mister pulse started; ON until 94894.30s, cooldown until 94898.30s"
94909.02,INFO,"Mister pulse started; ON until 94909.27s, cooldown until 94913.27s"
94927.03,INFO,"Mister pulse started; ON until 94927.28s, cooldown until 94931.28s"
94944.02,INFO,"Mister pulse started; ON until 94944.27s, cooldown until 94948.27s"
94966.01,INFO,"Mister pulse started; ON until 94966.26s, cooldown until 94970.26s"
94985.02,INFO,"Mister pulse started; ON until 94985.27s, cooldown until 94989.27s"
94990.03,INFO,"Mister pulse started; ON until 94990.28s, cooldown until 94994.28s"
95012.02,INFO,"Mister pulse started; ON until 95012.27s, cooldown until 95016.27s"
95029.00,INFO,"Mister pulse started; ON until 95029.25s, cooldown until 95033.25s"
95048.05,INFO,"Mister pulse started; ON until 95048.30s, cooldown until 95052.30s"
95069.01,INFO,"Mister pulse started; ON until 95069.26s, cooldown until 95073.26s"
95087.04,INFO,"Mister pulse started; ON until 95087.29s, cooldown until 95091.29s"
95110.02,INFO,"Mister pulse started; ON until 95110.27s, cooldown until 95114.27s"
95126.03,INFO,"Mister pulse started; ON until 95126.28s, cooldown until 95130.28s"
95150.04,INFO,"Mister pulse started; ON until 95150.29s, cooldown until 95154.29s"
95172.04,INFO,"Mister pulse started; ON until 95172.29s, cooldown until 95176.29s"
95188.00,INFO,"Mister pulse started; ON until 95188.25s, cooldown until 95192.25s"
95209.01,INFO,"Mister pulse started; ON until 95209.26s, cooldown until 95213.26s"
95225.02,INFO,"Mister pulse started; ON until 95225.27s, cooldown until 95229.27s"
95240.04,INFO,"Mister pulse started; ON until 95240.29s, cooldown until 95244.29s"
95254.04,INFO,"Mister pulse started; ON until 95254.29s, cooldown until 95258.29s"
95259.05,INFO,"Mister pulse started; ON until 95259.30s, cooldown until 95263.30s"
95283.01,INFO,"Mister pulse started; ON until 95283.26s, cooldown until 95287.26s"
95301.03,INFO,"Mister pulse started; ON until 95301.28s, cooldown until 95305.28s"
95306.04,INFO,"Mister pulse started; ON until 95306.29s, cooldown until 95310.29s"
95331.03,INFO,"Mister pulse started; ON until 95331.28s, cooldown until 95335.28s"
95352.05,INFO,"Mister pulse started; ON until 95352.30s, cooldown until 95356.30s"
95366.04,INFO,"Mister pulse started; ON until 95366.29s, cooldown until 95370.29s"
95381.01,INFO,"Mister pulse started; ON until 95381.26s, cooldown until 95385.26s"
95391.02,INFO,"Mister pulse started; ON until 95391.27s, cooldown until 95395.27s"
95409.04,INFO,"Mister pulse started; ON until 95409.29s, cooldown until 95413.29s"
95428.04,INFO,"Mister pulse started; ON until 95428.29s, cooldown until 95432.29s"
95433.01,INFO,"Mister pulse started; ON until 95433.26s, cooldown until 95437.26s"
95459.02,INFO,"Mister pulse started; ON until 95459.27s, cooldown until 95463.27s"
95466.05,INFO,"Mister pulse started; ON until 95466.30s, cooldown until 95470.30s"
95492.02,INFO,"Mister pulse started; ON until 95492.27s, cooldown until 95496.27s"
95501.01,INFO,"Mister pulse started; ON until 95501.26s, cooldown until 95505.26s"
95520.01,INFO,"Mister pulse started; ON until 95520.26s, cooldown until 95524.26s"
95541.02,INFO,"Mister pulse started; ON until 95541.27s, cooldown until 95545.27s"
95556.00,INFO,"Mister pulse started; ON until 95556.25s, cooldown until 95560.25s"
95572.01,INFO,"Mister pulse started; ON until 95572.26s, cooldown until 95576.26s"
95587.03,INFO,"Mister pulse started; ON until 95587.28s, cooldown until 95591.28s"
95599.02,INFO,"Mister pulse started; ON until 95599.27s, cooldown until 95603.27s"
95622.04,INFO,"Mister pulse started; ON until 95622.29s, cooldown until 95626.29s"
95637.01,INFO,"Mister pulse started; ON until 95637.26s, cooldown until 95641.26s"
95656.01,INFO,"Mister pulse started; ON until 95656.26s, cooldown until 95660.26s"
95663.04,INFO,"Mister pulse started; ON until 95663.29s, cooldown until 95667.29s"
95691.02,INFO,"Mister pulse started; ON until 95691.27s, cooldown until 95695.27s"
95704.03,INFO,"Mister pulse started; ON until 95704.28s, cooldown until 95708.28s"
95710.03,INFO,"Mister pulse started; ON until 95710.28s, cooldown until 95714.28s"
95737.03,INFO,"Mister pulse started; ON until 95737.28s, cooldown until 95741.28s"
95749.01,INFO,"Mister pulse started; ON until 95749.26s, cooldown until 95753.26s"
95770.02,INFO,"Mister pulse started; ON until 95770.27s, cooldown until 95774.27s"
95786.03,INFO,"Mister pulse started; ON until 95786.28s, cooldown until 95790.28s"
95802.04,INFO,"Mister pulse started; ON until 95802.29s, cooldown until 95806.29s"
95817.01,INFO,"Mister pulse started; ON until 95817.26s, cooldown until 95821.26s"
95831.00,INFO,"Mister pulse started; ON until 95831.25s, cooldown until 95835.25s"
95844.01,INFO,"Mister pulse started; ON until 95844.26s, cooldown until 95848.26s"
95864.04,INFO,"Mister pulse started; ON until 95864.29s, cooldown until 95868.29s"
95876.02,INFO,"Mister pulse started; ON until 95876.27s, cooldown until 95880.27s"
95898.01,INFO,"Mister pulse started; ON until 95898.26s, cooldown until 95902.26s"
95917.01,INFO,"Mister pulse started; ON until 95917.26s, cooldown until 95921.26s"
95924.03,INFO,"Mister pulse started; ON until 95924.28s, cooldown until 95928.28s"
95948.04,INFO,"Mister pulse started; ON until 95948.29s, cooldown until 95952.29s"
95971.02,INFO,"Mister pulse started; ON until 95971.27s, cooldown until 95975.27s"
95993.01,INFO,"Mister pulse started; ON until 95993.26s, cooldown until 95997.26s"
96009.02,INFO,"Mister pulse started; ON until 96009.27s, cooldown until 96013.27s"
96029.00,INFO,"Mister pulse started; ON until 96029.25s, cooldown until 96033.25s"
96037.01,INFO,"Mister pulse started; ON until 96037.26s, cooldown until 96041.26s"
96056.01,INFO,"Mister pulse started; ON until 96056.26s, cooldown until 96060.26s"
96075.01,INFO,"Mister pulse started; ON until 96075.26s, cooldown until 96079.26s"
96080.02,INFO,"Mister pulse started; ON until 96080.27s, cooldown until 96084.27s"
96099.02,INFO,"Mister pulse started; ON until 96099.27s, cooldown until 96103.27s"
96105.01,INFO,"Mister pulse started; ON until 96105.26s, cooldown until 96109.26s"
96129.02,INFO,"Mister pulse started; ON until 96129.27s, cooldown until 96133.27s"
96151.01,INFO,"Mister pulse started; ON until 96151.26s, cooldown until 96155.26s"
96168.04,INFO,"Mister pulse started; ON until 96168.29s, cooldown until 96172.29s"
96186.01,INFO,"Mister pulse started; ON until 96186.26s, cooldown until 96190.26s"
96193.04,INFO,"Mister pulse started; ON until 96193.29s, cooldown until 96197.29s"
96218.03,INFO,"Mister pulse started; ON until 96218.28s, cooldown until 96222.28s"
96223.03,INFO,"Mister pulse started; ON until 96223.28s, cooldown until 96227.28s"
96247.04,INFO,"Mister pulse started; ON until 96247.29s, cooldown until 96251.29s"
96269.04,INFO,"Mister pulse started; ON until 96269.29s, cooldown until 96273.29s"
96283.03,INFO,"Mister pulse started; ON until 96283.28s, cooldown until 96287.28s"
96295.01,INFO,"Mister pulse started; ON until 96295.26s, cooldown until 96299.26s"
96319.02,INFO,"Mister pulse started; ON until 96319.27s, cooldown until 96323.27s"
96337.04,INFO,"Mister pulse started; ON until 96337.29s, cooldown until 96341.29s"
96342.04,INFO,"Mister pulse started; ON until 96342.29s, cooldown until 96346.29s"
96366.00,INFO,"Mister pulse started; ON until 96366.25s, cooldown until 96370.25s"
96387.02,INFO,"Mister pulse started; ON until 96387.27s, cooldown until 96391.27s"
96401.01,INFO,"Mister pulse started; ON until 96401.26s, cooldown until 96405.26s"
96415.00,INFO,"Mister pulse started; ON until 96415.25s, cooldown until 96419.25s"
96422.03,INFO,"Mister pulse started; ON until 96422.28s, cooldown until 96426.28s"
96448.04,INFO,"Mister pulse started; ON until 96448.29s, cooldown until 96452.29s"
96453.00,INFO,"Mister pulse started; ON until 96453.25s, cooldown until 96457.25s"
96478.05,INFO,"Mister pulse started; ON until 96478.30s, cooldown until 96482.30s"
96500.05,INFO,"Mister pulse started; ON until 96500.30s, cooldown until 96504.30s"
96518.01,INFO,"Mister pulse started; ON until 96518.26s, cooldown until 96522.26s"
96524.05,INFO,"Mister pulse started; ON until 96524.30s, cooldown until 96528.30s"
96547.02,INFO,"Mister pulse started; ON until 96547.27s, cooldown until 96551.27s"
96566.01,INFO,"Mister pulse started; ON until 96566.26s, cooldown until 96570.26s"
96571.02,INFO,"Mister pulse started; ON until 96571.27s, cooldown until 96575.27s"
96595.03,INFO,"Mister pulse started; ON until 96595.28s, cooldown until 96599.28s"
96614.03,INFO,"Mister pulse started; ON until 96614.28s, cooldown until 96618.28s"
96619.04,INFO,"Mister pulse started; ON until 96619.29s, cooldown until 96623.29s"
96641.05,INFO,"Mister pulse started; ON until 96641.30s, cooldown until 96645.30s"
96657.05,INFO,"Mister pulse started; ON until 96657.30s, cooldown until 96661.30s"
96673.00,INFO,"Mister pulse started; ON until 96673.25s, cooldown until 96677.25s"
96693.04,INFO,"Mister pulse started; ON until 96693.29s, cooldown until 96697.29s"
96698.00,INFO,"Mister pulse started; ON until 96698.25s, cooldown until 96702.25s"
96724.02,INFO,"Mister pulse started; ON until 96724.27s, cooldown until 96728.27s"
96732.02,INFO,"Mister pulse started; ON until 96732.27s, cooldown until 96736.27s"
96742.04,INFO,"Mister pulse started; ON until 96742.29s, cooldown until 96746.29s"
96756.04,INFO,"Mister pulse started; ON until 96756.29s, cooldown until 96760.29s"
96762.03,INFO,"Mister pulse started; ON until 96762.28s, cooldown until 96766.28s"
96788.05,INFO,"Mister pulse started; ON until 96788.30s, cooldown until 96792.30s"
96800.03,INFO,"Mister pulse started; ON until 96800.28s, cooldown until 96804.28s"
96819.02,INFO,"Mister pulse started; ON until 96819.27s, cooldown until 96823.27s"
96825.02,INFO,"Mister pulse started; ON until 96825.27s, cooldown until 96829.27s"
96849.02,INFO,"Mister pulse started; ON until 96849.27s, cooldown until 96853.27s"
96870.04,INFO,"Mister pulse started; ON until 96870.29s, cooldown until 96874.29s"
96886.04,INFO,"Mister pulse started; ON until 96886.29s, cooldown until 96890.29s"
96900.03,INFO,"Mister pulse started; ON until 96900.28s, cooldown until 96904.28s"
96912.01,INFO,"Mister pulse started; ON until 96912.26s, cooldown until 96916.26s"
96936.02,INFO,"Mister pulse started; ON until 96936.27s, cooldown until 96940.27s"
96957.03,INFO,"Mister pulse started; ON until 96957.28s, cooldown until 96961.28s"
96972.00,INFO,"Mister pulse started; ON until 96972.25s, cooldown until 96976.25s"
96989.05,INFO,"Mister pulse started; ON until 96989.30s, cooldown until 96993.30s"
97004.02,INFO,"Mister pulse started; ON until 97004.27s, cooldown until 97008.27s"
97022.03,INFO,"Mister pulse started; ON until 97022.28s, cooldown until 97026.28s"
97041.03,INFO,"Mister pulse started; ON until 97041.28s, cooldown until 97045.28s"
97047.02,INFO,"Mister pulse started; ON until 97047.27s, cooldown until 97051.27s"
97074.01,INFO,"Mister pulse started; ON until 97074.26s, cooldown until 97078.26s"
97080.00,INFO,"Mister pulse started; ON until 97080.25s, cooldown until 97084.25s"
97095.02,INFO,"Mister pulse started; ON until 97095.27s, cooldown until 97099.27s"
97116.04,INFO,"Mister pulse started; ON until 97116.29s, cooldown until 97120.29s"
97131.01,INFO,"Mister pulse started; ON until 97131.26s, cooldown until 97135.26s"
97147.02,INFO,"Mister pulse started; ON until 97147.27s, cooldown until 97151.27s"
97165.04,INFO,"Mister pulse started; ON until 97165.29s, cooldown until 97169.29s"
97184.04,INFO,"Mister pulse started; ON until 97184.29s, cooldown until 97188.29s"
97189.01,INFO,"Mister pulse started; ON until 97189.26s, cooldown until 97193.26s"
97214.04,INFO,"Mister pulse started; ON until 97214.29s, cooldown until 97218.29s"
97236.04,INFO,"Mister pulse started; ON until 97236.29s, cooldown until 97240.29s"
97252.04,INFO,"Mister pulse started; ON until 97252.29s, cooldown until 97256.29s"
97269.03,INFO,"Mister pulse started; ON until 97269.28s, cooldown until 97273.28s"
97294.01,INFO,"Mister pulse started; ON until 97294.26s, cooldown until 97298.26s"
97299.03,INFO,"Mister pulse started; ON until 97299.28s, cooldown until 97303.28s"
97323.03,INFO,"Mister pulse started; ON until 97323.28s, cooldown until 97327.28s"
97342.04,INFO,"Mister pulse started; ON until 97342.29s, cooldown until 97346.29s"
97348.04,INFO,"Mister pulse started; ON until 97348.29s, cooldown until 97352.29s"
97373.03,INFO,"Mister pulse started; ON until 97373.28s, cooldown until 97377.28s"
97378.04,INFO,"Mister pulse started; ON until 97378.29s, cooldown until 97382.29s"
97402.05,INFO,"Mister pulse started; ON until 97402.30s, cooldown until 97406.30s"
97420.01,INFO,"Mister pulse started; ON until 97420.26s, cooldown until 97424.26s"
97425.02,INFO,"Mister pulse started; ON until 97425.27s, cooldown until 97429.27s"
97450.01,INFO,"Mister pulse started; ON until 97450.26s, cooldown until 97454.26s"
97471.01,INFO,"Mister pulse started; ON until 97471.26s, cooldown until 97475.26s"
97488.05,INFO,"Mister pulse started; ON until 97488.30s, cooldown until 97492.30s"
97503.02,INFO,"Mister pulse started; ON until 97503.27s, cooldown until 97507.27s"
97521.04,INFO,"Mister pulse started; ON until 97521.29s, cooldown until 97525.29s"
97541.01,INFO,"Mister pulse started; ON until 97541.26s, cooldown until 97545.26s"
97551.03,INFO,"Mister pulse started; ON until 97551.28s, cooldown until 97555.28s"
97568.02,INFO,"Mister pulse started; ON until 97568.27s, cooldown until 97572.27s"
97586.04,INFO,"Mister pulse started; ON until 97586.29s, cooldown until 97590.29s"
97607.00,INFO,"Mister pulse started; ON until 97607.25s, cooldown until 97611.25s"
97626.00,INFO,"Mister pulse started; ON until 97626.25s, cooldown until 97630.25s"
97631.01,INFO,"Mister pulse started; ON until 97631.26s, cooldown until 97635.26s"
97655.02,INFO,"Mister pulse started; ON until 97655.27s, cooldown until 97659.27s"
97674.02,INFO,"Mister pulse started; ON until 97674.27s, cooldown until 97678.27s"
97679.03,INFO,"Mister pulse started; ON until 97679.28s, cooldown until 97683.28s"
97701.02,INFO,"Mister pulse started; ON until 97701.27s, cooldown until 97705.27s"
97718.01,INFO,"Mister pulse started; ON until 97718.26s, cooldown until 97722.26s"
97735.04,INFO,"Mister pulse started; ON until 97735.29s, cooldown until 97739.29s"
97755.03,INFO,"Mister pulse started; ON until 97755.28s, cooldown until 97759.28s"
97767.01,INFO,"Mister pulse started; ON until 97767.26s, cooldown until 97771.26s"
97786.00,INFO,"Mister pulse started; ON until 97786.25s, cooldown until 97790.25s"
97801.03,INFO,"Mister pulse started; ON until 97801.28s, cooldown until 97805.28s"
97808.01,INFO,"Mister pulse started; ON until 97808.26s, cooldown until 97812.26s"
97821.01,INFO,"Mister pulse started; ON until 97821.26s, cooldown until 97825.26s"
97841.04,INFO,"Mister pulse started; ON until 97841.29s, cooldown until 97845.29s"
97848.01,INFO,"Mister pulse started; ON until 97848.26s, cooldown until 97852.26s"
97862.01,INFO,"Mister pulse started; ON until 97862.26s, cooldown until 97866.26s"
97886.01,INFO,"Mister pulse started; ON until 97886.26s, cooldown until 97890.26s"
97904.03,INFO,"Mister pulse started; ON until 97904.28s, cooldown until 97908.28s"
97910.03,INFO,"Mister pulse started; ON until 97910.28s, cooldown until 97914.28s"
97935.01,INFO,"Mister pulse started; ON until 97935.26s, cooldown until 97939.26s"
97946.01,INFO,"Mister pulse started; ON until 97946.26s, cooldown until 97950.26s"
97964.03,INFO,"Mister pulse started; ON until 97964.28s, cooldown until 97968.28s"
97981.02,INFO,"Mister pulse started; ON until 97981.27s, cooldown until 97985.27s"
98003.01,INFO,"Mister pulse started; ON until 98003.26s, cooldown until 98007.26s"
98021.03,INFO,"Mister pulse started; ON until 98021.28s, cooldown until 98025.28s"
98043.03,INFO,"Mister pulse started; ON until 98043.28s, cooldown until 98047.28s"
98060.02,INFO,"Mister pulse started; ON until 98060.27s, cooldown until 98064.27s"
98086.04,INFO,"Mister pulse started; ON until 98086.29s, cooldown until 98090.29s"
98091.05,INFO,"Mister pulse started; ON until 98091.30s, cooldown until 98095.30s"
98112.02,INFO,"Mister pulse started; ON until 98112.27s, cooldown until 98116.27s"
98129.01,INFO,"Mister pulse started; ON until 98129.26s, cooldown until 98133.26s"
98149.04,INFO,"Mister pulse started; ON until 98149.29s, cooldown until 98153.29s"
98154.00,INFO,"Mister pulse started; ON until 98154.25s, cooldown until 98158.25s"
98181.01,INFO,"Mister pulse started; ON until 98181.26s, cooldown until 98185.26s"
98192.01,INFO,"Mister pulse started; ON until 98192.26s, cooldown until 98196.26s"
98213.02,INFO,"Mister pulse started; ON until 98213.27s, cooldown until 98217.27s"
98224.02,INFO,"Mister pulse started; ON until 98224.27s, cooldown until 98228.27s"
98246.02,INFO,"Mister pulse started; ON until 98246.27s, cooldown until 98250.27s"
98260.01,INFO,"Mister pulse started; ON until 98260.26s, cooldown until 98264.26s"
98275.04,INFO,"Mister pulse started; ON until 98275.29s, cooldown until 98279.29s"
98280.00,INFO,"Mister pulse started; ON until 98280.25s, cooldown until 98284.25s"
98308.04,INFO,"Mister pulse started; ON until 98308.29s, cooldown until 98312.29s"
98315.01,INFO,"Mister pulse started; ON until 98315.26s, cooldown until 98319.26s"
98333.03,INFO,"Mister pulse started; ON until 98333.28s, cooldown until 98337.28s"
98349.03,INFO,"Mister pulse started; ON until 98349.28s, cooldown until 98353.28s"
98367.04,INFO,"Mister pulse started; ON until 98367.29s, cooldown until 98371.29s"
98387.02,INFO,"Mister pulse started; ON until 98387.27s, cooldown until 98391.27s"
98400.03,INFO,"Mister pulse started; ON until 98400.28s, cooldown until 98404.28s"
98423.01,INFO,"Mister pulse started; ON until 98423.26s, cooldown until 98427.26s"
98442.00,INFO,"Mister pulse started; ON until 98442.25s, cooldown until 98446.25s"
98455.01,INFO,"Mister pulse started; ON until 98455.26s, cooldown until 98459.26s"
98478.04,INFO,"Mister pulse started; ON until 98478.29s, cooldown until 98482.29s"
98498.02,INFO,"Mister pulse started; ON until 98498.27s, cooldown until 98502.27s"
98510.01,INFO,"Mister pulse started; ON until 98510.26s, cooldown until 98514.26s"
98534.01,INFO,"Mister pulse started; ON until 98534.26s, cooldown until 98538.26s"
98552.02,INFO,"Mister pulse started; ON until 98552.27s, cooldown until 98556.27s"
98559.05,INFO,"Mister pulse started; ON until 98559.30s, cooldown until 98563.30s"
98583.05,INFO,"Mister pulse started; ON until 98583.30s, cooldown until 98587.30s"
98603.03,INFO,"Mister pulse started; ON until 98603.28s, cooldown until 98607.28s"
98618.00,INFO,"Mister pulse started; ON until 98618.25s, cooldown until 98622.25s"
98635.03,INFO,"Mister pulse started; ON until 98635.28s, cooldown until 98639.28s"
98651.04,INFO,"Mister pulse started; ON until 98651.29s, cooldown until 98655.29s"
98669.00,INFO,"Mister pulse started; ON until 98669.25s, cooldown until 98673.25s"
98689.03,INFO,"Mister pulse started; ON until 98689.28s, cooldown until 98693.28s"
98703.03,INFO,"Mister pulse started; ON until 98703.28s, cooldown until 98707.28s"
98708.04,INFO,"Mister pulse started; ON until 98708.29s, cooldown until 98712.29s"
98733.04,INFO,"Mister pulse started; ON until 98733.29s, cooldown until 98737.29s"
98754.01,INFO,"Mister pulse started; ON until 98754.26s, cooldown until 98758.26s"
98772.02,INFO,"Mister pulse started; ON until 98772.27s, cooldown until 98776.27s"
98793.04,INFO,"Mister pulse started; ON until 98793.29s, cooldown until 98797.29s"
98807.03,INFO,"Mister pulse started; ON until 98807.28s, cooldown until 98811.28s"
98822.00,INFO,"Mister pulse started; ON until 98822.25s, cooldown until 98826.25s"
98833.00,INFO,"Mister pulse started; ON until 98833.25s, cooldown until 98837.25s"
98854.01,INFO,"Mister pulse started; ON until 98854.26s, cooldown until 98858.26s"
98868.00,INFO,"Mister pulse started; ON until 98868.25s, cooldown until 98872.25s"
98875.03,INFO,"Mister pulse started; ON until 98875.28s, cooldown until 98879.28s"
98903.01,INFO,"Mister pulse started; ON until 98903.26s, cooldown until 98907.26s"
98918.03,INFO,"Mister pulse started; ON until 98918.28s, cooldown until 98922.28s"
98932.01,INFO,"Mister pulse started; ON until 98932.26s, cooldown until 98936.26s"
98938.01,INFO,"Mister pulse started; ON until 98938.26s, cooldown until 98942.26s"
98966.05,INFO,"Mister pulse started; ON until 98966.30s, cooldown until 98970.30s"
98977.00,INFO,"Mister pulse started; ON until 98977.25s, cooldown until 98981.25s"
99000.03,INFO,"Mister pulse started; ON until 99000.28s, cooldown until 99004.28s"
99020.02,INFO,"Mister pulse started; ON until 99020.27s, cooldown until 99024.27s"
99032.05,INFO,"Mister pulse started; ON until 99032.30s, cooldown until 99036.30s"
99052.03,INFO,"Mister pulse started; ON until 99052.28s, cooldown until 99056.28s"
99058.02,INFO,"Mister pulse started; ON until 99058.27s, cooldown until 99062.27s"
99075.05,INFO,"Mister pulse started; ON until 99075.30s, cooldown until 99079.30s"
99080.01,INFO,"Mister pulse started; ON until 99080.26s, cooldown until 99084.26s"
99106.05,INFO,"Mister pulse started; ON until 99106.30s, cooldown until 99110.30s"
99111.01,INFO,"Mister pulse started; ON until 99111.26s, cooldown until 99115.26s"
99138.02,INFO,"Mister pulse started; ON until 99138.27s, cooldown until 99142.27s"
99150.00,INFO,"Mister pulse started; ON until 99150.25s, cooldown until 99154.25s"
99171.02,INFO,"Mister pulse started; ON until 99171.27s, cooldown until 99175.27s"
99188.00,INFO,"Mister pulse started; ON until 99188.25s, cooldown until 99192.25s"
99208.03,INFO,"Mister pulse started; ON until 99208.28s, cooldown until 99212.28s"
99214.02,INFO,"Mister pulse started; ON until 99214.27s, cooldown until 99218.27s"
99243.04,INFO,"Mister pulse started; ON until 99243.29s, cooldown until 99247.29s"
99254.04,INFO,"Mister pulse started; ON until 99254.29s, cooldown until 99258.29s"
99281.04,INFO,"Mister pulse started; ON until 99281.29s, cooldown until 99285.29s"
99294.05,INFO,"Mister pulse started; ON until 99294.30s, cooldown until 99298.30s"
99317.02,INFO,"Mister pulse started; ON until 99317.27s, cooldown until 99321.27s"
99339.02,INFO,"Mister pulse started; ON until 99339.27s, cooldown until 99343.27s"
99358.02,INFO,"Mister pulse started; ON until 99358.27s, cooldown until 99362.27s"
99363.03,INFO,"Mister pulse started; ON until 99363.28s, cooldown until 99367.28s"
99384.04,INFO,"Mister pulse started; ON until 99384.29s, cooldown until 99388.29s"
99399.02,INFO,"Mister pulse started; ON until 99399.27s, cooldown until 99403.27s"
99410.01,INFO,"Mister pulse started; ON until 99410.26s, cooldown until 99414.26s"
99431.02,INFO,"Mister pulse started; ON until 99431.27s, cooldown until 99435.27s"
99438.03,INFO,"Mister pulse started; ON until 99438.28s, cooldown until 99442.28s"
99454.04,INFO,"Mister pulse started; ON until 99454.29s, cooldown until 99458.29s"
99464.00,INFO,"Mister pulse started; ON until 99464.25s, cooldown until 99468.25s"
99480.01,INFO,"Mister pulse started; ON until 99480.26s, cooldown until 99484.26s"
99497.04,INFO,"Mister pulse started; ON until 99497.29s, cooldown until 99501.29s"
99513.04,INFO,"Mister pulse started; ON until 99513.29s, cooldown until 99517.29s"
99530.04,INFO,"Mister pulse started; ON until 99530.29s, cooldown until 99534.29s"
99551.05,INFO,"Mister pulse started; ON until 99551.30s, cooldown until 99555.30s"
99565.04,INFO,"Mister pulse started; ON until 99565.29s, cooldown until 99569.29s"
99571.04,INFO,"Mister pulse started; ON until 99571.29s, cooldown until 99575.29s"
99598.03,INFO,"Mister pulse started; ON until 99598.28s, cooldown until 99602.28s"
99609.03,INFO,"Mister pulse started; ON until 99609.28s, cooldown until 99613.28s"
99628.03,INFO,"Mister pulse started; ON until 99628.28s, cooldown until 99632.28s"
99634.02,INFO,"Mister pulse started; ON until 99634.27s, cooldown until 99638.27s"
99660.03,INFO,"Mister pulse started; ON until 99660.28s, cooldown until 99664.28s"
99665.04,INFO,"Mister pulse started; ON until 99665.29s, cooldown until 99669.29s"
99689.05,INFO,"Mister pulse started; ON until 99689.30s, cooldown until 99693.30s"
99710.01,INFO,"Mister pulse started; ON until 99710.26s, cooldown until 99714.26s"
99727.04,INFO,"Mister pulse started; ON until 99727.29s, cooldown until 99731.29s"
99744.04,INFO,"Mister pulse started; ON until 99744.29s, cooldown until 99748.29s"
99763.04,INFO,"Mister pulse started; ON until 99763.29s, cooldown until 99767.29s"
99771.04,INFO,"Mister pulse started; ON until 99771.29s, cooldown until 99775.29s"
99785.03,INFO,"Mister pulse started; ON until 99785.28s, cooldown until 99789.28s"
99807.03,INFO,"Mister pulse started; ON until 99807.28s, cooldown until 99811.28s"
99827.01,INFO,"Mister pulse started; ON until 99827.26s, cooldown until 99831.26s"
99838.01,INFO,"Mister pulse started; ON until 99838.26s, cooldown until 99842.26s"
99860.01,INFO,"Mister pulse started; ON until 99860.26s, cooldown until 99864.26s"
99877.04,INFO,"Mister pulse started; ON until 99877.29s, cooldown until 99881.29s"
99892.02,INFO,"Mister pulse started; ON until 99892.27s, cooldown until 99896.27s"
99908.02,INFO,"Mister pulse started; ON until 99908.27s, cooldown until 99912.27s"
99924.02,INFO,"Mister pulse started; ON until 99924.27s, cooldown until 99928.27s"
99942.04,INFO,"Mister pulse started; ON until 99942.29s, cooldown until 99946.29s"
99962.02,INFO,"Mister pulse started; ON until 99962.27s, cooldown until 99966.27s"
99974.01,INFO,"Mister pulse started; ON until 99974.26s, cooldown until 99978.26s"
99998.02,INFO,"Mister pulse started; ON until 99998.27s, cooldown until 100002.27s"
100020.01,INFO,"Mister pulse started; ON until 100020.26s, cooldown until 100024.26s"
100037.01,INFO,"Mister pulse started; ON until 100037.26s, cooldown until 100041.26s"
100061.01,INFO,"Mister pulse started; ON until 100061.26s, cooldown until 100065.26s"
100082.03,INFO,"Mister pulse started; ON until 100082.28s, cooldown until 100086.28s"
100098.04,INFO,"Mister pulse started; ON until 100098.29s, cooldown until 100102.29s"
100114.04,INFO,"Mister pulse started; ON until 100114.29s, cooldown until 100118.29s"
100130.04,INFO,"Mister pulse started; ON until 100130.29s, cooldown until 100134.29s"
100147.03,INFO,"Mister pulse started; ON until 100147.28s, cooldown until 100151.28s"
100165.04,INFO,"Mister pulse started; ON until 100165.29s, cooldown until 100169.29s"
100189.04,INFO,"Mister pulse started; ON until 100189.29s, cooldown until 100193.29s"
100211.04,INFO,"Mister pulse started; ON until 100211.29s, cooldown until 100215.29s"
100228.03,INFO,"Mister pulse started; ON until 100228.28s, cooldown until 100232.28s"
100252.04,INFO,"Mister pulse started; ON until 100252.29s, cooldown until 100256.29s"
100273.01,INFO,"Mister pulse started; ON until 100273.26s, cooldown until 100277.26s"
100293.03,INFO,"Mister pulse started; ON until 100293.28s, cooldown until 100297.28s"
100298.04,INFO,"Mister pulse started; ON until 100298.29s, cooldown until 100302.29s"
100324.02,INFO,"Mister pulse started; ON until 100324.27s, cooldown until 100328.27s"
100329.03,INFO,"Mister pulse started; ON until 100329.28s, cooldown until 100333.28s"
100354.02,INFO,"Mister pulse started; ON until 100354.27s, cooldown until 100358.27s"
100377.05,INFO,"Mister pulse started; ON until 100377.30s, cooldown until 100381.30s"
100396.04,INFO,"Mister pulse started; ON until 100396.29s, cooldown until 100400.29s"
100404.05,INFO,"Mister pulse started; ON until 100404.30s, cooldown until 100408.30s"
100418.05,INFO,"Mister pulse started; ON until 100418.30s, cooldown until 100422.30s"
100441.03,INFO,"Mister pulse started; ON until 100441.28s, cooldown until 100445.28s"
100463.04,INFO,"Mister pulse started; ON until 100463.29s, cooldown until 100467.29s"
100483.02,INFO,"Mister pulse started; ON until 100483.27s, cooldown until 100487.27s"
100496.03,INFO,"Mister pulse started; ON until 100496.28s, cooldown until 100500.28s"
100520.05,INFO,"Mister pulse started; ON until 100520.30s, cooldown until 100524.30s"
100542.00,INFO,"Mister pulse started; ON until 100542.25s, cooldown until 100546.25s"
100566.01,INFO,"Mister pulse started; ON until 100566.26s, cooldown until 100570.26s"
100587.03,INFO,"Mister pulse started; ON until 100587.28s, cooldown until 100591.28s"
100604.01,INFO,"Mister pulse started; ON until 100604.26s, cooldown until 100608.26s"
100623.02,INFO,"Mister pulse started; ON until 100623.27s, cooldown until 100627.27s"
100628.03,INFO,"Mister pulse started; ON until 100628.28s, cooldown until 100632.28s"
100654.05,INFO,"Mister pulse started; ON until 100654.30s, cooldown until 100658.30s"
100675.01,INFO,"Mister pulse started; ON until 100675.26s, cooldown until 100679.26s"
100694.01,INFO,"Mister pulse started; ON until 100694.26s, cooldown until 100698.26s"
100701.04,INFO,"Mister pulse started; ON until 100701.29s, cooldown until 100705.29s"
100727.01,INFO,"Mister pulse started; ON until 100727.26s, cooldown until 100731.26s"
100742.03,INFO,"Mister pulse started; ON until 100742.28s, cooldown until 100746.28s"
100749.05,INFO,"Mister pulse started; ON until 100749.30s, cooldown until 100753.30s"
100774.04,INFO,"Mister pulse started; ON until 100774.29s, cooldown until 100778.29s"
100779.00,INFO,"Mister pulse started; ON until 100779.25s, cooldown until 100783.25s"
100808.02,INFO,"Mister pulse started; ON until 100808.27s, cooldown until 100812.27s"
100824.02,INFO,"Mister pulse started; ON until 100824.27s, cooldown until 100828.27s"
100840.03,INFO,"Mister pulse started; ON until 100840.28s, cooldown until 100844.28s"
100859.03,INFO,"Mister pulse started; ON until 100859.28s, cooldown until 100863.28s"
100882.03,INFO,"Mister pulse started; ON until 100882.28s, cooldown until 100886.28s"
100905.00,INFO,"Mister pulse started; ON until 100905.25s, cooldown until 100909.25s"
100926.02,INFO,"Mister pulse started; ON until 100926.27s, cooldown until 100930.27s"
100943.01,INFO,"Mister pulse started; ON until 100943.26s, cooldown until 100947.26s"
100963.03,INFO,"Mister pulse started; ON until 100963.28s, cooldown until 100967.28s"
100971.04,INFO,"Mister pulse started; ON until 100971.29s, cooldown until 100975.29s"
100984.01,INFO,"Mister pulse started; ON until 100984.26s, cooldown until 100988.26s"
101009.05,INFO,"Mister pulse started; ON until 101009.30s, cooldown until 101013.30s"
101031.05,INFO,"Mister pulse started; ON until 101031.30s, cooldown until 101035.30s"
101051.02,INFO,"Mister pulse started; ON until 101051.27s, cooldown until 101055.27s"
101062.02,INFO,"Mister pulse started; ON until 101062.27s, cooldown until 101066.27s"
101084.00,INFO,"Mister pulse started; ON until 101084.25s, cooldown until 101088.25s"
101099.03,INFO,"Mister pulse started; ON until 101099.28s, cooldown until 101103.28s"
101117.05,INFO,"Mister pulse started; ON until 101117.30s, cooldown until 101121.30s"
101132.02,INFO,"Mister pulse started; ON until 101132.27s, cooldown until 101136.27s"
101150.04,INFO,"Mister pulse started; ON until 101150.29s, cooldown until 101154.29s"
101170.02,INFO,"Mister pulse started; ON until 101170.27s, cooldown until 101174.27s"
101183.03,INFO,"Mister pulse started; ON until 101183.28s, cooldown until 101187.28s"
101206.00,INFO,"Mister pulse started; ON until 101206.25s, cooldown until 101210.25s"
101228.01,INFO,"Mister pulse started; ON until 101228.26s, cooldown until 101232.26s"
101248.04,INFO,"Mister pulse started; ON until 101248.29s, cooldown until 101252.29s"
101254.03,INFO,"Mister pulse started; ON until 101254.28s, cooldown until 101258.28s"
101280.00,INFO,"Mister pulse started; ON until 101280.25s, cooldown until 101284.25s"
101293.01,INFO,"Mister pulse started; ON until 101293.26s, cooldown until 101297.26s"
101318.05,INFO,"Mister pulse started; ON until 101318.30s, cooldown until 101322.30s"
101342.01,INFO,"Mister pulse started; ON until 101342.26s, cooldown until 101346.26s"
101347.03,INFO,"Mister pulse started; ON until 101347.28s, cooldown until 101351.28s"
101372.01,INFO,"Mister pulse started; ON until 101372.26s, cooldown until 101376.26s"
101393.02,INFO,"Mister pulse started; ON until 101393.27s, cooldown until 101397.27s"
101413.01,INFO,"Mister pulse started; ON until 101413.26s, cooldown until 101417.26s"
101418.02,INFO,"Mister pulse started; ON until 101418.27s, cooldown until 101422.27s"
101443.01,INFO,"Mister pulse started; ON until 101443.26s, cooldown until 101447.26s"
101468.00,INFO,"Mister pulse started; ON until 101468.25s, cooldown until 101472.25s"
101473.01,INFO,"Mister pulse started; ON until 101473.26s, cooldown until 101477.26s"
101496.04,INFO,"Mister pulse started; ON until 101496.29s, cooldown until 101500.29s"
101514.01,INFO,"Mister pulse started; ON until 101514.26s, cooldown until 101518.26s"
101536.05,INFO,"Mister pulse started; ON until 101536.30s, cooldown until 101540.30s"
101554.02,INFO,"Mister pulse started; ON until 101554.27s, cooldown until 101558.27s"
101577.04,INFO,"Mister pulse started; ON until 101577.29s, cooldown until 101581.29s"
101596.04,INFO,"Mister pulse started; ON until 101596.29s, cooldown until 101600.29s"
101604.00,INFO,"Mister pulse started; ON until 101604.25s, cooldown until 101608.25s"
101622.02,INFO,"Mister pulse started; ON until 101622.27s, cooldown until 101626.27s"
101639.02,INFO,"Mister pulse started; ON until 101639.27s, cooldown until 101643.27s"
101660.02,INFO,"Mister pulse started; ON until 101660.27s, cooldown until 101664.27s"
101677.01,INFO,"Mister pulse started; ON until 101677.26s, cooldown until 101681.26s"
101695.03,INFO,"Mister pulse started; ON until 101695.28s, cooldown until 101699.28s"
101714.03,INFO,"Mister pulse started; ON until 101714.28s, cooldown until 101718.28s"
101723.01,INFO,"Mister pulse started; ON until 101723.26s, cooldown until 101727.26s"
101739.02,INFO,"Mister pulse started; ON until 101739.27s, cooldown until 101743.27s"
101753.01,INFO,"Mister pulse started; ON until 101753.26s, cooldown until 101757.26s"
101762.05,INFO,"Mister pulse started; ON until 101762.30s, cooldown until 101766.30s"
101776.04,INFO,"Mister pulse started; ON until 101776.29s, cooldown until 101780.29s"
101799.01,INFO,"Mister pulse started; ON until 101799.26s, cooldown until 101803.26s"
101821.02,INFO,"Mister pulse started; ON until 101821.27s, cooldown until 101825.27s"
101839.04,INFO,"Mister pulse started; ON until 101839.29s, cooldown until 101843.29s"
101861.04,INFO,"Mister pulse started; ON until 101861.29s, cooldown until 101865.29s"
101881.01,INFO,"Mister pulse started; ON until 101881.26s, cooldown until 101885.26s"
101895.01,INFO,"Mister pulse started; ON until 101895.26s, cooldown until 101899.26s"
101903.02,INFO,"Mister pulse started; ON until 101903.27s, cooldown until 101907.27s"
101919.03,INFO,"Mister pulse started; ON until 101919.28s, cooldown until 101923.28s"
101925.02,INFO,"Mister pulse started; ON until 101925.27s, cooldown until 101929.27s"
101954.04,INFO,"Mister pulse started; ON until 101954.29s, cooldown until 101958.29s"
101970.04,INFO,"Mister pulse started; ON until 101970.29s, cooldown until 101974.29s"
101988.01,INFO,"Mister pulse started; ON until 101988.26s, cooldown until 101992.26s"
102011.03,INFO,"Mister pulse started; ON until 102011.28s, cooldown until 102015.28s"
102029.05,INFO,"Mister pulse started; ON until 102029.30s, cooldown until 102033.30s"
102054.04,INFO,"Mister pulse started; ON until 102054.29s, cooldown until 102058.29s"
102059.04,INFO,"Mister pulse started; ON until 102059.29s, cooldown until 102063.29s"
102085.02,INFO,"Mister pulse started; ON until 102085.27s, cooldown until 102089.27s"
102090.03,INFO,"Mister pulse started; ON until 102090.28s, cooldown until 102094.28s"
102115.02,INFO,"Mister pulse started; ON until 102115.27s, cooldown until 102119.27s"
102136.03,INFO,"Mister pulse started; ON until 102136.28s, cooldown until 102140.28s"
102154.01,INFO,"Mister pulse started; ON until 102154.26s, cooldown until 102158.26s"
102180.02,INFO,"Mister pulse started; ON until 102180.27s, cooldown until 102184.27s"
102186.01,INFO,"Mister pulse started; ON until 102186.26s, cooldown until 102190.26s"
102215.02,INFO,"Mister pulse started; ON until 102215.27s, cooldown until 102219.27s"
102232.01,INFO,"Mister pulse started; ON until 102232.26s, cooldown until 102236.26s"
102252.05,INFO,"Mister pulse started; ON until 102252.30s, cooldown until 102256.30s"
102259.03,INFO,"Mister pulse started; ON until 102259.28s, cooldown until 102263.28s"
102273.01,INFO,"Mister pulse started; ON until 102273.26s, cooldown until 102277.26s"
102295.01,INFO,"Mister pulse started; ON until 102295.26s, cooldown until 102299.26s"
102316.02,INFO,"Mister pulse started; ON until 102316.27s, cooldown until 102320.27s"
102326.04,INFO,"Mister pulse started; ON until 102326.29s, cooldown until 102330.29s"
102346.02,INFO,"Mister pulse started; ON until 102346.27s, cooldown until 102350.27s"
102357.02,INFO,"Mister pulse started; ON until 102357.27s, cooldown until 102361.27s"
102376.02,INFO,"Mister pulse started; ON until 102376.27s, cooldown until 102380.27s"
102397.03,INFO,"Mister pulse started; ON until 102397.28s, cooldown until 102401.28s"
102415.04,INFO,"Mister pulse started; ON until 102415.29s, cooldown until 102419.29s"
102437.04,INFO,"Mister pulse started; ON until 102437.29s, cooldown until 102441.29s"
102453.05,INFO,"Mister pulse started; ON until 102453.30s, cooldown until 102457.30s"
102473.02,INFO,"Mister pulse started; ON until 102473.27s, cooldown until 102477.27s"
102479.01,INFO,"Mister pulse started; ON until 102479.26s, cooldown until 102483.26s"
102506.02,INFO,"Mister pulse started; ON until 102506.27s, cooldown until 102510.27s"
102518.05,INFO,"Mister pulse started; ON until 102518.30s, cooldown until 102522.30s"
102540.03,INFO,"Mister pulse started; ON until 102540.28s, cooldown until 102544.28s"
102555.01,INFO,"Mister pulse started; ON until 102555.26s, cooldown until 102559.26s"
102572.00,INFO,"Mister pulse started; ON until 102572.25s, cooldown until 102576.25s"
102592.00,INFO,"Mister pulse started; ON until 102592.25s, cooldown until 102596.25s"
102617.05,INFO,"Mister pulse started; ON until 102617.30s, cooldown until 102621.30s"
102637.03,INFO,"Mister pulse started; ON until 102637.28s, cooldown until 102641.28s"
102655.00,INFO,"Mister pulse started; ON until 102655.25s, cooldown until 102659.25s"
102679.01,INFO,"Mister pulse started; ON until 102679.26s, cooldown until 102683.26s"
102701.05,INFO,"Mister pulse started; ON until 102701.30s, cooldown until 102705.30s"
102720.05,INFO,"Mister pulse started; ON until 102720.30s, cooldown until 102724.30s"
102744.05,INFO,"Mister pulse started; ON until 102744.30s, cooldown until 102748.30s"
102767.03,INFO,"Mister pulse started; ON until 102767.28s, cooldown until 102771.28s"
102789.03,INFO,"Mister pulse started; ON until 102789.28s, cooldown until 102793.28s"
102809.01,INFO,"Mister pulse started; ON until 102809.26s, cooldown until 102813.26s"
102824.04,INFO,"Mister pulse started; ON until 102824.29s, cooldown until 102828.29s"
102829.05,INFO,"Mister pulse started; ON until 102829.30s, cooldown until 102833.30s"
102855.02,INFO,"Mister pulse started; ON until 102855.27s, cooldown until 102859.27s"
102860.03,INFO,"Mister pulse started; ON until 102860.28s, cooldown until 102864.28s"
102886.05,INFO,"Mister pulse started; ON until 102886.30s, cooldown until 102890.30s"
102909.04,INFO,"Mister pulse started; ON until 102909.29s, cooldown until 102913.29s"
102933.04,INFO,"Mister pulse started; ON until 102933.29s, cooldown until 102937.29s"
102957.05,INFO,"Mister pulse started; ON until 102957.30s, cooldown until 102961.30s"
102981.00,INFO,"Mister pulse started; ON until 102981.25s, cooldown until 102985.25s"
102986.01,INFO,"Mister pulse started; ON until 102986.26s, cooldown until 102990.26s"
103014.05,INFO,"Mister pulse started; ON until 103014.30s, cooldown until 103018.30s"
103025.00,INFO,"Mister pulse started; ON until 103025.25s, cooldown until 103029.25s"
103043.03,INFO,"Mister pulse started; ON until 103043.28s, cooldown until 103047.28s"
103069.00,INFO,"Mister pulse started; ON until 103069.25s, cooldown until 103073.25s"
103086.04,INFO,"Mister pulse started; ON until 103086.29s, cooldown until 103090.29s"
103100.04,INFO,"Mister pulse started; ON until 103100.29s, cooldown until 103104.29s"
103107.00,INFO,"Mister pulse started; ON until 103107.25s, cooldown until 103111.25s"
103123.01,INFO,"Mister pulse started; ON until 103123.26s, cooldown until 103127.26s"
103137.05,INFO,"Mister pulse started; ON until 103137.30s, cooldown until 103141.30s"
103157.04,INFO,"Mister pulse started; ON until 103157.29s, cooldown until 103161.29s"
103168.04,INFO,"Mister pulse started; ON until 103168.29s, cooldown until 103172.29s"
103190.03,INFO,"Mister pulse started; ON until 103190.28s, cooldown until 103194.28s"
103210.01,INFO,"Mister pulse started; ON until 103210.26s, cooldown until 103214.26s"
103215.02,INFO,"Mister pulse started; ON until 103215.27s, cooldown until 103219.27s"
103240.01,INFO,"Mister pulse started; ON until 103240.26s, cooldown until 103244.26s"
103265.05,INFO,"Mister pulse started; ON until 103265.30s, cooldown until 103269.30s"
103289.00,INFO,"Mister pulse started; ON until 103289.25s, cooldown until 103293.25s"
103298.04,INFO,"Mister pulse started; ON until 103298.29s, cooldown until 103302.29s"
103312.02,INFO,"Mister pulse started; ON until 103312.27s, cooldown until 103316.27s"
103338.04,INFO,"Mister pulse started; ON until 103338.29s, cooldown until 103342.29s"
103343.05,INFO,"Mister pulse started; ON until 103343.30s, cooldown until 103347.30s"
103373.04,INFO,"Mister pulse started; ON until 103373.29s, cooldown until 103377.29s"
103389.04,INFO,"Mister pulse started; ON until 103389.29s, cooldown until 103393.29s"
103407.02,INFO,"Mister pulse started; ON until 103407.27s, cooldown until 103411.27s"
103435.05,INFO,"Mister pulse started; ON until 103435.30s, cooldown until 103439.30s"
103443.00,INFO,"Mister pulse started; ON until 103443.25s, cooldown until 103447.25s"
103465.04,INFO,"Mister pulse started; ON until 103465.29s, cooldown until 103469.29s"
103471.03,INFO,"Mister pulse started; ON until 103471.28s, cooldown until 103475.28s"
103505.04,INFO,"Mister pulse started; ON until 103505.29s, cooldown until 103509.29s"
103511.04,INFO,"Mister pulse started; ON until 103511.29s, cooldown until 103515.29s"
103538.04,INFO,"Mister pulse started; ON until 103538.29s, cooldown until 103542.29s"
103553.01,INFO,"Mister pulse started; ON until 103553.26s, cooldown until 103557.26s"
103566.02,INFO,"Mister pulse started; ON until 103566.27s, cooldown until 103570.27s"
103595.04,INFO,"Mister pulse started; ON until 103595.29s, cooldown until 103599.29s"
103609.04,INFO,"Mister pulse started; ON until 103609.29s, cooldown until 103613.29s"
103625.04,INFO,"Mister pulse started; ON until 103625.29s, cooldown until 103629.29s"
103642.03,INFO,"Mister pulse started; ON until 103642.28s, cooldown until 103646.28s"
103659.01,INFO,"Mister pulse started; ON until 103659.26s, cooldown until 103663.26s"
103685.03,INFO,"Mister pulse started; ON until 103685.28s, cooldown until 103689.28s"
103710.02,INFO,"Mister pulse started; ON until 103710.27s, cooldown until 103714.27s"
103716.01,INFO,"Mister pulse started; ON until 103716.26s, cooldown until 103720.26s"
103746.04,INFO,"Mister pulse started; ON until 103746.29s, cooldown until 103750.29s"
103764.02,INFO,"Mister pulse started; ON until 103764.27s, cooldown until 103768.27s"
103790.04,INFO,"Mister pulse started; ON until 103790.29s, cooldown until 103794.29s"
103795.05,INFO,"Mister pulse started; ON until 103795.30s, cooldown until 103799.30s"
103824.01,INFO,"Mister pulse started; ON until 103824.26s, cooldown until 103828.26s"
103843.01,INFO,"Mister pulse started; ON until 103843.26s, cooldown until 103847.26s"
103869.03,INFO,"Mister pulse started; ON until 103869.28s, cooldown until 103873.28s"
103876.01,INFO,"Mister pulse started; ON until 103876.26s, cooldown until 103880.26s"
103893.04,INFO,"Mister pulse started; ON until 103893.29s, cooldown until 103897.29s"
103907.03,INFO,"Mister pulse started; ON until 103907.28s, cooldown until 103911.28s"
103933.00,INFO,"Mister pulse started; ON until 103933.25s, cooldown until 103937.25s"
103948.02,INFO,"Mister pulse started; ON until 103948.27s, cooldown until 103952.27s"
103960.01,INFO,"Mister pulse started; ON until 103960.26s, cooldown until 103964.26s"
103986.04,INFO,"Mister pulse started; ON until 103986.29s, cooldown until 103990.29s"
104013.05,INFO,"Mister pulse started; ON until 104013.30s, cooldown until 104017.30s"
104028.02,INFO,"Mister pulse started; ON until 104028.27s, cooldown until 104032.27s"
104046.03,INFO,"Mister pulse started; ON until 104046.28s, cooldown until 104050.28s"
104064.04,INFO,"Mister pulse started; ON until 104064.29s, cooldown until 104068.29s"
104087.02,INFO,"Mister pulse started; ON until 104087.27s, cooldown until 104091.27s"
104109.02,INFO,"Mister pulse started; ON until 104109.27s, cooldown until 104113.27s"
104128.01,INFO,"Mister pulse started; ON until 104128.26s, cooldown until 104132.26s"
104155.01,INFO,"Mister pulse started; ON until 104155.26s, cooldown until 104159.26s"
104172.05,INFO,"Mister pulse started; ON until 104172.30s, cooldown until 104176.30s"
104188.01,INFO,"Mister pulse started; ON until 104188.26s, cooldown until 104192.26s"
104206.03,INFO,"Mister pulse started; ON until 104206.28s, cooldown until 104210.28s"
104229.01,INFO,"Mister pulse started; ON until 104229.26s, cooldown until 104233.26s"
104251.04,INFO,"Mister pulse started; ON until 104251.29s, cooldown until 104255.29s"
104266.02,INFO,"Mister pulse started; ON until 104266.27s, cooldown until 104270.27s"
104284.04,INFO,"Mister pulse started; ON until 104284.29s, cooldown until 104288.29s"
104303.05,INFO,"Mister pulse started; ON until 104303.30s, cooldown until 104307.30s"
104329.01,INFO,"Mister pulse started; ON until 104329.26s, cooldown until 104333.26s"
104344.04,INFO,"Mister pulse started; ON until 104344.29s, cooldown until 104348.29s"
104353.03,INFO,"Mister pulse started; ON until 104353.28s, cooldown until 104357.28s"
104373.01,INFO,"Mister pulse started; ON until 104373.26s, cooldown until 104377.26s"
104401.04,INFO,"Mister pulse started; ON until 104401.29s, cooldown until 104405.29s"
104415.03,INFO,"Mister pulse started; ON until 104415.28s, cooldown until 104419.28s"
104423.03,INFO,"Mister pulse started; ON until 104423.28s, cooldown until 104427.28s"
104440.02,INFO,"Mister pulse started; ON until 104440.27s, cooldown until 104444.27s"
104455.05,INFO,"Mister pulse started; ON until 104455.30s, cooldown until 104459.30s"
104468.01,INFO,"Mister pulse started; ON until 104468.26s, cooldown until 104472.26s"
104497.02,INFO,"Mister pulse started; ON until 104497.27s, cooldown until 104501.27s"
104514.01,INFO,"Mister pulse started; ON until 104514.26s, cooldown until 104518.26s"
104537.03,INFO,"Mister pulse started; ON until 104537.28s, cooldown until 104541.28s"
104558.04,INFO,"Mister pulse started; ON until 104558.29s, cooldown until 104562.29s"
104564.03,INFO,"Mister pulse started; ON until 104564.28s, cooldown until 104568.28s"
104594.04,INFO,"Mister pulse started; ON until 104594.29s, cooldown until 104598.29s"
104617.02,INFO,"Mister pulse started; ON until 104617.27s, cooldown until 104621.27s"
104640.04,INFO,"Mister pulse started; ON until 104640.29s, cooldown until 104644.29s"
104659.05,INFO,"Mister pulse started; ON until 104659.30s, cooldown until 104663.30s"
104686.05,INFO,"Mister pulse started; ON until 104686.30s, cooldown until 104690.30s"
104701.02,INFO,"Mister pulse started; ON until 104701.27s, cooldown until 104705.27s"
104718.00,INFO,"Mister pulse started; ON until 104718.25s, cooldown until 104722.25s"
104737.01,INFO,"Mister pulse started; ON until 104737.26s, cooldown until 104741.26s"
104763.03,INFO,"Mister pulse started; ON until 104763.28s, cooldown until 104767.28s"
104772.01,INFO,"Mister pulse started; ON until 104772.26s, cooldown until 104776.26s"
104790.03,INFO,"Mister pulse started; ON until 104790.28s, cooldown until 104794.28s"
104810.02,INFO,"Mister pulse started; ON until 104810.27s, cooldown until 104814.27s"
104818.03,INFO,"Mister pulse started; ON until 104818.28s, cooldown until 104822.28s"
104836.05,INFO,"Mister pulse started; ON until 104836.30s, cooldown until 104840.30s"
104852.05,INFO,"Mister pulse started; ON until 104852.30s, cooldown until 104856.30s"
104867.02,INFO,"Mister pulse started; ON until 104867.27s, cooldown until 104871.27s"
104886.03,INFO,"Mister pulse started; ON until 104886.28s, cooldown until 104890.28s"
104909.00,INFO,"Mister pulse started; ON until 104909.25s, cooldown until 104913.25s"
104931.05,INFO,"Mister pulse started; ON until 104931.30s, cooldown until 104935.30s"
104949.02,INFO,"Mister pulse started; ON until 104949.27s, cooldown until 104953.27s"
104972.05,INFO,"Mister pulse started; ON until 104972.30s, cooldown until 104976.30s"
104993.01,INFO,"Mister pulse started; ON until 104993.26s, cooldown until 104997.26s"
105000.03,INFO,"Mister pulse started; ON until 105000.28s, cooldown until 105004.28s"
105020.02,INFO,"Mister pulse started; ON until 105020.27s, cooldown until 105024.27s"
105043.05,INFO,"Mister pulse started; ON until 105043.30s, cooldown until 105047.30s"
105062.04,INFO,"Mister pulse started; ON until 105062.29s, cooldown until 105066.29s"
105090.03,INFO,"Mister pulse started; ON until 105090.28s, cooldown until 105094.28s"
105109.04,INFO,"Mister pulse started; ON until 105109.29s, cooldown until 105113.29s"
105137.01,INFO,"Mister pulse started; ON until 105137.26s, cooldown until 105141.26s"
105157.05,INFO,"Mister pulse started; ON until 105157.30s, cooldown until 105161.30s"
105184.01,INFO,"Mister pulse started; ON until 105184.26s, cooldown until 105188.26s"
105202.03,INFO,"Mister pulse started; ON until 105202.28s, cooldown until 105206.28s"
105227.02,INFO,"Mister pulse started; ON until 105227.27s, cooldown until 105231.27s"
105255.01,INFO,"Mister pulse started; ON until 105255.26s, cooldown until 105259.26s"
105273.04,INFO,"Mister pulse started; ON until 105273.29s, cooldown until 105277.29s"
105297.04,INFO,"Mister pulse started; ON until 105297.29s, cooldown until 105301.29s"
105322.04,INFO,"Mister pulse started; ON until 105322.29s, cooldown until 105326.29s"
105348.05,INFO,"Mister pulse started; ON until 105348.30s, cooldown until 105352.30s"
105357.03,INFO,"Mister pulse started; ON until 105357.28s, cooldown until 105361.28s"
105378.05,INFO,"Mister pulse started; ON until 105378.30s, cooldown until 105382.30s"
105406.03,INFO,"Mister pulse started; ON until 105406.28s, cooldown until 105410.28s"
105423.03,INFO,"Mister pulse started; ON until 105423.28s, cooldown until 105427.28s"
105448.02,INFO,"Mister pulse started; ON until 105448.27s, cooldown until 105452.27s"
105474.03,INFO,"Mister pulse started; ON until 105474.28s, cooldown until 105478.28s"
105487.05,INFO,"Mister pulse started; ON until 105487.30s, cooldown until 105491.30s"
105512.04,INFO,"Mister pulse started; ON until 105512.29s, cooldown until 105516.29s"
105533.01,INFO,"Mister pulse started; ON until 105533.26s, cooldown until 105537.26s"
105556.03,INFO,"Mister pulse started; ON until 105556.28s, cooldown until 105560.28s"
105573.01,INFO,"Mister pulse started; ON until 105573.26s, cooldown until 105577.26s"
105597.02,INFO,"Mister pulse started; ON until 105597.27s, cooldown until 105601.27s"
105619.02,INFO,"Mister pulse started; ON until 105619.27s, cooldown until 105623.27s"
105639.05,INFO,"Mister pulse started; ON until 105639.30s, cooldown until 105643.30s"
105667.03,INFO,"Mister pulse started; ON until 105667.28s, cooldown until 105671.28s"
105685.05,INFO,"Mister pulse started; ON until 105685.30s, cooldown until 105689.30s"
105707.04,INFO,"Mister pulse started; ON until 105707.29s, cooldown until 105711.29s"
105727.03,INFO,"Mister pulse started; ON until 105727.28s, cooldown until 105731.28s"
105732.04,INFO,"Mister pulse started; ON until 105732.29s, cooldown until 105736.29s"
105762.04,INFO,"Mister pulse started; ON until 105762.29s, cooldown until 105766.29s"
105783.00,INFO,"Mister pulse started; ON until 105783.25s, cooldown until 105787.25s"
105799.01,INFO,"Mister pulse started; ON until 105799.26s, cooldown until 105803.26s"
105816.04,INFO,"Mister pulse started; ON until 105816.29s, cooldown until 105820.29s"
105832.01,INFO,"Mister pulse started; ON until 105832.26s, cooldown until 105836.26s"
105852.05,INFO,"Mister pulse started; ON until 105852.30s, cooldown until 105856.30s"
105879.00,INFO,"Mister pulse started; ON until 105879.25s, cooldown until 105883.25s"
105897.02,INFO,"Mister pulse started; ON until 105897.27s, cooldown until 105901.27s"
105921.04,INFO,"Mister pulse started; ON until 105921.29s, cooldown until 105925.29s"
105943.03,INFO,"Mister pulse started; ON until 105943.28s, cooldown until 105947.28s"
105963.01,INFO,"Mister pulse started; ON until 105963.26s, cooldown until 105967.26s"
105977.00,INFO,"Mister pulse started; ON until 105977.25s, cooldown until 105981.25s"
106005.04,INFO,"Mister pulse started; ON until 106005.29s, cooldown until 106009.29s"
106020.01,INFO,"Mister pulse started; ON until 106020.26s, cooldown until 106024.26s"
106037.00,INFO,"Mister pulse started; ON until 106037.25s, cooldown until 106041.25s"
106059.04,INFO,"Mister pulse started; ON until 106059.29s, cooldown until 106063.29s"
106065.03,INFO,"Mister pulse started; ON until 106065.28s, cooldown until 106069.28s"
106094.05,INFO,"Mister pulse started; ON until 106094.30s, cooldown until 106098.30s"
106114.03,INFO,"Mister pulse started; ON until 106114.28s, cooldown until 106118.28s"
106120.02,INFO,"Mister pulse started; ON until 106120.27s, cooldown until 106124.27s"
106154.04,INFO,"Mister pulse started; ON until 106154.29s, cooldown until 106158.29s"
106161.01,INFO,"Mister pulse started; ON until 106161.26s, cooldown until 106165.26s"
106176.03,INFO,"Mister pulse started; ON until 106176.28s, cooldown until 106180.28s"
106204.05,INFO,"Mister pulse started; ON until 106204.30s, cooldown until 106208.30s"
106220.01,INFO,"Mister pulse started; ON until 106220.26s, cooldown until 106224.26s"
106242.05,INFO,"Mister pulse started; ON until 106242.30s, cooldown until 106246.30s"
106249.02,INFO,"Mister pulse started; ON until 106249.27s, cooldown until 106253.27s"
106269.05,INFO,"Mister pulse started; ON until 106269.30s, cooldown until 106273.30s"
106287.02,INFO,"Mister pulse started; ON until 106287.27s, cooldown until 106291.27s"
106314.02,INFO,"Mister pulse started; ON until 106314.27s, cooldown until 106318.27s"
106327.04,INFO,"Mister pulse started; ON until 106327.29s, cooldown until 106331.29s"
106356.04,INFO,"Mister pulse started; ON until 106356.29s, cooldown until 106360.29s"
106374.02,INFO,"Mister pulse started; ON until 106374.27s, cooldown until 106378.27s"
106399.00,INFO,"Mister pulse started; ON until 106399.25s, cooldown until 106403.25s"
106405.05,INFO,"Mister pulse started; ON until 106405.30s, cooldown until 106409.30s"
106434.05,INFO,"Mister pulse started; ON until 106434.30s, cooldown until 106438.30s"
106449.02,INFO,"Mister pulse started; ON until 106449.27s, cooldown until 106453.27s"
106467.04,INFO,"Mister pulse started; ON until 106467.29s, cooldown until 106471.29s"
106489.04,INFO,"Mister pulse started; ON until 106489.29s, cooldown until 106493.29s"
106495.03,INFO,"Mister pulse started; ON until 106495.28s, cooldown until 106499.28s"
106516.04,INFO,"Mister pulse started; ON until 106516.29s, cooldown until 106520.29s"
106539.02,INFO,"Mister pulse started; ON until 106539.27s, cooldown until 106543.27s"
106560.03,INFO,"Mister pulse started; ON until 106560.28s, cooldown until 106564.28s"
106577.02,INFO,"Mister pulse started; ON until 106577.27s, cooldown until 106581.27s"
106598.04,INFO,"Mister pulse started; ON until 106598.29s, cooldown until 106602.29s"
106603.01,INFO,"Mister pulse started; ON until 106603.26s, cooldown until 106607.26s"
106634.03,INFO,"Mister pulse started; ON until 106634.28s, cooldown until 106638.28s"
106656.04,INFO,"Mister pulse started; ON until 106656.29s, cooldown until 106660.29s"
106674.01,INFO,"Mister pulse started; ON until 106674.26s, cooldown until 106678.26s"
106702.04,INFO,"Mister pulse started; ON until 106702.29s, cooldown until 106706.29s"
106718.05,INFO,"Mister pulse started; ON until 106718.30s, cooldown until 106722.30s"
106733.02,INFO,"Mister pulse started; ON until 106733.27s, cooldown until 106737.27s"
106751.04,INFO,"Mister pulse started; ON until 106751.29s, cooldown until 106755.29s"
106773.03,INFO,"Mister pulse started; ON until 106773.28s, cooldown until 106777.28s"
106788.01,INFO,"Mister pulse started; ON until 106788.26s, cooldown until 106792.26s"
106805.04,INFO,"Mister pulse started; ON until 106805.29s, cooldown until 106809.29s"
106820.03,INFO,"Mister pulse started; ON until 106820.28s, cooldown until 106824.28s"
106834.02,INFO,"Mister pulse started; ON until 106834.27s, cooldown until 106838.27s"
106849.05,INFO,"Mister pulse started; ON until 106849.30s, cooldown until 106853.30s"
106874.00,INFO,"Mister pulse started; ON until 106874.25s, cooldown until 106878.25s"
106889.02,INFO,"Mister pulse started; ON until 106889.27s, cooldown until 106893.27s"
106899.04,INFO,"Mister pulse started; ON until 106899.29s, cooldown until 106903.29s"
106918.04,INFO,"Mister pulse started; ON until 106918.29s, cooldown until 106922.29s"
106939.00,INFO,"Mister pulse started; ON until 106939.25s, cooldown until 106943.25s"
106960.01,INFO,"Mister pulse started; ON until 106960.26s, cooldown until 106964.26s"
106974.01,INFO,"Mister pulse started; ON until 106974.26s, cooldown until 106978.26s"
107000.03,INFO,"Mister pulse started; ON until 107000.28s, cooldown until 107004.28s"
107009.01,INFO,"Mister pulse started; ON until 107009.26s, cooldown until 107013.26s"
107028.01,INFO,"Mister pulse started; ON until 107028.26s, cooldown until 107032.26s"
107053.01,INFO,"Mister pulse started; ON until 107053.26s, cooldown until 107057.26s"
107075.01,INFO,"Mister pulse started; ON until 107075.26s, cooldown until 107079.26s"
107100.00,INFO,"Mister pulse started; ON until 107100.25s, cooldown until 107104.25s"
107127.01,INFO,"Mister pulse started; ON until 107127.26s, cooldown until 107131.26s"
107142.02,INFO,"Mister pulse started; ON until 107142.27s, cooldown until 107146.27s"
107148.01,INFO,"Mister pulse started; ON until 107148.26s, cooldown until 107152.26s"
107178.01,INFO,"Mister pulse started; ON until 107178.26s, cooldown until 107182.26s"
107199.02,INFO,"Mister pulse started; ON until 107199.27s, cooldown until 107203.27s"
107218.02,INFO,"Mister pulse started; ON until 107218.27s, cooldown until 107222.27s"
107237.03,INFO,"Mister pulse started; ON until 107237.28s, cooldown until 107241.28s"
107251.03,INFO,"Mister pulse started; ON until 107251.28s, cooldown until 107255.28s"
107277.05,INFO,"Mister pulse started; ON until 107277.30s, cooldown until 107281.30s"
107288.00,INFO,"Mister pulse started; ON until 107288.25s, cooldown until 107292.25s"
107314.03,INFO,"Mister pulse started; ON until 107314.28s, cooldown until 107318.28s"
107341.03,INFO,"Mister pulse started; ON until 107341.28s, cooldown until 107345.28s"
107355.03,INFO,"Mister pulse started; ON until 107355.28s, cooldown until 107359.28s"
107371.04,INFO,"Mister pulse started; ON until 107371.29s, cooldown until 107375.29s"
107383.02,INFO,"Mister pulse started; ON until 107383.27s, cooldown until 107387.27s"
107408.01,INFO,"Mister pulse started; ON until 107408.26s, cooldown until 107412.26s"
107432.03,INFO,"Mister pulse started; ON until 107432.28s, cooldown until 107436.28s"
107458.04,INFO,"Mister pulse started; ON until 107458.29s, cooldown until 107462.29s"
107463.00,INFO,"Mister pulse started; ON until 107463.25s, cooldown until 107467.25s"
107493.05,INFO,"Mister pulse started; ON until 107493.30s, cooldown until 107497.30s"
107511.02,INFO,"Mister pulse started; ON until 107511.27s, cooldown until 107515.27s"
107539.01,INFO,"Mister pulse started; ON until 107539.26s, cooldown until 107543.26s"
107556.00,INFO,"Mister pulse started; ON until 107556.25s, cooldown until 107560.25s"
107580.01,INFO,"Mister pulse started; ON until 107580.26s, cooldown until 107584.26s"
107599.00,INFO,"Mister pulse started; ON until 107599.25s, cooldown until 107603.25s"
107613.05,INFO,"Mister pulse started; ON until 107613.30s, cooldown until 107617.30s"
107636.02,INFO,"Mister pulse started; ON until 107636.27s, cooldown until 107640.27s"
107657.04,INFO,"Mister pulse started; ON until 107657.29s, cooldown until 107661.29s"
107670.05,INFO,"Mister pulse started; ON until 107670.30s, cooldown until 107674.30s"
107696.02,INFO,"Mister pulse started; ON until 107696.27s, cooldown until 107700.27s"
107709.03,INFO,"Mister pulse started; ON until 107709.28s, cooldown until 107713.28s"
107734.02,INFO,"Mister pulse started; ON until 107734.27s, cooldown until 107738.27s"
107745.02,INFO,"Mister pulse started; ON until 107745.27s, cooldown until 107749.27s"
107766.03,INFO,"Mister pulse started; ON until 107766.28s, cooldown until 107770.28s"
107777.02,INFO,"Mister pulse started; ON until 107777.27s, cooldown until 107781.27s"
107797.05,INFO,"Mister pulse started; ON until 107797.30s, cooldown until 107801.30s"
107823.03,INFO,"Mister pulse started; ON until 107823.28s, cooldown until 107827.28s"
107838.01,INFO,"Mister pulse started; ON until 107838.26s, cooldown until 107842.26s"
107853.04,INFO,"Mister pulse started; ON until 107853.29s, cooldown until 107857.29s"
107866.04,INFO,"Mister pulse started; ON until 107866.29s, cooldown until 107870.29s"
107891.03,INFO,"Mister pulse started; ON until 107891.28s, cooldown until 107895.28s"
107916.02,INFO,"Mister pulse started; ON until 107916.27s, cooldown until 107920.27s"
107922.02,INFO,"Mister pulse started; ON until 107922.27s, cooldown until 107926.27s"
107953.04,INFO,"Mister pulse started; ON until 107953.29s, cooldown until 107957.29s"
107976.01,INFO,"Mister pulse started; ON until 107976.26s, cooldown until 107980.26s"
108000.02,INFO,"Mister pulse started; ON until 108000.27s, cooldown until 108004.27s"
108022.02,INFO,"Mister pulse started; ON until 108022.27s, cooldown until 108026.27s"
108041.03,INFO,"Mister pulse started; ON until 108041.28s, cooldown until 108045.28s"
108067.00,INFO,"Mister pulse started; ON until 108067.25s, cooldown until 108071.25s"
108083.01,INFO,"Mister pulse started; ON until 108083.26s, cooldown until 108087.26s"
108097.05,INFO,"Mister pulse started; ON until 108097.30s, cooldown until 108101.30s"
108123.03,INFO,"Mister pulse started; ON until 108123.28s, cooldown until 108127.28s"
108139.05,INFO,"Mister pulse started; ON until 108139.30s, cooldown until 108143.30s"
108156.03,INFO,"Mister pulse started; ON until 108156.28s, cooldown until 108160.28s"
108177.00,INFO,"Mister pulse started; ON until 108177.25s, cooldown until 108181.25s"
108191.05,INFO,"Mister pulse started; ON until 108191.30s, cooldown until 108195.30s"
108216.00,INFO,"Mister pulse started; ON until 108216.25s, cooldown until 108220.25s"
108231.03,INFO,"Mister pulse started; ON until 108231.28s, cooldown until 108235.28s"
108244.04,INFO,"Mister pulse started; ON until 108244.29s, cooldown until 108248.29s"
108266.04,INFO,"Mister pulse started; ON until 108266.29s, cooldown until 108270.29s"
108283.03,INFO,"Mister pulse started; ON until 108283.28s, cooldown until 108287.28s"
108307.04,INFO,"Mister pulse started; ON until 108307.29s, cooldown until 108311.29s"
108330.01,INFO,"Mister pulse started; ON until 108330.26s, cooldown until 108334.26s"
108351.03,INFO,"Mister pulse started; ON until 108351.28s, cooldown until 108355.28s"
108365.02,INFO,"Mister pulse started; ON until 108365.27s, cooldown until 108369.27s"
108375.04,INFO,"Mister pulse started; ON until 108375.29s, cooldown until 108379.29s"
108393.00,INFO,"Mister pulse started; ON until 108393.25s, cooldown until 108397.25s"
108417.01,INFO,"Mister pulse started; ON until 108417.26s, cooldown until 108421.26s"
108441.02,INFO,"Mister pulse started; ON until 108441.27s, cooldown until 108445.27s"
108462.03,INFO,"Mister pulse started; ON until 108462.28s, cooldown until 108466.28s"
108478.04,INFO,"Mister pulse started; ON until 108478.29s, cooldown until 108482.29s"
108495.03,INFO,"Mister pulse started; ON until 108495.28s, cooldown until 108499.28s"
108514.03,INFO,"Mister pulse started; ON until 108514.28s, cooldown until 108518.28s"
108541.04,INFO,"Mister pulse started; ON until 108541.29s, cooldown until 108545.29s"
108555.03,INFO,"Mister pulse started; ON until 108555.28s, cooldown until 108559.28s"
108562.00,INFO,"Mister pulse started; ON until 108562.25s, cooldown until 108566.25s"
108578.00,INFO,"Mister pulse started; ON until 108578.25s, cooldown until 108582.25s"
108587.04,INFO,"Mister pulse started; ON until 108587.29s, cooldown until 108591.29s"
108602.01,INFO,"Mister pulse started; ON until 108602.26s, cooldown until 108606.26s"
108616.05,INFO,"Mister pulse started; ON until 108616.30s, cooldown until 108620.30s"
108639.02,INFO,"Mister pulse started; ON until 108639.27s, cooldown until 108643.27s"
108660.03,INFO,"Mister pulse started; ON until 108660.28s, cooldown until 108664.28s"
108678.01,INFO,"Mister pulse started; ON until 108678.26s, cooldown until 108682.26s"
108699.01,INFO,"Mister pulse started; ON until 108699.26s, cooldown until 108703.26s"
108716.00,INFO,"Mister pulse started; ON until 108716.25s, cooldown until 108720.25s"
108737.01,INFO,"Mister pulse started; ON until 108737.26s, cooldown until 108741.26s"
108744.03,INFO,"Mister pulse started; ON until 108744.28s, cooldown until 108748.28s"
108775.02,INFO,"Mister pulse started; ON until 108775.27s, cooldown until 108779.27s"
108799.03,INFO,"Mister pulse started; ON until 108799.28s, cooldown until 108803.28s"
108820.04,INFO,"Mister pulse started; ON until 108820.29s, cooldown until 108824.29s"
108840.02,INFO,"Mister pulse started; ON until 108840.27s, cooldown until 108844.27s"
108854.01,INFO,"Mister pulse started; ON until 108854.26s, cooldown until 108858.26s"
108879.05,INFO,"Mister pulse started; ON until 108879.30s, cooldown until 108883.30s"
108904.04,INFO,"Mister pulse started; ON until 108904.29s, cooldown until 108908.29s"
108912.05,INFO,"Mister pulse started; ON until 108912.30s, cooldown until 108916.30s"
108930.02,INFO,"Mister pulse started; ON until 108930.27s, cooldown until 108934.27s"
108944.01,INFO,"Mister pulse started; ON until 108944.26s, cooldown until 108948.26s"
108959.04,INFO,"Mister pulse started; ON until 108959.29s, cooldown until 108963.29s"
108969.01,INFO,"Mister pulse started; ON until 108969.26s, cooldown until 108973.26s"
108993.02,INFO,"Mister pulse started; ON until 108993.27s, cooldown until 108997.27s"
109013.00,INFO,"Mister pulse started; ON until 109013.25s, cooldown until 109017.25s"
109027.04,INFO,"Mister pulse started; ON until 109027.29s, cooldown until 109031.29s"
109054.00,INFO,"Mister pulse started; ON until 109054.25s, cooldown until 109058.25s"
109059.01,INFO,"Mister pulse started; ON until 109059.26s, cooldown until 109063.26s"
109092.05,INFO,"Mister pulse started; ON until 109092.30s, cooldown until 109096.30s"
109119.00,INFO,"Mister pulse started; ON until 109119.25s, cooldown until 109123.25s"
109135.01,INFO,"Mister pulse started; ON until 109135.26s, cooldown until 109139.26s"
109157.05,INFO,"Mister pulse started; ON until 109157.30s, cooldown until 109161.30s"
109166.04,INFO,"Mister pulse started; ON until 109166.29s, cooldown until 109170.29s"
109185.04,INFO,"Mister pulse started; ON until 109185.29s, cooldown until 109189.29s"
109207.03,INFO,"Mister pulse started; ON until 109207.28s, cooldown until 109211.28s"
109225.00,INFO,"Mister pulse started; ON until 109225.25s, cooldown until 109229.25s"
109251.02,INFO,"Mister pulse started; ON until 109251.27s, cooldown until 109255.27s"
109261.04,INFO,"Mister pulse started; ON until 109261.29s, cooldown until 109265.29s"
109278.03,INFO,"Mister pulse started; ON until 109278.28s, cooldown until 109282.28s"
109297.04,INFO,"Mister pulse started; ON until 109297.29s, cooldown until 109301.29s"
109326.00,INFO,"Mister pulse started; ON until 109326.25s, cooldown until 109330.25s"
109348.04,INFO,"Mister pulse started; ON until 109348.29s, cooldown until 109352.29s"
109363.01,INFO,"Mister pulse started; ON until 109363.26s, cooldown until 109367.26s"
109381.03,INFO,"Mister pulse started; ON until 109381.28s, cooldown until 109385.28s"
109400.03,INFO,"Mister pulse started; ON until 109400.28s, cooldown until 109404.28s"
109426.05,INFO,"Mister pulse started; ON until 109426.30s, cooldown until 109430.30s"
109433.02,INFO,"Mister pulse started; ON until 109433.27s, cooldown until 109437.27s"
109448.05,INFO,"Mister pulse started; ON until 109448.30s, cooldown until 109452.30s"
109474.02,INFO,"Mister pulse started; ON until 109474.27s, cooldown until 109478.27s"
109486.00,INFO,"Mister pulse started; ON until 109486.25s, cooldown until 109490.25s"
109514.04,INFO,"Mister pulse started; ON until 109514.29s, cooldown until 109518.29s"
109530.05,INFO,"Mister pulse started; ON until 109530.30s, cooldown until 109534.30s"
109543.00,INFO,"Mister pulse started; ON until 109543.25s, cooldown until 109547.25s"
109555.04,INFO,"Mister pulse started; ON until 109555.29s, cooldown until 109559.29s"
109574.04,INFO,"Mister pulse started; ON until 109574.29s, cooldown until 109578.29s"
109601.05,INFO,"Mister pulse started; ON until 109601.30s, cooldown until 109605.30s"
109615.04,INFO,"Mister pulse started; ON until 109615.29s, cooldown until 109619.29s"
109632.02,INFO,"Mister pulse started; ON until 109632.27s, cooldown until 109636.27s"
109646.01,INFO,"Mister pulse started; ON until 109646.26s, cooldown until 109650.26s"
109660.00,INFO,"Mister pulse started; ON until 109660.25s, cooldown until 109664.25s"
109688.04,INFO,"Mister pulse started; ON until 109688.29s, cooldown until 109692.29s"
109704.04,INFO,"Mister pulse started; ON until 109704.29s, cooldown until 109708.29s"
109720.05,INFO,"Mister pulse started; ON until 109720.30s, cooldown until 109724.30s"
109730.01,INFO,"Mister pulse started; ON until 109730.26s, cooldown until 109734.26s"
109756.03,INFO,"Mister pulse started; ON until 109756.28s, cooldown until 109760.28s"
109781.01,INFO,"Mister pulse started; ON until 109781.26s, cooldown until 109785.26s"
109786.02,INFO,"Mister pulse started; ON until 109786.27s, cooldown until 109790.27s"
109810.03,INFO,"Mister pulse started; ON until 109810.28s, cooldown until 109814.28s"
109833.00,INFO,"Mister pulse started; ON until 109833.25s, cooldown until 109837.25s"
109854.02,INFO,"Mister pulse started; ON until 109854.27s, cooldown until 109858.27s"
109870.02,INFO,"Mister pulse started; ON until 109870.27s, cooldown until 109874.27s"
109886.04,INFO,"Mister pulse started; ON until 109886.29s, cooldown until 109890.29s"
109904.01,INFO,"Mister pulse started; ON until 109904.26s, cooldown until 109908.26s"
109927.04,INFO,"Mister pulse started; ON until 109927.29s, cooldown until 109931.29s"
109945.01,INFO,"Mister pulse started; ON until 109945.26s, cooldown until 109949.26s"
109973.05,INFO,"Mister pulse started; ON until 109973.30s, cooldown until 109977.30s"
109989.00,INFO,"Mister pulse started; ON until 109989.25s, cooldown until 109993.25s"
110009.04,INFO,"Mister pulse started; ON until 110009.29s, cooldown until 110013.29s"
110034.02,INFO,"Mister pulse started; ON until 110034.27s, cooldown until 110038.27s"
110041.05,INFO,"Mister pulse started; ON until 110041.30s, cooldown until 110045.30s"
110072.03,INFO,"Mister pulse started; ON until 110072.28s, cooldown until 110076.28s"
110100.02,INFO,"Mister pulse started; ON until 110100.27s, cooldown until 110104.27s"
110106.01,INFO,"Mister pulse started; ON until 110106.26s, cooldown until 110110.26s"
110135.03,INFO,"Mister pulse started; ON until 110135.28s, cooldown until 110139.28s"
110155.01,INFO,"Mister pulse started; ON until 110155.26s, cooldown until 110159.26s"
110162.04,INFO,"Mister pulse started; ON until 110162.29s, cooldown until 110166.29s"
110194.05,INFO,"Mister pulse started; ON until 110194.30s, cooldown until 110198.30s"
110217.03,INFO,"Mister pulse started; ON until 110217.28s, cooldown until 110221.28s"
110245.02,INFO,"Mister pulse started; ON until 110245.27s, cooldown until 110249.27s"
110264.02,INFO,"Mister pulse started; ON until 110264.27s, cooldown until 110268.27s"
110291.03,INFO,"Mister pulse started; ON until 110291.28s, cooldown until 110295.28s"
110305.02,INFO,"Mister pulse started; ON until 110305.27s, cooldown until 110309.27s"
110316.02,INFO,"Mister pulse started; ON until 110316.27s, cooldown until 110320.27s"
110338.02,INFO,"Mister pulse started; ON until 110338.27s, cooldown until 110342.27s"
110353.04,INFO,"Mister pulse started; ON until 110353.29s, cooldown until 110357.29s"
110366.01,INFO,"Mister pulse started; ON until 110366.26s, cooldown until 110370.26s"
110390.02,INFO,"Mister pulse started; ON until 110390.27s, cooldown until 110394.27s"
110415.02,INFO,"Mister pulse started; ON until 110415.27s, cooldown until 110419.27s"
110432.00,INFO,"Mister pulse started; ON until 110432.25s, cooldown until 110436.25s"
110447.03,INFO,"Mister pulse started; ON until 110447.28s, cooldown until 110451.28s"
110455.03,INFO,"Mister pulse started; ON until 110455.28s, cooldown until 110459.28s"
110470.00,INFO,"Mister pulse started; ON until 110470.25s, cooldown until 110474.25s"
110483.01,INFO,"Mister pulse started; ON until 110483.26s, cooldown until 110487.26s"
110508.01,INFO,"Mister pulse started; ON until 110508.26s, cooldown until 110512.26s"
110533.05,INFO,"Mister pulse started; ON until 110533.30s, cooldown until 110537.30s"
110560.04,INFO,"Mister pulse started; ON until 110560.29s, cooldown until 110564.29s"
110575.02,INFO,"Mister pulse started; ON until 110575.27s, cooldown until 110579.27s"
110593.04,INFO,"Mister pulse started; ON until 110593.29s, cooldown until 110597.29s"
110612.04,INFO,"Mister pulse started; ON until 110612.29s, cooldown until 110616.29s"
110635.02,INFO,"Mister pulse started; ON until 110635.27s, cooldown until 110639.27s"
110662.03,INFO,"Mister pulse started; ON until 110662.28s, cooldown until 110666.28s"
110675.05,INFO,"Mister pulse started; ON until 110675.30s, cooldown until 110679.30s"
110702.05,INFO,"Mister pulse started; ON until 110702.30s, cooldown until 110706.30s"
110715.01,INFO,"Mister pulse started; ON until 110715.26s, cooldown until 110719.26s"
110730.03,INFO,"Mister pulse started; ON until 110730.28s, cooldown until 110734.28s"
110757.04,INFO,"Mister pulse started; ON until 110757.29s, cooldown until 110761.29s"
110771.03,INFO,"Mister pulse started; ON until 110771.28s, cooldown until 110775.28s"
110784.04,INFO,"Mister pulse started; ON until 110784.29s, cooldown until 110788.29s"
110808.05,INFO,"Mister pulse started; ON until 110808.30s, cooldown until 110812.30s"
110832.01,INFO,"Mister pulse started; ON until 110832.26s, cooldown until 110836.26s"
110856.02,INFO,"Mister pulse started; ON until 110856.27s, cooldown until 110860.27s"
110883.02,INFO,"Mister pulse started; ON until 110883.27s, cooldown until 110887.27s"
110897.00,INFO,"Mister pulse started; ON until 110897.25s, cooldown until 110901.25s"
110905.01,INFO,"Mister pulse started; ON until 110905.26s, cooldown until 110909.26s"
110920.03,INFO,"Mister pulse started; ON until 110920.28s, cooldown until 110924.28s"
110946.05,INFO,"Mister pulse started; ON until 110946.30s, cooldown until 110950.30s"
110957.04,INFO,"Mister pulse started; ON until 110957.29s, cooldown until 110961.29s"
110979.04,INFO,"Mister pulse started; ON until 110979.29s, cooldown until 110983.29s"
110995.04,INFO,"Mister pulse started; ON until 110995.29s, cooldown until 110999.29s"
111011.01,INFO,"Mister pulse started; ON until 111011.26s, cooldown until 111015.26s"
111032.02,INFO,"Mister pulse started; ON until 111032.27s, cooldown until 111036.27s"
111039.04,INFO,"Mister pulse started; ON until 111039.29s, cooldown until 111043.29s"
111068.05,INFO,"Mister pulse started; ON until 111068.30s, cooldown until 111072.30s"
111085.04,INFO,"Mister pulse started; ON until 111085.29s, cooldown until 111089.29s"
111107.04,INFO,"Mister pulse started; ON until 111107.29s, cooldown until 111111.29s"
111126.04,INFO,"Mister pulse started; ON until 111126.29s, cooldown until 111130.29s"
111154.02,INFO,"Mister pulse started; ON until 111154.27s, cooldown until 111158.27s"
111171.02,INFO,"Mister pulse started; ON until 111171.27s, cooldown until 111175.27s"
111195.03,INFO,"Mister pulse started; ON until 111195.28s, cooldown until 111199.28s"
111219.04,INFO,"Mister pulse started; ON until 111219.29s, cooldown until 111223.29s"
111239.02,INFO,"Mister pulse started; ON until 111239.27s, cooldown until 111243.27s"
111254.01,INFO,"Mister pulse started; ON until 111254.26s, cooldown until 111258.26s"
111268.01,INFO,"Mister pulse started; ON until 111268.26s, cooldown until 111272.26s"
111284.01,INFO,"Mister pulse started; ON until 111284.26s, cooldown until 111288.26s"
111289.02,INFO,"Mister pulse started; ON until 111289.27s, cooldown until 111293.27s"
111317.01,INFO,"Mister pulse started; ON until 111317.26s, cooldown until 111321.26s"
111334.05,INFO,"Mister pulse started; ON until 111334.30s, cooldown until 111338.30s"
111348.04,INFO,"Mister pulse started; ON until 111348.29s, cooldown until 111352.29s"
111363.00,INFO,"Mister pulse started; ON until 111363.25s, cooldown until 111367.25s"
111369.04,INFO,"Mister pulse started; ON until 111369.29s, cooldown until 111373.29s"
111396.03,INFO,"Mister pulse started; ON until 111396.28s, cooldown until 111400.28s"
111408.01,INFO,"Mister pulse started; ON until 111408.26s, cooldown until 111412.26s"
111431.04,INFO,"Mister pulse started; ON until 111431.29s, cooldown until 111435.29s"
111450.03,INFO,"Mister pulse started; ON until 111450.28s, cooldown until 111454.28s"
111478.01,INFO,"Mister pulse started; ON until 111478.26s, cooldown until 111482.26s"
111496.03,INFO,"Mister pulse started; ON until 111496.28s, cooldown until 111500.28s"
111520.04,INFO,"Mister pulse started; ON until 111520.29s, cooldown until 111524.29s"
111543.01,INFO,"Mister pulse started; ON until 111543.26s, cooldown until 111547.26s"
111564.02,INFO,"Mister pulse started; ON until 111564.27s, cooldown until 111568.27s"
111580.02,INFO,"Mister pulse started; ON until 111580.27s, cooldown until 111584.27s"
111597.02,INFO,"Mister pulse started; ON until 111597.27s, cooldown until 111601.27s"
111619.01,INFO,"Mister pulse started; ON until 111619.26s, cooldown until 111623.26s"
111632.03,INFO,"Mister pulse started; ON until 111632.28s, cooldown until 111636.28s"
111660.01,INFO,"Mister pulse started; ON until 111660.26s, cooldown until 111664.26s"
111679.01,INFO,"Mister pulse started; ON until 111679.26s, cooldown until 111683.26s"
111708.02,INFO,"Mister pulse started; ON until 111708.27s, cooldown until 111712.27s"
111723.04,INFO,"Mister pulse started; ON until 111723.29s, cooldown until 111727.29s"
111739.04,INFO,"Mister pulse started; ON until 111739.29s, cooldown until 111743.29s"
111757.01,INFO,"Mister pulse started; ON until 111757.26s, cooldown until 111761.26s"
111782.00,INFO,"Mister pulse started; ON until 111782.25s, cooldown until 111786.25s"
111805.03,INFO,"Mister pulse started; ON until 111805.28s, cooldown until 111809.28s"
111828.01,INFO,"Mister pulse started; ON until 111828.26s, cooldown until 111832.26s"
111852.01,INFO,"Mister pulse started; ON until 111852.26s, cooldown until 111856.26s"
111874.01,INFO,"Mister pulse started; ON until 111874.26s, cooldown until 111878.26s"
111892.04,INFO,"Mister pulse started; ON until 111892.29s, cooldown until 111896.29s"
111917.04,INFO,"Mister pulse started; ON until 111917.29s, cooldown until 111921.29s"
111938.01,INFO,"Mister pulse started; ON until 111938.26s, cooldown until 111942.26s"
111960.00,INFO,"Mister pulse started; ON until 111960.25s, cooldown until 111964.25s"
111980.04,INFO,"Mister pulse started; ON until 111980.29s, cooldown until 111984.29s"
112007.03,INFO,"Mister pulse started; ON until 112007.28s, cooldown until 112011.28s"
112022.01,INFO,"Mister pulse started; ON until 112022.26s, cooldown until 112026.26s"
112040.02,INFO,"Mister pulse started; ON until 112040.27s, cooldown until 112044.27s"
112059.03,INFO,"Mister pulse started; ON until 112059.28s, cooldown until 112063.28s"
112084.02,INFO,"Mister pulse started; ON until 112084.27s, cooldown until 112088.27s"
112089.03,INFO,"Mister pulse started; ON until 112089.28s, cooldown until 112093.28s"
112116.03,INFO,"Mister pulse started; ON until 112116.28s, cooldown until 112120.28s"
112126.00,INFO,"Mister pulse started; ON until 112126.25s, cooldown until 112130.25s"
112149.03,INFO,"Mister pulse started; ON until 112149.28s, cooldown until 112153.28s"
112164.01,INFO,"Mister pulse started; ON until 112164.26s, cooldown until 112168.26s"
112183.02,INFO,"Mister pulse started; ON until 112183.27s, cooldown until 112187.27s"
112205.01,INFO,"Mister pulse started; ON until 112205.26s, cooldown until 112209.26s"
112224.01,INFO,"Mister pulse started; ON until 112224.26s, cooldown until 112228.26s"
112250.04,INFO,"Mister pulse started; ON until 112250.29s, cooldown until 112254.29s"
112258.05,INFO,"Mister pulse started; ON until 112258.30s, cooldown until 112262.30s"
112274.01,INFO,"Mister pulse started; ON until 112274.26s, cooldown until 112278.26s"
112292.03,INFO,"Mister pulse started; ON until 112292.28s, cooldown until 112296.28s"
112309.02,INFO,"Mister pulse started; ON until 112309.27s, cooldown until 112313.27s"
112330.03,INFO,"Mister pulse started; ON until 112330.28s, cooldown until 112334.28s"
112348.00,INFO,"Mister pulse started; ON until 112348.25s, cooldown until 112352.25s"
112370.05,INFO,"Mister pulse started; ON until 112370.30s, cooldown until 112374.30s"
112386.00,INFO,"Mister pulse started; ON until 112386.25s, cooldown until 112390.25s"
112403.04,INFO,"Mister pulse started; ON until 112403.29s, cooldown until 112407.29s"
112421.02,INFO,"Mister pulse started; ON until 112421.27s, cooldown until 112425.27s"
112450.04,INFO,"Mister pulse started; ON until 112450.29s, cooldown until 112454.29s"
112468.01,INFO,"Mister pulse started; ON until 112468.26s, cooldown until 112472.26s"
112492.01,INFO,"Mister pulse started; ON until 112492.26s, cooldown until 112496.26s"
112519.01,INFO,"Mister pulse started; ON until 112519.26s, cooldown until 112523.26s"
112535.02,INFO,"Mister pulse started; ON until 112535.27s, cooldown until 112539.27s"
112552.00,INFO,"Mister pulse started; ON until 112552.25s, cooldown until 112556.25s"
112572.04,INFO,"Mister pulse started; ON until 112572.29s, cooldown until 112576.29s"
112597.02,INFO,"Mister pulse started; ON until 112597.27s, cooldown until 112601.27s"
112605.03,INFO,"Mister pulse started; ON until 112605.28s, cooldown until 112609.28s"
112620.00,INFO,"Mister pulse started; ON until 112620.25s, cooldown until 112624.25s"
112632.03,INFO,"Mister pulse started; ON until 112632.28s, cooldown until 112636.28s"
112653.05,INFO,"Mister pulse started; ON until 112653.30s, cooldown until 112657.30s"
112664.04,INFO,"Mister pulse started; ON until 112664.29s, cooldown until 112668.29s"
112686.03,INFO,"Mister pulse started; ON until 112686.28s, cooldown until 112690.28s"
112701.00,INFO,"Mister pulse started; ON until 112701.25s, cooldown until 112705.25s"
112719.02,INFO,"Mister pulse started; ON until 112719.27s, cooldown until 112723.27s"
112737.04,INFO,"Mister pulse started; ON until 112737.29s, cooldown until 112741.29s"
112761.04,INFO,"Mister pulse started; ON until 112761.29s, cooldown until 112765.29s"
112784.02,INFO,"Mister pulse started; ON until 112784.27s, cooldown until 112788.27s"
112806.01,INFO,"Mister pulse started; ON until 112806.26s, cooldown until 112810.26s"
112824.04,INFO,"Mister pulse started; ON until 112824.29s, cooldown until 112828.29s"
112848.03,INFO,"Mister pulse started; ON until 112848.28s, cooldown until 112852.28s"
112876.01,INFO,"Mister pulse started; ON until 112876.26s, cooldown until 112880.26s"
112894.04,INFO,"Mister pulse started; ON until 112894.29s, cooldown until 112898.29s"
112917.02,INFO,"Mister pulse started; ON until 112917.27s, cooldown until 112921.27s"
112939.01,INFO,"Mister pulse started; ON until 112939.26s, cooldown until 112943.26s"
112959.05,INFO,"Mister pulse started; ON until 112959.30s, cooldown until 112963.30s"
112986.01,INFO,"Mister pulse started; ON until 112986.26s, cooldown until 112990.26s"
113005.02,INFO,"Mister pulse started; ON until 113005.27s, cooldown until 113009.27s"
113032.01,INFO,"Mister pulse started; ON until 113032.26s, cooldown until 113036.26s"
113048.02,INFO,"Mister pulse started; ON until 113048.27s, cooldown until 113052.27s"
113074.03,INFO,"Mister pulse started; ON until 113074.28s, cooldown until 113078.28s"
113086.01,INFO,"Mister pulse started; ON until 113086.26s, cooldown until 113090.26s"
113111.04,INFO,"Mister pulse started; ON until 113111.29s, cooldown until 113115.29s"
113135.05,INFO,"Mister pulse started; ON until 113135.30s, cooldown until 113139.30s"
113154.04,INFO,"Mister pulse started; ON until 113154.29s, cooldown until 113158.29s"
113168.03,INFO,"Mister pulse started; ON until 113168.28s, cooldown until 113172.28s"
113195.04,INFO,"Mister pulse started; ON until 113195.29s, cooldown until 113199.29s"
113210.02,INFO,"Mister pulse started; ON until 113210.27s, cooldown until 113214.27s"
113227.05,INFO,"Mister pulse started; ON until 113227.30s, cooldown until 113231.30s"
113243.00,INFO,"Mister pulse started; ON until 113243.25s, cooldown until 113247.25s"
113264.02,INFO,"Mister pulse started; ON until 113264.27s, cooldown until 113268.27s"
113271.04,INFO,"Mister pulse started; ON until 113271.29s, cooldown until 113275.29s"
113302.03,INFO,"Mister pulse started; ON until 113302.28s, cooldown until 113306.28s"
113329.02,INFO,"Mister pulse started; ON until 113329.27s, cooldown until 113333.27s"
113344.05,INFO,"Mister pulse started; ON until 113344.30s, cooldown until 113348.30s"
113357.00,INFO,"Mister pulse started; ON until 113357.25s, cooldown until 113361.25s"
113386.01,INFO,"Mister pulse started; ON until 113386.26s, cooldown until 113390.26s"
113405.02,INFO,"Mister pulse started; ON until 113405.27s, cooldown until 113409.27s"
113430.01,INFO,"Mister pulse started; ON until 113430.26s, cooldown until 113434.26s"
113442.04,INFO,"Mister pulse started; ON until 113442.29s, cooldown until 113446.29s"
113463.01,INFO,"Mister pulse started; ON until 113463.26s, cooldown until 113467.26s"
113479.01,INFO,"Mister pulse started; ON until 113479.26s, cooldown until 113483.26s"
113494.04,INFO,"Mister pulse started; ON until 113494.29s, cooldown until 113498.29s"
113508.03,INFO,"Mister pulse started; ON until 113508.28s, cooldown until 113512.28s"
113534.05,INFO,"Mister pulse started; ON until 113534.30s, cooldown until 113538.30s"
113540.04,INFO,"Mister pulse started; ON until 113540.29s, cooldown until 113544.29s"
113575.04,INFO,"Mister pulse started; ON until 113575.29s, cooldown until 113579.29s"
113591.05,INFO,"Mister pulse started; ON until 113591.30s, cooldown until 113595.30s"
113607.00,INFO,"Mister pulse started; ON until 113607.25s, cooldown until 113611.25s"
113629.04,INFO,"Mister pulse started; ON until 113629.29s, cooldown until 113633.29s"
113636.02,INFO,"Mister pulse started; ON until 113636.27s, cooldown until 113640.27s"
113654.05,INFO,"Mister pulse started; ON until 113654.30s, cooldown until 113658.30s"
113669.02,INFO,"Mister pulse started; ON until 113669.27s, cooldown until 113673.27s"
113687.00,INFO,"Mister pulse started; ON until 113687.25s, cooldown until 113691.25s"
113708.01,INFO,"Mister pulse started; ON until 113708.26s, cooldown until 113712.26s"
113723.03,INFO,"Mister pulse started; ON until 113723.28s, cooldown until 113727.28s"
113736.04,INFO,"Mister pulse started; ON until 113736.29s, cooldown until 113740.29s"
113759.01,INFO,"Mister pulse started; ON until 113759.26s, cooldown until 113763.26s"
113783.02,INFO,"Mister pulse started; ON until 113783.27s, cooldown until 113787.27s"
113806.05,INFO,"Mister pulse started; ON until 113806.30s, cooldown until 113810.30s"
113827.01,INFO,"Mister pulse started; ON until 113827.26s, cooldown until 113831.26s"
113841.05,INFO,"Mister pulse started; ON until 113841.30s, cooldown until 113845.30s"
113872.03,INFO,"Mister pulse started; ON until 113872.28s, cooldown until 113876.28s"
113896.03,INFO,"Mister pulse started; ON until 113896.28s, cooldown until 113900.28s"
113922.00,INFO,"Mister pulse started; ON until 113922.25s, cooldown until 113926.25s"
113941.01,INFO,"Mister pulse started; ON until 113941.26s, cooldown until 113945.26s"
113962.01,INFO,"Mister pulse started; ON until 113962.26s, cooldown until 113966.26s"
113978.01,INFO,"Mister pulse started; ON until 113978.26s, cooldown until 113982.26s"
113996.03,INFO,"Mister pulse started; ON until 113996.28s, cooldown until 114000.28s"
114017.04,INFO,"Mister pulse started; ON until 114017.29s, cooldown until 114021.29s"
114028.04,INFO,"Mister pulse started; ON until 114028.29s, cooldown until 114032.29s"
114050.05,INFO,"Mister pulse started; ON until 114050.30s, cooldown until 114054.30s"
114069.05,INFO,"Mister pulse started; ON until 114069.30s, cooldown until 114073.30s"
114091.04,INFO,"Mister pulse started; ON until 114091.29s, cooldown until 114095.29s"
114112.01,INFO,"Mister pulse started; ON until 114112.26s, cooldown until 114116.26s"
114128.01,INFO,"Mister pulse started; ON until 114128.26s, cooldown until 114132.26s"
114145.04,INFO,"Mister pulse started; ON until 114145.29s, cooldown until 114149.29s"
114162.03,INFO,"Mister pulse started; ON until 114162.28s, cooldown until 114166.28s"
114182.01,INFO,"Mister pulse started; ON until 114182.26s, cooldown until 114186.26s"
114195.03,INFO,"Mister pulse started; ON until 114195.28s, cooldown until 114199.28s"
114220.01,INFO,"Mister pulse started; ON until 114220.26s, cooldown until 114224.26s"
114245.05,INFO,"Mister pulse started; ON until 114245.30s, cooldown until 114249.30s"
114273.04,INFO,"Mister pulse started; ON until 114273.29s, cooldown until 114277.29s"
114292.05,INFO,"Mister pulse started; ON until 114292.30s, cooldown until 114296.30s"
114319.04,INFO,"Mister pulse started; ON until 114319.29s, cooldown until 114323.29s"
114334.02,INFO,"Mister pulse started; ON until 114334.27s, cooldown until 114338.27s"
114351.01,INFO,"Mister pulse started; ON until 114351.26s, cooldown until 114355.26s"
114371.03,INFO,"Mister pulse started; ON until 114371.28s, cooldown until 114375.28s"
114398.04,INFO,"Mister pulse started; ON until 114398.29s, cooldown until 114402.29s"
114415.03,INFO,"Mister pulse started; ON until 114415.28s, cooldown until 114419.28s"
114437.02,INFO,"Mister pulse started; ON until 114437.27s, cooldown until 114441.27s"
114454.01,INFO,"Mister pulse started; ON until 114454.26s, cooldown until 114458.26s"
114474.04,INFO,"Mister pulse started; ON until 114474.29s, cooldown until 114478.29s"
114501.05,INFO,"Mister pulse started; ON until 114501.30s, cooldown until 114505.30s"
114518.03,INFO,"Mister pulse started; ON until 114518.28s, cooldown until 114522.28s"
114538.01,INFO,"Mister pulse started; ON until 114538.26s, cooldown until 114542.26s"
114550.03,INFO,"Mister pulse started; ON until 114550.28s, cooldown until 114554.28s"
114572.03,INFO,"Mister pulse started; ON until 114572.28s, cooldown until 114576.28s"
114588.04,INFO,"Mister pulse started; ON until 114588.29s, cooldown until 114592.29s"
114604.04,INFO,"Mister pulse started; ON until 114604.29s, cooldown until 114608.29s"
114619.02,INFO,"Mister pulse started; ON until 114619.27s, cooldown until 114623.27s"
114638.02,INFO,"Mister pulse started; ON until 114638.27s, cooldown until 114642.27s"
114660.02,INFO,"Mister pulse started; ON until 114660.27s, cooldown until 114664.27s"
114680.04,INFO,"Mister pulse started; ON until 114680.29s, cooldown until 114684.29s"
114705.03,INFO,"Mister pulse started; ON until 114705.28s, cooldown until 114709.28s"
114717.01,INFO,"Mister pulse started; ON until 114717.26s, cooldown until 114721.26s"
114740.04,INFO,"Mister pulse started; ON until 114740.29s, cooldown until 114744.29s"
114761.00,INFO,"Mister pulse started; ON until 114761.25s, cooldown until 114765.25s"
114775.05,INFO,"Mister pulse started; ON until 114775.30s, cooldown until 114779.30s"
114804.02,INFO,"Mister pulse started; ON until 114804.27s, cooldown until 114808.27s"
114827.00,INFO,"Mister pulse started; ON until 114827.25s, cooldown until 114831.25s"
114850.03,INFO,"Mister pulse started; ON until 114850.28s, cooldown until 114854.28s"
114871.05,INFO,"Mister pulse started; ON until 114871.30s, cooldown until 114875.30s"
114876.01,INFO,"Mister pulse started; ON until 114876.26s, cooldown until 114880.26s"
114906.00,INFO,"Mister pulse started; ON until 114906.25s, cooldown until 114910.25s"
114930.01,INFO,"Mister pulse started; ON until 114930.26s, cooldown until 114934.26s"
114955.00,INFO,"Mister pulse started; ON until 114955.25s, cooldown until 114959.25s"
114980.05,INFO,"Mister pulse started; ON until 114980.30s, cooldown until 114984.30s"
115007.05,INFO,"Mister pulse started; ON until 115007.30s, cooldown until 115011.30s"
115022.03,INFO,"Mister pulse started; ON until 115022.28s, cooldown until 115026.28s"
115041.04,INFO,"Mister pulse started; ON until 115041.29s, cooldown until 115045.29s"
115062.05,INFO,"Mister pulse started; ON until 115062.30s, cooldown until 115066.30s"
115080.02,INFO,"Mister pulse started; ON until 115080.27s, cooldown until 115084.27s"
115108.04,INFO,"Mister pulse started; ON until 115108.29s, cooldown until 115112.29s"
115117.03,INFO,"Mister pulse started; ON until 115117.28s, cooldown until 115121.28s"
115136.02,INFO,"Mister pulse started; ON until 115136.27s, cooldown until 115140.27s"
115161.02,INFO,"Mister pulse started; ON until 115161.27s, cooldown until 115165.27s"
115185.03,INFO,"Mister pulse started; ON until 115185.28s, cooldown until 115189.28s"
115214.04,INFO,"Mister pulse started; ON until 115214.29s, cooldown until 115218.29s"
115231.03,INFO,"Mister pulse started; ON until 115231.28s, cooldown until 115235.28s"
115254.01,INFO,"Mister pulse started; ON until 115254.26s, cooldown until 115258.26s"
115279.04,INFO,"Mister pulse started; ON until 115279.29s, cooldown until 115283.29s"
115301.03,INFO,"Mister pulse started; ON until 115301.28s, cooldown until 115305.28s"
115322.05,INFO,"Mister pulse started; ON until 115322.30s, cooldown until 115326.30s"
115333.01,INFO,"Mister pulse started; ON until 115333.26s, cooldown until 115337.26s"
115357.02,INFO,"Mister pulse started; ON until 115357.27s, cooldown until 115361.27s"
115381.04,INFO,"Mister pulse started; ON until 115381.29s, cooldown until 115385.29s"
115404.02,INFO,"Mister pulse started; ON until 115404.27s, cooldown until 115408.27s"
115428.03,INFO,"Mister pulse started; ON until 115428.28s, cooldown until 115432.28s"
115456.01,INFO,"Mister pulse started; ON until 115456.26s, cooldown until 115460.26s"
115469.03,INFO,"Mister pulse started; ON until 115469.28s, cooldown until 115473.28s"
115498.00,INFO,"Mister pulse started; ON until 115498.25s, cooldown until 115502.25s"
115521.03,INFO,"Mister pulse started; ON until 115521.28s, cooldown until 115525.28s"
115538.02,INFO,"Mister pulse started; ON until 115538.27s, cooldown until 115542.27s"
115564.04,INFO,"Mister pulse started; ON until 115564.29s, cooldown until 115568.29s"
115591.05,INFO,"Mister pulse started; ON until 115591.30s, cooldown until 115595.30s"
115608.04,INFO,"Mister pulse started; ON until 115608.29s, cooldown until 115612.29s"
115628.02,INFO,"Mister pulse started; ON until 115628.27s, cooldown until 115632.27s"
115638.03,INFO,"Mister pulse started; ON until 115638.28s, cooldown until 115642.28s"
115657.03,INFO,"Mister pulse started; ON until 115657.28s, cooldown until 115661.28s"
115681.03,INFO,"Mister pulse started; ON until 115681.28s, cooldown until 115685.28s"
115707.05,INFO,"Mister pulse started; ON until 115707.30s, cooldown until 115711.30s"
115733.02,INFO,"Mister pulse started; ON until 115733.27s, cooldown until 115737.27s"
115751.03,INFO,"Mister pulse started; ON until 115751.28s, cooldown until 115755.28s"
115770.03,INFO,"Mister pulse started; ON until 115770.28s, cooldown until 115774.28s"
115798.02,INFO,"Mister pulse started; ON until 115798.27s, cooldown until 115802.27s"
115817.02,INFO,"Mister pulse started; ON until 115817.27s, cooldown until 115821.27s"
115843.05,INFO,"Mister pulse started; ON until 115843.30s, cooldown until 115847.30s"
115850.02,INFO,"Mister pulse started; ON until 115850.27s, cooldown until 115854.27s"
115868.04,INFO,"Mister pulse started; ON until 115868.29s, cooldown until 115872.29s"
115882.03,INFO,"Mister pulse started; ON until 115882.28s, cooldown until 115886.28s"
115896.01,INFO,"Mister pulse started; ON until 115896.26s, cooldown until 115900.26s"
115923.02,INFO,"Mister pulse started; ON until 115923.27s, cooldown until 115927.27s"
115940.01,INFO,"Mister pulse started; ON until 115940.26s, cooldown until 115944.26s"
115962.00,INFO,"Mister pulse started; ON until 115962.25s, cooldown until 115966.25s"
115980.03,INFO,"Mister pulse started; ON until 115980.28s, cooldown until 115984.28s"
115999.03,INFO,"Mister pulse started; ON until 115999.28s, cooldown until 116003.28s"
116026.03,INFO,"Mister pulse started; ON until 116026.28s, cooldown until 116030.28s"
116043.01,INFO,"Mister pulse started; ON until 116043.26s, cooldown until 116047.26s"
116064.03,INFO,"Mister pulse started; ON until 116064.28s, cooldown until 116068.28s"
116073.02,INFO,"Mister pulse started; ON until 116073.27s, cooldown until 116077.27s"
116095.02,INFO,"Mister pulse started; ON until 116095.27s, cooldown until 116099.27s"
116100.04,INFO,"Mister pulse started; ON until 116100.29s, cooldown until 116104.29s"
116129.05,INFO,"Mister pulse started; ON until 116129.30s, cooldown until 116133.30s"
116147.01,INFO,"Mister pulse started; ON until 116147.26s, cooldown until 116151.26s"
116172.01,INFO,"Mister pulse started; ON until 116172.26s, cooldown until 116176.26s"
116184.04,INFO,"Mister pulse started; ON until 116184.29s, cooldown until 116188.29s"
116206.02,INFO,"Mister pulse started; ON until 116206.27s, cooldown until 116210.27s"
116223.01,INFO,"Mister pulse started; ON until 116223.26s, cooldown until 116227.26s"
116244.04,INFO,"Mister pulse started; ON until 116244.29s, cooldown until 116248.29s"
116258.03,INFO,"Mister pulse started; ON until 116258.28s, cooldown until 116262.28s"
116283.01,INFO,"Mister pulse started; ON until 116283.26s, cooldown until 116287.26s"
116294.01,INFO,"Mister pulse started; ON until 116294.26s, cooldown until 116298.26s"
116316.01,INFO,"Mister pulse started; ON until 116316.26s, cooldown until 116320.26s"
116333.00,INFO,"Mister pulse started; ON until 116333.25s, cooldown until 116337.25s"
116355.05,INFO,"Mister pulse started; ON until 116355.30s, cooldown until 116359.30s"
116367.03,INFO,"Mister pulse started; ON until 116367.28s, cooldown until 116371.28s"
116390.05,INFO,"Mister pulse started; ON until 116390.30s, cooldown until 116394.30s"
116412.04,INFO,"Mister pulse started; ON until 116412.29s, cooldown until 116416.29s"
116429.03,INFO,"Mister pulse started; ON until 116429.28s, cooldown until 116433.28s"
116450.05,INFO,"Mister pulse started; ON until 116450.30s, cooldown until 116454.30s"
116456.04,INFO,"Mister pulse started; ON until 116456.29s, cooldown until 116460.29s"
116488.05,INFO,"Mister pulse started; ON until 116488.30s, cooldown until 116492.30s"
116513.03,INFO,"Mister pulse started; ON until 116513.28s, cooldown until 116517.28s"
116524.02,INFO,"Mister pulse started; ON until 116524.27s, cooldown until 116528.27s"
116549.02,INFO,"Mister pulse started; ON until 116549.27s, cooldown until 116553.27s"
116570.03,INFO,"Mister pulse started; ON until 116570.28s, cooldown until 116574.28s"
116590.01,INFO,"Mister pulse started; ON until 116590.26s, cooldown until 116594.26s"
116615.05,INFO,"Mister pulse started; ON until 116615.30s, cooldown until 116619.30s"
116642.00,INFO,"Mister pulse started; ON until 116642.25s, cooldown until 116646.25s"
116661.01,INFO,"Mister pulse started; ON until 116661.26s, cooldown until 116665.26s"
116692.04,INFO,"Mister pulse started; ON until 116692.29s, cooldown until 116696.29s"
116711.03,INFO,"Mister pulse started; ON until 116711.28s, cooldown until 116715.28s"
116725.03,INFO,"Mister pulse started; ON until 116725.28s, cooldown until 116729.28s"
116752.03,INFO,"Mister pulse started; ON until 116752.28s, cooldown until 116756.28s"
116767.01,INFO,"Mister pulse started; ON until 116767.26s, cooldown until 116771.26s"
116786.01,INFO,"Mister pulse started; ON until 116786.26s, cooldown until 116790.26s"
116810.02,INFO,"Mister pulse started; ON until 116810.27s, cooldown until 116814.27s"
116832.01,INFO,"Mister pulse started; ON until 116832.26s, cooldown until 116836.26s"
116852.04,INFO,"Mister pulse started; ON until 116852.29s, cooldown until 116856.29s"
116882.05,INFO,"Mister pulse started; ON until 116882.30s, cooldown until 116886.30s"
116904.00,INFO,"Mister pulse started; ON until 116904.25s, cooldown until 116908.25s"
116928.01,INFO,"Mister pulse started; ON until 116928.26s, cooldown until 116932.26s"
116954.03,INFO,"Mister pulse started; ON until 116954.28s, cooldown until 116958.28s"
116980.01,INFO,"Mister pulse started; ON until 116980.26s, cooldown until 116984.26s"
116998.03,INFO,"Mister pulse started; ON until 116998.28s, cooldown until 117002.28s"
117017.03,INFO,"Mister pulse started; ON until 117017.28s, cooldown until 117021.28s"
117043.04,INFO,"Mister pulse started; ON until 117043.29s, cooldown until 117047.29s"
117055.03,INFO,"Mister pulse started; ON until 117055.28s, cooldown until 117059.28s"
117081.05,INFO,"Mister pulse started; ON until 117081.30s, cooldown until 117085.30s"
117108.05,INFO,"Mister pulse started; ON until 117108.30s, cooldown until 117112.30s"
117123.02,INFO,"Mister pulse started; ON until 117123.27s, cooldown until 117127.27s"
117140.01,INFO,"Mister pulse started; ON until 117140.26s, cooldown until 117144.26s"
117163.05,INFO,"Mister pulse started; ON until 117163.30s, cooldown until 117167.30s"
117177.04,INFO,"Mister pulse started; ON until 117177.29s, cooldown until 117181.29s"
117190.05,INFO,"Mister pulse started; ON until 117190.30s, cooldown until 117194.30s"
117216.02,INFO,"Mister pulse started; ON until 117216.27s, cooldown until 117220.27s"
117230.02,INFO,"Mister pulse started; ON until 117230.27s, cooldown until 117234.27s"
117259.03,INFO,"Mister pulse started; ON until 117259.28s, cooldown until 117263.28s"
117276.02,INFO,"Mister pulse started; ON until 117276.27s, cooldown until 117280.27s"
117297.03,INFO,"Mister pulse started; ON until 117297.28s, cooldown until 117301.28s"
117312.00,INFO,"Mister pulse started; ON until 117312.25s, cooldown until 117316.25s"
117331.00,INFO,"Mister pulse started; ON until 117331.25s, cooldown until 117335.25s"
117353.05,INFO,"Mister pulse started; ON until 117353.30s, cooldown until 117357.30s"
117368.03,INFO,"Mister pulse started; ON until 117368.28s, cooldown until 117372.28s"
117384.04,INFO,"Mister pulse started; ON until 117384.29s, cooldown until 117388.29s"
117402.01,INFO,"Mister pulse started; ON until 117402.26s, cooldown until 117406.26s"
117427.01,INFO,"Mister pulse started; ON until 117427.26s, cooldown until 117431.26s"
117455.04,INFO,"Mister pulse started; ON until 117455.29s, cooldown until 117459.29s"
117471.00,INFO,"Mister pulse started; ON until 117471.25s, cooldown until 117475.25s"
117490.00,INFO,"Mister pulse started; ON until 117490.25s, cooldown until 117494.25s"
117515.05,INFO,"Mister pulse started; ON until 117515.30s, cooldown until 117519.30s"
117542.05,INFO,"Mister pulse started; ON until 117542.30s, cooldown until 117546.30s"
117558.00,INFO,"Mister pulse started; ON until 117558.25s, cooldown until 117562.25s"
117578.03,INFO,"Mister pulse started; ON until 117578.28s, cooldown until 117582.28s"
117601.00,INFO,"Mister pulse started; ON until 117601.25s, cooldown until 117605.25s"
117630.02,INFO,"Mister pulse started; ON until 117630.27s, cooldown until 117634.27s"
117648.03,INFO,"Mister pulse started; ON until 117648.28s, cooldown until 117652.28s"
117671.01,INFO,"Mister pulse started; ON until 117671.26s, cooldown until 117675.26s"
117696.00,INFO,"Mister pulse started; ON until 117696.25s, cooldown until 117700.25s"
117724.03,INFO,"Mister pulse started; ON until 117724.28s, cooldown until 117728.28s"
117741.01,INFO,"Mister pulse started; ON until 117741.26s, cooldown until 117745.26s"
117759.02,INFO,"Mister pulse started; ON until 117759.27s, cooldown until 117763.27s"
117788.04,INFO,"Mister pulse started; ON until 117788.29s, cooldown until 117792.29s"
117801.00,INFO,"Mister pulse started; ON until 117801.25s, cooldown until 117805.25s"
117814.01,INFO,"Mister pulse started; ON until 117814.26s, cooldown until 117818.26s"
117840.04,INFO,"Mister pulse started; ON until 117840.29s, cooldown until 117844.29s"
117864.05,INFO,"Mister pulse started; ON until 117864.30s, cooldown until 117868.30s"
117891.00,INFO,"Mister pulse started; ON until 117891.25s, cooldown until 117895.25s"
117910.05,INFO,"Mister pulse started; ON until 117910.30s, cooldown until 117914.30s"
117932.04,INFO,"Mister pulse started; ON until 117932.29s, cooldown until 117936.29s"
117953.01,INFO,"Mister pulse started; ON until 117953.26s, cooldown until 117957.26s"
117968.03,INFO,"Mister pulse started; ON until 117968.28s, cooldown until 117972.28s"
117982.02,INFO,"Mister pulse started; ON until 117982.27s, cooldown until 117986.27s"
118012.02,INFO,"Mister pulse started; ON until 118012.27s, cooldown until 118016.27s"
118035.00,INFO,"Mister pulse started; ON until 118035.25s, cooldown until 118039.25s"
118057.05,INFO,"Mister pulse started; ON until 118057.30s, cooldown until 118061.30s"
118073.01,INFO,"Mister pulse started; ON until 118073.26s, cooldown until 118077.26s"
118096.04,INFO,"Mister pulse started; ON until 118096.29s, cooldown until 118100.29s"
118111.01,INFO,"Mister pulse started; ON until 118111.26s, cooldown until 118115.26s"
118128.04,INFO,"Mister pulse started; ON until 118128.29s, cooldown until 118132.29s"
118144.00,INFO,"Mister pulse started; ON until 118144.25s, cooldown until 118148.25s"
118164.03,INFO,"Mister pulse started; ON until 118164.28s, cooldown until 118168.28s"
118189.02,INFO,"Mister pulse started; ON until 118189.27s, cooldown until 118193.27s"
118202.04,INFO,"Mister pulse started; ON until 118202.29s, cooldown until 118206.29s"
118227.02,INFO,"Mister pulse started; ON until 118227.27s, cooldown until 118231.27s"
118255.01,INFO,"Mister pulse started; ON until 118255.26s, cooldown until 118259.26s"
118274.02,INFO,"Mister pulse started; ON until 118274.27s, cooldown until 118278.27s"
118300.05,INFO,"Mister pulse started; ON until 118300.30s, cooldown until 118304.30s"
118307.02,INFO,"Mister pulse started; ON until 118307.27s, cooldown until 118311.27s"
118324.05,INFO,"Mister pulse started; ON until 118324.30s, cooldown until 118328.30s"
118339.02,INFO,"Mister pulse started; ON until 118339.27s, cooldown until 118343.27s"
118344.03,INFO,"Mister pulse started; ON until 118344.28s, cooldown until 118348.28s"
118373.04,INFO,"Mister pulse started; ON until 118373.29s, cooldown until 118377.29s"
118388.02,INFO,"Mister pulse started; ON until 118388.27s, cooldown until 118392.27s"
118403.00,INFO,"Mister pulse started; ON until 118403.25s, cooldown until 118407.25s"
118420.04,INFO,"Mister pulse started; ON until 118420.29s, cooldown until 118424.29s"
118435.01,INFO,"Mister pulse started; ON until 118435.26s, cooldown until 118439.26s"
118453.03,INFO,"Mister pulse started; ON until 118453.28s, cooldown until 118457.28s"
118474.04,INFO,"Mister pulse started; ON until 118474.29s, cooldown until 118478.29s"
118481.01,INFO,"Mister pulse started; ON until 118481.26s, cooldown until 118485.26s"
118499.03,INFO,"Mister pulse started; ON until 118499.28s, cooldown until 118503.28s"
118516.02,INFO,"Mister pulse started; ON until 118516.27s, cooldown until 118520.27s"
118536.05,INFO,"Mister pulse started; ON until 118536.30s, cooldown until 118540.30s"
118564.03,INFO,"Mister pulse started; ON until 118564.28s, cooldown until 118568.28s"
118583.03,INFO,"Mister pulse started; ON until 118583.28s, cooldown until 118587.28s"
118609.04,INFO,"Mister pulse started; ON until 118609.29s, cooldown until 118613.29s"
118618.03,INFO,"Mister pulse started; ON until 118618.28s, cooldown until 118622.28s"
118639.05,INFO,"Mister pulse started; ON until 118639.30s, cooldown until 118643.30s"
118664.04,INFO,"Mister pulse started; ON until 118664.29s, cooldown until 118668.29s"
118672.04,INFO,"Mister pulse started; ON until 118672.29s, cooldown until 118676.29s"
118689.03,INFO,"Mister pulse started; ON until 118689.28s, cooldown until 118693.28s"
118706.02,INFO,"Mister pulse started; ON until 118706.27s, cooldown until 118710.27s"
118727.03,INFO,"Mister pulse started; ON until 118727.28s, cooldown until 118731.28s"
118736.01,INFO,"Mister pulse started; ON until 118736.26s, cooldown until 118740.26s"
118755.01,INFO,"Mister pulse started; ON until 118755.26s, cooldown until 118759.26s"
118780.00,INFO,"Mister pulse started; ON until 118780.25s, cooldown until 118784.25s"
118808.04,INFO,"Mister pulse started; ON until 118808.29s, cooldown until 118812.29s"
118824.04,INFO,"Mister pulse started; ON until 118824.29s, cooldown until 118828.29s"
118840.05,INFO,"Mister pulse started; ON until 118840.30s, cooldown until 118844.30s"
118858.02,INFO,"Mister pulse started; ON until 118858.27s, cooldown until 118862.27s"
118880.02,INFO,"Mister pulse started; ON until 118880.27s, cooldown until 118884.27s"
118901.03,INFO,"Mister pulse started; ON until 118901.28s, cooldown until 118905.28s"
118907.02,INFO,"Mister pulse started; ON until 118907.27s, cooldown until 118911.27s"
118940.02,INFO,"Mister pulse started; ON until 118940.27s, cooldown until 118944.27s"
118945.03,INFO,"Mister pulse started; ON until 118945.28s, cooldown until 118949.28s"
118975.03,INFO,"Mister pulse started; ON until 118975.28s, cooldown until 118979.28s"
118993.00,INFO,"Mister pulse started; ON until 118993.25s, cooldown until 118997.25s"
119019.01,INFO,"Mister pulse started; ON until 119019.26s, cooldown until 119023.26s"
119026.03,INFO,"Mister pulse started; ON until 119026.28s, cooldown until 119030.28s"
119056.04,INFO,"Mister pulse started; ON until 119056.29s, cooldown until 119060.29s"
119078.03,INFO,"Mister pulse started; ON until 119078.28s, cooldown until 119082.28s"
119098.02,INFO,"Mister pulse started; ON until 119098.27s, cooldown until 119102.27s"
119109.02,INFO,"Mister pulse started; ON until 119109.27s, cooldown until 119113.27s"
119133.03,INFO,"Mister pulse started; ON until 119133.28s, cooldown until 119137.28s"
119150.04,INFO,"Mister pulse started; ON until 119150.29s, cooldown until 119154.29s"
119173.01,INFO,"Mister pulse started; ON until 119173.26s, cooldown until 119177.26s"
119195.01,INFO,"Mister pulse started; ON until 119195.26s, cooldown until 119199.26s"
119217.01,INFO,"Mister pulse started; ON until 119217.26s, cooldown until 119221.26s"
119233.02,INFO,"Mister pulse started; ON until 119233.27s, cooldown until 119237.27s"
119250.00,INFO,"Mister pulse started; ON until 119250.25s, cooldown until 119254.25s"
119270.04,INFO,"Mister pulse started; ON until 119270.29s, cooldown until 119274.29s"
119299.01,INFO,"Mister pulse started; ON until 119299.26s, cooldown until 119303.26s"
119318.01,INFO,"Mister pulse started; ON until 119318.26s, cooldown until 119322.26s"
119330.04,INFO,"Mister pulse started; ON until 119330.29s, cooldown until 119334.29s"
119350.03,INFO,"Mister pulse started; ON until 119350.28s, cooldown until 119354.28s"
119363.05,INFO,"Mister pulse started; ON until 119363.30s, cooldown until 119367.30s"
119389.03,INFO,"Mister pulse started; ON until 119389.28s, cooldown until 119393.28s"
119396.04,INFO,"Mister pulse started; ON until 119396.29s, cooldown until 119400.29s"
119428.05,INFO,"Mister pulse started; ON until 119428.30s, cooldown until 119432.30s"
119454.03,INFO,"Mister pulse started; ON until 119454.28s, cooldown until 119458.28s"
119472.04,INFO,"Mister pulse started; ON until 119472.29s, cooldown until 119476.29s"
119492.04,INFO,"Mister pulse started; ON until 119492.29s, cooldown until 119496.29s"
119500.04,INFO,"Mister pulse started; ON until 119500.29s, cooldown until 119504.29s"
119517.02,INFO,"Mister pulse started; ON until 119517.27s, cooldown until 119521.27s"
119534.02,INFO,"Mister pulse started; ON until 119534.27s, cooldown until 119538.27s"
119555.03,INFO,"Mister pulse started; ON until 119555.28s, cooldown until 119559.28s"
119568.00,INFO,"Mister pulse started; ON until 119568.25s, cooldown until 119572.25s"
119594.03,INFO,"Mister pulse started; ON until 119594.28s, cooldown until 119598.28s"
119600.03,INFO,"Mister pulse started; ON until 119600.28s, cooldown until 119604.28s"
119631.00,INFO,"Mister pulse started; ON until 119631.25s, cooldown until 119635.25s"
119659.04,INFO,"Mister pulse started; ON until 119659.29s, cooldown until 119663.29s"
119674.02,INFO,"Mister pulse started; ON until 119674.27s, cooldown until 119678.27s"
119689.05,INFO,"Mister pulse started; ON until 119689.30s, cooldown until 119693.30s"
119700.05,INFO,"Mister pulse started; ON until 119700.30s, cooldown until 119704.30s"
119724.05,INFO,"Mister pulse started; ON until 119724.30s, cooldown until 119728.30s"
119745.01,INFO,"Mister pulse started; ON until 119745.26s, cooldown until 119749.26s"
119760.03,INFO,"Mister pulse started; ON until 119760.28s, cooldown until 119764.28s"
119774.03,INFO,"Mister pulse started; ON until 119774.28s, cooldown until 119778.28s"
119800.01,INFO,"Mister pulse started; ON until 119800.26s, cooldown until 119804.26s"
119816.03,INFO,"Mister pulse started; ON until 119816.28s, cooldown until 119820.28s"
119834.00,INFO,"Mister pulse started; ON until 119834.25s, cooldown until 119838.25s"
119857.03,INFO,"Mister pulse started; ON until 119857.28s, cooldown until 119861.28s"
119874.01,INFO,"Mister pulse started; ON until 119874.26s, cooldown until 119878.26s"
119897.04,INFO,"Mister pulse started; ON until 119897.29s, cooldown until 119901.29s"
119915.05,INFO,"Mister pulse started; ON until 119915.30s, cooldown until 119919.30s"
119942.00,INFO,"Mister pulse started; ON until 119942.25s, cooldown until 119946.25s"
119956.05,INFO,"Mister pulse started; ON until 119956.30s, cooldown until 119960.30s"
119985.02,INFO,"Mister pulse started; ON until 119985.27s, cooldown until 119989.27s"
120009.02,INFO,"Mister pulse started; ON until 120009.27s, cooldown until 120013.27s"
120032.05,INFO,"Mister pulse started; ON until 120032.30s, cooldown until 120036.30s"
120050.02,INFO,"Mister pulse started; ON until 120050.27s, cooldown until 120054.27s"
120075.01,INFO,"Mister pulse started; ON until 120075.26s, cooldown until 120079.26s"
120082.03,INFO,"Mister pulse started; ON until 120082.28s, cooldown until 120086.28s"
120114.05,INFO,"Mister pulse started; ON until 120114.30s, cooldown until 120118.30s"
120138.00,INFO,"Mister pulse started; ON until 120138.25s, cooldown until 120142.25s"
120148.02,INFO,"Mister pulse started; ON until 120148.27s, cooldown until 120152.27s"
120168.05,INFO,"Mister pulse started; ON until 120168.30s, cooldown until 120172.30s"
120190.04,INFO,"Mister pulse started; ON until 120190.29s, cooldown until 120194.29s"
120212.03,INFO,"Mister pulse started; ON until 120212.28s, cooldown until 120216.28s"
120226.03,INFO,"Mister pulse started; ON until 120226.28s, cooldown until 120230.28s"
120240.02,INFO,"Mister pulse started; ON until 120240.27s, cooldown until 120244.27s"
120267.01,INFO,"Mister pulse started; ON until 120267.26s, cooldown until 120271.26s"
120283.02,INFO,"Mister pulse started; ON until 120283.27s, cooldown until 120287.27s"
120300.00,INFO,"Mister pulse started; ON until 120300.25s, cooldown until 120304.25s"
120320.04,INFO,"Mister pulse started; ON until 120320.29s, cooldown until 120324.29s"
120346.01,INFO,"Mister pulse started; ON until 120346.26s, cooldown until 120350.26s"
120362.01,INFO,"Mister pulse started; ON until 120362.26s, cooldown until 120366.26s"
120378.02,INFO,"Mister pulse started; ON until 120378.27s, cooldown until 120382.27s"
120393.04,INFO,"Mister pulse started; ON until 120393.29s, cooldown until 120397.29s"
120409.00,INFO,"Mister pulse started; ON until 120409.25s, cooldown until 120413.25s"
120425.01,INFO,"Mister pulse started; ON until 120425.26s, cooldown until 120429.26s"
120441.01,INFO,"Mister pulse started; ON until 120441.26s, cooldown until 120445.26s"
120455.00,INFO,"Mister pulse started; ON until 120455.25s, cooldown until 120459.25s"
120467.03,INFO,"Mister pulse started; ON until 120467.28s, cooldown until 120471.28s"
120488.05,INFO,"Mister pulse started; ON until 120488.30s, cooldown until 120492.30s"
120500.03,INFO,"Mister pulse started; ON until 120500.28s, cooldown until 120504.28s"
120528.01,INFO,"Mister pulse started; ON until 120528.26s, cooldown until 120532.26s"
120541.02,INFO,"Mister pulse started; ON until 120541.27s, cooldown until 120545.27s"
120571.02,INFO,"Mister pulse started; ON until 120571.27s, cooldown until 120575.27s"
120592.03,INFO,"Mister pulse started; ON until 120592.28s, cooldown until 120596.28s"
120613.05,INFO,"Mister pulse started; ON until 120613.30s, cooldown until 120617.30s"
120638.04,INFO,"Mister pulse started; ON until 120638.29s, cooldown until 120642.29s"
120649.05,INFO,"Mister pulse started; ON until 120649.30s, cooldown until 120653.30s"
120671.04,INFO,"Mister pulse started; ON until 120671.29s, cooldown until 120675.29s"
120687.05,INFO,"Mister pulse started; ON until 120687.30s, cooldown until 120691.30s"
120704.04,INFO,"Mister pulse started; ON until 120704.29s, cooldown until 120708.29s"
120725.02,INFO,"Mister pulse started; ON until 120725.27s, cooldown until 120729.27s"
120738.03,INFO,"Mister pulse started; ON until 120738.28s, cooldown until 120742.28s"
120769.01,INFO,"Mister pulse started; ON until 120769.26s, cooldown until 120773.26s"
120792.03,INFO,"Mister pulse started; ON until 120792.28s, cooldown until 120796.28s"
120816.04,INFO,"Mister pulse started; ON until 120816.29s, cooldown until 120820.29s"
120840.01,INFO,"Mister pulse started; ON until 120840.26s, cooldown until 120844.26s"
120868.05,INFO,"Mister pulse started; ON until 120868.30s, cooldown until 120872.30s"
120881.00,INFO,"Mister pulse started; ON until 120881.25s, cooldown until 120885.25s"
120895.04,INFO,"Mister pulse started; ON until 120895.29s, cooldown until 120899.29s"
120921.05,INFO,"Mister pulse started; ON until 120921.30s, cooldown until 120925.30s"
120945.00,INFO,"Mister pulse started; ON until 120945.25s, cooldown until 120949.25s"
120953.01,INFO,"Mister pulse started; ON until 120953.26s, cooldown until 120957.26s"
120967.01,INFO,"Mister pulse started; ON until 120967.26s, cooldown until 120971.26s"
120995.04,INFO,"Mister pulse started; ON until 120995.29s, cooldown until 120999.29s"
121010.01,INFO,"Mister pulse started; ON until 121010.26s, cooldown until 121014.26s"
121028.03,INFO,"Mister pulse started; ON until 121028.28s, cooldown until 121032.28s"
121048.02,INFO,"Mister pulse started; ON until 121048.27s, cooldown until 121052.27s"
121059.02,INFO,"Mister pulse started; ON until 121059.27s, cooldown until 121063.27s"
121082.04,INFO,"Mister pulse started; ON until 121082.29s, cooldown until 121086.29s"
121099.03,INFO,"Mister pulse started; ON until 121099.28s, cooldown until 121103.28s"
121121.03,INFO,"Mister pulse started; ON until 121121.28s, cooldown until 121125.28s"
121135.02,INFO,"Mister pulse started; ON until 121135.27s, cooldown until 121139.27s"
121150.05,INFO,"Mister pulse started; ON until 121150.30s, cooldown until 121154.30s"
121178.03,INFO,"Mister pulse started; ON until 121178.28s, cooldown until 121182.28s"
121196.00,INFO,"Mister pulse started; ON until 121196.25s, cooldown until 121200.25s"
121222.03,INFO,"Mister pulse started; ON until 121222.28s, cooldown until 121226.28s"
121234.01,INFO,"Mister pulse started; ON until 121234.26s, cooldown until 121238.26s"
121255.02,INFO,"Mister pulse started; ON until 121255.27s, cooldown until 121259.27s"
121274.02,INFO,"Mister pulse started; ON until 121274.27s, cooldown until 121278.27s"
121295.03,INFO,"Mister pulse started; ON until 121295.28s, cooldown until 121299.28s"
121311.04,INFO,"Mister pulse started; ON until 121311.29s, cooldown until 121315.29s"
121331.03,INFO,"Mister pulse started; ON until 121331.28s, cooldown until 121335.28s"
121358.03,INFO,"Mister pulse started; ON until 121358.28s, cooldown until 121362.28s"
121371.04,INFO,"Mister pulse started; ON until 121371.29s, cooldown until 121375.29s"
121399.02,INFO,"Mister pulse started; ON until 121399.27s, cooldown until 121403.27s"
121418.02,INFO,"Mister pulse started; ON until 121418.27s, cooldown until 121422.27s"
121445.03,INFO,"Mister pulse started; ON until 121445.28s, cooldown until 121449.28s"
121460.00,INFO,"Mister pulse started; ON until 121460.25s, cooldown until 121464.25s"
121476.01,INFO,"Mister pulse started; ON until 121476.26s, cooldown until 121480.26s"
121490.01,INFO,"Mister pulse started; ON until 121490.26s, cooldown until 121494.26s"
121503.02,INFO,"Mister pulse started; ON until 121503.27s, cooldown until 121507.27s"
121526.04,INFO,"Mister pulse started; ON until 121526.29s, cooldown until 121530.29s"
121547.01,INFO,"Mister pulse started; ON until 121547.26s, cooldown until 121551.26s"
121561.05,INFO,"Mister pulse started; ON until 121561.30s, cooldown until 121565.30s"
121593.05,INFO,"Mister pulse started; ON until 121593.30s, cooldown until 121597.30s"
121617.00,INFO,"Mister pulse started; ON until 121617.25s, cooldown until 121621.25s"
121630.01,INFO,"Mister pulse started; ON until 121630.26s, cooldown until 121634.26s"
121656.03,INFO,"Mister pulse started; ON until 121656.28s, cooldown until 121660.28s"
121681.02,INFO,"Mister pulse started; ON until 121681.27s, cooldown until 121685.27s"
121693.01,INFO,"Mister pulse started; ON until 121693.26s, cooldown until 121697.26s"
121717.01,INFO,"Mister pulse started; ON until 121717.26s, cooldown until 121721.26s"
121740.00,INFO,"Mister pulse started; ON until 121740.25s, cooldown until 121744.25s"
121762.05,INFO,"Mister pulse started; ON until 121762.30s, cooldown until 121766.30s"
121778.00,INFO,"Mister pulse started; ON until 121778.25s, cooldown until 121782.25s"
121797.00,INFO,"Mister pulse started; ON until 121797.25s, cooldown until 121801.25s"
121824.01,INFO,"Mister pulse started; ON until 121824.26s, cooldown until 121828.26s"
121830.05,INFO,"Mister pulse started; ON until 121830.30s, cooldown until 121834.30s"
121862.05,INFO,"Mister pulse started; ON until 121862.30s, cooldown until 121866.30s"
121891.01,INFO,"Mister pulse started; ON until 121891.26s, cooldown until 121895.26s"
121913.01,INFO,"Mister pulse started; ON until 121913.26s, cooldown until 121917.26s"
121937.02,INFO,"Mister pulse started; ON until 121937.27s, cooldown until 121941.27s"
121956.01,INFO,"Mister pulse started; ON until 121956.26s, cooldown until 121960.26s"
121982.03,INFO,"Mister pulse started; ON until 121982.28s, cooldown until 121986.28s"
121993.03,INFO,"Mister pulse started; ON until 121993.28s, cooldown until 121997.28s"
122019.00,INFO,"Mister pulse started; ON until 122019.25s, cooldown until 122023.25s"
122043.00,INFO,"Mister pulse started; ON until 122043.25s, cooldown until 122047.25s"
122067.02,INFO,"Mister pulse started; ON until 122067.27s, cooldown until 122071.27s"
122090.04,INFO,"Mister pulse started; ON until 122090.29s, cooldown until 122094.29s"
122112.03,INFO,"Mister pulse started; ON until 122112.28s, cooldown until 122116.28s"
122133.04,INFO,"Mister pulse started; ON until 122133.29s, cooldown until 122137.29s"
122138.01,INFO,"Mister pulse started; ON until 122138.26s, cooldown until 122142.26s"
122171.03,INFO,"Mister pulse started; ON until 122171.28s, cooldown until 122175.28s"
122183.00,INFO,"Mister pulse started; ON until 122183.25s, cooldown until 122187.25s"
122208.04,INFO,"Mister pulse started; ON until 122208.29s, cooldown until 122212.29s"
122231.01,INFO,"Mister pulse started; ON until 122231.26s, cooldown until 122235.26s"
122254.04,INFO,"Mister pulse started; ON until 122254.29s, cooldown until 122258.29s"
122275.05,INFO,"Mister pulse started; ON until 122275.30s, cooldown until 122279.30s"
122286.05,INFO,"Mister pulse started; ON until 122286.30s, cooldown until 122290.30s"
122309.03,INFO,"Mister pulse started; ON until 122309.28s, cooldown until 122313.28s"
122328.02,INFO,"Mister pulse started; ON until 122328.27s, cooldown until 122332.27s"
122357.04,INFO,"Mister pulse started; ON until 122357.29s, cooldown until 122361.29s"
122376.04,INFO,"Mister pulse started; ON until 122376.29s, cooldown until 122380.29s"
122399.01,INFO,"Mister pulse started; ON until 122399.26s, cooldown until 122403.26s"
122425.03,INFO,"Mister pulse started; ON until 122425.28s, cooldown until 122429.28s"
122435.00,INFO,"Mister pulse started; ON until 122435.25s, cooldown until 122439.25s"
122459.01,INFO,"Mister pulse started; ON until 122459.26s, cooldown until 122463.26s"
122477.04,INFO,"Mister pulse started; ON until 122477.29s, cooldown until 122481.29s"
122503.02,INFO,"Mister pulse started; ON until 122503.27s, cooldown until 122507.27s"
122510.04,INFO,"Mister pulse started; ON until 122510.29s, cooldown until 122514.29s"
122541.02,INFO,"Mister pulse started; ON until 122541.27s, cooldown until 122545.27s"
122565.03,INFO,"Mister pulse started; ON until 122565.28s, cooldown until 122569.28s"
122593.01,INFO,"Mister pulse started; ON until 122593.26s, cooldown until 122597.26s"
122612.02,INFO,"Mister pulse started; ON until 122612.27s, cooldown until 122616.27s"
122637.01,INFO,"Mister pulse started; ON until 122637.26s, cooldown until 122641.26s"
122650.04,INFO,"Mister pulse started; ON until 122650.29s, cooldown until 122654.29s"
122672.03,INFO,"Mister pulse started; ON until 122672.28s, cooldown until 122676.28s"
122692.00,INFO,"Mister pulse started; ON until 122692.25s, cooldown until 122696.25s"
122706.05,INFO,"Mister pulse started; ON until 122706.30s, cooldown until 122710.30s"
122732.05,INFO,"Mister pulse started; ON until 122732.30s, cooldown until 122736.30s"
122737.01,INFO,"Mister pulse started; ON until 122737.26s, cooldown until 122741.26s"
122769.02,INFO,"Mister pulse started; ON until 122769.27s, cooldown until 122773.27s"
122794.01,INFO,"Mister pulse started; ON until 122794.26s, cooldown until 122798.26s"
122803.04,INFO,"Mister pulse started; ON until 122803.29s, cooldown until 122807.29s"
122820.03,INFO,"Mister pulse started; ON until 122820.28s, cooldown until 122824.28s"
122837.02,INFO,"Mister pulse started; ON until 122837.27s, cooldown until 122841.27s"
122858.03,INFO,"Mister pulse started; ON until 122858.28s, cooldown until 122862.28s"
122871.00,INFO,"Mister pulse started; ON until 122871.25s, cooldown until 122875.25s"
122901.00,INFO,"Mister pulse started; ON until 122901.25s, cooldown until 122905.25s"
122923.00,INFO,"Mister pulse started; ON until 122923.25s, cooldown until 122927.25s"
122940.03,INFO,"Mister pulse started; ON until 122940.28s, cooldown until 122944.28s"
122958.04,INFO,"Mister pulse started; ON until 122958.29s, cooldown until 122962.29s"
122981.02,INFO,"Mister pulse started; ON until 122981.27s, cooldown until 122985.27s"
123002.03,INFO,"Mister pulse started; ON until 123002.28s, cooldown until 123006.28s"
123020.05,INFO,"Mister pulse started; ON until 123020.30s, cooldown until 123024.30s"
123037.04,INFO,"Mister pulse started; ON until 123037.29s, cooldown until 123041.29s"
123060.00,INFO,"Mister pulse started; ON until 123060.25s, cooldown until 123064.25s"
123080.03,INFO,"Mister pulse started; ON until 123080.28s, cooldown until 123084.28s"
123094.03,INFO,"Mister pulse started; ON until 123094.28s, cooldown until 123098.28s"
123122.01,INFO,"Mister pulse started; ON until 123122.26s, cooldown until 123126.26s"
123142.04,INFO,"Mister pulse started; ON until 123142.29s, cooldown until 123146.29s"
123166.05,INFO,"Mister pulse started; ON until 123166.30s, cooldown until 123170.30s"
123191.02,INFO,"Mister pulse started; ON until 123191.27s, cooldown until 123195.27s"
123200.01,INFO,"Mister pulse started; ON until 123200.26s, cooldown until 123204.26s"
123219.00,INFO,"Mister pulse started; ON until 123219.25s, cooldown until 123223.25s"
123244.01,INFO,"Mister pulse started; ON until 123244.26s, cooldown until 123248.26s"
123267.04,INFO,"Mister pulse started; ON until 123267.29s, cooldown until 123271.29s"
123292.03,INFO,"Mister pulse started; ON until 123292.28s, cooldown until 123296.28s"
123313.04,INFO,"Mister pulse started; ON until 123313.29s, cooldown until 123317.29s"
123345.00,INFO,"Mister pulse started; ON until 123345.25s, cooldown until 123349.25s"
123369.02,INFO,"Mister pulse started; ON until 123369.27s, cooldown until 123373.27s"
123392.04,INFO,"Mister pulse started; ON until 123392.29s, cooldown until 123396.29s"
123413.00,INFO,"Mister pulse started; ON until 123413.25s, cooldown until 123417.25s"
123430.05,INFO,"Mister pulse started; ON until 123430.30s, cooldown until 123434.30s"
123447.04,INFO,"Mister pulse started; ON until 123447.29s, cooldown until 123451.29s"
123467.01,INFO,"Mister pulse started; ON until 123467.26s, cooldown until 123471.26s"
123473.00,INFO,"Mister pulse started; ON until 123473.25s, cooldown until 123477.25s"
123506.05,INFO,"Mister pulse started; ON until 123506.30s, cooldown until 123510.30s"
123531.04,INFO,"Mister pulse started; ON until 123531.29s, cooldown until 123535.29s"
123539.04,INFO,"Mister pulse started; ON until 123539.29s, cooldown until 123543.29s"
123554.02,INFO,"Mister pulse started; ON until 123554.27s, cooldown until 123558.27s"
123570.03,INFO,"Mister pulse started; ON until 123570.28s, cooldown until 123574.28s"
123581.03,INFO,"Mister pulse started; ON until 123581.28s, cooldown until 123585.28s"
123603.03,INFO,"Mister pulse started; ON until 123603.28s, cooldown until 123607.28s"
123617.02,INFO,"Mister pulse started; ON until 123617.27s, cooldown until 123621.27s"
123629.05,INFO,"Mister pulse started; ON until 123629.30s, cooldown until 123633.30s"
123652.03,INFO,"Mister pulse started; ON until 123652.28s, cooldown until 123656.28s"
123672.01,INFO,"Mister pulse started; ON until 123672.26s, cooldown until 123676.26s"
123678.05,INFO,"Mister pulse started; ON until 123678.30s, cooldown until 123682.30s"
123707.02,INFO,"Mister pulse started; ON until 123707.27s, cooldown until 123711.27s"
123729.01,INFO,"Mister pulse started; ON until 123729.26s, cooldown until 123733.26s"
123734.02,INFO,"Mister pulse started; ON until 123734.27s, cooldown until 123738.27s"
123770.00,INFO,"Mister pulse started; ON until 123770.25s, cooldown until 123774.25s"
123790.03,INFO,"Mister pulse started; ON until 123790.28s, cooldown until 123794.28s"
123819.04,INFO,"Mister pulse started; ON until 123819.29s, cooldown until 123823.29s"
123837.02,INFO,"Mister pulse started; ON until 123837.27s, cooldown until 123841.27s"
123866.04,INFO,"Mister pulse started; ON until 123866.29s, cooldown until 123870.29s"
123888.03,INFO,"Mister pulse started; ON until 123888.28s, cooldown until 123892.28s"
123907.04,INFO,"Mister pulse started; ON until 123907.29s, cooldown until 123911.29s"
123931.04,INFO,"Mister pulse started; ON until 123931.29s, cooldown until 123935.29s"
123955.05,INFO,"Mister pulse started; ON until 123955.30s, cooldown until 123959.30s"
123976.00,INFO,"Mister pulse started; ON until 123976.25s, cooldown until 123980.25s"
123998.05,INFO,"Mister pulse started; ON until 123998.30s, cooldown until 124002.30s"
124013.03,INFO,"Mister pulse started; ON until 124013.28s, cooldown until 124017.28s"
124018.04,INFO,"Mister pulse started; ON until 124018.29s, cooldown until 124022.29s"
124049.02,INFO,"Mister pulse started; ON until 124049.27s, cooldown until 124053.27s"
124073.04,INFO,"Mister pulse started; ON until 124073.29s, cooldown until 124077.29s"
124097.04,INFO,"Mister pulse started; ON until 124097.29s, cooldown until 124101.29s"
124121.05,INFO,"Mister pulse started; ON until 124121.30s, cooldown until 124125.30s"
124146.03,INFO,"Mister pulse started; ON until 124146.28s, cooldown until 124150.28s"
124172.04,INFO,"Mister pulse started; ON until 124172.29s, cooldown until 124176.29s"
124186.03,INFO,"Mister pulse started; ON until 124186.28s, cooldown until 124190.28s"
124214.01,INFO,"Mister pulse started; ON until 124214.26s, cooldown until 124218.26s"
124235.03,INFO,"Mister pulse started; ON until 124235.28s, cooldown until 124239.28s"
124245.04,INFO,"Mister pulse started; ON until 124245.29s, cooldown until 124249.29s"
124265.03,INFO,"Mister pulse started; ON until 124265.28s, cooldown until 124269.28s"
124291.00,INFO,"Mister pulse started; ON until 124291.25s, cooldown until 124295.25s"
124307.01,INFO,"Mister pulse started; ON until 124307.26s, cooldown until 124311.26s"
124325.02,INFO,"Mister pulse started; ON until 124325.27s, cooldown until 124329.27s"
124345.05,INFO,"Mister pulse started; ON until 124345.30s, cooldown until 124349.30s"
124371.01,INFO,"Mister pulse started; ON until 124371.26s, cooldown until 124375.26s"
124387.02,INFO,"Mister pulse started; ON until 124387.27s, cooldown until 124391.27s"
124406.02,INFO,"Mister pulse started; ON until 124406.27s, cooldown until 124410.27s"
124429.04,INFO,"Mister pulse started; ON until 124429.29s, cooldown until 124433.29s"
124449.01,INFO,"Mister pulse started; ON until 124449.26s, cooldown until 124453.26s"
124455.01,INFO,"Mister pulse started; ON until 124455.26s, cooldown until 124459.26s"
124489.02,INFO,"Mister pulse started; ON until 124489.27s, cooldown until 124493.27s"
124501.01,INFO,"Mister pulse started; ON until 124501.26s, cooldown until 124505.26s"
124525.03,INFO,"Mister pulse started; ON until 124525.28s, cooldown until 124529.28s"
124551.01,INFO,"Mister pulse started; ON until 124551.26s, cooldown until 124555.26s"
124562.00,INFO,"Mister pulse started; ON until 124562.25s, cooldown until 124566.25s"
124582.04,INFO,"Mister pulse started; ON until 124582.29s, cooldown until 124586.29s"
124611.00,INFO,"Mister pulse started; ON until 124611.25s, cooldown until 124615.25s"
124634.03,INFO,"Mister pulse started; ON until 124634.28s, cooldown until 124638.28s"
124654.01,INFO,"Mister pulse started; ON until 124654.26s, cooldown until 124658.26s"
124668.05,INFO,"Mister pulse started; ON until 124668.30s, cooldown until 124672.30s"
124692.01,INFO,"Mister pulse started; ON until 124692.26s, cooldown until 124696.26s"
124719.01,INFO,"Mister pulse started; ON until 124719.26s, cooldown until 124723.26s"
124736.04,INFO,"Mister pulse started; ON until 124736.29s, cooldown until 124740.29s"
124754.01,INFO,"Mister pulse started; ON until 124754.26s, cooldown until 124758.26s"
124779.05,INFO,"Mister pulse started; ON until 124779.30s, cooldown until 124783.30s"
124803.01,INFO,"Mister pulse started; ON until 124803.26s, cooldown until 124807.26s"
124830.01,INFO,"Mister pulse started; ON until 124830.26s, cooldown until 124834.26s"
124846.01,INFO,"Mister pulse started; ON until 124846.26s, cooldown until 124850.26s"
124862.02,INFO,"Mister pulse started; ON until 124862.27s, cooldown until 124866.27s"
124878.03,INFO,"Mister pulse started; ON until 124878.28s, cooldown until 124882.28s"
124896.04,INFO,"Mister pulse started; ON until 124896.29s, cooldown until 124900.29s"
124917.02,INFO,"Mister pulse started; ON until 124917.27s, cooldown until 124921.27s"
124933.01,INFO,"Mister pulse started; ON until 124933.26s, cooldown until 124937.26s"
124947.01,INFO,"Mister pulse started; ON until 124947.26s, cooldown until 124951.26s"
124962.04,INFO,"Mister pulse started; ON until 124962.29s, cooldown until 124966.29s"
124990.03,INFO,"Mister pulse started; ON until 124990.28s, cooldown until 124994.28s"
125009.02,INFO,"Mister pulse started; ON until 125009.27s, cooldown until 125013.27s"
125037.00,INFO,"Mister pulse started; ON until 125037.25s, cooldown until 125041.25s"
125056.00,INFO,"Mister pulse started; ON until 125056.25s, cooldown until 125060.25s"
125081.04,INFO,"Mister pulse started; ON until 125081.29s, cooldown until 125085.29s"
125109.04,INFO,"Mister pulse started; ON until 125109.29s, cooldown until 125113.29s"
125127.00,INFO,"Mister pulse started; ON until 125127.25s, cooldown until 125131.25s"
125155.03,INFO,"Mister pulse started; ON until 125155.28s, cooldown until 125159.28s"
125174.04,INFO,"Mister pulse started; ON until 125174.29s, cooldown until 125178.29s"
125198.05,INFO,"Mister pulse started; ON until 125198.30s, cooldown until 125202.30s"
125220.05,INFO,"Mister pulse started; ON until 125220.30s, cooldown until 125224.30s"
125241.02,INFO,"Mister pulse started; ON until 125241.27s, cooldown until 125245.27s"
125260.01,INFO,"Mister pulse started; ON until 125260.26s, cooldown until 125264.26s"
125284.03,INFO,"Mister pulse started; ON until 125284.28s, cooldown until 125288.28s"
125307.01,INFO,"Mister pulse started; ON until 125307.26s, cooldown until 125311.26s"
125332.04,INFO,"Mister pulse started; ON until 125332.29s, cooldown until 125336.29s"
125357.03,INFO,"Mister pulse started; ON until 125357.28s, cooldown until 125361.28s"
125382.01,INFO,"Mister pulse started; ON until 125382.26s, cooldown until 125386.26s"
125391.00,INFO,"Mister pulse started; ON until 125391.25s, cooldown until 125395.25s"
125411.03,INFO,"Mister pulse started; ON until 125411.28s, cooldown until 125415.28s"
125436.02,INFO,"Mister pulse started; ON until 125436.27s, cooldown until 125440.27s"
125464.05,INFO,"Mister pulse started; ON until 125464.30s, cooldown until 125468.30s"
125483.00,INFO,"Mister pulse started; ON until 125483.25s, cooldown until 125487.25s"
125511.03,INFO,"Mister pulse started; ON until 125511.28s, cooldown until 125515.28s"
125525.02,INFO,"Mister pulse started; ON until 125525.27s, cooldown until 125529.27s"
125541.03,INFO,"Mister pulse started; ON until 125541.28s, cooldown until 125545.28s"
125554.05,INFO,"Mister pulse started; ON until 125554.30s, cooldown until 125558.30s"
125579.04,INFO,"Mister pulse started; ON until 125579.29s, cooldown until 125583.29s"
125605.02,INFO,"Mister pulse started; ON until 125605.27s, cooldown until 125609.27s"
125622.01,INFO,"Mister pulse started; ON until 125622.26s, cooldown until 125626.26s"
125641.01,INFO,"Mister pulse started; ON until 125641.26s, cooldown until 125645.26s"
125672.00,INFO,"Mister pulse started; ON until 125672.25s, cooldown until 125676.25s"
125699.00,INFO,"Mister pulse started; ON until 125699.25s, cooldown until 125703.25s"
125714.02,INFO,"Mister pulse started; ON until 125714.27s, cooldown until 125718.27s"
125729.05,INFO,"Mister pulse started; ON until 125729.30s, cooldown until 125733.30s"
125761.00,INFO,"Mister pulse started; ON until 125761.25s, cooldown until 125765.25s"
125768.03,INFO,"Mister pulse started; ON until 125768.28s, cooldown until 125772.28s"
125799.00,INFO,"Mister pulse started; ON until 125799.25s, cooldown until 125803.25s"
125828.01,INFO,"Mister pulse started; ON until 125828.26s, cooldown until 125832.26s"
125848.05,INFO,"Mister pulse started; ON until 125848.30s, cooldown until 125852.30s"
125875.00,INFO,"Mister pulse started; ON until 125875.25s, cooldown until 125879.25s"
125895.04,INFO,"Mister pulse started; ON until 125895.29s, cooldown until 125899.29s"
125924.01,INFO,"Mister pulse started; ON until 125924.26s, cooldown until 125928.26s"
125945.03,INFO,"Mister pulse started; ON until 125945.28s, cooldown until 125949.28s"
125962.03,INFO,"Mister pulse started; ON until 125962.28s, cooldown until 125966.28s"
125987.02,INFO,"Mister pulse started; ON until 125987.27s, cooldown until 125991.27s"
126007.05,INFO,"Mister pulse started; ON until 126007.30s, cooldown until 126011.30s"
126023.01,INFO,"Mister pulse started; ON until 126023.26s, cooldown until 126027.26s"
126040.05,INFO,"Mister pulse started; ON until 126040.30s, cooldown until 126044.30s"
126058.01,INFO,"Mister pulse started; ON until 126058.26s, cooldown until 126062.26s"
126083.05,INFO,"Mister pulse started; ON until 126083.30s, cooldown until 126087.30s"
126104.05,INFO,"Mister pulse started; ON until 126104.30s, cooldown until 126108.30s"
126121.04,INFO,"Mister pulse started; ON until 126121.29s, cooldown until 126125.29s"
126144.02,INFO,"Mister pulse started; ON until 126144.27s, cooldown until 126148.27s"
126164.05,INFO,"Mister pulse started; ON until 126164.30s, cooldown until 126168.30s"
126191.05,INFO,"Mister pulse started; ON until 126191.30s, cooldown until 126195.30s"
126208.03,INFO,"Mister pulse started; ON until 126208.28s, cooldown until 126212.28s"
126229.03,INFO,"Mister pulse started; ON until 126229.28s, cooldown until 126233.28s"
126242.00,INFO,"Mister pulse started; ON until 126242.25s, cooldown until 126246.25s"
126271.02,INFO,"Mister pulse started; ON until 126271.27s, cooldown until 126275.27s"
126290.02,INFO,"Mister pulse started; ON until 126290.27s, cooldown until 126294.27s"
126318.02,INFO,"Mister pulse started; ON until 126318.27s, cooldown until 126322.27s"
126339.04,INFO,"Mister pulse started; ON until 126339.29s, cooldown until 126343.29s"
126352.01,INFO,"Mister pulse started; ON until 126352.26s, cooldown until 126356.26s"
126381.02,INFO,"Mister pulse started; ON until 126381.27s, cooldown until 126385.27s"
126401.05,INFO,"Mister pulse started; ON until 126401.30s, cooldown until 126405.30s"
126430.02,INFO,"Mister pulse started; ON until 126430.27s, cooldown until 126434.27s"
126453.01,INFO,"Mister pulse started; ON until 126453.26s, cooldown until 126457.26s"
126481.03,INFO,"Mister pulse started; ON until 126481.28s, cooldown until 126485.28s"
126491.00,INFO,"Mister pulse started; ON until 126491.25s, cooldown until 126495.25s"
126514.02,INFO,"Mister pulse started; ON until 126514.27s, cooldown until 126518.27s"
126531.00,INFO,"Mister pulse started; ON until 126531.25s, cooldown until 126535.25s"
126551.04,INFO,"Mister pulse started; ON until 126551.29s, cooldown until 126555.29s"
126579.02,INFO,"Mister pulse started; ON until 126579.27s, cooldown until 126583.27s"
126600.03,INFO,"Mister pulse started; ON until 126600.28s, cooldown until 126604.28s"
126614.02,INFO,"Mister pulse started; ON until 126614.27s, cooldown until 126618.27s"
126643.04,INFO,"Mister pulse started; ON until 126643.29s, cooldown until 126647.29s"
126662.04,INFO,"Mister pulse started; ON until 126662.29s, cooldown until 126666.29s"
126692.05,INFO,"Mister pulse started; ON until 126692.30s, cooldown until 126696.30s"
126718.01,INFO,"Mister pulse started; ON until 126718.26s, cooldown until 126722.26s"
126731.02,INFO,"Mister pulse started; ON until 126731.27s, cooldown until 126735.27s"
126756.02,INFO,"Mister pulse started; ON until 126756.27s, cooldown until 126760.27s"
126788.04,INFO,"Mister pulse started; ON until 126788.29s, cooldown until 126792.29s"
126813.03,INFO,"Mister pulse started; ON until 126813.28s, cooldown until 126817.28s"
126821.03,INFO,"Mister pulse started; ON until 126821.28s, cooldown until 126825.28s"
126837.04,INFO,"Mister pulse started; ON until 126837.29s, cooldown until 126841.29s"
126853.04,INFO,"Mister pulse started; ON until 126853.29s, cooldown until 126857.29s"
126859.03,INFO,"Mister pulse started; ON until 126859.28s, cooldown until 126863.28s"
126892.02,INFO,"Mister pulse started; ON until 126892.27s, cooldown until 126896.27s"
126905.03,INFO,"Mister pulse started; ON until 126905.28s, cooldown until 126909.28s"
126931.05,INFO,"Mister pulse started; ON until 126931.30s, cooldown until 126935.30s"
126959.03,INFO,"Mister pulse started; ON until 126959.28s, cooldown until 126963.28s"
126981.03,INFO,"Mister pulse started; ON until 126981.28s, cooldown until 126985.28s"
126996.00,INFO,"Mister pulse started; ON until 126996.25s, cooldown until 127000.25s"
127014.02,INFO,"Mister pulse started; ON until 127014.27s, cooldown until 127018.27s"
127037.04,INFO,"Mister pulse started; ON until 127037.29s, cooldown until 127041.29s"
127053.05,INFO,"Mister pulse started; ON until 127053.30s, cooldown until 127057.30s"
127072.00,INFO,"Mister pulse started; ON until 127072.25s, cooldown until 127076.25s"
127101.02,INFO,"Mister pulse started; ON until 127101.27s, cooldown until 127105.27s"
127121.00,INFO,"Mister pulse started; ON until 127121.25s, cooldown until 127125.25s"
127134.02,INFO,"Mister pulse started; ON until 127134.27s, cooldown until 127138.27s"
127161.02,INFO,"Mister pulse started; ON until 127161.27s, cooldown until 127165.27s"
127166.03,INFO,"Mister pulse started; ON until 127166.28s, cooldown until 127170.28s"
127199.02,INFO,"Mister pulse started; ON until 127199.27s, cooldown until 127203.27s"
127225.04,INFO,"Mister pulse started; ON until 127225.29s, cooldown until 127229.29s"
127231.04,INFO,"Mister pulse started; ON until 127231.29s, cooldown until 127235.29s"
127267.03,INFO,"Mister pulse started; ON until 127267.28s, cooldown until 127271.28s"
127286.03,INFO,"Mister pulse started; ON until 127286.28s, cooldown until 127290.28s"
127315.01,INFO,"Mister pulse started; ON until 127315.26s, cooldown until 127319.26s"
127341.03,INFO,"Mister pulse started; ON until 127341.28s, cooldown until 127345.28s"
127367.04,INFO,"Mister pulse started; ON until 127367.29s, cooldown until 127371.29s"
127382.02,INFO,"Mister pulse started; ON until 127382.27s, cooldown until 127386.27s"
127397.05,INFO,"Mister pulse started; ON until 127397.30s, cooldown until 127401.30s"
127427.00,INFO,"Mister pulse started; ON until 127427.25s, cooldown until 127431.25s"
127453.02,INFO,"Mister pulse started; ON until 127453.27s, cooldown until 127457.27s"
127467.02,INFO,"Mister pulse started; ON until 127467.27s, cooldown until 127471.27s"
127497.01,INFO,"Mister pulse started; ON until 127497.26s, cooldown until 127501.26s"
127523.03,INFO,"Mister pulse started; ON until 127523.28s, cooldown until 127527.28s"
127551.01,INFO,"Mister pulse started; ON until 127551.26s, cooldown until 127555.26s"
127570.02,INFO,"Mister pulse started; ON until 127570.27s, cooldown until 127574.27s"
127596.04,INFO,"Mister pulse started; ON until 127596.29s, cooldown until 127600.29s"
127610.04,INFO,"Mister pulse started; ON until 127610.29s, cooldown until 127614.29s"
127640.04,INFO,"Mister pulse started; ON until 127640.29s, cooldown until 127644.29s"
127663.01,INFO,"Mister pulse started; ON until 127663.26s, cooldown until 127667.26s"
127689.03,INFO,"Mister pulse started; ON until 127689.28s, cooldown until 127693.28s"
127718.00,INFO,"Mister pulse started; ON until 127718.25s, cooldown until 127722.25s"
127743.04,INFO,"Mister pulse started; ON until 127743.29s, cooldown until 127747.29s"
127769.01,INFO,"Mister pulse started; ON until 127769.26s, cooldown until 127773.26s"
127781.04,INFO,"Mister pulse started; ON until 127781.29s, cooldown until 127785.29s"
127802.00,INFO,"Mister pulse started; ON until 127802.25s, cooldown until 127806.25s"
127820.03,INFO,"Mister pulse started; ON until 127820.28s, cooldown until 127824.28s"
127842.03,INFO,"Mister pulse started; ON until 127842.28s, cooldown until 127846.28s"
127859.02,INFO,"Mister pulse started; ON until 127859.27s, cooldown until 127863.27s"
127878.02,INFO,"Mister pulse started; ON until 127878.27s, cooldown until 127882.27s"
127908.02,INFO,"Mister pulse started; ON until 127908.27s, cooldown until 127912.27s"
127931.01,INFO,"Mister pulse started; ON until 127931.26s, cooldown until 127935.26s"
127955.02,INFO,"Mister pulse started; ON until 127955.27s, cooldown until 127959.27s"
127979.03,INFO,"Mister pulse started; ON until 127979.28s, cooldown until 127983.28s"
128005.05,INFO,"Mister pulse started; ON until 128005.30s, cooldown until 128009.30s"
128034.01,INFO,"Mister pulse started; ON until 128034.26s, cooldown until 128038.26s"
128061.02,INFO,"Mister pulse started; ON until 128061.27s, cooldown until 128065.27s"
128071.04,INFO,"Mister pulse started; ON until 128071.29s, cooldown until 128075.29s"
128092.00,INFO,"Mister pulse started; ON until 128092.25s, cooldown until 128096.25s"
128106.05,INFO,"Mister pulse started; ON until 128106.30s, cooldown until 128110.30s"
128133.00,INFO,"Mister pulse started; ON until 128133.25s, cooldown until 128137.25s"
128150.04,INFO,"Mister pulse started; ON until 128150.29s, cooldown until 128154.29s"
128167.02,INFO,"Mister pulse started; ON until 128167.27s, cooldown until 128171.27s"
128189.02,INFO,"Mister pulse started; ON until 128189.27s, cooldown until 128193.27s"
128207.04,INFO,"Mister pulse started; ON until 128207.29s, cooldown until 128211.29s"
128230.03,INFO,"Mister pulse started; ON until 128230.28s, cooldown until 128234.28s"
128253.00,INFO,"Mister pulse started; ON until 128253.25s, cooldown until 128257.25s"
128271.03,INFO,"Mister pulse started; ON until 128271.28s, cooldown until 128275.28s"
128299.01,INFO,"Mister pulse started; ON until 128299.26s, cooldown until 128303.26s"
128315.02,INFO,"Mister pulse started; ON until 128315.27s, cooldown until 128319.27s"
128333.03,INFO,"Mister pulse started; ON until 128333.28s, cooldown until 128337.28s"
128354.05,INFO,"Mister pulse started; ON until 128354.30s, cooldown until 128358.30s"
128365.05,INFO,"Mister pulse started; ON until 128365.30s, cooldown until 128369.30s"
128388.02,INFO,"Mister pulse started; ON until 128388.27s, cooldown until 128392.27s"
128411.00,INFO,"Mister pulse started; ON until 128411.25s, cooldown until 128415.25s"
128431.03,INFO,"Mister pulse started; ON until 128431.28s, cooldown until 128435.28s"
128459.00,INFO,"Mister pulse started; ON until 128459.25s, cooldown until 128463.25s"
128481.01,INFO,"Mister pulse started; ON until 128481.26s, cooldown until 128485.26s"
128499.03,INFO,"Mister pulse started; ON until 128499.28s, cooldown until 128503.28s"
128523.04,INFO,"Mister pulse started; ON until 128523.29s, cooldown until 128527.29s"
128543.01,INFO,"Mister pulse started; ON until 128543.26s, cooldown until 128547.26s"
128559.02,INFO,"Mister pulse started; ON until 128559.27s, cooldown until 128563.27s"
128573.02,INFO,"Mister pulse started; ON until 128573.27s, cooldown until 128577.27s"
128602.04,INFO,"Mister pulse started; ON until 128602.29s, cooldown until 128606.29s"
128625.02,INFO,"Mister pulse started; ON until 128625.27s, cooldown until 128629.27s"
128644.03,INFO,"Mister pulse started; ON until 128644.28s, cooldown until 128648.28s"
128675.01,INFO,"Mister pulse started; ON until 128675.26s, cooldown until 128679.26s"
128698.04,INFO,"Mister pulse started; ON until 128698.29s, cooldown until 128702.29s"
128724.01,INFO,"Mister pulse started; ON until 128724.26s, cooldown until 128728.26s"
128739.04,INFO,"Mister pulse started; ON until 128739.29s, cooldown until 128743.29s"
128765.05,INFO,"Mister pulse started; ON until 128765.30s, cooldown until 128769.30s"
128775.02,INFO,"Mister pulse started; ON until 128775.27s, cooldown until 128779.27s"
128798.00,INFO,"Mister pulse started; ON until 128798.25s, cooldown until 128802.25s"
128820.00,INFO,"Mister pulse started; ON until 128820.25s, cooldown until 128824.25s"
128840.00,INFO,"Mister pulse started; ON until 128840.25s, cooldown until 128844.25s"
128869.00,INFO,"Mister pulse started; ON until 128869.25s, cooldown until 128873.25s"
128893.00,INFO,"Mister pulse started; ON until 128893.25s, cooldown until 128897.25s"
128915.05,INFO,"Mister pulse started; ON until 128915.30s, cooldown until 128919.30s"
128928.01,INFO,"Mister pulse started; ON until 128928.26s, cooldown until 128932.26s"
128960.02,INFO,"Mister pulse started; ON until 128960.27s, cooldown until 128964.27s"
128987.02,INFO,"Mister pulse started; ON until 128987.27s, cooldown until 128991.27s"
128998.02,INFO,"Mister pulse started; ON until 128998.27s, cooldown until 129002.27s"
129025.02,INFO,"Mister pulse started; ON until 129025.27s, cooldown until 129029.27s"
129035.04,INFO,"Mister pulse started; ON until 129035.29s, cooldown until 129039.29s"
129056.01,INFO,"Mister pulse started; ON until 129056.26s, cooldown until 129060.26s"
129071.03,INFO,"Mister pulse started; ON until 129071.28s, cooldown until 129075.28s"
129102.01,INFO,"Mister pulse started; ON until 129102.26s, cooldown until 129106.26s"
129133.04,INFO,"Mister pulse started; ON until 129133.29s, cooldown until 129137.29s"
129158.03,INFO,"Mister pulse started; ON until 129158.28s, cooldown until 129162.28s"
129190.04,INFO,"Mister pulse started; ON until 129190.29s, cooldown until 129194.29s"
129218.04,INFO,"Mister pulse started; ON until 129218.29s, cooldown until 129222.29s"
129241.02,INFO,"Mister pulse started; ON until 129241.27s, cooldown until 129245.27s"
129263.02,INFO,"Mister pulse started; ON until 129263.27s, cooldown until 129267.27s"
129281.04,INFO,"Mister pulse started; ON until 129281.29s, cooldown until 129285.29s"
129301.03,INFO,"Mister pulse started; ON until 129301.28s, cooldown until 129305.28s"
129317.04,INFO,"Mister pulse started; ON until 129317.29s, cooldown until 129321.29s"
129331.03,INFO,"Mister pulse started; ON until 129331.28s, cooldown until 129335.28s"
129360.03,INFO,"Mister pulse started; ON until 129360.28s, cooldown until 129364.28s"
129378.05,INFO,"Mister pulse started; ON until 129378.30s, cooldown until 129382.30s"
129406.04,INFO,"Mister pulse started; ON until 129406.29s, cooldown until 129410.29s"
129423.03,INFO,"Mister pulse started; ON until 129423.28s, cooldown until 129427.28s"
129447.03,INFO,"Mister pulse started; ON until 129447.28s, cooldown until 129451.28s"
129469.02,INFO,"Mister pulse started; ON until 129469.27s, cooldown until 129473.27s"
129487.04,INFO,"Mister pulse started; ON until 129487.29s, cooldown until 129491.29s"
129509.03,INFO,"Mister pulse started; ON until 129509.28s, cooldown until 129513.28s"
129526.02,INFO,"Mister pulse started; ON until 129526.27s, cooldown until 129530.27s"
129550.04,INFO,"Mister pulse started; ON until 129550.29s, cooldown until 129554.29s"
129572.03,INFO,"Mister pulse started; ON until 129572.28s, cooldown until 129576.28s"
129591.02,INFO,"Mister pulse started; ON until 129591.27s, cooldown until 129595.27s"
129614.00,INFO,"Mister pulse started; ON until 129614.25s, cooldown until 129618.25s"
129639.05,INFO,"Mister pulse started; ON until 129639.30s, cooldown until 129643.30s"
129663.01,INFO,"Mister pulse started; ON until 129663.26s, cooldown until 129667.26s"
129695.03,INFO,"Mister pulse started; ON until 129695.28s, cooldown until 129699.28s"
129724.03,INFO,"Mister pulse started; ON until 129724.28s, cooldown until 129728.28s"
129747.01,INFO,"Mister pulse started; ON until 129747.26s, cooldown until 129751.26s"
129769.05,INFO,"Mister pulse started; ON until 129769.30s, cooldown until 129773.30s"
129785.01,INFO,"Mister pulse started; ON until 129785.26s, cooldown until 129789.26s"
129804.01,INFO,"Mister pulse started; ON until 129804.26s, cooldown until 129808.26s"
129829.00,INFO,"Mister pulse started; ON until 129829.25s, cooldown until 129833.25s"
129842.01,INFO,"Mister pulse started; ON until 129842.26s, cooldown until 129846.26s"
129869.02,INFO,"Mister pulse started; ON until 129869.27s, cooldown until 129873.27s"
129882.03,INFO,"Mister pulse started; ON until 129882.28s, cooldown until 129886.28s"
129908.05,INFO,"Mister pulse started; ON until 129908.30s, cooldown until 129912.30s"
129936.04,INFO,"Mister pulse started; ON until 129936.29s, cooldown until 129940.29s"
129961.04,INFO,"Mister pulse started; ON until 129961.29s, cooldown until 129965.29s"
129987.00,INFO,"Mister pulse started; ON until 129987.25s, cooldown until 129991.25s"
129999.03,INFO,"Mister pulse started; ON until 129999.28s, cooldown until 130003.28s"
130025.00,INFO,"Mister pulse started; ON until 130025.25s, cooldown until 130029.25s"
130054.02,INFO,"Mister pulse started; ON until 130054.27s, cooldown until 130058.27s"
130077.05,INFO,"Mister pulse started; ON until 130077.30s, cooldown until 130081.30s"
130091.04,INFO,"Mister pulse started; ON until 130091.29s, cooldown until 130095.29s"
130108.03,INFO,"Mister pulse started; ON until 130108.28s, cooldown until 130112.28s"
130128.01,INFO,"Mister pulse started; ON until 130128.26s, cooldown until 130132.26s"
130159.03,INFO,"Mister pulse started; ON until 130159.28s, cooldown until 130163.28s"
130185.05,INFO,"Mister pulse started; ON until 130185.30s, cooldown until 130189.30s"
130216.03,INFO,"Mister pulse started; ON until 130216.28s, cooldown until 130220.28s"
130245.05,INFO,"Mister pulse started; ON until 130245.30s, cooldown until 130249.30s"
130264.00,INFO,"Mister pulse started; ON until 130264.25s, cooldown until 130268.25s"
130280.02,INFO,"Mister pulse started; ON until 130280.27s, cooldown until 130284.27s"
130297.02,INFO,"Mister pulse started; ON until 130297.27s, cooldown until 130301.27s"
130318.03,INFO,"Mister pulse started; ON until 130318.28s, cooldown until 130322.28s"
130348.02,INFO,"Mister pulse started; ON until 130348.27s, cooldown until 130352.27s"
130374.05,INFO,"Mister pulse started; ON until 130374.30s, cooldown until 130378.30s"
130405.03,INFO,"Mister pulse started; ON until 130405.28s, cooldown until 130409.28s"
130434.04,INFO,"Mister pulse started; ON until 130434.29s, cooldown until 130438.29s"
130459.04,INFO,"Mister pulse started; ON until 130459.29s, cooldown until 130463.29s"
130483.00,INFO,"Mister pulse started; ON until 130483.25s, cooldown until 130487.25s"
130512.02,INFO,"Mister pulse started; ON until 130512.27s, cooldown until 130516.27s"
130534.02,INFO,"Mister pulse started; ON until 130534.27s, cooldown until 130538.27s"
130553.02,INFO,"Mister pulse started; ON until 130553.27s, cooldown until 130557.27s"
130580.04,INFO,"Mister pulse started; ON until 130580.29s, cooldown until 130584.29s"
130594.03,INFO,"Mister pulse started; ON until 130594.28s, cooldown until 130598.28s"
130625.03,INFO,"Mister pulse started; ON until 130625.28s, cooldown until 130629.28s"
130654.04,INFO,"Mister pulse started; ON until 130654.29s, cooldown until 130658.29s"
130675.00,INFO,"Mister pulse started; ON until 130675.25s, cooldown until 130679.25s"
130694.01,INFO,"Mister pulse started; ON until 130694.26s, cooldown until 130698.26s"
130723.03,INFO,"Mister pulse started; ON until 130723.28s, cooldown until 130727.28s"
130737.02,INFO,"Mister pulse started; ON until 130737.27s, cooldown until 130741.27s"
130753.02,INFO,"Mister pulse started; ON until 130753.27s, cooldown until 130757.27s"
130768.04,INFO,"Mister pulse started; ON until 130768.29s, cooldown until 130772.29s"
130800.05,INFO,"Mister pulse started; ON until 130800.30s, cooldown until 130804.30s"
130829.01,INFO,"Mister pulse started; ON until 130829.26s, cooldown until 130833.26s"
130857.05,INFO,"Mister pulse started; ON until 130857.30s, cooldown until 130861.30s"
130871.04,INFO,"Mister pulse started; ON until 130871.29s, cooldown until 130875.29s"
130904.04,INFO,"Mister pulse started; ON until 130904.29s, cooldown until 130908.29s"
130911.01,INFO,"Mister pulse started; ON until 130911.26s, cooldown until 130915.26s"
130933.01,INFO,"Mister pulse started; ON until 130933.26s, cooldown until 130937.26s"
130961.04,INFO,"Mister pulse started; ON until 130961.29s, cooldown until 130965.29s"
130980.04,INFO,"Mister pulse started; ON until 130980.29s, cooldown until 130984.29s"
131007.04,INFO,"Mister pulse started; ON until 131007.29s, cooldown until 131011.29s"
131019.02,INFO,"Mister pulse started; ON until 131019.27s, cooldown until 131023.27s"
131048.03,INFO,"Mister pulse started; ON until 131048.28s, cooldown until 131052.28s"
131065.02,INFO,"Mister pulse started; ON until 131065.27s, cooldown until 131069.27s"
131092.02,INFO,"Mister pulse started; ON until 131092.27s, cooldown until 131096.27s"
131123.00,INFO,"Mister pulse started; ON until 131123.25s, cooldown until 131127.25s"
131152.01,INFO,"Mister pulse started; ON until 131152.26s, cooldown until 131156.26s"
131180.05,INFO,"Mister pulse started; ON until 131180.30s, cooldown until 131184.30s"
131209.01,INFO,"Mister pulse started; ON until 131209.26s, cooldown until 131213.26s"
131234.05,INFO,"Mister pulse started; ON until 131234.30s, cooldown until 131238.30s"
131257.02,INFO,"Mister pulse started; ON until 131257.27s, cooldown until 131261.27s"
131283.04,INFO,"Mister pulse started; ON until 131283.29s, cooldown until 131287.29s"
131312.01,INFO,"Mister pulse started; ON until 131312.26s, cooldown until 131316.26s"
131343.05,INFO,"Mister pulse started; ON until 131343.30s, cooldown until 131347.30s"
131367.00,INFO,"Mister pulse started; ON until 131367.25s, cooldown until 131371.25s"
131393.03,INFO,"Mister pulse started; ON until 131393.28s, cooldown until 131397.28s"
131423.03,INFO,"Mister pulse started; ON until 131423.28s, cooldown until 131427.28s"
131449.05,INFO,"Mister pulse started; ON until 131449.30s, cooldown until 131453.30s"
131483.03,INFO,"Mister pulse started; ON until 131483.28s, cooldown until 131487.28s"
131501.00,INFO,"Mister pulse started; ON until 131501.25s, cooldown until 131505.25s"
131524.03,INFO,"Mister pulse started; ON until 131524.28s, cooldown until 131528.28s"
131551.03,INFO,"Mister pulse started; ON until 131551.28s, cooldown until 131555.28s"
131580.05,INFO,"Mister pulse started; ON until 131580.30s, cooldown until 131584.30s"
131608.03,INFO,"Mister pulse started; ON until 131608.28s, cooldown until 131612.28s"
131614.02,INFO,"Mister pulse started; ON until 131614.27s, cooldown until 131618.27s"
131649.02,INFO,"Mister pulse started; ON until 131649.27s, cooldown until 131653.27s"
131669.00,INFO,"Mister pulse started; ON until 131669.25s, cooldown until 131673.25s"
131704.01,INFO,"Mister pulse started; ON until 131704.26s, cooldown until 131708.26s"
131722.02,INFO,"Mister pulse started; ON until 131722.27s, cooldown until 131726.27s"
131745.05,INFO,"Mister pulse started; ON until 131745.30s, cooldown until 131749.30s"
131763.02,INFO,"Mister pulse started; ON until 131763.27s, cooldown until 131767.27s"
131790.02,INFO,"Mister pulse started; ON until 131790.27s, cooldown until 131794.27s"
131805.04,INFO,"Mister pulse started; ON until 131805.29s, cooldown until 131809.29s"
131834.01,INFO,"Mister pulse started; ON until 131834.26s, cooldown until 131838.26s"
131863.02,INFO,"Mister pulse started; ON until 131863.27s, cooldown until 131867.27s"
131883.00,INFO,"Mister pulse started; ON until 131883.25s, cooldown until 131887.25s"
131915.01,INFO,"Mister pulse started; ON until 131915.26s, cooldown until 131919.26s"
131946.05,INFO,"Mister pulse started; ON until 131946.30s, cooldown until 131950.30s"
131973.00,INFO,"Mister pulse started; ON until 131973.25s, cooldown until 131977.25s"
131993.03,INFO,"Mister pulse started; ON until 131993.28s, cooldown until 131997.28s"
132022.01,INFO,"Mister pulse started; ON until 132022.26s, cooldown until 132026.26s"
132043.02,INFO,"Mister pulse started; ON until 132043.27s, cooldown until 132047.27s"
132058.04,INFO,"Mister pulse started; ON until 132058.29s, cooldown until 132062.29s"
132091.03,INFO,"Mister pulse started; ON until 132091.28s, cooldown until 132095.28s"
132106.00,INFO,"Mister pulse started; ON until 132106.25s, cooldown until 132110.25s"
132122.00,INFO,"Mister pulse started; ON until 132122.25s, cooldown until 132126.25s"
132137.03,INFO,"Mister pulse started; ON until 132137.28s, cooldown until 132141.28s"
132170.03,INFO,"Mister pulse started; ON until 132170.28s, cooldown until 132174.28s"
132185.00,INFO,"Mister pulse started; ON until 132185.25s, cooldown until 132189.25s"
132201.02,INFO,"Mister pulse started; ON until 132201.27s, cooldown until 132205.27s"
132219.04,INFO,"Mister pulse started; ON until 132219.29s, cooldown until 132223.29s"
132239.03,INFO,"Mister pulse started; ON until 132239.28s, cooldown until 132243.28s"
132271.04,INFO,"Mister pulse started; ON until 132271.29s, cooldown until 132275.29s"
132299.02,INFO,"Mister pulse started; ON until 132299.27s, cooldown until 132303.27s"
132321.02,INFO,"Mister pulse started; ON until 132321.27s, cooldown until 132325.27s"
132338.00,INFO,"Mister pulse started; ON until 132338.25s, cooldown until 132342.25s"
132366.04,INFO,"Mister pulse started; ON until 132366.29s, cooldown until 132370.29s"
132399.04,INFO,"Mister pulse started; ON until 132399.29s, cooldown until 132403.29s"
132410.03,INFO,"Mister pulse started; ON until 132410.28s, cooldown until 132414.28s"
132439.05,INFO,"Mister pulse started; ON until 132439.30s, cooldown until 132443.30s"
132454.02,INFO,"Mister pulse started; ON until 132454.27s, cooldown until 132458.27s"
132468.02,INFO,"Mister pulse started; ON until 132468.27s, cooldown until 132472.27s"
132504.02,INFO,"Mister pulse started; ON until 132504.27s, cooldown until 132508.27s"
132526.01,INFO,"Mister pulse started; ON until 132526.26s, cooldown until 132530.26s"
132544.03,INFO,"Mister pulse started; ON until 132544.28s, cooldown until 132548.28s"
132564.01,INFO,"Mister pulse started; ON until 132564.26s, cooldown until 132568.26s"
132580.01,INFO,"Mister pulse started; ON until 132580.26s, cooldown until 132584.26s"
132599.01,INFO,"Mister pulse started; ON until 132599.26s, cooldown until 132603.26s"
132624.00,INFO,"Mister pulse started; ON until 132624.25s, cooldown until 132628.25s"
132652.03,INFO,"Mister pulse started; ON until 132652.28s, cooldown until 132656.28s"
132666.03,INFO,"Mister pulse started; ON until 132666.28s, cooldown until 132670.28s"
132699.02,INFO,"Mister pulse started; ON until 132699.27s, cooldown until 132703.27s"
132705.01,INFO,"Mister pulse started; ON until 132705.26s, cooldown until 132709.26s"
132746.01,INFO,"Mister pulse started; ON until 132746.26s, cooldown until 132750.26s"
132759.02,INFO,"Mister pulse started; ON until 132759.27s, cooldown until 132763.27s"
132789.01,INFO,"Mister pulse started; ON until 132789.26s, cooldown until 132793.26s"
132812.04,INFO,"Mister pulse started; ON until 132812.29s, cooldown until 132816.29s"
132829.03,INFO,"Mister pulse started; ON until 132829.28s, cooldown until 132833.28s"
132853.04,INFO,"Mister pulse started; ON until 132853.29s, cooldown until 132857.29s"
132876.02,INFO,"Mister pulse started; ON until 132876.27s, cooldown until 132880.27s"
132899.04,INFO,"Mister pulse started; ON until 132899.29s, cooldown until 132903.29s"
132919.03,INFO,"Mister pulse started; ON until 132919.28s, cooldown until 132923.28s"
132950.00,INFO,"Mister pulse started; ON until 132950.25s, cooldown until 132954.25s"
132980.05,INFO,"Mister pulse started; ON until 132980.30s, cooldown until 132984.30s"
133011.02,INFO,"Mister pulse started; ON until 133011.27s, cooldown until 133015.27s"
133035.04,INFO,"Mister pulse started; ON until 133035.29s, cooldown until 133039.29s"
133059.00,INFO,"Mister pulse started; ON until 133059.25s, cooldown until 133063.25s"
133087.04,INFO,"Mister pulse started; ON until 133087.29s, cooldown until 133091.29s"
133101.03,INFO,"Mister pulse started; ON until 133101.28s, cooldown until 133105.28s"
133135.00,INFO,"Mister pulse started; ON until 133135.25s, cooldown until 133139.25s"
133156.02,INFO,"Mister pulse started; ON until 133156.27s, cooldown until 133160.27s"
133188.05,INFO,"Mister pulse started; ON until 133188.30s, cooldown until 133192.30s"
133220.00,INFO,"Mister pulse started; ON until 133220.25s, cooldown until 133224.25s"
133232.04,INFO,"Mister pulse started; ON until 133232.29s, cooldown until 133236.29s"
133256.00,INFO,"Mister pulse started; ON until 133256.25s, cooldown until 133260.25s"
133284.03,INFO,"Mister pulse started; ON until 133284.28s, cooldown until 133288.28s"
133302.05,INFO,"Mister pulse started; ON until 133302.30s, cooldown until 133306.30s"
133325.02,INFO,"Mister pulse started; ON until 133325.27s, cooldown until 133329.27s"
133345.05,INFO,"Mister pulse started; ON until 133345.30s, cooldown until 133349.30s"
133376.02,INFO,"Mister pulse started; ON until 133376.27s, cooldown until 133380.27s"
133403.02,INFO,"Mister pulse started; ON until 133403.27s, cooldown until 133407.27s"
133420.01,INFO,"Mister pulse started; ON until 133420.26s, cooldown until 133424.26s"
133440.00,INFO,"Mister pulse started; ON until 133440.25s, cooldown until 133444.25s"
133472.02,INFO,"Mister pulse started; ON until 133472.27s, cooldown until 133476.27s"
133501.03,INFO,"Mister pulse started; ON until 133501.28s, cooldown until 133505.28s"
133525.03,INFO,"Mister pulse started; ON until 133525.28s, cooldown until 133529.28s"
133552.03,INFO,"Mister pulse started; ON until 133552.28s, cooldown until 133556.28s"
133585.02,INFO,"Mister pulse started; ON until 133585.27s, cooldown until 133589.27s"
133601.03,INFO,"Mister pulse started; ON until 133601.28s, cooldown until 133605.28s"
133615.02,INFO,"Mister pulse started; ON until 133615.27s, cooldown until 133619.27s"
133654.00,INFO,"Mister pulse started; ON until 133654.25s, cooldown until 133658.25s"
133686.02,INFO,"Mister pulse started; ON until 133686.27s, cooldown until 133690.27s"
133717.00,INFO,"Mister pulse started; ON until 133717.25s, cooldown until 133721.25s"
133752.01,INFO,"Mister pulse started; ON until 133752.26s, cooldown until 133756.26s"
133770.03,INFO,"Mister pulse started; ON until 133770.28s, cooldown until 133774.28s"
133796.00,INFO,"Mister pulse started; ON until 133796.25s, cooldown until 133800.25s"
133827.03,INFO,"Mister pulse started; ON until 133827.28s, cooldown until 133831.28s"
133855.01,INFO,"Mister pulse started; ON until 133855.26s, cooldown until 133859.26s"
133875.05,INFO,"Mister pulse started; ON until 133875.30s, cooldown until 133879.30s"
133905.05,INFO,"Mister pulse started; ON until 133905.30s, cooldown until 133909.30s"
133933.02,INFO,"Mister pulse started; ON until 133933.27s, cooldown until 133937.27s"
133947.02,INFO,"Mister pulse started; ON until 133947.27s, cooldown until 133951.27s"
133983.01,INFO,"Mister pulse started; ON until 133983.26s, cooldown until 133987.26s"
134009.04,INFO,"Mister pulse started; ON until 134009.29s, cooldown until 134013.29s"
134038.00,INFO,"Mister pulse started; ON until 134038.25s, cooldown until 134042.25s"
134061.02,INFO,"Mister pulse started; ON until 134061.27s, cooldown until 134065.27s"
134084.00,INFO,"Mister pulse started; ON until 134084.25s, cooldown until 134088.25s"
134105.02,INFO,"Mister pulse started; ON until 134105.27s, cooldown until 134109.27s"
134137.04,INFO,"Mister pulse started; ON until 134137.29s, cooldown until 134141.29s"
134174.01,INFO,"Mister pulse started; ON until 134174.26s, cooldown until 134178.26s"
134202.05,INFO,"Mister pulse started; ON until 134202.30s, cooldown until 134206.30s"
134215.01,INFO,"Mister pulse started; ON until 134215.26s, cooldown until 134219.26s"
134251.01,INFO,"Mister pulse started; ON until 134251.26s, cooldown until 134255.26s"
134277.03,INFO,"Mister pulse started; ON until 134277.28s, cooldown until 134281.28s"
134310.03,INFO,"Mister pulse started; ON until 134310.28s, cooldown until 134314.28s"
134345.03,INFO,"Mister pulse started; ON until 134345.28s, cooldown until 134349.28s"
134363.00,INFO,"Mister pulse started; ON until 134363.25s, cooldown until 134367.25s"
134394.03,INFO,"Mister pulse started; ON until 134394.28s, cooldown until 134398.28s"
134417.00,INFO,"Mister pulse started; ON until 134417.25s, cooldown until 134421.25s"
134444.01,INFO,"Mister pulse started; ON until 134444.26s, cooldown until 134448.26s"
134480.00,INFO,"Mister pulse started; ON until 134480.25s, cooldown until 134484.25s"
134506.03,INFO,"Mister pulse started; ON until 134506.28s, cooldown until 134510.28s"
134536.03,INFO,"Mister pulse started; ON until 134536.28s, cooldown until 134540.28s"
134562.05,INFO,"Mister pulse started; ON until 134562.30s, cooldown until 134566.30s"
134589.04,INFO,"Mister pulse started; ON until 134589.29s, cooldown until 134593.29s"
134607.02,INFO,"Mister pulse started; ON until 134607.27s, cooldown until 134611.27s"
134633.04,INFO,"Mister pulse started; ON until 134633.29s, cooldown until 134637.29s"
134663.03,INFO,"Mister pulse started; ON until 134663.28s, cooldown until 134667.28s"
134689.00,INFO,"Mister pulse started; ON until 134689.25s, cooldown until 134693.25s"
134728.03,INFO,"Mister pulse started; ON until 134728.28s, cooldown until 134732.28s"
134760.04,INFO,"Mister pulse started; ON until 134760.29s, cooldown until 134764.29s"
134790.04,INFO,"Mister pulse started; ON until 134790.29s, cooldown until 134794.29s"
134816.02,INFO,"Mister pulse started; ON until 134816.27s, cooldown until 134820.27s"
134852.01,INFO,"Mister pulse started; ON until 134852.26s, cooldown until 134856.26s"
134875.03,INFO,"Mister pulse started; ON until 134875.28s, cooldown until 134879.28s"
134897.03,INFO,"Mister pulse started; ON until 134897.28s, cooldown until 134901.28s"
134913.04,INFO,"Mister pulse started; ON until 134913.29s, cooldown until 134917.29s"
134932.04,INFO,"Mister pulse started; ON until 134932.29s, cooldown until 134936.29s"
134960.02,INFO,"Mister pulse started; ON until 134960.27s, cooldown until 134964.27s"
134976.02,INFO,"Mister pulse started; ON until 134976.27s, cooldown until 134980.27s"
134993.01,INFO,"Mister pulse started; ON until 134993.26s, cooldown until 134997.26s"
135014.03,INFO,"Mister pulse started; ON until 135014.28s, cooldown until 135018.28s"
135053.00,INFO,"Mister pulse started; ON until 135053.25s, cooldown until 135057.25s"
135085.02,INFO,"Mister pulse started; ON until 135085.27s, cooldown until 135089.27s"
135115.01,INFO,"Mister pulse started; ON until 135115.26s, cooldown until 135119.26s"
135151.04,INFO,"Mister pulse started; ON until 135151.29s, cooldown until 135155.29s"
135166.01,INFO,"Mister pulse started; ON until 135166.26s, cooldown until 135170.26s"
135183.04,INFO,"Mister pulse started; ON until 135183.29s, cooldown until 135187.29s"
135190.01,INFO,"Mister pulse started; ON until 135190.26s, cooldown until 135194.26s"
135211.03,INFO,"Mister pulse started; ON until 135211.28s, cooldown until 135215.28s"
135245.00,INFO,"Mister pulse started; ON until 135245.25s, cooldown until 135249.25s"
135264.01,INFO,"Mister pulse started; ON until 135264.26s, cooldown until 135268.26s"
135290.03,INFO,"Mister pulse started; ON until 135290.28s, cooldown until 135294.28s"
135321.01,INFO,"Mister pulse started; ON until 135321.26s, cooldown until 135325.26s"
135353.01,INFO,"Mister pulse started; ON until 135353.26s, cooldown until 135357.26s"
135384.03,INFO,"Mister pulse started; ON until 135384.28s, cooldown until 135388.28s"
135412.02,INFO,"Mister pulse started; ON until 135412.27s, cooldown until 135416.27s"
135427.05,INFO,"Mister pulse started; ON until 135427.30s, cooldown until 135431.30s"
135465.04,INFO,"Mister pulse started; ON until 135465.29s, cooldown until 135469.29s"
135491.05,INFO,"Mister pulse started; ON until 135491.30s, cooldown until 135495.30s"
135525.02,INFO,"Mister pulse started; ON until 135525.27s, cooldown until 135529.27s"
135549.02,INFO,"Mister pulse started; ON until 135549.27s, cooldown until 135553.27s"
135573.04,INFO,"Mister pulse started; ON until 135573.29s, cooldown until 135577.29s"
135593.03,INFO,"Mister pulse started; ON until 135593.28s, cooldown until 135597.28s"
135631.04,INFO,"Mister pulse started; ON until 135631.29s, cooldown until 135635.29s"
135664.03,INFO,"Mister pulse started; ON until 135664.28s, cooldown until 135668.28s"
135696.04,INFO,"Mister pulse started; ON until 135696.29s, cooldown until 135700.29s"
135734.04,INFO,"Mister pulse started; ON until 135734.29s, cooldown until 135738.29s"
135764.04,INFO,"Mister pulse started; ON until 135764.29s, cooldown until 135768.29s"
135792.03,INFO,"Mister pulse started; ON until 135792.28s, cooldown until 135796.28s"
135811.03,INFO,"Mister pulse started; ON until 135811.28s, cooldown until 135815.28s"
135841.02,INFO,"Mister pulse started; ON until 135841.27s, cooldown until 135845.27s"
135862.04,INFO,"Mister pulse started; ON until 135862.29s, cooldown until 135866.29s"
135901.03,INFO,"Mister pulse started; ON until 135901.28s, cooldown until 135905.28s"
135937.01,INFO,"Mister pulse started; ON until 135937.26s, cooldown until 135941.26s"
135963.03,INFO,"Mister pulse started; ON until 135963.28s, cooldown until 135967.28s"
135994.01,INFO,"Mister pulse started; ON until 135994.26s, cooldown until 135998.26s"
136027.01,INFO,"Mister pulse started; ON until 136027.26s, cooldown until 136031.26s"
136060.05,INFO,"Mister pulse started; ON until 136060.30s, cooldown until 136064.30s"
136096.03,INFO,"Mister pulse started; ON until 136096.28s, cooldown until 136100.28s"
136123.03,INFO,"Mister pulse started; ON until 136123.28s, cooldown until 136127.28s"
136160.01,INFO,"Mister pulse started; ON until 136160.26s, cooldown until 136164.26s"
136197.02,INFO,"Mister pulse started; ON until 136197.27s, cooldown until 136201.27s"
136220.05,INFO,"Mister pulse started; ON until 136220.30s, cooldown until 136224.30s"
136238.02,INFO,"Mister pulse started; ON until 136238.27s, cooldown until 136242.27s"
136267.03,INFO,"Mister pulse started; ON until 136267.28s, cooldown until 136271.28s"
136283.04,INFO,"Mister pulse started; ON until 136283.29s, cooldown until 136287.29s"
136302.00,INFO,"Mister pulse started; ON until 136302.25s, cooldown until 136306.25s"
136334.01,INFO,"Mister pulse started; ON until 136334.26s, cooldown until 136338.26s"
136367.00,INFO,"Mister pulse started; ON until 136367.25s, cooldown until 136371.25s"
136405.05,INFO,"Mister pulse started; ON until 136405.30s, cooldown until 136409.30s"
136432.02,INFO,"Mister pulse started; ON until 136432.27s, cooldown until 136436.27s"
136452.01,INFO,"Mister pulse started; ON until 136452.26s, cooldown until 136456.26s"
136488.03,INFO,"Mister pulse started; ON until 136488.28s, cooldown until 136492.28s"
136505.01,INFO,"Mister pulse started; ON until 136505.26s, cooldown until 136509.26s"
136532.02,INFO,"Mister pulse started; ON until 136532.27s, cooldown until 136536.27s"
136565.02,INFO,"Mister pulse started; ON until 136565.27s, cooldown until 136569.27s"
136602.04,INFO,"Mister pulse started; ON until 136602.29s, cooldown until 136606.29s"
136629.04,INFO,"Mister pulse started; ON until 136629.29s, cooldown until 136633.29s"
136667.04,INFO,"Mister pulse started; ON until 136667.29s, cooldown until 136671.29s"
136699.01,INFO,"Mister pulse started; ON until 136699.26s, cooldown until 136703.26s"
136737.03,INFO,"Mister pulse started; ON until 136737.28s, cooldown until 136741.28s"
136774.05,INFO,"Mister pulse started; ON until 136774.30s, cooldown until 136778.30s"
136797.03,INFO,"Mister pulse started; ON until 136797.28s, cooldown until 136801.28s"
136823.05,INFO,"Mister pulse started; ON until 136823.30s, cooldown until 136827.30s"
136847.01,INFO,"Mister pulse started; ON until 136847.26s, cooldown until 136851.26s"
136883.05,INFO,"Mister pulse started; ON until 136883.30s, cooldown until 136887.30s"
136901.02,INFO,"Mister pulse started; ON until 136901.27s, cooldown until 136905.27s"
136931.01,INFO,"Mister pulse started; ON until 136931.26s, cooldown until 136935.26s"
136953.00,INFO,"Mister pulse started; ON until 136953.25s, cooldown until 136957.25s"
136972.01,INFO,"Mister pulse started; ON until 136972.26s, cooldown until 136976.26s"
137003.03,INFO,"Mister pulse started; ON until 137003.28s, cooldown until 137007.28s"
137028.02,INFO,"Mister pulse started; ON until 137028.27s, cooldown until 137032.27s"
137059.01,INFO,"Mister pulse started; ON until 137059.26s, cooldown until 137063.26s"
137086.01,INFO,"Mister pulse started; ON until 137086.26s, cooldown until 137090.26s"
137126.03,INFO,"Mister pulse started; ON until 137126.28s, cooldown until 137130.28s"
137159.03,INFO,"Mister pulse started; ON until 137159.28s, cooldown until 137163.28s"
137179.01,INFO,"Mister pulse started; ON until 137179.26s, cooldown until 137183.26s"
137218.05,INFO,"Mister pulse started; ON until 137218.30s, cooldown until 137222.30s"
137246.03,INFO,"Mister pulse started; ON until 137246.28s, cooldown until 137250.28s"
137265.04,INFO,"Mister pulse started; ON until 137265.29s, cooldown until 137269.29s"
137296.02,INFO,"Mister pulse started; ON until 137296.27s, cooldown until 137300.27s"
137327.00,INFO,"Mister pulse started; ON until 137327.25s, cooldown until 137331.25s"
137354.02,INFO,"Mister pulse started; ON until 137354.27s, cooldown until 137358.27s"
137392.02,INFO,"Mister pulse started; ON until 137392.27s, cooldown until 137396.27s"
137424.01,INFO,"Mister pulse started; ON until 137424.26s, cooldown until 137428.26s"
137459.01,INFO,"Mister pulse started; ON until 137459.26s, cooldown until 137463.26s"
137478.01,INFO,"Mister pulse started; ON until 137478.26s, cooldown until 137482.26s"
137505.01,INFO,"Mister pulse started; ON until 137505.26s, cooldown until 137509.26s"
137542.03,INFO,"Mister pulse started; ON until 137542.28s, cooldown until 137546.28s"
137574.05,INFO,"Mister pulse started; ON until 137574.30s, cooldown until 137578.30s"
137604.04,INFO,"Mister pulse started; ON until 137604.29s, cooldown until 137608.29s"
137627.01,INFO,"Mister pulse started; ON until 137627.26s, cooldown until 137631.26s"
137648.02,INFO,"Mister pulse started; ON until 137648.27s, cooldown until 137652.27s"
137690.01,INFO,"Mister pulse started; ON until 137690.26s, cooldown until 137694.26s"
137717.01,INFO,"Mister pulse started; ON until 137717.26s, cooldown until 137721.26s"
137751.03,INFO,"Mister pulse started; ON until 137751.28s, cooldown until 137755.28s"
137795.02,INFO,"Mister pulse started; ON until 137795.27s, cooldown until 137799.27s"
137825.01,INFO,"Mister pulse started; ON until 137825.26s, cooldown until 137829.26s"
137847.01,INFO,"Mister pulse started; ON until 137847.26s, cooldown until 137851.26s"
137866.01,INFO,"Mister pulse started; ON until 137866.26s, cooldown until 137870.26s"
137895.02,INFO,"Mister pulse started; ON until 137895.27s, cooldown until 137899.27s"
137917.01,INFO,"Mister pulse started; ON until 137917.26s, cooldown until 137921.26s"
137959.04,INFO,"Mister pulse started; ON until 137959.29s, cooldown until 137963.29s"
137978.04,INFO,"Mister pulse started; ON until 137978.29s, cooldown until 137982.29s"
138012.02,INFO,"Mister pulse started; ON until 138012.27s, cooldown until 138016.27s"
138048.05,INFO,"Mister pulse started; ON until 138048.30s, cooldown until 138052.30s"
138071.03,INFO,"Mister pulse started; ON until 138071.28s, cooldown until 138075.28s"
138098.02,INFO,"Mister pulse started; ON until 138098.27s, cooldown until 138102.27s"
138129.05,INFO,"Mister pulse started; ON until 138129.30s, cooldown until 138133.30s"
138166.00,INFO,"Mister pulse started; ON until 138166.25s, cooldown until 138170.25s"
138193.01,INFO,"Mister pulse started; ON until 138193.26s, cooldown until 138197.26s"
138230.02,INFO,"Mister pulse started; ON until 138230.27s, cooldown until 138234.27s"
138257.03,INFO,"Mister pulse started; ON until 138257.28s, cooldown until 138261.28s"
138294.01,INFO,"Mister pulse started; ON until 138294.26s, cooldown until 138298.26s"
138323.02,INFO,"Mister pulse started; ON until 138323.27s, cooldown until 138327.27s"
138343.00,INFO,"Mister pulse started; ON until 138343.25s, cooldown until 138347.25s"
138379.04,INFO,"Mister pulse started; ON until 138379.29s, cooldown until 138383.29s"
138397.01,INFO,"Mister pulse started; ON until 138397.26s, cooldown until 138401.26s"
138429.04,INFO,"Mister pulse started; ON until 138429.29s, cooldown until 138433.29s"
138461.01,INFO,"Mister pulse started; ON until 138461.26s, cooldown until 138465.26s"
138497.04,INFO,"Mister pulse started; ON until 138497.29s, cooldown until 138501.29s"
138519.04,INFO,"Mister pulse started; ON until 138519.29s, cooldown until 138523.29s"
138564.01,INFO,"Mister pulse started; ON until 138564.26s, cooldown until 138568.26s"
138597.01,INFO,"Mister pulse started; ON until 138597.26s, cooldown until 138601.26s"
138637.03,INFO,"Mister pulse started; ON until 138637.28s, cooldown until 138641.28s"
138680.04,INFO,"Mister pulse started; ON until 138680.29s, cooldown until 138684.29s"
138707.04,INFO,"Mister pulse started; ON until 138707.29s, cooldown until 138711.29s"
138747.01,INFO,"Mister pulse started; ON until 138747.26s, cooldown until 138751.26s"
138783.05,INFO,"Mister pulse started; ON until 138783.30s, cooldown until 138787.30s"
138814.03,INFO,"Mister pulse started; ON until 138814.28s, cooldown until 138818.28s"
138837.04,INFO,"Mister pulse started; ON until 138837.29s, cooldown until 138841.29s"
138857.03,INFO,"Mister pulse started; ON until 138857.28s, cooldown until 138861.28s"
138900.04,INFO,"Mister pulse started; ON until 138900.29s, cooldown until 138904.29s"
138919.04,INFO,"Mister pulse started; ON until 138919.29s, cooldown until 138923.29s"
138950.01,INFO,"Mister pulse started; ON until 138950.26s, cooldown until 138954.26s"
138977.02,INFO,"Mister pulse started; ON until 138977.27s, cooldown until 138981.27s"
139026.01,INFO,"Mister pulse started; ON until 139026.26s, cooldown until 139030.26s"
139048.01,INFO,"Mister pulse started; ON until 139048.26s, cooldown until 139052.26s"
139087.04,INFO,"Mister pulse started; ON until 139087.29s, cooldown until 139091.29s"
139127.01,INFO,"Mister pulse started; ON until 139127.26s, cooldown until 139131.26s"
139174.05,INFO,"Mister pulse started; ON until 139174.30s, cooldown until 139178.30s"
139211.02,INFO,"Mister pulse started; ON until 139211.27s, cooldown until 139215.27s"
139246.03,INFO,"Mister pulse started; ON until 139246.28s, cooldown until 139250.28s"
139293.02,INFO,"Mister pulse started; ON until 139293.27s, cooldown until 139297.27s"
139340.01,INFO,"Mister pulse started; ON until 139340.26s, cooldown until 139344.26s"
139381.02,INFO,"Mister pulse started; ON until 139381.27s, cooldown until 139385.27s"
139410.04,INFO,"Mister pulse started; ON until 139410.29s, cooldown until 139414.29s"
139455.02,INFO,"Mister pulse started; ON until 139455.27s, cooldown until 139459.27s"
139492.04,INFO,"Mister pulse started; ON until 139492.29s, cooldown until 139496.29s"
139523.02,INFO,"Mister pulse started; ON until 139523.27s, cooldown until 139527.27s"
139551.00,INFO,"Mister pulse started; ON until 139551.25s, cooldown until 139555.25s"
139599.04,INFO,"Mister pulse started; ON until 139599.29s, cooldown until 139603.29s"
139639.05,INFO,"Mister pulse started; ON until 139639.30s, cooldown until 139643.30s"
139680.04,INFO,"Mister pulse started; ON until 139680.29s, cooldown until 139684.29s"
139706.01,INFO,"Mister pulse started; ON until 139706.26s, cooldown until 139710.26s"
139738.02,INFO,"Mister pulse started; ON until 139738.27s, cooldown until 139742.27s"
139770.02,INFO,"Mister pulse started; ON until 139770.27s, cooldown until 139774.27s"
139809.01,INFO,"Mister pulse started; ON until 139809.26s, cooldown until 139813.26s"
139845.05,INFO,"Mister pulse started; ON until 139845.30s, cooldown until 139849.30s"
139893.01,INFO,"Mister pulse started; ON until 139893.26s, cooldown until 139897.26s"
139914.03,INFO,"Mister pulse started; ON until 139914.28s, cooldown until 139918.28s"
139958.04,INFO,"Mister pulse started; ON until 139958.29s, cooldown until 139962.29s"
139987.01,INFO,"Mister pulse started; ON until 139987.26s, cooldown until 139991.26s"
140008.04,INFO,"Mister pulse started; ON until 140008.29s, cooldown until 140012.29s"
140051.03,INFO,"Mister pulse started; ON until 140051.28s, cooldown until 140055.28s"
140078.04,INFO,"Mister pulse started; ON until 140078.29s, cooldown until 140082.29s"
140111.03,INFO,"Mister pulse started; ON until 140111.28s, cooldown until 140115.28s"
140151.03,INFO,"Mister pulse started; ON until 140151.28s, cooldown until 140155.28s"
140192.03,INFO,"Mister pulse started; ON until 140192.28s, cooldown until 140196.28s"
140239.01,INFO,"Mister pulse started; ON until 140239.26s, cooldown until 140243.26s"
140286.03,INFO,"Mister pulse started; ON until 140286.28s, cooldown until 140290.28s"
140324.05,INFO,"Mister pulse started; ON until 140324.30s, cooldown until 140328.30s"
140360.04,INFO,"Mister pulse started; ON until 140360.29s, cooldown until 140364.29s"
140384.05,INFO,"Mister pulse started; ON until 140384.30s, cooldown until 140388.30s"
140410.02,INFO,"Mister pulse started; ON until 140410.27s, cooldown until 140414.27s"
140445.02,INFO,"Mister pulse started; ON until 140445.27s, cooldown until 140449.27s"
140492.00,INFO,"Mister pulse started; ON until 140492.25s, cooldown until 140496.25s"
140536.04,INFO,"Mister pulse started; ON until 140536.29s, cooldown until 140540.29s"
140571.01,INFO,"Mister pulse started; ON until 140571.26s, cooldown until 140575.26s"
140619.04,INFO,"Mister pulse started; ON until 140619.29s, cooldown until 140623.29s"
140674.02,INFO,"Mister pulse started; ON until 140674.27s, cooldown until 140678.27s"
140726.03,INFO,"Mister pulse started; ON until 140726.28s, cooldown until 140730.28s"
140760.01,INFO,"Mister pulse started; ON until 140760.26s, cooldown until 140764.26s"
140808.03,INFO,"Mister pulse started; ON until 140808.28s, cooldown until 140812.28s"
140856.05,INFO,"Mister pulse started; ON until 140856.30s, cooldown until 140860.30s"
140900.03,INFO,"Mister pulse started; ON until 140900.28s, cooldown until 140904.28s"
140940.00,INFO,"Mister pulse started; ON until 140940.25s, cooldown until 140944.25s"
140981.04,INFO,"Mister pulse started; ON until 140981.29s, cooldown until 140985.29s"
141030.04,INFO,"Mister pulse started; ON until 141030.29s, cooldown until 141034.29s"
141081.00,INFO,"Mister pulse started; ON until 141081.25s, cooldown until 141085.25s"
141119.00,INFO,"Mister pulse started; ON until 141119.25s, cooldown until 141123.25s"
141153.03,INFO,"Mister pulse started; ON until 141153.28s, cooldown until 141157.28s"
141196.02,INFO,"Mister pulse started; ON until 141196.27s, cooldown until 141200.27s"
141249.05,INFO,"Mister pulse started; ON until 141249.30s, cooldown until 141253.30s"
141284.01,INFO,"Mister pulse started; ON until 141284.26s, cooldown until 141288.26s"
141309.04,INFO,"Mister pulse started; ON until 141309.29s, cooldown until 141313.29s"
141334.02,INFO,"Mister pulse started; ON until 141334.27s, cooldown until 141338.27s"
141368.00,INFO,"Mister pulse started; ON until 141368.25s, cooldown until 141372.25s"
141416.03,INFO,"Mister pulse started; ON until 141416.28s, cooldown until 141420.28s"
141465.02,INFO,"Mister pulse started; ON until 141465.27s, cooldown until 141469.27s"
141515.04,INFO,"Mister pulse started; ON until 141515.29s, cooldown until 141519.29s"
141540.04,INFO,"Mister pulse started; ON until 141540.29s, cooldown until 141544.29s"
141570.03,INFO,"Mister pulse started; ON until 141570.28s, cooldown until 141574.28s"
141591.00,INFO,"Mister pulse started; ON until 141591.25s, cooldown until 141595.25s"
141648.05,INFO,"Mister pulse started; ON until 141648.30s, cooldown until 141652.30s"
141691.02,INFO,"Mister pulse started; ON until 141691.27s, cooldown until 141695.27s"
141727.01,INFO,"Mister pulse started; ON until 141727.26s, cooldown until 141731.26s"
141750.03,INFO,"Mister pulse started; ON until 141750.28s, cooldown until 141754.28s"
141805.02,INFO,"Mister pulse started; ON until 141805.27s, cooldown until 141809.27s"
141852.01,INFO,"Mister pulse started; ON until 141852.26s, cooldown until 141856.26s"
141902.04,INFO,"Mister pulse started; ON until 141902.29s, cooldown until 141906.29s"
141926.04,INFO,"Mister pulse started; ON until 141926.29s, cooldown until 141930.29s"
141949.03,INFO,"Mister pulse started; ON until 141949.28s, cooldown until 141953.28s"
141973.03,INFO,"Mister pulse started; ON until 141973.28s, cooldown until 141977.28s"
141999.00,INFO,"Mister pulse started; ON until 141999.25s, cooldown until 142003.25s"
142038.02,INFO,"Mister pulse started; ON until 142038.27s, cooldown until 142042.27s"
142074.02,INFO,"Mister pulse started; ON until 142074.27s, cooldown until 142078.27s"
142126.01,INFO,"Mister pulse started; ON until 142126.26s, cooldown until 142130.26s"
142164.01,INFO,"Mister pulse started; ON until 142164.26s, cooldown until 142168.26s"
142197.00,INFO,"Mister pulse started; ON until 142197.25s, cooldown until 142201.25s"
142242.03,INFO,"Mister pulse started; ON until 142242.28s, cooldown until 142246.28s"
142270.02,INFO,"Mister pulse started; ON until 142270.27s, cooldown until 142274.27s"
142318.03,INFO,"Mister pulse started; ON until 142318.28s, cooldown until 142322.28s"
142367.02,INFO,"Mister pulse started; ON until 142367.27s, cooldown until 142371.27s"
142420.05,INFO,"Mister pulse started; ON until 142420.30s, cooldown until 142424.30s"
142461.04,INFO,"Mister pulse started; ON until 142461.29s, cooldown until 142465.29s"
142507.04,INFO,"Mister pulse started; ON until 142507.29s, cooldown until 142511.29s"
142549.01,INFO,"Mister pulse started; ON until 142549.26s, cooldown until 142553.26s"
142616.01,INFO,"Mister pulse started; ON until 142616.26s, cooldown until 142620.26s"
142659.03,INFO,"Mister pulse started; ON until 142659.28s, cooldown until 142663.28s"
142713.03,INFO,"Mister pulse started; ON until 142713.28s, cooldown until 142717.28s"
142761.03,INFO,"Mister pulse started; ON until 142761.28s, cooldown until 142765.28s"
142813.03,INFO,"Mister pulse started; ON until 142813.28s, cooldown until 142817.28s"
142849.01,INFO,"Mister pulse started; ON until 142849.26s, cooldown until 142853.26s"
142880.04,INFO,"Mister pulse started; ON until 142880.29s, cooldown until 142884.29s"
142909.02,INFO,"Mister pulse started; ON until 142909.27s, cooldown until 142913.27s"
142978.00,INFO,"Mister pulse started; ON until 142978.25s, cooldown until 142982.25s"
143026.02,INFO,"Mister pulse started; ON until 143026.27s, cooldown until 143030.27s"
143074.03,INFO,"Mister pulse started; ON until 143074.28s, cooldown until 143078.28s"
143123.03,INFO,"Mister pulse started; ON until 143123.28s, cooldown until 143127.28s"
143182.00,INFO,"Mister pulse started; ON until 143182.25s, cooldown until 143186.25s"
143227.02,INFO,"Mister pulse started; ON until 143227.27s, cooldown until 143231.27s"
143253.04,INFO,"Mister pulse started; ON until 143253.29s, cooldown until 143257.29s"
143292.03,INFO,"Mister pulse started; ON until 143292.28s, cooldown until 143296.28s"
143327.05,INFO,"Mister pulse started; ON until 143327.30s, cooldown until 143331.30s"
143379.04,INFO,"Mister pulse started; ON until 143379.29s, cooldown until 143383.29s"
143410.01,INFO,"Mister pulse started; ON until 143410.26s, cooldown until 143414.26s"
143446.01,INFO,"Mister pulse started; ON until 143446.26s, cooldown until 143450.26s"
143516.02,INFO,"Mister pulse started; ON until 143516.27s, cooldown until 143520.27s"
143579.04,INFO,"Mister pulse started; ON until 143579.29s, cooldown until 143583.29s"
143627.02,INFO,"Mister pulse started; ON until 143627.27s, cooldown until 143631.27s"
143680.00,INFO,"Mister pulse started; ON until 143680.25s, cooldown until 143684.25s"
143722.03,INFO,"Mister pulse started; ON until 143722.28s, cooldown until 143726.28s"
143775.01,INFO,"Mister pulse started; ON until 143775.26s, cooldown until 143779.26s"
143816.00,INFO,"Mister pulse started; ON until 143816.25s, cooldown until 143820.25s"
143879.01,INFO,"Mister pulse started; ON until 143879.26s, cooldown until 143883.26s"
143928.02,INFO,"Mister pulse started; ON until 143928.27s, cooldown until 143932.27s"
143991.04,INFO,"Mister pulse started; ON until 143991.29s, cooldown until 143995.29s"
144041.02,INFO,"Mister pulse started; ON until 144041.27s, cooldown until 144045.27s"
144067.04,INFO,"Mister pulse started; ON until 144067.29s, cooldown until 144071.29s"
144103.02,INFO,"Mister pulse started; ON until 144103.27s, cooldown until 144107.27s"
144166.01,INFO,"Mister pulse started; ON until 144166.26s, cooldown until 144170.26s"
144223.00,INFO,"Mister pulse started; ON until 144223.25s, cooldown until 144227.25s"
144259.05,INFO,"Mister pulse started; ON until 144259.30s, cooldown until 144263.30s"
144305.00,INFO,"Mister pulse started; ON until 144305.25s, cooldown until 144309.25s"
144348.02,INFO,"Mister pulse started; ON until 144348.27s, cooldown until 144352.27s"
144414.00,INFO,"Mister pulse started; ON until 144414.25s, cooldown until 144418.25s"
144454.02,INFO,"Mister pulse started; ON until 144454.27s, cooldown until 144458.27s"
144494.02,INFO,"Mister pulse started; ON until 144494.27s, cooldown until 144498.27s"
144532.02,INFO,"Mister pulse started; ON until 144532.27s, cooldown until 144536.27s"
144563.05,INFO,"Mister pulse started; ON until 144563.30s, cooldown until 144567.30s"
144636.01,INFO,"Mister pulse started; ON until 144636.26s, cooldown until 144640.26s"
144669.01,INFO,"Mister pulse started; ON until 144669.26s, cooldown until 144673.26s"
144707.01,INFO,"Mister pulse started; ON until 144707.26s, cooldown until 144711.26s"
144742.01,INFO,"Mister pulse started; ON until 144742.26s, cooldown until 144746.26s"
144787.03,INFO,"Mister pulse started; ON until 144787.28s, cooldown until 144791.28s"
144821.02,INFO,"Mister pulse started; ON until 144821.27s, cooldown until 144825.27s"
144874.03,INFO,"Mister pulse started; ON until 144874.28s, cooldown until 144878.28s"
144909.04,INFO,"Mister pulse started; ON until 144909.29s, cooldown until 144913.29s"
144949.01,INFO,"Mister pulse started; ON until 144949.26s, cooldown until 144953.26s"
144992.02,INFO,"Mister pulse started; ON until 144992.27s, cooldown until 144996.27s"
145018.05,INFO,"Mister pulse started; ON until 145018.30s, cooldown until 145022.30s"
145055.01,INFO,"Mister pulse started; ON until 145055.26s, cooldown until 145059.26s"
145083.00,INFO,"Mister pulse started; ON until 145083.25s, cooldown until 145087.25s"
145126.01,INFO,"Mister pulse started; ON until 145126.26s, cooldown until 145130.26s"
145155.03,INFO,"Mister pulse started; ON until 145155.28s, cooldown until 145159.28s"
145195.04,INFO,"Mister pulse started; ON until 145195.29s, cooldown until 145199.29s"
145240.01,INFO,"Mister pulse started; ON until 145240.26s, cooldown until 145244.26s"
145276.01,INFO,"Mister pulse started; ON until 145276.26s, cooldown until 145280.26s"
145301.00,INFO,"Mister pulse started; ON until 145301.25s, cooldown until 145305.25s"
145334.05,INFO,"Mister pulse started; ON until 145334.30s, cooldown until 145338.30s"
145366.05,INFO,"Mister pulse started; ON until 145366.30s, cooldown until 145370.30s"
145400.02,INFO,"Mister pulse started; ON until 145400.27s, cooldown until 145404.27s"
145454.02,INFO,"Mister pulse started; ON until 145454.27s, cooldown until 145458.27s"
145507.04,INFO,"Mister pulse started; ON until 145507.29s, cooldown until 145511.29s"
145552.01,INFO,"Mister pulse started; ON until 145552.26s, cooldown until 145556.26s"
145583.05,INFO,"Mister pulse started; ON until 145583.30s, cooldown until 145587.30s"
145646.03,INFO,"Mister pulse started; ON until 145646.28s, cooldown until 145650.28s"
145703.03,INFO,"Mister pulse started; ON until 145703.28s, cooldown until 145707.28s"
145736.02,INFO,"Mister pulse started; ON until 145736.27s, cooldown until 145740.27s"
145778.03,INFO,"Mister pulse started; ON until 145778.28s, cooldown until 145782.28s"
145835.04,INFO,"Mister pulse started; ON until 145835.29s, cooldown until 145839.29s"
145892.05,INFO,"Mister pulse started; ON until 145892.30s, cooldown until 145896.30s"
145960.03,INFO,"Mister pulse started; ON until 145960.28s, cooldown until 145964.28s"
146016.00,INFO,"Mister pulse started; ON until 146016.25s, cooldown until 146020.25s"
146074.02,INFO,"Mister pulse started; ON until 146074.27s, cooldown until 146078.27s"
146135.04,INFO,"Mister pulse started; ON until 146135.29s, cooldown until 146139.29s"
146183.01,INFO,"Mister pulse started; ON until 146183.26s, cooldown until 146187.26s"
146244.03,INFO,"Mister pulse started; ON until 146244.28s, cooldown until 146248.28s"
146285.03,INFO,"Mister pulse started; ON until 146285.28s, cooldown until 146289.28s"
146334.03,INFO,"Mister pulse started; ON until 146334.28s, cooldown until 146338.28s"
146384.05,INFO,"Mister pulse started; ON until 146384.30s, cooldown until 146388.30s"
146444.04,INFO,"Mister pulse started; ON until 146444.29s, cooldown until 146448.29s"
146490.02,INFO,"Mister pulse started; ON until 146490.27s, cooldown until 146494.27s"
146530.04,INFO,"Mister pulse started; ON until 146530.29s, cooldown until 146534.29s"
146571.04,INFO,"Mister pulse started; ON until 146571.29s, cooldown until 146575.29s"
146623.02,INFO,"Mister pulse started; ON until 146623.27s, cooldown until 146627.27s"
146652.03,INFO,"Mister pulse started; ON until 146652.28s, cooldown until 146656.28s"
146703.03,INFO,"Mister pulse started; ON until 146703.28s, cooldown until 146707.28s"
146735.05,INFO,"Mister pulse started; ON until 146735.30s, cooldown until 146739.30s"
146767.01,INFO,"Mister pulse started; ON until 146767.26s, cooldown until 146771.26s"
146805.00,INFO,"Mister pulse started; ON until 146805.25s, cooldown until 146809.25s"
146831.03,INFO,"Mister pulse started; ON until 146831.28s, cooldown until 146835.28s"
146864.03,INFO,"Mister pulse started; ON until 146864.28s, cooldown until 146868.28s"
146907.03,INFO,"Mister pulse started; ON until 146907.28s, cooldown until 146911.28s"
146927.02,INFO,"Mister pulse started; ON until 146927.27s, cooldown until 146931.27s"
146970.03,INFO,"Mister pulse started; ON until 146970.28s, cooldown until 146974.28s"
146990.01,INFO,"Mister pulse started; ON until 146990.26s, cooldown until 146994.26s"
147033.03,INFO,"Mister pulse started; ON until 147033.28s, cooldown until 147037.28s"
147052.03,INFO,"Mister pulse started; ON until 147052.28s, cooldown until 147056.28s"
147082.02,INFO,"Mister pulse started; ON until 147082.27s, cooldown until 147086.27s"
147109.01,INFO,"Mister pulse started; ON until 147109.26s, cooldown until 147113.26s"
147142.01,INFO,"Mister pulse started; ON until 147142.26s, cooldown until 147146.26s"
147185.02,INFO,"Mister pulse started; ON until 147185.27s, cooldown until 147189.27s"
147209.03,INFO,"Mister pulse started; ON until 147209.28s, cooldown until 147213.28s"
147236.04,INFO,"Mister pulse started; ON until 147236.29s, cooldown until 147240.29s"
147276.05,INFO,"Mister pulse started; ON until 147276.30s, cooldown until 147280.30s"
147311.00,INFO,"Mister pulse started; ON until 147311.25s, cooldown until 147315.25s"
147338.01,INFO,"Mister pulse started; ON until 147338.26s, cooldown until 147342.26s"
147375.02,INFO,"Mister pulse started; ON until 147375.27s, cooldown until 147379.27s"
147399.03,INFO,"Mister pulse started; ON until 147399.28s, cooldown until 147403.28s"
147423.04,INFO,"Mister pulse started; ON until 147423.29s, cooldown until 147427.29s"
147445.04,INFO,"Mister pulse started; ON until 147445.29s, cooldown until 147449.29s"
147466.01,INFO,"Mister pulse started; ON until 147466.26s, cooldown until 147470.26s"
147512.01,INFO,"Mister pulse started; ON until 147512.26s, cooldown until 147516.26s"
147540.04,INFO,"Mister pulse started; ON until 147540.29s, cooldown until 147544.29s"
147563.02,INFO,"Mister pulse started; ON until 147563.27s, cooldown until 147567.27s"
147583.05,INFO,"Mister pulse started; ON until 147583.30s, cooldown until 147587.30s"
147620.01,INFO,"Mister pulse started; ON until 147620.26s, cooldown until 147624.26s"
147643.03,INFO,"Mister pulse started; ON until 147643.28s, cooldown until 147647.28s"
147659.04,INFO,"Mister pulse started; ON until 147659.29s, cooldown until 147663.29s"
147679.02,INFO,"Mister pulse started; ON until 147679.27s, cooldown until 147683.27s"
147713.04,INFO,"Mister pulse started; ON until 147713.29s, cooldown until 147717.29s"
147752.02,INFO,"Mister pulse started; ON until 147752.27s, cooldown until 147756.27s"
147788.00,INFO,"Mister pulse started; ON until 147788.25s, cooldown until 147792.25s"
147816.03,INFO,"Mister pulse started; ON until 147816.28s, cooldown until 147820.28s"
147859.04,INFO,"Mister pulse started; ON until 147859.29s, cooldown until 147863.29s"
147885.02,INFO,"Mister pulse started; ON until 147885.27s, cooldown until 147889.27s"
147923.01,INFO,"Mister pulse started; ON until 147923.26s, cooldown until 147927.26s"
147951.05,INFO,"Mister pulse started; ON until 147951.30s, cooldown until 147955.30s"
147987.05,INFO,"Mister pulse started; ON until 147987.30s, cooldown until 147991.30s"
148017.04,INFO,"Mister pulse started; ON until 148017.29s, cooldown until 148021.29s"
148039.04,INFO,"Mister pulse started; ON until 148039.29s, cooldown until 148043.29s"
148061.03,INFO,"Mister pulse started; ON until 148061.28s, cooldown until 148065.28s"
148100.01,INFO,"Mister pulse started; ON until 148100.26s, cooldown until 148104.26s"
148136.04,INFO,"Mister pulse started; ON until 148136.29s, cooldown until 148140.29s"
148163.05,INFO,"Mister pulse started; ON until 148163.30s, cooldown until 148167.30s"
148199.04,INFO,"Mister pulse started; ON until 148199.29s, cooldown until 148203.29s"
148223.00,INFO,"Mister pulse started; ON until 148223.25s, cooldown until 148227.25s"
148249.02,INFO,"Mister pulse started; ON until 148249.27s, cooldown until 148253.27s"
148260.02,WARN,Slow log write/fsync: 9.67s
148269.76,WARN,Control loop delayed; skipped from 148260s to 148269s
148281.03,INFO,"Mister pulse started; ON until 148281.28s, cooldown until 148285.28s"
148310.05,INFO,"Mister pulse started; ON until 148310.30s, cooldown until 148314.30s"
148331.02,INFO,"Mister pulse started; ON until 148331.27s, cooldown until 148335.27s"
148372.01,INFO,"Mister pulse started; ON until 148372.26s, cooldown until 148376.26s"
148388.02,INFO,"Mister pulse started; ON until 148388.27s, cooldown until 148392.27s"
148410.01,INFO,"Mister pulse started; ON until 148410.26s, cooldown until 148414.26s"
148452.04,INFO,"Mister pulse started; ON until 148452.29s, cooldown until 148456.29s"
148471.04,INFO,"Mister pulse started; ON until 148471.29s, cooldown until 148475.29s"
148498.05,INFO,"Mister pulse started; ON until 148498.30s, cooldown until 148502.30s"
148538.01,INFO,"Mister pulse started; ON until 148538.26s, cooldown until 148542.26s"
148554.02,INFO,"Mister pulse started; ON until 148554.27s, cooldown until 148558.27s"
148576.03,INFO,"Mister pulse started; ON until 148576.28s, cooldown until 148580.28s"
148616.03,INFO,"Mister pulse started; ON until 148616.28s, cooldown until 148620.28s"
148651.00,INFO,"Mister pulse started; ON until 148651.25s, cooldown until 148655.25s"
148680.02,INFO,"Mister pulse started; ON until 148680.27s, cooldown until 148684.27s"
148698.04,INFO,"Mister pulse started; ON until 148698.29s, cooldown until 148702.29s"
148722.05,INFO,"Mister pulse started; ON until 148722.30s, cooldown until 148726.30s"
148744.04,INFO,"Mister pulse started; ON until 148744.29s, cooldown until 148748.29s"
148767.02,INFO,"Mister pulse started; ON until 148767.27s, cooldown until 148771.27s"
148786.02,INFO,"Mister pulse started; ON until 148786.27s, cooldown until 148790.27s"
148816.02,INFO,"Mister pulse started; ON until 148816.27s, cooldown until 148820.27s"
148837.04,INFO,"Mister pulse started; ON until 148837.29s, cooldown until 148841.29s"
148877.05,INFO,"Mister pulse started; ON until 148877.30s, cooldown until 148881.30s"
148915.01,INFO,"Mister pulse started; ON until 148915.26s, cooldown until 148919.26s"
148953.01,INFO,"Mister pulse started; ON until 148953.26s, cooldown until 148957.26s"
148983.02,INFO,"Mister pulse started; ON until 148983.27s, cooldown until 148987.27s"
149014.01,INFO,"Mister pulse started; ON until 149014.26s, cooldown until 149018.26s"
149043.03,INFO,"Mister pulse started; ON until 149043.28s, cooldown until 149047.28s"
149066.00,INFO,"Mister pulse started; ON until 149066.25s, cooldown until 149070.25s"
149086.03,INFO,"Mister pulse started; ON until 149086.28s, cooldown until 149090.28s"
149115.04,INFO,"Mister pulse started; ON until 149115.29s, cooldown until 149119.29s"
149131.04,INFO,"Mister pulse started; ON until 149131.29s, cooldown until 149135.29s"
149150.04,INFO,"Mister pulse started; ON until 149150.29s, cooldown until 149154.29s"
149181.03,INFO,"Mister pulse started; ON until 149181.28s, cooldown until 149185.28s"
149211.02,INFO,"Mister pulse started; ON until 149211.27s, cooldown until 149215.27s"
149235.02,INFO,"Mister pulse started; ON until 149235.27s, cooldown until 149239.27s"
149259.02,INFO,"Mister pulse started; ON until 149259.27s, cooldown until 149263.27s"
149284.01,INFO,"Mister pulse started; ON until 149284.26s, cooldown until 149288.26s"
149314.01,INFO,"Mister pulse started; ON until 149314.26s, cooldown until 149318.26s"
149338.02,INFO,"Mister pulse started; ON until 149338.27s, cooldown until 149342.27s"
149359.05,INFO,"Mister pulse started; ON until 149359.30s, cooldown until 149363.30s"
149400.03,INFO,"Mister pulse started; ON until 149400.28s, cooldown until 149404.28s"
149418.01,INFO,"Mister pulse started; ON until 149418.26s, cooldown until 149422.26s"
149443.05,INFO,"Mister pulse started; ON until 149443.30s, cooldown until 149447.30s"
149473.04,INFO,"Mister pulse started; ON until 149473.29s, cooldown until 149477.29s"
149498.04,INFO,"Mister pulse started; ON until 149498.29s, cooldown until 149502.29s"
149525.04,INFO,"Mister pulse started; ON until 149525.29s, cooldown until 149529.29s"
149563.05,INFO,"Mister pulse started; ON until 149563.30s, cooldown until 149567.30s"
149599.03,INFO,"Mister pulse started; ON until 149599.28s, cooldown until 149603.28s"
149626.04,INFO,"Mister pulse started; ON until 149626.29s, cooldown until 149630.29s"
149659.02,INFO,"Mister pulse started; ON until 149659.27s, cooldown until 149663.27s"
149695.01,INFO,"Mister pulse started; ON until 149695.26s, cooldown until 149699.26s"
149729.04,INFO,"Mister pulse started; ON until 149729.29s, cooldown until 149733.29s"
149762.05,INFO,"Mister pulse started; ON until 149762.30s, cooldown until 149766.30s"
149801.03,INFO,"Mister pulse started; ON until 149801.28s, cooldown until 149805.28s"
149839.04,INFO,"Mister pulse started; ON until 149839.29s, cooldown until 149843.29s"
149877.04,INFO,"Mister pulse started; ON until 149877.29s, cooldown until 149881.29s"
149905.02,INFO,"Mister pulse started; ON until 149905.27s, cooldown until 149909.27s"
149926.04,INFO,"Mister pulse started; ON until 149926.29s, cooldown until 149930.29s"
149961.04,INFO,"Mister pulse started; ON until 149961.29s, cooldown until 149965.29s"
149979.01,INFO,"Mister pulse started; ON until 149979.26s, cooldown until 149983.26s"
150011.01,INFO,"Mister pulse started; ON until 150011.26s, cooldown until 150015.26s"
150039.05,INFO,"Mister pulse started; ON until 150039.30s, cooldown until 150043.30s"
150085.01,INFO,"Mister pulse started; ON until 150085.26s, cooldown until 150089.26s"
150123.01,INFO,"Mister pulse started; ON until 150123.26s, cooldown until 150127.26s"
150157.03,INFO,"Mister pulse started; ON until 150157.28s, cooldown until 150161.28s"
150197.04,INFO,"Mister pulse started; ON until 150197.29s, cooldown until 150201.29s"
150234.00,INFO,"Mister pulse started; ON until 150234.25s, cooldown until 150238.25s"
150272.01,INFO,"Mister pulse started; ON until 150272.26s, cooldown until 150276.26s"
150299.01,INFO,"Mister pulse started; ON until 150299.26s, cooldown until 150303.26s"
150335.04,INFO,"Mister pulse started; ON until 150335.29s, cooldown until 150339.29s"
150362.05,INFO,"Mister pulse started; ON until 150362.30s, cooldown until 150366.30s"
150401.04,INFO,"Mister pulse started; ON until 150401.29s, cooldown until 150405.29s"
150436.00,INFO,"Mister pulse started; ON until 150436.25s, cooldown until 150440.25s"
150457.01,INFO,"Mister pulse started; ON until 150457.26s, cooldown until 150461.26s"
150504.04,INFO,"Mister pulse started; ON until 150504.29s, cooldown until 150508.29s"
150534.03,INFO,"Mister pulse started; ON until 150534.28s, cooldown until 150538.28s"
150562.02,INFO,"Mister pulse started; ON until 150562.27s, cooldown until 150566.27s"
150581.02,INFO,"Mister pulse started; ON until 150581.27s, cooldown until 150585.27s"
150613.02,INFO,"Mister pulse started; ON until 150613.27s, cooldown until 150617.27s"
150644.04,INFO,"Mister pulse started; ON until 150644.29s, cooldown until 150648.29s"
150676.05,INFO,"Mister pulse started; ON until 150676.30s, cooldown until 150680.30s"
150702.02,INFO,"Mister pulse started; ON until 150702.27s, cooldown until 150706.27s"
150737.02,INFO,"Mister pulse started; ON until 150737.27s, cooldown until 150741.27s"
150756.02,INFO,"Mister pulse started; ON until 150756.27s, cooldown until 150760.27s"
150785.02,INFO,"Mister pulse started; ON until 150785.27s, cooldown until 150789.27s"
150807.02,INFO,"Mister pulse started; ON until 150807.27s, cooldown until 150811.27s"
150848.02,INFO,"Mister pulse started; ON until 150848.27s, cooldown until 150852.27s"
150869.04,INFO,"Mister pulse started; ON until 150869.29s, cooldown until 150873.29s"
150904.04,INFO,"Mister pulse started; ON until 150904.29s, cooldown until 150908.29s"
150923.00,INFO,"Mister pulse started; ON until 150923.25s, cooldown until 150927.25s"
150964.00,INFO,"Mister pulse started; ON until 150964.25s, cooldown until 150968.25s"
151002.01,INFO,"Mister pulse started; ON until 151002.26s, cooldown until 151006.26s"
151035.01,INFO,"Mister pulse started; ON until 151035.26s, cooldown until 151039.26s"
151078.02,INFO,"Mister pulse started; ON until 151078.27s, cooldown until 151082.27s"
151104.05,INFO,"Mister pulse started; ON until 151104.30s, cooldown until 151108.30s"
151135.03,INFO,"Mister pulse started; ON until 151135.28s, cooldown until 151139.28s"
151169.00,INFO,"Mister pulse started; ON until 151169.25s, cooldown until 151173.25s"
151211.03,INFO,"Mister pulse started; ON until 151211.28s, cooldown until 151215.28s"
151228.03,INFO,"Mister pulse started; ON until 151228.28s, cooldown until 151232.28s"
151253.01,INFO,"Mister pulse started; ON until 151253.26s, cooldown until 151257.26s"
151287.03,INFO,"Mister pulse started; ON until 151287.28s, cooldown until 151291.28s"
151320.02,INFO,"Mister pulse started; ON until 151320.27s, cooldown until 151324.27s"
151359.00,INFO,"Mister pulse started; ON until 151359.25s, cooldown until 151363.25s"
151397.01,INFO,"Mister pulse started; ON until 151397.26s, cooldown until 151401.26s"
151436.03,INFO,"Mister pulse started; ON until 151436.28s, cooldown until 151440.28s"
151468.04,INFO,"Mister pulse started; ON until 151468.29s, cooldown until 151472.29s"
151500.00,INFO,"Mister pulse started; ON until 151500.25s, cooldown until 151504.25s"
151536.05,INFO,"Mister pulse started; ON until 151536.30s, cooldown until 151540.30s"
151557.01,INFO,"Mister pulse started; ON until 151557.26s, cooldown until 151561.26s"
151601.04,INFO,"Mister pulse started; ON until 151601.29s, cooldown until 151605.29s"
151628.04,INFO,"Mister pulse started; ON until 151628.29s, cooldown until 151632.29s"
151660.01,INFO,"Mister pulse started; ON until 151660.26s, cooldown until 151664.26s"
151703.01,INFO,"Mister pulse started; ON until 151703.26s, cooldown until 151707.26s"
151732.03,INFO,"Mister pulse started; ON until 151732.28s, cooldown until 151736.28s"
151772.05,INFO,"Mister pulse started; ON until 151772.30s, cooldown until 151776.30s"
151811.03,INFO,"Mister pulse started; ON until 151811.28s, cooldown until 151815.28s"
151854.05,INFO,"Mister pulse started; ON until 151854.30s, cooldown until 151858.30s"
151877.02,INFO,"Mister pulse started; ON until 151877.27s, cooldown until 151881.27s"
151904.02,INFO,"Mister pulse started; ON until 151904.27s, cooldown until 151908.27s"
151940.01,INFO,"Mister pulse started; ON until 151940.26s, cooldown until 151944.26s"
151970.01,INFO,"Mister pulse started; ON until 151970.26s, cooldown until 151974.26s"
151993.04,INFO,"Mister pulse started; ON until 151993.29s, cooldown until 151997.29s"
152035.03,INFO,"Mister pulse started; ON until 152035.28s, cooldown until 152039.28s"
152061.05,INFO,"Mister pulse started; ON until 152061.30s, cooldown until 152065.30s"
152092.02,INFO,"Mister pulse started; ON until 152092.27s, cooldown until 152096.27s"
152121.04,INFO,"Mister pulse started; ON until 152121.29s, cooldown until 152125.29s"
152144.03,INFO,"Mister pulse started; ON until 152144.28s, cooldown until 152148.28s"
152161.01,INFO,"Mister pulse started; ON until 152161.26s, cooldown until 152165.26s"
152187.04,INFO,"Mister pulse started; ON until 152187.29s, cooldown until 152191.29s"
152220.04,INFO,"Mister pulse started; ON until 152220.29s, cooldown until 152224.29s"
152256.02,INFO,"Mister pulse started; ON until 152256.27s, cooldown until 152260.27s"
152276.05,INFO,"Mister pulse started; ON until 152276.30s, cooldown until 152280.30s"
152315.03,INFO,"Mister pulse started; ON until 152315.28s, cooldown until 152319.28s"
152351.01,INFO,"Mister pulse started; ON until 152351.26s, cooldown until 152355.26s"
152373.05,INFO,"Mister pulse started; ON until 152373.30s, cooldown until 152377.30s"
152412.02,INFO,"Mister pulse started; ON until 152412.27s, cooldown until 152416.27s"
152449.03,INFO,"Mister pulse started; ON until 152449.28s, cooldown until 152453.28s"
152476.04,INFO,"Mister pulse started; ON until 152476.29s, cooldown until 152480.29s"
152513.04,INFO,"Mister pulse started; ON until 152513.29s, cooldown until 152517.29s"
152543.04,INFO,"Mister pulse started; ON until 152543.29s, cooldown until 152547.29s"
152567.00,INFO,"Mister pulse started; ON until 152567.25s, cooldown until 152571.25s"
152602.02,INFO,"Mister pulse started; ON until 152602.27s, cooldown until 152606.27s"
152642.02,INFO,"Mister pulse started; ON until 152642.27s, cooldown until 152646.27s"
152678.04,INFO,"Mister pulse started; ON until 152678.29s, cooldown until 152682.29s"
152704.02,INFO,"Mister pulse started; ON until 152704.27s, cooldown until 152708.27s"
152741.03,INFO,"Mister pulse started; ON until 152741.28s, cooldown until 152745.28s"
152764.01,INFO,"Mister pulse started; ON until 152764.26s, cooldown until 152768.26s"
152786.01,INFO,"Mister pulse started; ON until 152786.26s, cooldown until 152790.26s"
152807.02,INFO,"Mister pulse started; ON until 152807.27s, cooldown until 152811.27s"
152846.05,INFO,"Mister pulse started; ON until 152846.30s, cooldown until 152850.30s"
152874.03,INFO,"Mister pulse started; ON until 152874.28s, cooldown until 152878.28s"
152896.04,INFO,"Mister pulse started; ON until 152896.29s, cooldown until 152900.29s"
152937.03,INFO,"Mister pulse started; ON until 152937.28s, cooldown until 152941.28s"
152958.04,INFO,"Mister pulse started; ON until 152958.29s, cooldown until 152962.29s"
152993.04,INFO,"Mister pulse started; ON until 152993.29s, cooldown until 152997.29s"
153012.00,INFO,"Mister pulse started; ON until 153012.25s, cooldown until 153016.25s"
153055.01,INFO,"Mister pulse started; ON until 153055.26s, cooldown until 153059.26s"
153077.05,INFO,"Mister pulse started; ON until 153077.30s, cooldown until 153081.30s"
153111.02,INFO,"Mister pulse started; ON until 153111.27s, cooldown until 153115.27s"
153131.00,INFO,"Mister pulse started; ON until 153131.25s, cooldown until 153135.25s"
153169.05,INFO,"Mister pulse started; ON until 153169.30s, cooldown until 153173.30s"
153197.04,INFO,"Mister pulse started; ON until 153197.29s, cooldown until 153201.29s"
153243.00,INFO,"Mister pulse started; ON until 153243.25s, cooldown until 153247.25s"
153281.01,INFO,"Mister pulse started; ON until 153281.26s, cooldown until 153285.26s"
153319.02,INFO,"Mister pulse started; ON until 153319.27s, cooldown until 153323.27s"
153349.01,INFO,"Mister pulse started; ON until 153349.26s, cooldown until 153353.26s"
153376.02,INFO,"Mister pulse started; ON until 153376.27s, cooldown until 153380.27s"
153417.01,INFO,"Mister pulse started; ON until 153417.26s, cooldown until 153421.26s"
153458.01,INFO,"Mister pulse started; ON until 153458.26s, cooldown until 153462.26s"
153478.00,INFO,"Mister pulse started; ON until 153478.25s, cooldown until 153482.25s"
153522.01,INFO,"Mister pulse started; ON until 153522.26s, cooldown until 153526.26s"
153552.05,INFO,"Mister pulse started; ON until 153552.30s, cooldown until 153556.30s"
153594.01,INFO,"Mister pulse started; ON until 153594.26s, cooldown until 153598.26s"
153622.05,INFO,"Mister pulse started; ON until 153622.30s, cooldown until 153626.30s"
153666.04,INFO,"Mister pulse started; ON until 153666.29s, cooldown until 153670.29s"
153703.01,INFO,"Mister pulse started; ON until 153703.26s, cooldown until 153707.26s"
153730.03,INFO,"Mister pulse started; ON until 153730.28s, cooldown until 153734.28s"
153769.03,INFO,"Mister pulse started; ON until 153769.28s, cooldown until 153773.28s"
153802.03,INFO,"Mister pulse started; ON until 153802.28s, cooldown until 153806.28s"
153846.01,INFO,"Mister pulse started; ON until 153846.26s, cooldown until 153850.26s"
153875.02,INFO,"Mister pulse started; ON until 153875.27s, cooldown until 153879.27s"
153897.02,INFO,"Mister pulse started; ON until 153897.27s, cooldown until 153901.27s"
153942.03,INFO,"Mister pulse started; ON until 153942.28s, cooldown until 153946.28s"
153973.02,INFO,"Mister pulse started; ON until 153973.27s, cooldown until 153977.27s"
154005.02,INFO,"Mister pulse started; ON until 154005.27s, cooldown until 154009.27s"
154041.01,INFO,"Mister pulse started; ON until 154041.26s, cooldown until 154045.26s"
154062.02,INFO,"Mister pulse started; ON until 154062.27s, cooldown until 154066.27s"
154101.02,INFO,"Mister pulse started; ON until 154101.27s, cooldown until 154105.27s"
154140.00,INFO,"Mister pulse started; ON until 154140.25s, cooldown until 154144.25s"
154174.02,INFO,"Mister pulse started; ON until 154174.27s, cooldown until 154178.27s"
154220.02,INFO,"Mister pulse started; ON until 154220.27s, cooldown until 154224.27s"
154263.03,INFO,"Mister pulse started; ON until 154263.28s, cooldown until 154267.28s"
154283.01,INFO,"Mister pulse started; ON until 154283.26s, cooldown until 154287.26s"
154320.03,INFO,"Mister pulse started; ON until 154320.28s, cooldown until 154324.28s"
154348.01,INFO,"Mister pulse started; ON until 154348.26s, cooldown until 154352.26s"
154388.03,INFO,"Mister pulse started; ON until 154388.28s, cooldown until 154392.28s"
154434.04,INFO,"Mister pulse started; ON until 154434.29s, cooldown until 154438.29s"
154473.01,INFO,"Mister pulse started; ON until 154473.26s, cooldown until 154477.26s"
154507.05,INFO,"Mister pulse started; ON until 154507.30s, cooldown until 154511.30s"
154551.05,INFO,"Mister pulse started; ON until 154551.30s, cooldown until 154555.30s"
154580.02,INFO,"Mister pulse started; ON until 154580.27s, cooldown until 154584.27s"
154606.03,INFO,"Mister pulse started; ON until 154606.28s, cooldown until 154610.28s"
154643.01,INFO,"Mister pulse started; ON until 154643.26s, cooldown until 154647.26s"
154673.01,INFO,"Mister pulse started; ON until 154673.26s, cooldown until 154677.26s"
154697.02,INFO,"Mister pulse started; ON until 154697.27s, cooldown until 154701.27s"
154718.03,INFO,"Mister pulse started; ON until 154718.28s, cooldown until 154722.28s"
154757.02,INFO,"Mister pulse started; ON until 154757.27s, cooldown until 154761.27s"
154798.02,INFO,"Mister pulse started; ON until 154798.27s, cooldown until 154802.27s"
154845.04,INFO,"Mister pulse started; ON until 154845.29s, cooldown until 154849.29s"
154886.04,INFO,"Mister pulse started; ON until 154886.29s, cooldown until 154890.29s"
154929.05,INFO,"Mister pulse started; ON until 154929.30s, cooldown until 154933.30s"
154957.04,INFO,"Mister pulse started; ON until 154957.29s, cooldown until 154961.29s"
155002.01,INFO,"Mister pulse started; ON until 155002.26s, cooldown until 155006.26s"
155041.04,INFO,"Mister pulse started; ON until 155041.29s, cooldown until 155045.29s"
155079.04,INFO,"Mister pulse started; ON until 155079.29s, cooldown until 155083.29s"
155110.01,INFO,"Mister pulse started; ON until 155110.26s, cooldown until 155114.26s"
155137.02,INFO,"Mister pulse started; ON until 155137.27s, cooldown until 155141.27s"
155176.02,INFO,"Mister pulse started; ON until 155176.27s, cooldown until 155180.27s"
155216.03,INFO,"Mister pulse started; ON until 155216.28s, cooldown until 155220.28s"
155259.04,INFO,"Mister pulse started; ON until 155259.29s, cooldown until 155263.29s"
155279.03,INFO,"Mister pulse started; ON until 155279.28s, cooldown until 155283.28s"
155318.01,INFO,"Mister pulse started; ON until 155318.26s, cooldown until 155322.26s"
155356.00,INFO,"Mister pulse started; ON until 155356.25s, cooldown until 155360.25s"
155394.01,INFO,"Mister pulse started; ON until 155394.26s, cooldown until 155398.26s"
155421.00,INFO,"Mister pulse started; ON until 155421.25s, cooldown until 155425.25s"
155469.03,INFO,"Mister pulse started; ON until 155469.28s, cooldown until 155473.28s"
155505.00,INFO,"Mister pulse started; ON until 155505.25s, cooldown until 155509.25s"
155533.04,INFO,"Mister pulse started; ON until 155533.29s, cooldown until 155537.29s"
155586.05,INFO,"Mister pulse started; ON until 155586.30s, cooldown until 155590.30s"
155618.01,INFO,"Mister pulse started; ON until 155618.26s, cooldown until 155622.26s"
155654.04,INFO,"Mister pulse started; ON until 155654.29s, cooldown until 155658.29s"
155704.01,INFO,"Mister pulse started; ON until 155704.26s, cooldown until 155708.26s"
155738.05,INFO,"Mister pulse started; ON until 155738.30s, cooldown until 155742.30s"
155783.01,INFO,"Mister pulse started; ON until 155783.26s, cooldown until 155787.26s"
155814.00,INFO,"Mister pulse started; ON until 155814.25s, cooldown until 155818.25s"
155844.05,INFO,"Mister pulse started; ON until 155844.30s, cooldown until 155848.30s"
155902.02,INFO,"Mister pulse started; ON until 155902.27s, cooldown until 155906.27s"
155930.01,INFO,"Mister pulse started; ON until 155930.26s, cooldown until 155934.26s"
155978.02,INFO,"Mister pulse started; ON until 155978.27s, cooldown until 155982.27s"
156018.03,INFO,"Mister pulse started; ON until 156018.28s, cooldown until 156022.28s"
156066.00,INFO,"Mister pulse started; ON until 156066.25s, cooldown until 156070.25s"
156088.05,INFO,"Mister pulse started; ON until 156088.30s, cooldown until 156092.30s"
156129.05,INFO,"Mister pulse started; ON until 156129.30s, cooldown until 156133.30s"
156175.04,INFO,"Mister pulse started; ON until 156175.29s, cooldown until 156179.29s"
156213.04,INFO,"Mister pulse started; ON until 156213.29s, cooldown until 156217.29s"
156247.02,INFO,"Mister pulse started; ON until 156247.27s, cooldown until 156251.27s"
156286.01,INFO,"Mister pulse started; ON until 156286.26s, cooldown until 156290.26s"
156332.01,INFO,"Mister pulse started; ON until 156332.26s, cooldown until 156336.26s"
156370.01,INFO,"Mister pulse started; ON until 156370.26s, cooldown until 156374.26s"
156405.01,INFO,"Mister pulse started; ON until 156405.26s, cooldown until 156409.26s"
156453.02,INFO,"Mister pulse started; ON until 156453.27s, cooldown until 156457.27s"
156502.03,INFO,"Mister pulse started; ON until 156502.28s, cooldown until 156506.28s"
156526.04,INFO,"Mister pulse started; ON until 156526.29s, cooldown until 156530.29s"
156548.03,INFO,"Mister pulse started; ON until 156548.28s, cooldown until 156552.28s"
156590.01,INFO,"Mister pulse started; ON until 156590.26s, cooldown until 156594.26s"
156616.03,INFO,"Mister pulse started; ON until 156616.28s, cooldown until 156620.28s"
156659.04,INFO,"Mister pulse started; ON until 156659.29s, cooldown until 156663.29s"
156703.03,INFO,"Mister pulse started; ON until 156703.28s, cooldown until 156707.28s"
156732.01,INFO,"Mister pulse started; ON until 156732.26s, cooldown until 156736.26s"
156760.05,INFO,"Mister pulse started; ON until 156760.30s, cooldown until 156764.30s"
156801.05,INFO,"Mister pulse started; ON until 156801.30s, cooldown until 156805.30s"
156847.05,INFO,"Mister pulse started; ON until 156847.30s, cooldown until 156851.30s"
156882.04,INFO,"Mister pulse started; ON until 156882.29s, cooldown until 156886.29s"
156906.04,INFO,"Mister pulse started; ON until 156906.29s, cooldown until 156910.29s"
156925.04,INFO,"Mister pulse started; ON until 156925.29s, cooldown until 156929.29s"
156958.05,INFO,"Mister pulse started; ON until 156958.30s, cooldown until 156962.30s"
157001.00,INFO,"Mister pulse started; ON until 157001.25s, cooldown until 157005.25s"
157028.01,INFO,"Mister pulse started; ON until 157028.26s, cooldown until 157032.26s"
157064.00,INFO,"Mister pulse started; ON until 157064.25s, cooldown until 157068.25s"
157093.02,INFO,"Mister pulse started; ON until 157093.27s, cooldown until 157097.27s"
157135.05,INFO,"Mister pulse started; ON until 157135.30s, cooldown until 157139.30s"
157156.02,INFO,"Mister pulse started; ON until 157156.27s, cooldown until 157160.27s"
157203.03,INFO,"Mister pulse started; ON until 157203.28s, cooldown until 157207.28s"
157238.04,INFO,"Mister pulse started; ON until 157238.29s, cooldown until 157242.29s"
157263.03,INFO,"Mister pulse started; ON until 157263.28s, cooldown until 157267.28s"
157294.01,INFO,"Mister pulse started; ON until 157294.26s, cooldown until 157298.26s"
157323.03,INFO,"Mister pulse started; ON until 157323.28s, cooldown until 157327.28s"
157372.03,INFO,"Mister pulse started; ON until 157372.28s, cooldown until 157376.28s"
157397.02,INFO,"Mister pulse started; ON until 157397.27s, cooldown until 157401.27s"
157427.02,INFO,"Mister pulse started; ON until 157427.27s, cooldown until 157431.27s"
157452.01,INFO,"Mister pulse started; ON until 157452.26s, cooldown until 157456.26s"
157489.04,INFO,"Mister pulse started; ON until 157489.29s, cooldown until 157493.29s"
157540.04,INFO,"Mister pulse started; ON until 157540.29s, cooldown until 157544.29s"
157576.03,INFO,"Mister pulse started; ON until 157576.28s, cooldown until 157580.28s"
157650.01,INFO,"Mister pulse started; ON until 157650.26s, cooldown until 157654.26s"
157694.05,INFO,"Mister pulse started; ON until 157694.30s, cooldown until 157698.30s"
157758.01,INFO,"Mister pulse started; ON until 157758.26s, cooldown until 157762.26s"
157846.01,INFO,"Mister pulse started; ON until 157846.26s, cooldown until 157850.26s"
157886.03,INFO,"Mister pulse started; ON until 157886.28s, cooldown until 157890.28s"
157924.03,INFO,"Mister pulse started; ON until 157924.28s, cooldown until 157928.28s"
158027.04,INFO,"Mister pulse started; ON until 158027.29s, cooldown until 158031.29s"
158118.03,INFO,"Mister pulse started; ON until 158118.28s, cooldown until 158122.28s"
158192.03,INFO,"Mister pulse started; ON until 158192.28s, cooldown until 158196.28s"
158291.00,INFO,"Mister pulse started; ON until 158291.25s, cooldown until 158295.25s"
158368.03,INFO,"Mister pulse started; ON until 158368.28s, cooldown until 158372.28s"
158420.01,INFO,"Mister pulse started; ON until 158420.26s, cooldown until 158424.26s"
158496.03,INFO,"Mister pulse started; ON until 158496.28s, cooldown until 158500.28s"
158547.04,INFO,"Mister pulse started; ON until 158547.29s, cooldown until 158551.29s"
158616.02,INFO,"Mister pulse started; ON until 158616.27s, cooldown until 158620.27s"
158673.02,INFO,"Mister pulse started; ON until 158673.27s, cooldown until 158677.27s"
158740.00,INFO,"Mister pulse started; ON until 158740.25s, cooldown until 158744.25s"
158782.03,INFO,"Mister pulse started; ON until 158782.28s, cooldown until 158786.28s"
158826.01,INFO,"Mister pulse started; ON until 158826.26s, cooldown until 158830.26s"
158866.03,INFO,"Mister pulse started; ON until 158866.28s, cooldown until 158870.28s"
158907.02,INFO,"Mister pulse started; ON until 158907.27s, cooldown until 158911.27s"
158959.02,INFO,"Mister pulse started; ON until 158959.27s, cooldown until 158963.27s"
159057.04,INFO,"Mister pulse started; ON until 159057.29s, cooldown until 159061.29s"
159103.05,INFO,"Mister pulse started; ON until 159103.30s, cooldown until 159107.30s"
159197.05,INFO,"Mister pulse started; ON until 159197.30s, cooldown until 159201.30s"
159324.03,INFO,"Mister pulse started; ON until 159324.28s, cooldown until 159328.28s"
159392.03,INFO,"Mister pulse started; ON until 159392.28s, cooldown until 159396.28s"
159546.04,INFO,"Mister pulse started; ON until 159546.29s, cooldown until 159550.29s"
159630.04,INFO,"Mister pulse started; ON until 159630.29s, cooldown until 159634.29s"
159796.02,INFO,"Mister pulse started; ON until 159796.27s, cooldown until 159800.27s"
159944.03,INFO,"Mister pulse started; ON until 159944.28s, cooldown until 159948.28s"
160104.02,INFO,"Mister pulse started; ON until 160104.27s, cooldown until 160108.27s"
160262.02,INFO,"Mister pulse started; ON until 160262.27s, cooldown until 160266.27s"
160440.03,INFO,"Mister pulse started; ON until 160440.28s, cooldown until 160444.28s"
160547.01,INFO,"Mister pulse started; ON until 160547.26s, cooldown until 160551.26s"
160695.02,INFO,"Mister pulse started; ON until 160695.27s, cooldown until 160699.27s"
160788.03,INFO,"Mister pulse started; ON until 160788.28s, cooldown until 160792.28s"
160864.02,INFO,"Mister pulse started; ON until 160864.27s, cooldown until 160868.27s"
160953.04,INFO,"Mister pulse started; ON until 160953.29s, cooldown until 160957.29s"
161039.01,INFO,"Mister pulse started; ON until 161039.26s, cooldown until 161043.26s"
161128.03,INFO,"Mister pulse started; ON until 161128.28s, cooldown until 161132.28s"
161173.04,INFO,"Mister pulse started; ON until 161173.29s, cooldown until 161177.29s"
161256.02,INFO,"Mister pulse started; ON until 161256.27s, cooldown until 161260.27s"
161327.02,INFO,"Mister pulse started; ON until 161327.27s, cooldown until 161331.27s"
161410.04,INFO,"Mister pulse started; ON until 161410.29s, cooldown until 161414.29s"
161524.03,INFO,"Mister pulse started; ON until 161524.28s, cooldown until 161528.28s"
161588.00,INFO,"Mister pulse started; ON until 161588.25s, cooldown until 161592.25s"
161680.02,INFO,"Mister pulse started; ON until 161680.27s, cooldown until 161684.27s"
161849.00,INFO,"Mister pulse started; ON until 161849.25s, cooldown until 161853.25s"
161984.02,INFO,"Mister pulse started; ON until 161984.27s, cooldown until 161988.27s"
162128.02,INFO,"Mister pulse started; ON until 162128.27s, cooldown until 162132.27s"
162302.04,INFO,"Mister pulse started; ON until 162302.29s, cooldown until 162306.29s"
162450.01,INFO,"Mister pulse started; ON until 162450.26s, cooldown until 162454.26s"
162601.02,INFO,"Mister pulse started; ON until 162601.27s, cooldown until 162605.27s"
162739.03,INFO,"Mister pulse started; ON until 162739.28s, cooldown until 162743.28s"
162938.02,INFO,"Mister pulse started; ON until 162938.27s, cooldown until 162942.27s"
163158.01,INFO,"Mister pulse started; ON until 163158.26s, cooldown until 163162.26s"
163382.01,INFO,"Mister pulse started; ON until 163382.26s, cooldown until 163386.26s"
163603.00,INFO,"Mister pulse started; ON until 163603.25s, cooldown until 163607.25s"
163758.05,INFO,"Mister pulse started; ON until 163758.30s, cooldown until 163762.30s"
163941.02,INFO,"Mister pulse started; ON until 163941.27s, cooldown until 163945.27s"
164050.03,INFO,"Mister pulse started; ON until 164050.28s, cooldown until 164054.28s"
164121.03,INFO,"Mister pulse started; ON until 164121.28s, cooldown until 164125.28s"
164193.02,INFO,"Mister pulse started; ON until 164193.27s, cooldown until 164197.27s"
164276.05,INFO,"Mister pulse started; ON until 164276.30s, cooldown until 164280.30s"
164333.04,INFO,"Mister pulse started; ON until 164333.29s, cooldown until 164337.29s"
164403.00,INFO,"Mister pulse started; ON until 164403.25s, cooldown until 164407.25s"
164474.01,INFO,"Mister pulse started; ON until 164474.26s, cooldown until 164478.26s"
164562.04,INFO,"Mister pulse started; ON until 164562.29s, cooldown until 164566.29s"
164654.05,INFO,"Mister pulse started; ON until 164654.30s, cooldown until 164658.30s"
164949.02,INFO,"Mister pulse started; ON until 164949.27s, cooldown until 164953.27s"
165220.00,INFO,"Mister pulse started; ON until 165220.25s, cooldown until 165224.25s"
165608.04,INFO,"Mister pulse started; ON until 165608.29s, cooldown until 165612.29s"
166011.00,INFO,"Mister pulse started; ON until 166011.25s, cooldown until 166015.25s"
166392.04,INFO,"Mister pulse started; ON until 166392.29s, cooldown until 166396.29s"
166995.04,INFO,"Mister pulse started; ON until 166995.29s, cooldown until 166999.29s"
265074.00,INFO,Program complete
