time_from_start_s,level,message
10381.03,WARN,Slow log write/fsync: 1.14s
31217.05,INFO,"Mister pulse started; ON until 31217.30s, cooldown until 31221.30s"
31976.00,INFO,"Mister pulse started; ON until 31976.25s, cooldown until 31980.25s"
32438.03,INFO,"Mister pulse started; ON until 32438.28s, cooldown until 32442.28s"
32892.01,INFO,"Mister pulse started; ON until 32892.26s, cooldown until 32896.26s"
33293.04,INFO,"Mister pulse started; ON until 33293.29s, cooldown until 33297.29s"
33551.03,INFO,"Mister pulse started; ON until 33551.28s, cooldown until 33555.28s"
33888.04,INFO,"Mister pulse started; ON until 33888.29s, cooldown until 33892.29s"
34240.04,INFO,"Mister pulse started; ON until 34240.29s, cooldown until 34244.29s"
34484.02,INFO,"Mister pulse started; ON until 34484.27s, cooldown until 34488.27s"
34685.04,INFO,"Mister pulse started; ON until 34685.29s, cooldown until 34689.29s"
34984.02,INFO,"Mister pulse started; ON until 34984.27s, cooldown until 34988.27s"
35232.02,INFO,"Mister pulse started; ON until 35232.27s, cooldown until 35236.27s"
35494.01,INFO,"Mister pulse started; ON until 35494.26s, cooldown until 35498.26s"
35745.01,INFO,"Mister pulse started; ON until 35745.26s, cooldown until 35749.26s"
35967.00,INFO,"Mister pulse started; ON until 35967.25s, cooldown until 35971.25s"
36175.01,INFO,"Mister pulse started; ON until 36175.26s, cooldown until 36179.26s"
36413.04,INFO,"Mister pulse started; ON until 36413.29s, cooldown until 36417.29s"
36618.01,INFO,"Mister pulse started; ON until 36618.26s, cooldown until 36622.26s"
36798.03,INFO,"Mister pulse started; ON until 36798.28s, cooldown until 36802.28s"
37026.05,INFO,"Mister pulse started; ON until 37026.30s, cooldown until 37030.30s"
37214.03,INFO,"Mister pulse started; ON until 37214.28s, cooldown until 37218.28s"
37390.03,INFO,"Mister pulse started; ON until 37390.28s, cooldown until 37394.28s"
37570.03,INFO,"Mister pulse started; ON until 37570.28s, cooldown until 37574.28s"
37697.05,INFO,"Mister pulse started; ON until 37697.30s, cooldown until 37701.30s"
37832.04,INFO,"Mister pulse started; ON until 37832.29s, cooldown until 37836.29s"
37944.01,INFO,"Mister pulse started; ON until 37944.26s, cooldown until 37948.26s"
38099.04,INFO,"Mister pulse started; ON until 38099.29s, cooldown until 38103.29s"
38294.02,INFO,"Mister pulse started; ON until 38294.27s, cooldown until 38298.27s"
38441.03,INFO,"Mister pulse started; ON until 38441.28s, cooldown until 38445.28s"
38621.03,INFO,"Mister pulse started; ON until 38621.28s, cooldown until 38625.28s"
38767.03,INFO,"Mister pulse started; ON until 38767.28s, cooldown until 38771.28s"
38951.03,INFO,"Mister pulse started; ON until 38951.28s, cooldown until 38955.28s"
39158.01,INFO,"Mister pulse started; ON until 39158.26s, cooldown until 39162.26s"
39264.01,INFO,"Mister pulse started; ON until 39264.26s, cooldown until 39268.26s"
39425.02,INFO,"Mister pulse started; ON until 39425.27s, cooldown until 39429.27s"
39590.02,INFO,"Mister pulse started; ON until 39590.27s, cooldown until 39594.27s"
39749.02,INFO,"Mister pulse started; ON until 39749.27s, cooldown until 39753.27s"
39905.03,INFO,"Mister pulse started; ON until 39905.28s, cooldown until 39909.28s"
40012.04,INFO,"Mister pulse started; ON until 40012.29s, cooldown until 40016.29s"
40159.01,INFO,"Mister pulse started; ON until 40159.26s, cooldown until 40163.26s"
40260.00,INFO,"Mister pulse started; ON until 40260.25s, cooldown until 40264.25s"
40440.01,INFO,"Mister pulse started; ON until 40440.26s, cooldown until 40444.26s"
40576.05,INFO,"Mister pulse started; ON until 40576.30s, cooldown until 40580.30s"
40719.00,INFO,"Mister pulse started; ON until 40719.25s, cooldown until 40723.25s"
40875.03,INFO,"Mister pulse started; ON until 40875.28s, cooldown until 40879.28s"
40994.04,INFO,"Mister pulse started; ON until 40994.29s, cooldown until 40998.29s"
41110.02,INFO,"Mister pulse started; ON until 41110.27s, cooldown until 41114.27s"
41285.01,INFO,"Mister pulse started; ON until 41285.26s, cooldown until 41289.26s"
41452.04,INFO,"Mister pulse started; ON until 41452.29s, cooldown until 41456.29s"
41600.05,INFO,"Mister pulse started; ON until 41600.30s, cooldown until 41604.30s"
41712.02,INFO,"Mister pulse started; ON until 41712.27s, cooldown until 41716.27s"
41845.04,INFO,"Mister pulse started; ON until 41845.29s, cooldown until 41849.29s"
41919.01,INFO,"Mister pulse started; ON until 41919.26s, cooldown until 41923.26s"
42056.03,INFO,"Mister pulse started; ON until 42056.28s, cooldown until 42060.28s"
42195.04,INFO,"Mister pulse started; ON until 42195.29s, cooldown until 42199.29s"
42289.01,INFO,"Mister pulse started; ON until 42289.26s, cooldown until 42293.26s"
42366.04,INFO,"Mister pulse started; ON until 42366.29s, cooldown until 42370.29s"
42509.04,INFO,"Mister pulse started; ON until 42509.29s, cooldown until 42513.29s"
42635.02,INFO,"Mister pulse started; ON until 42635.27s, cooldown until 42639.27s"
42775.04,INFO,"Mister pulse started; ON until 42775.29s, cooldown until 42779.29s"
42866.00,INFO,"Mister pulse started; ON until 42866.25s, cooldown until 42870.25s"
43024.02,INFO,"Mister pulse started; ON until 43024.27s, cooldown until 43028.27s"
43159.03,INFO,"Mister pulse started; ON until 43159.28s, cooldown until 43163.28s"
43288.05,INFO,"Mister pulse started; ON until 43288.30s, cooldown until 43292.30s"
43446.03,INFO,"Mister pulse started; ON until 43446.28s, cooldown until 43450.28s"
43594.03,INFO,"Mister pulse started; ON until 43594.28s, cooldown until 43598.28s"
43712.04,INFO,"Mister pulse started; ON until 43712.29s, cooldown until 43716.29s"
43815.02,INFO,"Mister pulse started; ON until 43815.27s, cooldown until 43819.27s"
43917.05,INFO,"Mister pulse started; ON until 43917.30s, cooldown until 43921.30s"
43993.00,INFO,"Mister pulse started; ON until 43993.25s, cooldown until 43997.25s"
44134.04,INFO,"Mister pulse started; ON until 44134.29s, cooldown until 44138.29s"
44251.03,INFO,"Mister pulse started; ON until 44251.28s, cooldown until 44255.28s"
44348.03,INFO,"Mister pulse started; ON until 44348.28s, cooldown until 44352.28s"
44459.02,INFO,"Mister pulse started; ON until 44459.27s, cooldown until 44463.27s"
44568.01,INFO,"Mister pulse started; ON until 44568.26s, cooldown until 44572.26s"
44657.00,INFO,"Mister pulse started; ON until 44657.25s, cooldown until 44661.25s"
44770.01,INFO,"Mister pulse started; ON until 44770.26s, cooldown until 44774.26s"
44896.02,INFO,"Mister pulse started; ON until 44896.27s, cooldown until 44900.27s"
45000.01,INFO,"Mister pulse started; ON until 45000.26s, cooldown until 45004.26s"
45130.05,INFO,"Mister pulse started; ON until 45130.30s, cooldown until 45134.30s"
45260.02,INFO,"Mister pulse started; ON until 45260.27s, cooldown until 45264.27s"
45369.04,INFO,"Mister pulse started; ON until 45369.29s, cooldown until 45373.29s"
45452.04,INFO,"Mister pulse started; ON until 45452.29s, cooldown until 45456.29s"
45556.01,INFO,"Mister pulse started; ON until 45556.26s, cooldown until 45560.26s"
45679.01,INFO,"Mister pulse started; ON until 45679.26s, cooldown until 45683.26s"
45755.01,INFO,"Mister pulse started; ON until 45755.26s, cooldown until 45759.26s"
45878.03,INFO,"Mister pulse started; ON until 45878.28s, cooldown until 45882.28s"
45950.03,INFO,"Mister pulse started; ON until 45950.28s, cooldown until 45954.28s"
46030.01,INFO,"Mister pulse started; ON until 46030.26s, cooldown until 46034.26s"
46119.03,INFO,"Mister pulse started; ON until 46119.28s, cooldown until 46123.28s"
46218.05,INFO,"Mister pulse started; ON until 46218.30s, cooldown until 46222.30s"
46352.01,INFO,"Mister pulse started; ON until 46352.26s, cooldown until 46356.26s"
46489.03,INFO,"Mister pulse started; ON until 46489.28s, cooldown until 46493.28s"
46557.01,INFO,"Mister pulse started; ON until 46557.26s, cooldown until 46561.26s"
46683.01,INFO,"Mister pulse started; ON until 46683.26s, cooldown until 46687.26s"
46794.01,INFO,"Mister pulse started; ON until 46794.26s, cooldown until 46798.26s"
46895.04,INFO,"Mister pulse started; ON until 46895.29s, cooldown until 46899.29s"
46976.04,INFO,"Mister pulse started; ON until 46976.29s, cooldown until 46980.29s"
47064.01,INFO,"Mister pulse started; ON until 47064.26s, cooldown until 47068.26s"
47172.01,INFO,"Mister pulse started; ON until 47172.26s, cooldown until 47176.26s"
47245.01,INFO,"Mister pulse started; ON until 47245.26s, cooldown until 47249.26s"
47332.04,INFO,"Mister pulse started; ON until 47332.29s, cooldown until 47336.29s"
47429.01,INFO,"Mister pulse started; ON until 47429.26s, cooldown until 47433.26s"
47538.02,INFO,"Mister pulse started; ON until 47538.27s, cooldown until 47542.27s"
47638.02,INFO,"Mister pulse started; ON until 47638.27s, cooldown until 47642.27s"
47767.05,INFO,"Mister pulse started; ON until 47767.30s, cooldown until 47771.30s"
47838.02,INFO,"Mister pulse started; ON until 47838.27s, cooldown until 47842.27s"
47921.04,INFO,"Mister pulse started; ON until 47921.29s, cooldown until 47925.29s"
48022.01,INFO,"Mister pulse started; ON until 48022.26s, cooldown until 48026.26s"
48114.01,INFO,"Mister pulse started; ON until 48114.26s, cooldown until 48118.26s"
48244.01,INFO,"Mister pulse started; ON until 48244.26s, cooldown until 48248.26s"
48334.05,INFO,"Mister pulse started; ON until 48334.30s, cooldown until 48338.30s"
48446.00,INFO,"Mister pulse started; ON until 48446.25s, cooldown until 48450.25s"
48566.04,INFO,"Mister pulse started; ON until 48566.29s, cooldown until 48570.29s"
48686.02,INFO,"Mister pulse started; ON until 48686.27s, cooldown until 48690.27s"
48828.05,INFO,"Mister pulse started; ON until 48828.30s, cooldown until 48832.30s"
48949.05,INFO,"Mister pulse started; ON until 48949.30s, cooldown until 48953.30s"
49087.00,INFO,"Mister pulse started; ON until 49087.25s, cooldown until 49091.25s"
49194.01,INFO,"Mister pulse started; ON until 49194.26s, cooldown until 49198.26s"
49329.01,INFO,"Mister pulse started; ON until 49329.26s, cooldown until 49333.26s"
49469.02,INFO,"Mister pulse started; ON until 49469.27s, cooldown until 49473.27s"
49579.03,INFO,"Mister pulse started; ON until 49579.28s, cooldown until 49583.28s"
49673.00,INFO,"Mister pulse started; ON until 49673.25s, cooldown until 49677.25s"
49777.01,INFO,"Mister pulse started; ON until 49777.26s, cooldown until 49781.26s"
49889.04,INFO,"Mister pulse started; ON until 49889.29s, cooldown until 49893.29s"
50008.04,INFO,"Mister pulse started; ON until 50008.29s, cooldown until 50012.29s"
50126.03,INFO,"Mister pulse started; ON until 50126.28s, cooldown until 50130.28s"
50247.02,INFO,"Mister pulse started; ON until 50247.27s, cooldown until 50251.27s"
50385.03,INFO,"Mister pulse started; ON until 50385.28s, cooldown until 50389.28s"
50477.02,INFO,"Mister pulse started; ON until 50477.27s, cooldown until 50481.27s"
50619.00,INFO,"Mister pulse started; ON until 50619.25s, cooldown until 50623.25s"
50765.04,INFO,"Mister pulse started; ON until 50765.29s, cooldown until 50769.29s"
50926.01,INFO,"Mister pulse started; ON until 50926.26s, cooldown until 50930.26s"
51039.02,INFO,"Mister pulse started; ON until 51039.27s, cooldown until 51043.27s"
51180.02,INFO,"Mister pulse started; ON until 51180.27s, cooldown until 51184.27s"
51300.03,INFO,"Mister pulse started; ON until 51300.28s, cooldown until 51304.28s"
51413.01,INFO,"Mister pulse started; ON until 51413.26s, cooldown until 51417.26s"
51562.04,INFO,"Mister pulse started; ON until 51562.29s, cooldown until 51566.29s"
51668.03,INFO,"Mister pulse started; ON until 51668.28s, cooldown until 51672.28s"
51807.03,INFO,"Mister pulse started; ON until 51807.28s, cooldown until 51811.28s"
51904.02,INFO,"Mister pulse started; ON until 51904.27s, cooldown until 51908.27s"
52037.00,INFO,"Mister pulse started; ON until 52037.25s, cooldown until 52041.25s"
52144.03,INFO,"Mister pulse started; ON until 52144.28s, cooldown until 52148.28s"
52487.01,INFO,"Mister pulse started; ON until 52487.26s, cooldown until 52491.26s"
52758.01,INFO,"Mister pulse started; ON until 52758.26s, cooldown until 52762.26s"
53035.03,INFO,"Mister pulse started; ON until 53035.28s, cooldown until 53039.28s"
53249.04,INFO,"Mister pulse started; ON until 53249.29s, cooldown until 53253.29s"
53449.03,INFO,"Mister pulse started; ON until 53449.28s, cooldown until 53453.28s"
53675.02,INFO,"Mister pulse started; ON until 53675.27s, cooldown until 53679.27s"
53840.03,INFO,"Mister pulse started; ON until 53840.28s, cooldown until 53844.28s"
53990.05,INFO,"Mister pulse started; ON until 53990.30s, cooldown until 53994.30s"
54227.04,INFO,"Mister pulse started; ON until 54227.29s, cooldown until 54231.29s"
54435.03,INFO,"Mister pulse started; ON until 54435.28s, cooldown until 54439.28s"
54671.04,INFO,"Mister pulse started; ON until 54671.29s, cooldown until 54675.29s"
54877.04,INFO,"Mister pulse started; ON until 54877.29s, cooldown until 54881.29s"
55080.02,INFO,"Mister pulse started; ON until 55080.27s, cooldown until 55084.27s"
55238.01,INFO,"Mister pulse started; ON until 55238.26s, cooldown until 55242.26s"
55406.02,INFO,"Mister pulse started; ON until 55406.27s, cooldown until 55410.27s"
55585.02,INFO,"Mister pulse started; ON until 55585.27s, cooldown until 55589.27s"
55720.04,INFO,"Mister pulse started; ON until 55720.29s, cooldown until 55724.29s"
55846.04,INFO,"Mister pulse started; ON until 55846.29s, cooldown until 55850.29s"
56073.02,INFO,"Mister pulse started; ON until 56073.27s, cooldown until 56077.27s"
56276.02,INFO,"Mister pulse started; ON until 56276.27s, cooldown until 56280.27s"
56446.03,INFO,"Mister pulse started; ON until 56446.28s, cooldown until 56450.28s"
56912.04,INFO,"Mister pulse started; ON until 56912.29s, cooldown until 56916.29s"
57225.04,INFO,"Mister pulse started; ON until 57225.29s, cooldown until 57229.29s"
86490.05,INFO,"Mister pulse started; ON until 86490.30s, cooldown until 86494.30s"
87015.05,INFO,"Mister pulse started; ON until 87015.30s, cooldown until 87019.30s"
87247.05,INFO,"Mister pulse started; ON until 87247.30s, cooldown until 87251.30s"
87479.04,INFO,"Mister pulse started; ON until 87479.29s, cooldown until 87483.29s"
87719.01,INFO,"Mister pulse started; ON until 87719.26s, cooldown until 87723.26s"
87865.00,INFO,"Mister pulse started; ON until 87865.25s, cooldown until 87869.25s"
88043.02,INFO,"Mister pulse started; ON until 88043.27s, cooldown until 88047.27s"
88264.04,INFO,"Mister pulse started; ON until 88264.29s, cooldown until 88268.29s"
88436.00,INFO,"Mister pulse started; ON until 88436.25s, cooldown until 88440.25s"
88610.03,INFO,"Mister pulse started; ON until 88610.28s, cooldown until 88614.28s"
88736.03,INFO,"Mister pulse started; ON until 88736.28s, cooldown until 88740.28s"
88881.00,INFO,"Mister pulse started; ON until 88881.25s, cooldown until 88885.25s"
89043.02,INFO,"Mister pulse started; ON until 89043.27s, cooldown until 89047.27s"
89153.04,INFO,"Mister pulse started; ON until 89153.29s, cooldown until 89157.29s"
89329.05,INFO,"Mister pulse started; ON until 89329.30s, cooldown until 89333.30s"
89421.04,INFO,"Mister pulse started; ON until 89421.29s, cooldown until 89425.29s"
89568.05,INFO,"Mister pulse started; ON until 89568.30s, cooldown until 89572.30s"
89741.01,INFO,"Mister pulse started; ON until 89741.26s, cooldown until 89745.26s"
89884.01,INFO,"Mister pulse started; ON until 89884.26s, cooldown until 89888.26s"
90030.02,INFO,"Mister pulse started; ON until 90030.27s, cooldown until 90034.27s"
90200.03,INFO,"Mister pulse started; ON until 90200.28s, cooldown until 90204.28s"
90317.00,INFO,"Mister pulse started; ON until 90317.25s, cooldown until 90321.25s"
90414.03,INFO,"Mister pulse started; ON until 90414.28s, cooldown until 90418.28s"
90534.01,INFO,"Mister pulse started; ON until 90534.26s, cooldown until 90538.26s"
90661.02,INFO,"Mister pulse started; ON until 90661.27s, cooldown until 90665.27s"
90781.01,INFO,"Mister pulse started; ON until 90781.26s, cooldown until 90785.26s"
90919.01,INFO,"Mister pulse started; ON until 90919.26s, cooldown until 90923.26s"
90998.05,INFO,"Mister pulse started; ON until 90998.30s, cooldown until 91002.30s"
91154.01,INFO,"Mister pulse started; ON until 91154.26s, cooldown until 91158.26s"
91279.00,INFO,"Mister pulse started; ON until 91279.25s, cooldown until 91283.25s"
91398.05,INFO,"Mister pulse started; ON until 91398.30s, cooldown until 91402.30s"
91490.05,INFO,"Mister pulse started; ON until 91490.30s, cooldown until 91494.30s"
91625.05,INFO,"Mister pulse started; ON until 91625.30s, cooldown until 91629.30s"
91763.04,INFO,"Mister pulse started; ON until 91763.29s, cooldown until 91767.29s"
91858.03,INFO,"Mister pulse started; ON until 91858.28s, cooldown until 91862.28s"
91950.02,INFO,"Mister pulse started; ON until 91950.27s, cooldown until 91954.27s"
92084.05,INFO,"Mister pulse started; ON until 92084.30s, cooldown until 92088.30s"
92212.03,INFO,"Mister pulse started; ON until 92212.28s, cooldown until 92216.28s"
92347.01,INFO,"Mister pulse started; ON until 92347.26s, cooldown until 92351.26s"
92419.02,INFO,"Mister pulse started; ON until 92419.27s, cooldown until 92423.27s"
92492.00,INFO,"Mister pulse started; ON until 92492.25s, cooldown until 92496.25s"
92575.01,INFO,"Mister pulse started; ON until 92575.26s, cooldown until 92579.26s"
92695.05,INFO,"Mister pulse started; ON until 92695.30s, cooldown until 92699.30s"
92816.05,INFO,"Mister pulse started; ON until 92816.30s, cooldown until 92820.30s"
92949.04,INFO,"Mister pulse started; ON until 92949.29s, cooldown until 92953.29s"
93069.04,INFO,"Mister pulse started; ON until 93069.29s, cooldown until 93073.29s"
93193.01,INFO,"Mister pulse started; ON until 93193.26s, cooldown until 93197.26s"
93311.04,INFO,"Mister pulse started; ON until 93311.29s, cooldown until 93315.29s"
93407.03,INFO,"Mister pulse started; ON until 93407.28s, cooldown until 93411.28s"
93526.04,INFO,"Mister pulse started; ON until 93526.29s, cooldown until 93530.29s"
93643.02,INFO,"Mister pulse started; ON until 93643.27s, cooldown until 93647.27s"
93744.00,INFO,"Mister pulse started; ON until 93744.25s, cooldown until 93748.25s"
93824.03,INFO,"Mister pulse started; ON until 93824.28s, cooldown until 93828.28s"
93910.04,INFO,"Mister pulse started; ON until 93910.29s, cooldown until 93914.29s"
93977.00,INFO,"Mister pulse started; ON until 93977.25s, cooldown until 93981.25s"
94088.01,INFO,"Mister pulse started; ON until 94088.26s, cooldown until 94092.26s"
94198.03,INFO,"Mister pulse started; ON until 94198.28s, cooldown until 94202.28s"
94293.03,INFO,"Mister pulse started; ON until 94293.28s, cooldown until 94297.28s"
94388.03,INFO,"Mister pulse started; ON until 94388.28s, cooldown until 94392.28s"
94485.04,INFO,"Mister pulse started; ON until 94485.29s, cooldown until 94489.29s"
94597.01,INFO,"Mister pulse started; ON until 94597.26s, cooldown until 94601.26s"
94716.01,INFO,"Mister pulse started; ON until 94716.26s, cooldown until 94720.26s"
94837.03,INFO,"Mister pulse started; ON until 94837.28s, cooldown until 94841.28s"
94900.02,INFO,"Mister pulse started; ON until 94900.27s, cooldown until 94904.27s"
94965.02,INFO,"Mister pulse started; ON until 94965.27s, cooldown until 94969.27s"
95044.01,INFO,"Mister pulse started; ON until 95044.26s, cooldown until 95048.26s"
95123.03,INFO,"Mister pulse started; ON until 95123.28s, cooldown until 95127.28s"
95183.02,INFO,"Mister pulse started; ON until 95183.27s, cooldown until 95187.27s"
95290.00,INFO,"Mister pulse started; ON until 95290.25s, cooldown until 95294.25s"
95367.02,INFO,"Mister pulse started; ON until 95367.27s, cooldown until 95371.27s"
95481.04,INFO,"Mister pulse started; ON until 95481.29s, cooldown until 95485.29s"
95548.01,INFO,"Mister pulse started; ON until 95548.26s, cooldown until 95552.26s"
95653.03,INFO,"Mister pulse started; ON until 95653.28s, cooldown until 95657.28s"
95778.02,INFO,"Mister pulse started; ON until 95778.27s, cooldown until 95782.27s"
95884.00,INFO,"Mister pulse started; ON until 95884.25s, cooldown until 95888.25s"
95945.03,INFO,"Mister pulse started; ON until 95945.28s, cooldown until 95949.28s"
96055.01,INFO,"Mister pulse started; ON until 96055.26s, cooldown until 96059.26s"
96165.02,INFO,"Mister pulse started; ON until 96165.27s, cooldown until 96169.27s"
96263.02,INFO,"Mister pulse started; ON until 96263.27s, cooldown until 96267.27s"
96384.03,INFO,"Mister pulse started; ON until 96384.28s, cooldown until 96388.28s"
96448.00,INFO,"Mister pulse started; ON until 96448.25s, cooldown until 96452.25s"
96525.04,INFO,"Mister pulse started; ON until 96525.29s, cooldown until 96529.29s"
96643.04,INFO,"Mister pulse started; ON until 96643.29s, cooldown until 96647.29s"
96754.04,INFO,"Mister pulse started; ON until 96754.29s, cooldown until 96758.29s"
96861.00,INFO,"Mister pulse started; ON until 96861.25s, cooldown until 96865.25s"
96942.00,INFO,"Mister pulse started; ON until 96942.25s, cooldown until 96946.25s"
97040.03,INFO,"Mister pulse started; ON until 97040.28s, cooldown until 97044.28s"
97145.04,INFO,"Mister pulse started; ON until 97145.29s, cooldown until 97149.29s"
97265.01,INFO,"Mister pulse started; ON until 97265.26s, cooldown until 97269.26s"
97329.03,INFO,"Mister pulse started; ON until 97329.28s, cooldown until 97333.28s"
97391.03,INFO,"Mister pulse started; ON until 97391.28s, cooldown until 97395.28s"
97509.02,INFO,"Mister pulse started; ON until 97509.27s, cooldown until 97513.27s"
97631.04,INFO,"Mister pulse started; ON until 97631.29s, cooldown until 97635.29s"
97691.01,INFO,"Mister pulse started; ON until 97691.26s, cooldown until 97695.26s"
97756.02,INFO,"Mister pulse started; ON until 97756.27s, cooldown until 97760.27s"
97837.00,INFO,"Mister pulse started; ON until 97837.25s, cooldown until 97841.25s"
97927.04,INFO,"Mister pulse started; ON until 97927.29s, cooldown until 97931.29s"
98033.02,INFO,"Mister pulse started; ON until 98033.27s, cooldown until 98037.27s"
98100.01,INFO,"Mister pulse started; ON until 98100.26s, cooldown until 98104.26s"
98203.03,INFO,"Mister pulse started; ON until 98203.28s, cooldown until 98207.28s"
98329.01,INFO,"Mister pulse started; ON until 98329.26s, cooldown until 98333.26s"
98446.01,INFO,"Mister pulse started; ON until 98446.26s, cooldown until 98450.26s"
98560.02,INFO,"Mister pulse started; ON until 98560.27s, cooldown until 98564.27s"
98621.04,INFO,"Mister pulse started; ON until 98621.29s, cooldown until 98625.29s"
98733.03,INFO,"Mister pulse started; ON until 98733.28s, cooldown until 98737.28s"
98851.01,INFO,"Mister pulse started; ON until 98851.26s, cooldown until 98855.26s"
98980.02,INFO,"Mister pulse started; ON until 98980.27s, cooldown until 98984.27s"
99051.00,INFO,"Mister pulse started; ON until 99051.25s, cooldown until 99055.25s"
99119.02,INFO,"Mister pulse started; ON until 99119.27s, cooldown until 99123.27s"
99239.02,INFO,"Mister pulse started; ON until 99239.27s, cooldown until 99243.27s"
99367.03,INFO,"Mister pulse started; ON until 99367.28s, cooldown until 99371.28s"
99470.01,INFO,"Mister pulse started; ON until 99470.26s, cooldown until 99474.26s"
99575.02,INFO,"Mister pulse started; ON until 99575.27s, cooldown until 99579.27s"
99696.05,INFO,"Mister pulse started; ON until 99696.30s, cooldown until 99700.30s"
99826.04,INFO,"Mister pulse started; ON until 99826.29s, cooldown until 99830.29s"
99923.01,INFO,"Mister pulse started; ON until 99923.26s, cooldown until 99927.26s"
100037.04,INFO,"Mister pulse started; ON until 100037.29s, cooldown until 100041.29s"
100170.04,INFO,"Mister pulse started; ON until 100170.29s, cooldown until 100174.29s"
100291.05,INFO,"Mister pulse started; ON until 100291.30s, cooldown until 100295.30s"
100421.00,INFO,"Mister pulse started; ON until 100421.25s, cooldown until 100425.25s"
100532.00,INFO,"Mister pulse started; ON until 100532.25s, cooldown until 100536.25s"
100635.00,INFO,"Mister pulse started; ON until 100635.25s, cooldown until 100639.25s"
100734.02,INFO,"Mister pulse started; ON until 100734.27s, cooldown until 100738.27s"
100874.05,INFO,"Mister pulse started; ON until 100874.30s, cooldown until 100878.30s"
100976.01,INFO,"Mister pulse started; ON until 100976.26s, cooldown until 100980.26s"
101077.04,INFO,"Mister pulse started; ON until 101077.29s, cooldown until 101081.29s"
101148.02,INFO,"Mister pulse started; ON until 101148.27s, cooldown until 101152.27s"
101218.05,INFO,"Mister pulse started; ON until 101218.30s, cooldown until 101222.30s"
101339.04,INFO,"Mister pulse started; ON until 101339.29s, cooldown until 101343.29s"
101429.03,INFO,"Mister pulse started; ON until 101429.28s, cooldown until 101433.28s"
101534.04,INFO,"Mister pulse started; ON until 101534.29s, cooldown until 101538.29s"
101657.01,INFO,"Mister pulse started; ON until 101657.26s, cooldown until 101661.26s"
101753.03,INFO,"Mister pulse started; ON until 101753.28s, cooldown until 101757.28s"
101842.00,INFO,"Mister pulse started; ON until 101842.25s, cooldown until 101846.25s"
101969.01,INFO,"Mister pulse started; ON until 101969.26s, cooldown until 101973.26s"
102084.01,INFO,"Mister pulse started; ON until 102084.26s, cooldown until 102088.26s"
102180.01,INFO,"Mister pulse started; ON until 102180.26s, cooldown until 102184.26s"
102274.02,INFO,"Mister pulse started; ON until 102274.27s, cooldown until 102278.27s"
102350.01,INFO,"Mister pulse started; ON until 102350.26s, cooldown until 102354.26s"
102467.05,INFO,"Mister pulse started; ON until 102467.30s, cooldown until 102471.30s"
102556.02,INFO,"Mister pulse started; ON until 102556.27s, cooldown until 102560.27s"
102668.01,INFO,"Mister pulse started; ON until 102668.26s, cooldown until 102672.26s"
102725.00,INFO,"Mister pulse started; ON until 102725.25s, cooldown until 102729.25s"
102796.03,INFO,"Mister pulse started; ON until 102796.28s, cooldown until 102800.28s"
102857.00,INFO,"Mister pulse started; ON until 102857.25s, cooldown until 102861.25s"
102960.04,INFO,"Mister pulse started; ON until 102960.29s, cooldown until 102964.29s"
103053.03,INFO,"Mister pulse started; ON until 103053.28s, cooldown until 103057.28s"
103138.02,INFO,"Mister pulse started; ON until 103138.27s, cooldown until 103142.27s"
103203.01,INFO,"Mister pulse started; ON until 103203.26s, cooldown until 103207.26s"
103283.03,INFO,"Mister pulse started; ON until 103283.28s, cooldown until 103287.28s"
103368.01,INFO,"Mister pulse started; ON until 103368.26s, cooldown until 103372.26s"
103436.04,INFO,"Mister pulse started; ON until 103436.29s, cooldown until 103440.29s"
103519.00,INFO,"Mister pulse started; ON until 103519.25s, cooldown until 103523.25s"
103587.00,INFO,"Mister pulse started; ON until 103587.25s, cooldown until 103591.25s"
103688.04,INFO,"Mister pulse started; ON until 103688.29s, cooldown until 103692.29s"
103762.02,INFO,"Mister pulse started; ON until 103762.27s, cooldown until 103766.27s"
103856.03,INFO,"Mister pulse started; ON until 103856.28s, cooldown until 103860.28s"
103946.01,INFO,"Mister pulse started; ON until 103946.26s, cooldown until 103950.26s"
103996.04,INFO,"Mister pulse started; ON until 103996.29s, cooldown until 104000.29s"
104057.03,INFO,"Mister pulse started; ON until 104057.28s, cooldown until 104061.28s"
104119.03,INFO,"Mister pulse started; ON until 104119.28s, cooldown until 104123.28s"
104172.01,INFO,"Mister pulse started; ON until 104172.26s, cooldown until 104176.26s"
104264.00,INFO,"Mister pulse started; ON until 104264.25s, cooldown until 104268.25s"
104334.01,INFO,"Mister pulse started; ON until 104334.26s, cooldown until 104338.26s"
104395.04,INFO,"Mister pulse started; ON until 104395.29s, cooldown until 104399.29s"
104483.05,INFO,"Mister pulse started; ON until 104483.30s, cooldown until 104487.30s"
104573.04,INFO,"Mister pulse started; ON until 104573.29s, cooldown until 104577.29s"
104635.00,INFO,"Mister pulse started; ON until 104635.25s, cooldown until 104639.25s"
104692.04,INFO,"Mister pulse started; ON until 104692.29s, cooldown until 104696.29s"
104749.03,INFO,"Mister pulse started; ON until 104749.28s, cooldown until 104753.28s"
104814.02,INFO,"Mister pulse started; ON until 104814.27s, cooldown until 104818.27s"
104893.01,INFO,"Mister pulse started; ON until 104893.26s, cooldown until 104897.26s"
104967.04,INFO,"Mister pulse started; ON until 104967.29s, cooldown until 104971.29s"
105053.03,INFO,"Mister pulse started; ON until 105053.28s, cooldown until 105057.28s"
105129.02,INFO,"Mister pulse started; ON until 105129.27s, cooldown until 105133.27s"
105184.01,INFO,"Mister pulse started; ON until 105184.26s, cooldown until 105188.26s"
105237.03,INFO,"Mister pulse started; ON until 105237.28s, cooldown until 105241.28s"
105323.04,INFO,"Mister pulse started; ON until 105323.29s, cooldown until 105327.29s"
105392.00,INFO,"Mister pulse started; ON until 105392.25s, cooldown until 105396.25s"
105457.04,INFO,"Mister pulse started; ON until 105457.29s, cooldown until 105461.29s"
105521.05,INFO,"Mister pulse started; ON until 105521.30s, cooldown until 105525.30s"
105584.04,INFO,"Mister pulse started; ON until 105584.29s, cooldown until 105588.29s"
105647.03,INFO,"Mister pulse started; ON until 105647.28s, cooldown until 105651.28s"
105708.05,INFO,"Mister pulse started; ON until 105708.30s, cooldown until 105712.30s"
105749.03,INFO,"Mister pulse started; ON until 105749.28s, cooldown until 105753.28s"
105802.00,INFO,"Mister pulse started; ON until 105802.25s, cooldown until 105806.25s"
105839.01,INFO,"Mister pulse started; ON until 105839.26s, cooldown until 105843.26s"
105909.01,INFO,"Mister pulse started; ON until 105909.26s, cooldown until 105913.26s"
105974.02,INFO,"Mister pulse started; ON until 105974.27s, cooldown until 105978.27s"
106040.01,INFO,"Mister pulse started; ON until 106040.26s, cooldown until 106044.26s"
106084.04,INFO,"Mister pulse started; ON until 106084.29s, cooldown until 106088.29s"
106140.01,INFO,"Mister pulse started; ON until 106140.26s, cooldown until 106144.26s"
106206.05,INFO,"Mister pulse started; ON until 106206.30s, cooldown until 106210.30s"
106281.02,INFO,"Mister pulse started; ON until 106281.27s, cooldown until 106285.27s"
106338.02,INFO,"Mister pulse started; ON until 106338.27s, cooldown until 106342.27s"
106405.03,INFO,"Mister pulse started; ON until 106405.28s, cooldown until 106409.28s"
106446.02,INFO,"Mister pulse started; ON until 106446.27s, cooldown until 106450.27s"
106493.00,INFO,"Mister pulse started; ON until 106493.25s, cooldown until 106497.25s"
106538.02,INFO,"Mister pulse started; ON until 106538.27s, cooldown until 106542.27s"
106611.02,INFO,"Mister pulse started; ON until 106611.27s, cooldown until 106615.27s"
106647.02,INFO,"Mister pulse started; ON until 106647.27s, cooldown until 106651.27s"
106707.00,INFO,"Mister pulse started; ON until 106707.25s, cooldown until 106711.25s"
106756.01,INFO,"Mister pulse started; ON until 106756.26s, cooldown until 106760.26s"
106809.03,INFO,"Mister pulse started; ON until 106809.28s, cooldown until 106813.28s"
106846.05,INFO,"Mister pulse started; ON until 106846.30s, cooldown until 106850.30s"
106906.04,INFO,"Mister pulse started; ON until 106906.29s, cooldown until 106910.29s"
106952.04,INFO,"Mister pulse started; ON until 106952.29s, cooldown until 106956.29s"
106991.02,INFO,"Mister pulse started; ON until 106991.27s, cooldown until 106995.27s"
107028.04,INFO,"Mister pulse started; ON until 107028.29s, cooldown until 107032.29s"
107088.03,INFO,"Mister pulse started; ON until 107088.28s, cooldown until 107092.28s"
107133.04,INFO,"Mister pulse started; ON until 107133.29s, cooldown until 107137.29s"
107201.04,INFO,"Mister pulse started; ON until 107201.29s, cooldown until 107205.29s"
107252.00,INFO,"Mister pulse started; ON until 107252.25s, cooldown until 107256.25s"
107290.05,INFO,"Mister pulse started; ON until 107290.30s, cooldown until 107294.30s"
107350.04,INFO,"Mister pulse started; ON until 107350.29s, cooldown until 107354.29s"
107394.03,INFO,"Mister pulse started; ON until 107394.28s, cooldown until 107398.28s"
107460.00,INFO,"Mister pulse started; ON until 107460.25s, cooldown until 107464.25s"
107506.01,INFO,"Mister pulse started; ON until 107506.26s, cooldown until 107510.26s"
107541.02,INFO,"Mister pulse started; ON until 107541.27s, cooldown until 107545.27s"
107598.01,INFO,"Mister pulse started; ON until 107598.26s, cooldown until 107602.26s"
107659.04,INFO,"Mister pulse started; ON until 107659.29s, cooldown until 107663.29s"
107702.01,INFO,"Mister pulse started; ON until 107702.26s, cooldown until 107706.26s"
107773.00,INFO,"Mister pulse started; ON until 107773.25s, cooldown until 107777.25s"
107842.03,INFO,"Mister pulse started; ON until 107842.28s, cooldown until 107846.28s"
107890.04,INFO,"Mister pulse started; ON until 107890.29s, cooldown until 107894.29s"
107942.02,INFO,"Mister pulse started; ON until 107942.27s, cooldown until 107946.27s"
107975.05,INFO,"Mister pulse started; ON until 107975.30s, cooldown until 107979.30s"
108011.04,INFO,"Mister pulse started; ON until 108011.29s, cooldown until 108015.29s"
108076.04,INFO,"Mister pulse started; ON until 108076.29s, cooldown until 108080.29s"
108142.03,INFO,"Mister pulse started; ON until 108142.28s, cooldown until 108146.28s"
108186.01,INFO,"Mister pulse started; ON until 108186.26s, cooldown until 108190.26s"
108254.01,INFO,"Mister pulse started; ON until 108254.26s, cooldown until 108258.26s"
108309.04,INFO,"Mister pulse started; ON until 108309.29s, cooldown until 108313.29s"
108356.03,INFO,"Mister pulse started; ON until 108356.28s, cooldown until 108360.28s"
108394.03,INFO,"Mister pulse started; ON until 108394.28s, cooldown until 108398.28s"
108427.02,INFO,"Mister pulse started; ON until 108427.27s, cooldown until 108431.27s"
108472.04,INFO,"Mister pulse started; ON until 108472.29s, cooldown until 108476.29s"
108538.01,INFO,"Mister pulse started; ON until 108538.26s, cooldown until 108542.26s"
108578.02,INFO,"Mister pulse started; ON until 108578.27s, cooldown until 108582.27s"
108622.01,INFO,"Mister pulse started; ON until 108622.26s, cooldown until 108626.26s"
108685.03,INFO,"Mister pulse started; ON until 108685.28s, cooldown until 108689.28s"
108744.05,INFO,"Mister pulse started; ON until 108744.30s, cooldown until 108748.30s"
108778.03,INFO,"Mister pulse started; ON until 108778.28s, cooldown until 108782.28s"
108826.04,INFO,"Mister pulse started; ON until 108826.29s, cooldown until 108830.29s"
108873.03,INFO,"Mister pulse started; ON until 108873.28s, cooldown until 108877.28s"
108919.02,INFO,"Mister pulse started; ON until 108919.27s, cooldown until 108923.27s"
108961.04,INFO,"Mister pulse started; ON until 108961.29s, cooldown until 108965.29s"
109004.01,INFO,"Mister pulse started; ON until 109004.26s, cooldown until 109008.26s"
109036.02,INFO,"Mister pulse started; ON until 109036.27s, cooldown until 109040.27s"
109066.01,INFO,"Mister pulse started; ON until 109066.26s, cooldown until 109070.26s"
109129.00,INFO,"Mister pulse started; ON until 109129.25s, cooldown until 109133.25s"
109187.03,INFO,"Mister pulse started; ON until 109187.28s, cooldown until 109191.28s"
109220.02,INFO,"Mister pulse started; ON until 109220.27s, cooldown until 109224.27s"
109259.04,INFO,"Mister pulse started; ON until 109259.29s, cooldown until 109263.29s"
109285.02,INFO,"Mister pulse started; ON until 109285.27s, cooldown until 109289.27s"
109333.03,INFO,"Mister pulse started; ON until 109333.28s, cooldown until 109337.28s"
109378.05,INFO,"Mister pulse started; ON until 109378.30s, cooldown until 109382.30s"
109408.05,INFO,"Mister pulse started; ON until 109408.30s, cooldown until 109412.30s"
109467.01,INFO,"Mister pulse started; ON until 109467.26s, cooldown until 109471.26s"
109511.01,INFO,"Mister pulse started; ON until 109511.26s, cooldown until 109515.26s"
109539.01,INFO,"Mister pulse started; ON until 109539.26s, cooldown until 109543.26s"
109589.04,INFO,"Mister pulse started; ON until 109589.29s, cooldown until 109593.29s"
109647.01,INFO,"Mister pulse started; ON until 109647.26s, cooldown until 109651.26s"
109685.01,INFO,"Mister pulse started; ON until 109685.26s, cooldown until 109689.26s"
109742.02,INFO,"Mister pulse started; ON until 109742.27s, cooldown until 109746.27s"
109771.03,INFO,"Mister pulse started; ON until 109771.28s, cooldown until 109775.28s"
109824.04,INFO,"Mister pulse started; ON until 109824.29s, cooldown until 109828.29s"
109861.02,INFO,"Mister pulse started; ON until 109861.27s, cooldown until 109865.27s"
109888.02,INFO,"Mister pulse started; ON until 109888.27s, cooldown until 109892.27s"
109933.04,INFO,"Mister pulse started; ON until 109933.29s, cooldown until 109937.29s"
109961.01,INFO,"Mister pulse started; ON until 109961.26s, cooldown until 109965.26s"
110008.04,INFO,"Mister pulse started; ON until 110008.29s, cooldown until 110012.29s"
110055.03,INFO,"Mister pulse started; ON until 110055.28s, cooldown until 110059.28s"
110100.04,INFO,"Mister pulse started; ON until 110100.29s, cooldown until 110104.29s"
110128.03,INFO,"Mister pulse started; ON until 110128.28s, cooldown until 110132.28s"
110180.01,INFO,"Mister pulse started; ON until 110180.26s, cooldown until 110184.26s"
110216.04,INFO,"Mister pulse started; ON until 110216.29s, cooldown until 110220.29s"
110267.02,INFO,"Mister pulse started; ON until 110267.27s, cooldown until 110271.27s"
110302.03,INFO,"Mister pulse started; ON until 110302.28s, cooldown until 110306.28s"
110354.00,INFO,"Mister pulse started; ON until 110354.25s, cooldown until 110358.25s"
110391.02,INFO,"Mister pulse started; ON until 110391.27s, cooldown until 110395.27s"
110446.00,INFO,"Mister pulse started; ON until 110446.25s, cooldown until 110450.25s"
110502.02,INFO,"Mister pulse started; ON until 110502.27s, cooldown until 110506.27s"
110559.01,INFO,"Mister pulse started; ON until 110559.26s, cooldown until 110563.26s"
110586.01,INFO,"Mister pulse started; ON until 110586.26s, cooldown until 110590.26s"
110628.03,INFO,"Mister pulse started; ON until 110628.28s, cooldown until 110632.28s"
110678.00,INFO,"Mister pulse started; ON until 110678.25s, cooldown until 110682.25s"
110708.01,INFO,"Mister pulse started; ON until 110708.26s, cooldown until 110712.26s"
110763.04,INFO,"Mister pulse started; ON until 110763.29s, cooldown until 110767.29s"
110816.02,INFO,"Mister pulse started; ON until 110816.27s, cooldown until 110820.27s"
110862.02,INFO,"Mister pulse started; ON until 110862.27s, cooldown until 110866.27s"
110896.04,INFO,"Mister pulse started; ON until 110896.29s, cooldown until 110900.29s"
110937.04,INFO,"Mister pulse started; ON until 110937.29s, cooldown until 110941.29s"
110985.00,INFO,"Mister pulse started; ON until 110985.25s, cooldown until 110989.25s"
111044.01,INFO,"Mister pulse started; ON until 111044.26s, cooldown until 111048.26s"
111081.03,INFO,"Mister pulse started; ON until 111081.28s, cooldown until 111085.28s"
111135.03,INFO,"Mister pulse started; ON until 111135.28s, cooldown until 111139.28s"
111184.03,INFO,"Mister pulse started; ON until 111184.28s, cooldown until 111188.28s"
111240.04,INFO,"Mister pulse started; ON until 111240.29s, cooldown until 111244.29s"
111303.05,INFO,"Mister pulse started; ON until 111303.30s, cooldown until 111307.30s"
111361.02,INFO,"Mister pulse started; ON until 111361.27s, cooldown until 111365.27s"
111400.04,INFO,"Mister pulse started; ON until 111400.29s, cooldown until 111404.29s"
111432.00,INFO,"Mister pulse started; ON until 111432.25s, cooldown until 111436.25s"
111473.00,INFO,"Mister pulse started; ON until 111473.25s, cooldown until 111477.25s"
111523.03,INFO,"Mister pulse started; ON until 111523.28s, cooldown until 111527.28s"
111580.04,INFO,"Mister pulse started; ON until 111580.29s, cooldown until 111584.29s"
111642.03,INFO,"Mister pulse started; ON until 111642.28s, cooldown until 111646.28s"
111694.02,INFO,"Mister pulse started; ON until 111694.27s, cooldown until 111698.27s"
111737.02,INFO,"Mister pulse started; ON until 111737.27s, cooldown until 111741.27s"
111793.03,INFO,"Mister pulse started; ON until 111793.28s, cooldown until 111797.28s"
111847.04,INFO,"Mister pulse started; ON until 111847.29s, cooldown until 111851.29s"
111892.01,INFO,"Mister pulse started; ON until 111892.26s, cooldown until 111896.26s"
111932.03,INFO,"Mister pulse started; ON until 111932.28s, cooldown until 111936.28s"
111971.05,INFO,"Mister pulse started; ON until 111971.30s, cooldown until 111975.30s"
112002.02,INFO,"Mister pulse started; ON until 112002.27s, cooldown until 112006.27s"
112035.01,INFO,"Mister pulse started; ON until 112035.26s, cooldown until 112039.26s"
112071.00,INFO,"Mister pulse started; ON until 112071.25s, cooldown until 112075.25s"
112127.02,INFO,"Mister pulse started; ON until 112127.27s, cooldown until 112131.27s"
112136.00,WARN,Slow log write/fsync: 1.03s
112184.05,INFO,"Mister pulse started; ON until 112184.30s, cooldown until 112188.30s"
112222.04,INFO,"Mister pulse started; ON until 112222.29s, cooldown until 112226.29s"
112251.01,INFO,"Mister pulse started; ON until 112251.26s, cooldown until 112255.26s"
112308.02,INFO,"Mister pulse started; ON until 112308.27s, cooldown until 112312.27s"
112334.04,INFO,"Mister pulse started; ON until 112334.29s, cooldown until 112338.29s"
112370.04,INFO,"Mister pulse started; ON until 112370.29s, cooldown until 112374.29s"
112425.03,INFO,"Mister pulse started; ON until 112425.28s, cooldown until 112429.28s"
112483.02,INFO,"Mister pulse started; ON until 112483.27s, cooldown until 112487.27s"
112521.02,INFO,"Mister pulse started; ON until 112521.27s, cooldown until 112525.27s"
112547.03,INFO,"Mister pulse started; ON until 112547.28s, cooldown until 112551.28s"
112582.05,INFO,"Mister pulse started; ON until 112582.30s, cooldown until 112586.30s"
112632.03,INFO,"Mister pulse started; ON until 112632.28s, cooldown until 112636.28s"
112660.01,INFO,"Mister pulse started; ON until 112660.26s, cooldown until 112664.26s"
112708.03,INFO,"Mister pulse started; ON until 112708.28s, cooldown until 112712.28s"
112756.03,INFO,"Mister pulse started; ON until 112756.28s, cooldown until 112760.28s"
112803.02,INFO,"Mister pulse started; ON until 112803.27s, cooldown until 112807.27s"
112850.04,INFO,"Mister pulse started; ON until 112850.29s, cooldown until 112854.29s"
112894.03,INFO,"Mister pulse started; ON until 112894.28s, cooldown until 112898.28s"
112924.02,INFO,"Mister pulse started; ON until 112924.27s, cooldown until 112928.27s"
112980.04,INFO,"Mister pulse started; ON until 112980.29s, cooldown until 112984.29s"
113035.03,INFO,"Mister pulse started; ON until 113035.28s, cooldown until 113039.28s"
113087.01,INFO,"Mister pulse started; ON until 113087.26s, cooldown until 113091.26s"
113131.04,INFO,"Mister pulse started; ON until 113131.29s, cooldown until 113135.29s"
113185.04,INFO,"Mister pulse started; ON until 113185.29s, cooldown until 113189.29s"
113232.01,INFO,"Mister pulse started; ON until 113232.26s, cooldown until 113236.26s"
113279.04,INFO,"Mister pulse started; ON until 113279.29s, cooldown until 113283.29s"
113319.04,INFO,"Mister pulse started; ON until 113319.29s, cooldown until 113323.29s"
113359.05,INFO,"Mister pulse started; ON until 113359.30s, cooldown until 113363.30s"
113400.04,INFO,"Mister pulse started; ON until 113400.29s, cooldown until 113404.29s"
113448.05,INFO,"Mister pulse started; ON until 113448.30s, cooldown until 113452.30s"
113494.01,INFO,"Mister pulse started; ON until 113494.26s, cooldown until 113498.26s"
113541.04,INFO,"Mister pulse started; ON until 113541.29s, cooldown until 113545.29s"
113579.05,INFO,"Mister pulse started; ON until 113579.30s, cooldown until 113583.30s"
113616.01,INFO,"Mister pulse started; ON until 113616.26s, cooldown until 113620.26s"
113644.00,INFO,"Mister pulse started; ON until 113644.25s, cooldown until 113648.25s"
113691.03,INFO,"Mister pulse started; ON until 113691.28s, cooldown until 113695.28s"
113731.04,INFO,"Mister pulse started; ON until 113731.29s, cooldown until 113735.29s"
113769.04,INFO,"Mister pulse started; ON until 113769.29s, cooldown until 113773.29s"
113803.01,INFO,"Mister pulse started; ON until 113803.26s, cooldown until 113807.26s"
113848.03,INFO,"Mister pulse started; ON until 113848.28s, cooldown until 113852.28s"
113883.04,INFO,"Mister pulse started; ON until 113883.29s, cooldown until 113887.29s"
113932.04,INFO,"Mister pulse started; ON until 113932.29s, cooldown until 113936.29s"
113983.01,INFO,"Mister pulse started; ON until 113983.26s, cooldown until 113987.26s"
114024.00,INFO,"Mister pulse started; ON until 114024.25s, cooldown until 114028.25s"
114068.04,INFO,"Mister pulse started; ON until 114068.29s, cooldown until 114072.29s"
114094.01,INFO,"Mister pulse started; ON until 114094.26s, cooldown until 114098.26s"
114136.03,INFO,"Mister pulse started; ON until 114136.28s, cooldown until 114140.28s"
114184.05,INFO,"Mister pulse started; ON until 114184.30s, cooldown until 114188.30s"
114229.01,INFO,"Mister pulse started; ON until 114229.26s, cooldown until 114233.26s"
114265.04,INFO,"Mister pulse started; ON until 114265.29s, cooldown until 114269.29s"
114317.03,INFO,"Mister pulse started; ON until 114317.28s, cooldown until 114321.28s"
114360.04,INFO,"Mister pulse started; ON until 114360.29s, cooldown until 114364.29s"
114413.01,INFO,"Mister pulse started; ON until 114413.26s, cooldown until 114417.26s"
114459.01,INFO,"Mister pulse started; ON until 114459.26s, cooldown until 114463.26s"
114498.04,INFO,"Mister pulse started; ON until 114498.29s, cooldown until 114502.29s"
114530.05,INFO,"Mister pulse started; ON until 114530.30s, cooldown until 114534.30s"
114563.04,INFO,"Mister pulse started; ON until 114563.29s, cooldown until 114567.29s"
114602.02,INFO,"Mister pulse started; ON until 114602.27s, cooldown until 114606.27s"
114641.01,INFO,"Mister pulse started; ON until 114641.26s, cooldown until 114645.26s"
114682.01,INFO,"Mister pulse started; ON until 114682.26s, cooldown until 114686.26s"
114725.01,INFO,"Mister pulse started; ON until 114725.26s, cooldown until 114729.26s"
114752.02,INFO,"Mister pulse started; ON until 114752.27s, cooldown until 114756.27s"
114794.04,INFO,"Mister pulse started; ON until 114794.29s, cooldown until 114798.29s"
114840.03,INFO,"Mister pulse started; ON until 114840.28s, cooldown until 114844.28s"
114880.04,INFO,"Mister pulse started; ON until 114880.29s, cooldown until 114884.29s"
114919.02,INFO,"Mister pulse started; ON until 114919.27s, cooldown until 114923.27s"
114955.00,INFO,"Mister pulse started; ON until 114955.25s, cooldown until 114959.25s"
114980.04,INFO,"Mister pulse started; ON until 114980.29s, cooldown until 114984.29s"
115007.04,INFO,"Mister pulse started; ON until 115007.29s, cooldown until 115011.29s"
115049.01,INFO,"Mister pulse started; ON until 115049.26s, cooldown until 115053.26s"
115101.04,INFO,"Mister pulse started; ON until 115101.29s, cooldown until 115105.29s"
115134.03,INFO,"Mister pulse started; ON until 115134.28s, cooldown until 115138.28s"
115173.00,INFO,"Mister pulse started; ON until 115173.25s, cooldown until 115177.25s"
115212.03,INFO,"Mister pulse started; ON until 115212.28s, cooldown until 115216.28s"
115245.02,INFO,"Mister pulse started; ON until 115245.27s, cooldown until 115249.27s"
115285.05,INFO,"Mister pulse started; ON until 115285.30s, cooldown until 115289.30s"
115325.00,INFO,"Mister pulse started; ON until 115325.25s, cooldown until 115329.25s"
115369.04,INFO,"Mister pulse started; ON until 115369.29s, cooldown until 115373.29s"
115394.03,INFO,"Mister pulse started; ON until 115394.28s, cooldown until 115398.28s"
115426.04,INFO,"Mister pulse started; ON until 115426.29s, cooldown until 115430.29s"
115457.02,INFO,"Mister pulse started; ON until 115457.27s, cooldown until 115461.27s"
115492.02,INFO,"Mister pulse started; ON until 115492.27s, cooldown until 115496.27s"
115537.04,INFO,"Mister pulse started; ON until 115537.29s, cooldown until 115541.29s"
115573.02,INFO,"Mister pulse started; ON until 115573.27s, cooldown until 115577.27s"
115622.01,INFO,"Mister pulse started; ON until 115622.26s, cooldown until 115626.26s"
115647.04,INFO,"Mister pulse started; ON until 115647.29s, cooldown until 115651.29s"
115672.03,INFO,"Mister pulse started; ON until 115672.28s, cooldown until 115676.28s"
115703.01,INFO,"Mister pulse started; ON until 115703.26s, cooldown until 115707.26s"
115737.03,INFO,"Mister pulse started; ON until 115737.28s, cooldown until 115741.28s"
115777.04,INFO,"Mister pulse started; ON until 115777.29s, cooldown until 115781.29s"
115818.03,INFO,"Mister pulse started; ON until 115818.28s, cooldown until 115822.28s"
115860.00,INFO,"Mister pulse started; ON until 115860.25s, cooldown until 115864.25s"
115886.02,INFO,"Mister pulse started; ON until 115886.27s, cooldown until 115890.27s"
115919.01,INFO,"Mister pulse started; ON until 115919.26s, cooldown until 115923.26s"
115958.03,INFO,"Mister pulse started; ON until 115958.28s, cooldown until 115962.28s"
115989.01,INFO,"Mister pulse started; ON until 115989.26s, cooldown until 115993.26s"
116023.03,INFO,"Mister pulse started; ON until 116023.28s, cooldown until 116027.28s"
116060.04,INFO,"Mister pulse started; ON until 116060.29s, cooldown until 116064.29s"
116085.03,INFO,"Mister pulse started; ON until 116085.28s, cooldown until 116089.28s"
116116.01,INFO,"Mister pulse started; ON until 116116.26s, cooldown until 116120.26s"
116148.03,INFO,"Mister pulse started; ON until 116148.28s, cooldown until 116152.28s"
116178.01,INFO,"Mister pulse started; ON until 116178.26s, cooldown until 116182.26s"
116208.01,INFO,"Mister pulse started; ON until 116208.26s, cooldown until 116212.26s"
116258.04,INFO,"Mister pulse started; ON until 116258.29s, cooldown until 116262.29s"
116282.04,INFO,"Mister pulse started; ON until 116282.29s, cooldown until 116286.29s"
116305.02,INFO,"Mister pulse started; ON until 116305.27s, cooldown until 116309.27s"
116332.02,INFO,"Mister pulse started; ON until 116332.27s, cooldown until 116336.27s"
116370.05,INFO,"Mister pulse started; ON until 116370.30s, cooldown until 116374.30s"
116404.02,INFO,"Mister pulse started; ON until 116404.27s, cooldown until 116408.27s"
116446.05,INFO,"Mister pulse started; ON until 116446.30s, cooldown until 116450.30s"
116497.02,INFO,"Mister pulse started; ON until 116497.27s, cooldown until 116501.27s"
116536.00,INFO,"Mister pulse started; ON until 116536.25s, cooldown until 116540.25s"
116574.05,INFO,"Mister pulse started; ON until 116574.30s, cooldown until 116578.30s"
116602.04,INFO,"Mister pulse started; ON until 116602.29s, cooldown until 116606.29s"
116647.01,INFO,"Mister pulse started; ON until 116647.26s, cooldown until 116651.26s"
116686.03,INFO,"Mister pulse started; ON until 116686.28s, cooldown until 116690.28s"
116719.01,INFO,"Mister pulse started; ON until 116719.26s, cooldown until 116723.26s"
116756.03,INFO,"Mister pulse started; ON until 116756.28s, cooldown until 116760.28s"
116784.02,INFO,"Mister pulse started; ON until 116784.27s, cooldown until 116788.27s"
116829.03,INFO,"Mister pulse started; ON until 116829.28s, cooldown until 116833.28s"
116862.02,INFO,"Mister pulse started; ON until 116862.27s, cooldown until 116866.27s"
116903.01,INFO,"Mister pulse started; ON until 116903.26s, cooldown until 116907.26s"
116947.01,INFO,"Mister pulse started; ON until 116947.26s, cooldown until 116951.26s"
116980.01,INFO,"Mister pulse started; ON until 116980.26s, cooldown until 116984.26s"
117015.01,INFO,"Mister pulse started; ON until 117015.26s, cooldown until 117019.26s"
117066.01,INFO,"Mister pulse started; ON until 117066.26s, cooldown until 117070.26s"
117102.01,INFO,"Mister pulse started; ON until 117102.26s, cooldown until 117106.26s"
117153.01,INFO,"Mister pulse started; ON until 117153.26s, cooldown until 117157.26s"
117187.05,INFO,"Mister pulse started; ON until 117187.30s, cooldown until 117191.30s"
117222.05,INFO,"Mister pulse started; ON until 117222.30s, cooldown until 117226.30s"
117272.02,INFO,"Mister pulse started; ON until 117272.27s, cooldown until 117276.27s"
117307.02,INFO,"Mister pulse started; ON until 117307.27s, cooldown until 117311.27s"
117352.03,INFO,"Mister pulse started; ON until 117352.28s, cooldown until 117356.28s"
117384.04,INFO,"Mister pulse started; ON until 117384.29s, cooldown until 117388.29s"
117416.05,INFO,"Mister pulse started; ON until 117416.30s, cooldown until 117420.30s"
117449.02,INFO,"Mister pulse started; ON until 117449.27s, cooldown until 117453.27s"
117486.05,INFO,"Mister pulse started; ON until 117486.30s, cooldown until 117490.30s"
117512.02,INFO,"Mister pulse started; ON until 117512.27s, cooldown until 117516.27s"
117553.02,INFO,"Mister pulse started; ON until 117553.27s, cooldown until 117557.27s"
117599.01,INFO,"Mister pulse started; ON until 117599.26s, cooldown until 117603.26s"
117637.05,INFO,"Mister pulse started; ON until 117637.30s, cooldown until 117641.30s"
117660.02,INFO,"Mister pulse started; ON until 117660.27s, cooldown until 117664.27s"
117687.04,INFO,"Mister pulse started; ON until 117687.29s, cooldown until 117691.29s"
117722.04,INFO,"Mister pulse started; ON until 117722.29s, cooldown until 117726.29s"
117775.01,INFO,"Mister pulse started; ON until 117775.26s, cooldown until 117779.26s"
117819.00,INFO,"Mister pulse started; ON until 117819.25s, cooldown until 117823.25s"
117850.03,INFO,"Mister pulse started; ON until 117850.28s, cooldown until 117854.28s"
117879.05,INFO,"Mister pulse started; ON until 117879.30s, cooldown until 117883.30s"
117919.01,INFO,"Mister pulse started; ON until 117919.26s, cooldown until 117923.26s"
117969.03,INFO,"Mister pulse started; ON until 117969.28s, cooldown until 117973.28s"
117994.03,INFO,"Mister pulse started; ON until 117994.28s, cooldown until 117998.28s"
118027.02,INFO,"Mister pulse started; ON until 118027.27s, cooldown until 118031.27s"
118066.01,INFO,"Mister pulse started; ON until 118066.26s, cooldown until 118070.26s"
118103.03,INFO,"Mister pulse started; ON until 118103.28s, cooldown until 118107.28s"
118129.05,INFO,"Mister pulse started; ON until 118129.30s, cooldown until 118133.30s"
118157.02,INFO,"Mister pulse started; ON until 118157.27s, cooldown until 118161.27s"
118206.02,INFO,"Mister pulse started; ON until 118206.27s, cooldown until 118210.27s"
118233.02,INFO,"Mister pulse started; ON until 118233.27s, cooldown until 118237.27s"
118270.04,INFO,"Mister pulse started; ON until 118270.29s, cooldown until 118274.29s"
118294.05,INFO,"Mister pulse started; ON until 118294.30s, cooldown until 118298.30s"
118321.01,INFO,"Mister pulse started; ON until 118321.26s, cooldown until 118325.26s"
118365.05,INFO,"Mister pulse started; ON until 118365.30s, cooldown until 118369.30s"
118390.04,INFO,"Mister pulse started; ON until 118390.29s, cooldown until 118394.29s"
118421.01,INFO,"Mister pulse started; ON until 118421.26s, cooldown until 118425.26s"
118452.04,INFO,"Mister pulse started; ON until 118452.29s, cooldown until 118456.29s"
118477.04,INFO,"Mister pulse started; ON until 118477.29s, cooldown until 118481.29s"
118507.03,INFO,"Mister pulse started; ON until 118507.28s, cooldown until 118511.28s"
118535.02,INFO,"Mister pulse started; ON until 118535.27s, cooldown until 118539.27s"
118580.02,INFO,"Mister pulse started; ON until 118580.27s, cooldown until 118584.27s"
118612.03,INFO,"Mister pulse started; ON until 118612.28s, cooldown until 118616.28s"
118645.02,INFO,"Mister pulse started; ON until 118645.27s, cooldown until 118649.27s"
118682.04,INFO,"Mister pulse started; ON until 118682.29s, cooldown until 118686.29s"
118706.04,INFO,"Mister pulse started; ON until 118706.29s, cooldown until 118710.29s"
118732.01,INFO,"Mister pulse started; ON until 118732.26s, cooldown until 118736.26s"
118770.00,INFO,"Mister pulse started; ON until 118770.25s, cooldown until 118774.25s"
118803.04,INFO,"Mister pulse started; ON until 118803.29s, cooldown until 118807.29s"
118834.02,INFO,"Mister pulse started; ON until 118834.27s, cooldown until 118838.27s"
118866.03,INFO,"Mister pulse started; ON until 118866.28s, cooldown until 118870.28s"
118896.03,INFO,"Mister pulse started; ON until 118896.28s, cooldown until 118900.28s"
118922.01,INFO,"Mister pulse started; ON until 118922.26s, cooldown until 118926.26s"
118961.03,INFO,"Mister pulse started; ON until 118961.28s, cooldown until 118965.28s"
118993.04,INFO,"Mister pulse started; ON until 118993.29s, cooldown until 118997.29s"
119026.03,INFO,"Mister pulse started; ON until 119026.28s, cooldown until 119030.28s"
119066.03,INFO,"Mister pulse started; ON until 119066.28s, cooldown until 119070.28s"
119105.01,INFO,"Mister pulse started; ON until 119105.26s, cooldown until 119109.26s"
119141.05,INFO,"Mister pulse started; ON until 119141.30s, cooldown until 119145.30s"
119192.01,INFO,"Mister pulse started; ON until 119192.26s, cooldown until 119196.26s"
119233.00,INFO,"Mister pulse started; ON until 119233.25s, cooldown until 119237.25s"
119278.01,INFO,"Mister pulse started; ON until 119278.26s, cooldown until 119282.26s"
119311.05,INFO,"Mister pulse started; ON until 119311.30s, cooldown until 119315.30s"
119345.03,INFO,"Mister pulse started; ON until 119345.28s, cooldown until 119349.28s"
119391.02,INFO,"Mister pulse started; ON until 119391.27s, cooldown until 119395.27s"
119430.04,INFO,"Mister pulse started; ON until 119430.29s, cooldown until 119434.29s"
119462.05,INFO,"Mister pulse started; ON until 119462.30s, cooldown until 119466.30s"
119495.04,INFO,"Mister pulse started; ON until 119495.29s, cooldown until 119499.29s"
119535.04,INFO,"Mister pulse started; ON until 119535.29s, cooldown until 119539.29s"
119575.01,INFO,"Mister pulse started; ON until 119575.26s, cooldown until 119579.26s"
119620.02,INFO,"Mister pulse started; ON until 119620.27s, cooldown until 119624.27s"
119655.02,INFO,"Mister pulse started; ON until 119655.27s, cooldown until 119659.27s"
119700.04,INFO,"Mister pulse started; ON until 119700.29s, cooldown until 119704.29s"
119733.03,INFO,"Mister pulse started; ON until 119733.28s, cooldown until 119737.28s"
119773.04,INFO,"Mister pulse started; ON until 119773.29s, cooldown until 119777.29s"
119816.05,INFO,"Mister pulse started; ON until 119816.30s, cooldown until 119820.30s"
119869.03,INFO,"Mister pulse started; ON until 119869.28s, cooldown until 119873.28s"
119916.02,INFO,"Mister pulse started; ON until 119916.27s, cooldown until 119920.27s"
119963.04,INFO,"Mister pulse started; ON until 119963.29s, cooldown until 119967.29s"
120002.03,INFO,"Mister pulse started; ON until 120002.28s, cooldown until 120006.28s"
120048.04,INFO,"Mister pulse started; ON until 120048.29s, cooldown until 120052.29s"
120088.05,INFO,"Mister pulse started; ON until 120088.30s, cooldown until 120092.30s"
120126.00,INFO,"Mister pulse started; ON until 120126.25s, cooldown until 120130.25s"
120171.03,INFO,"Mister pulse started; ON until 120171.28s, cooldown until 120175.28s"
120237.00,INFO,"Mister pulse started; ON until 120237.25s, cooldown until 120241.25s"
120280.01,INFO,"Mister pulse started; ON until 120280.26s, cooldown until 120284.26s"
120341.03,INFO,"Mister pulse started; ON until 120341.28s, cooldown until 120345.28s"
120384.04,INFO,"Mister pulse started; ON until 120384.29s, cooldown until 120388.29s"
120447.03,INFO,"Mister pulse started; ON until 120447.28s, cooldown until 120451.28s"
120512.04,INFO,"Mister pulse started; ON until 120512.29s, cooldown until 120516.29s"
120582.04,INFO,"Mister pulse started; ON until 120582.29s, cooldown until 120586.29s"
120644.00,INFO,"Mister pulse started; ON until 120644.25s, cooldown until 120648.25s"
120708.03,INFO,"Mister pulse started; ON until 120708.28s, cooldown until 120712.28s"
120769.05,INFO,"Mister pulse started; ON until 120769.30s, cooldown until 120773.30s"
120811.02,INFO,"Mister pulse started; ON until 120811.27s, cooldown until 120815.27s"
120867.03,INFO,"Mister pulse started; ON until 120867.28s, cooldown until 120871.28s"
120925.01,INFO,"Mister pulse started; ON until 120925.26s, cooldown until 120929.26s"
120955.02,INFO,"Mister pulse started; ON until 120955.27s, cooldown until 120959.27s"
121015.00,INFO,"Mister pulse started; ON until 121015.25s, cooldown until 121019.25s"
121060.01,INFO,"Mister pulse started; ON until 121060.26s, cooldown until 121064.26s"
121090.01,INFO,"Mister pulse started; ON until 121090.26s, cooldown until 121094.26s"
121146.03,INFO,"Mister pulse started; ON until 121146.28s, cooldown until 121150.28s"
121200.03,INFO,"Mister pulse started; ON until 121200.28s, cooldown until 121204.28s"
121250.05,INFO,"Mister pulse started; ON until 121250.30s, cooldown until 121254.30s"
121304.05,INFO,"Mister pulse started; ON until 121304.30s, cooldown until 121308.30s"
121351.03,INFO,"Mister pulse started; ON until 121351.28s, cooldown until 121355.28s"
121399.04,INFO,"Mister pulse started; ON until 121399.29s, cooldown until 121403.29s"
121445.03,INFO,"Mister pulse started; ON until 121445.28s, cooldown until 121449.28s"
121487.00,INFO,"Mister pulse started; ON until 121487.25s, cooldown until 121491.25s"
121538.05,INFO,"Mister pulse started; ON until 121538.30s, cooldown until 121542.30s"
121565.00,INFO,"Mister pulse started; ON until 121565.25s, cooldown until 121569.25s"
121609.03,INFO,"Mister pulse started; ON until 121609.28s, cooldown until 121613.28s"
121636.04,INFO,"Mister pulse started; ON until 121636.29s, cooldown until 121640.29s"
121676.05,INFO,"Mister pulse started; ON until 121676.30s, cooldown until 121680.30s"
121716.01,INFO,"Mister pulse started; ON until 121716.26s, cooldown until 121720.26s"
121762.01,INFO,"Mister pulse started; ON until 121762.26s, cooldown until 121766.26s"
121803.01,INFO,"Mister pulse started; ON until 121803.26s, cooldown until 121807.26s"
121850.00,INFO,"Mister pulse started; ON until 121850.25s, cooldown until 121854.25s"
121894.03,INFO,"Mister pulse started; ON until 121894.28s, cooldown until 121898.28s"
121920.00,INFO,"Mister pulse started; ON until 121920.25s, cooldown until 121924.25s"
121961.04,INFO,"Mister pulse started; ON until 121961.29s, cooldown until 121965.29s"
121997.01,INFO,"Mister pulse started; ON until 121997.26s, cooldown until 122001.26s"
122024.02,INFO,"Mister pulse started; ON until 122024.27s, cooldown until 122028.27s"
122066.05,INFO,"Mister pulse started; ON until 122066.30s, cooldown until 122070.30s"
122108.02,INFO,"Mister pulse started; ON until 122108.27s, cooldown until 122112.27s"
122136.02,INFO,"Mister pulse started; ON until 122136.27s, cooldown until 122140.27s"
122178.05,INFO,"Mister pulse started; ON until 122178.30s, cooldown until 122182.30s"
122232.05,INFO,"Mister pulse started; ON until 122232.30s, cooldown until 122236.30s"
122279.03,INFO,"Mister pulse started; ON until 122279.28s, cooldown until 122283.28s"
122323.01,INFO,"Mister pulse started; ON until 122323.26s, cooldown until 122327.26s"
122356.00,INFO,"Mister pulse started; ON until 122356.25s, cooldown until 122360.25s"
122395.03,INFO,"Mister pulse started; ON until 122395.28s, cooldown until 122399.28s"
122428.03,INFO,"Mister pulse started; ON until 122428.28s, cooldown until 122432.28s"
122467.05,INFO,"Mister pulse started; ON until 122467.30s, cooldown until 122471.30s"
122499.01,INFO,"Mister pulse started; ON until 122499.26s, cooldown until 122503.26s"
122538.03,INFO,"Mister pulse started; ON until 122538.28s, cooldown until 122542.28s"
122571.04,INFO,"Mister pulse started; ON until 122571.29s, cooldown until 122575.29s"
122608.00,INFO,"Mister pulse started; ON until 122608.25s, cooldown until 122612.25s"
122640.01,INFO,"Mister pulse started; ON until 122640.26s, cooldown until 122644.26s"
122674.04,INFO,"Mister pulse started; ON until 122674.29s, cooldown until 122678.29s"
122714.05,INFO,"Mister pulse started; ON until 122714.30s, cooldown until 122718.30s"
122753.03,INFO,"Mister pulse started; ON until 122753.28s, cooldown until 122757.28s"
122793.04,INFO,"Mister pulse started; ON until 122793.29s, cooldown until 122797.29s"
122828.04,INFO,"Mister pulse started; ON until 122828.29s, cooldown until 122832.29s"
122879.04,INFO,"Mister pulse started; ON until 122879.29s, cooldown until 122883.29s"
122913.01,INFO,"Mister pulse started; ON until 122913.26s, cooldown until 122917.26s"
122959.01,INFO,"Mister pulse started; ON until 122959.26s, cooldown until 122963.26s"
122995.04,INFO,"Mister pulse started; ON until 122995.29s, cooldown until 122999.29s"
123043.05,INFO,"Mister pulse started; ON until 123043.30s, cooldown until 123047.30s"
123090.03,INFO,"Mister pulse started; ON until 123090.28s, cooldown until 123094.28s"
123138.00,INFO,"Mister pulse started; ON until 123138.25s, cooldown until 123142.25s"
123167.02,INFO,"Mister pulse started; ON until 123167.27s, cooldown until 123171.27s"
123211.05,INFO,"Mister pulse started; ON until 123211.30s, cooldown until 123215.30s"
123237.02,INFO,"Mister pulse started; ON until 123237.27s, cooldown until 123241.27s"
123272.02,INFO,"Mister pulse started; ON until 123272.27s, cooldown until 123276.27s"
123319.00,INFO,"Mister pulse started; ON until 123319.25s, cooldown until 123323.25s"
123368.05,INFO,"Mister pulse started; ON until 123368.30s, cooldown until 123372.30s"
123420.03,INFO,"Mister pulse started; ON until 123420.28s, cooldown until 123424.28s"
123460.04,INFO,"Mister pulse started; ON until 123460.29s, cooldown until 123464.29s"
123497.01,INFO,"Mister pulse started; ON until 123497.26s, cooldown until 123501.26s"
123528.05,INFO,"Mister pulse started; ON until 123528.30s, cooldown until 123532.30s"
123553.04,INFO,"Mister pulse started; ON until 123553.29s, cooldown until 123557.29s"
123583.04,INFO,"Mister pulse started; ON until 123583.29s, cooldown until 123587.29s"
123610.04,INFO,"Mister pulse started; ON until 123610.29s, cooldown until 123614.29s"
123648.04,INFO,"Mister pulse started; ON until 123648.29s, cooldown until 123652.29s"
123679.01,INFO,"Mister pulse started; ON until 123679.26s, cooldown until 123683.26s"
123711.03,INFO,"Mister pulse started; ON until 123711.28s, cooldown until 123715.28s"
123742.05,INFO,"Mister pulse started; ON until 123742.30s, cooldown until 123746.30s"
123768.02,INFO,"Mister pulse started; ON until 123768.27s, cooldown until 123772.27s"
123808.04,INFO,"Mister pulse started; ON until 123808.29s, cooldown until 123812.29s"
123844.02,INFO,"Mister pulse started; ON until 123844.27s, cooldown until 123848.27s"
123868.04,INFO,"Mister pulse started; ON until 123868.29s, cooldown until 123872.29s"
123893.03,INFO,"Mister pulse started; ON until 123893.28s, cooldown until 123897.28s"
123925.04,INFO,"Mister pulse started; ON until 123925.29s, cooldown until 123929.29s"
123955.03,INFO,"Mister pulse started; ON until 123955.28s, cooldown until 123959.28s"
123979.05,INFO,"Mister pulse started; ON until 123979.30s, cooldown until 123983.30s"
124004.04,INFO,"Mister pulse started; ON until 124004.29s, cooldown until 124008.29s"
124034.04,INFO,"Mister pulse started; ON until 124034.29s, cooldown until 124038.29s"
124062.03,INFO,"Mister pulse started; ON until 124062.28s, cooldown until 124066.28s"
124103.02,INFO,"Mister pulse started; ON until 124103.27s, cooldown until 124107.27s"
124150.05,INFO,"Mister pulse started; ON until 124150.30s, cooldown until 124154.30s"
124191.05,INFO,"Mister pulse started; ON until 124191.30s, cooldown until 124195.30s"
124240.03,INFO,"Mister pulse started; ON until 124240.28s, cooldown until 124244.28s"
124267.03,INFO,"Mister pulse started; ON until 124267.28s, cooldown until 124271.28s"
124305.04,INFO,"Mister pulse started; ON until 124305.29s, cooldown until 124309.29s"
124337.04,INFO,"Mister pulse started; ON until 124337.29s, cooldown until 124341.29s"
124368.02,INFO,"Mister pulse started; ON until 124368.27s, cooldown until 124372.27s"
124399.01,INFO,"Mister pulse started; ON until 124399.26s, cooldown until 124403.26s"
124428.03,INFO,"Mister pulse started; ON until 124428.28s, cooldown until 124432.28s"
124475.01,INFO,"Mister pulse started; ON until 124475.26s, cooldown until 124479.26s"
124525.04,INFO,"Mister pulse started; ON until 124525.29s, cooldown until 124529.29s"
124551.01,INFO,"Mister pulse started; ON until 124551.26s, cooldown until 124555.26s"
124587.04,INFO,"Mister pulse started; ON until 124587.29s, cooldown until 124591.29s"
124634.03,INFO,"Mister pulse started; ON until 124634.28s, cooldown until 124638.28s"
124684.05,INFO,"Mister pulse started; ON until 124684.30s, cooldown until 124688.30s"
124707.02,INFO,"Mister pulse started; ON until 124707.27s, cooldown until 124711.27s"
124729.02,INFO,"Mister pulse started; ON until 124729.27s, cooldown until 124733.27s"
124777.03,INFO,"Mister pulse started; ON until 124777.28s, cooldown until 124781.28s"
124825.04,INFO,"Mister pulse started; ON until 124825.29s, cooldown until 124829.29s"
124873.04,INFO,"Mister pulse started; ON until 124873.29s, cooldown until 124877.29s"
124920.03,INFO,"Mister pulse started; ON until 124920.28s, cooldown until 124924.28s"
124968.04,INFO,"Mister pulse started; ON until 124968.29s, cooldown until 124972.29s"
125019.04,INFO,"Mister pulse started; ON until 125019.29s, cooldown until 125023.29s"
125047.02,INFO,"Mister pulse started; ON until 125047.27s, cooldown until 125051.27s"
125098.02,INFO,"Mister pulse started; ON until 125098.27s, cooldown until 125102.27s"
125129.05,INFO,"Mister pulse started; ON until 125129.30s, cooldown until 125133.30s"
125151.04,INFO,"Mister pulse started; ON until 125151.29s, cooldown until 125155.29s"
125199.00,INFO,"Mister pulse started; ON until 125199.25s, cooldown until 125203.25s"
125221.04,INFO,"Mister pulse started; ON until 125221.29s, cooldown until 125225.29s"
125262.04,INFO,"Mister pulse started; ON until 125262.29s, cooldown until 125266.29s"
125312.00,INFO,"Mister pulse started; ON until 125312.25s, cooldown until 125316.25s"
125344.01,INFO,"Mister pulse started; ON until 125344.26s, cooldown until 125348.26s"
125370.03,INFO,"Mister pulse started; ON until 125370.28s, cooldown until 125374.28s"
125410.05,INFO,"Mister pulse started; ON until 125410.30s, cooldown until 125414.30s"
125443.03,INFO,"Mister pulse started; ON until 125443.28s, cooldown until 125447.28s"
125486.04,INFO,"Mister pulse started; ON until 125486.29s, cooldown until 125490.29s"
125510.05,INFO,"Mister pulse started; ON until 125510.30s, cooldown until 125514.30s"
125533.02,INFO,"Mister pulse started; ON until 125533.27s, cooldown until 125537.27s"
125556.04,INFO,"Mister pulse started; ON until 125556.29s, cooldown until 125560.29s"
125605.03,INFO,"Mister pulse started; ON until 125605.28s, cooldown until 125609.28s"
125627.03,INFO,"Mister pulse started; ON until 125627.28s, cooldown until 125631.28s"
125675.05,INFO,"Mister pulse started; ON until 125675.30s, cooldown until 125679.30s"
125722.03,INFO,"Mister pulse started; ON until 125722.28s, cooldown until 125726.28s"
125769.01,INFO,"Mister pulse started; ON until 125769.26s, cooldown until 125773.26s"
125818.00,INFO,"Mister pulse started; ON until 125818.25s, cooldown until 125822.25s"
125843.04,INFO,"Mister pulse started; ON until 125843.29s, cooldown until 125847.29s"
125867.05,INFO,"Mister pulse started; ON until 125867.30s, cooldown until 125871.30s"
125891.01,INFO,"Mister pulse started; ON until 125891.26s, cooldown until 125895.26s"
125922.04,INFO,"Mister pulse started; ON until 125922.29s, cooldown until 125926.29s"
125945.02,INFO,"Mister pulse started; ON until 125945.27s, cooldown until 125949.27s"
125969.02,INFO,"Mister pulse started; ON until 125969.27s, cooldown until 125973.27s"
125993.02,INFO,"Mister pulse started; ON until 125993.27s, cooldown until 125997.27s"
126019.04,INFO,"Mister pulse started; ON until 126019.29s, cooldown until 126023.29s"
126048.00,INFO,"Mister pulse started; ON until 126048.25s, cooldown until 126052.25s"
126071.03,INFO,"Mister pulse started; ON until 126071.28s, cooldown until 126075.28s"
126115.02,INFO,"Mister pulse started; ON until 126115.27s, cooldown until 126119.27s"
126147.03,INFO,"Mister pulse started; ON until 126147.28s, cooldown until 126151.28s"
126185.04,INFO,"Mister pulse started; ON until 126185.29s, cooldown until 126189.29s"
126215.03,INFO,"Mister pulse started; ON until 126215.28s, cooldown until 126219.28s"
126238.05,INFO,"Mister pulse started; ON until 126238.30s, cooldown until 126242.30s"
126283.01,INFO,"Mister pulse started; ON until 126283.26s, cooldown until 126287.26s"
126323.01,INFO,"Mister pulse started; ON until 126323.26s, cooldown until 126327.26s"
126360.03,INFO,"Mister pulse started; ON until 126360.28s, cooldown until 126364.28s"
126391.01,INFO,"Mister pulse started; ON until 126391.26s, cooldown until 126395.26s"
126423.02,INFO,"Mister pulse started; ON until 126423.27s, cooldown until 126427.27s"
126452.05,INFO,"Mister pulse started; ON until 126452.30s, cooldown until 126456.30s"
126501.03,INFO,"Mister pulse started; ON until 126501.28s, cooldown until 126505.28s"
126522.05,INFO,"Mister pulse started; ON until 126522.30s, cooldown until 126526.30s"
126559.01,INFO,"Mister pulse started; ON until 126559.26s, cooldown until 126563.26s"
126593.03,INFO,"Mister pulse started; ON until 126593.28s, cooldown until 126597.28s"
126633.05,INFO,"Mister pulse started; ON until 126633.30s, cooldown until 126637.30s"
126673.01,INFO,"Mister pulse started; ON until 126673.26s, cooldown until 126677.26s"
126720.04,INFO,"Mister pulse started; ON until 126720.29s, cooldown until 126724.29s"
126761.04,INFO,"Mister pulse started; ON until 126761.29s, cooldown until 126765.29s"
126809.01,INFO,"Mister pulse started; ON until 126809.26s, cooldown until 126813.26s"
126830.02,INFO,"Mister pulse started; ON until 126830.27s, cooldown until 126834.27s"
126870.03,INFO,"Mister pulse started; ON until 126870.28s, cooldown until 126874.28s"
126914.01,INFO,"Mister pulse started; ON until 126914.26s, cooldown until 126918.26s"
126943.04,INFO,"Mister pulse started; ON until 126943.29s, cooldown until 126947.29s"
126987.02,INFO,"Mister pulse started; ON until 126987.27s, cooldown until 126991.27s"
127021.00,INFO,"Mister pulse started; ON until 127021.25s, cooldown until 127025.25s"
127067.00,INFO,"Mister pulse started; ON until 127067.25s, cooldown until 127071.25s"
127110.01,INFO,"Mister pulse started; ON until 127110.26s, cooldown until 127114.26s"
127133.04,INFO,"Mister pulse started; ON until 127133.29s, cooldown until 127137.29s"
127180.02,INFO,"Mister pulse started; ON until 127180.27s, cooldown until 127184.27s"
127223.03,INFO,"Mister pulse started; ON until 127223.28s, cooldown until 127227.28s"
127250.03,INFO,"Mister pulse started; ON until 127250.28s, cooldown until 127254.28s"
127294.00,INFO,"Mister pulse started; ON until 127294.25s, cooldown until 127298.25s"
127323.02,INFO,"Mister pulse started; ON until 127323.27s, cooldown until 127327.27s"
127370.04,INFO,"Mister pulse started; ON until 127370.29s, cooldown until 127374.29s"
127408.04,INFO,"Mister pulse started; ON until 127408.29s, cooldown until 127412.29s"
127440.05,INFO,"Mister pulse started; ON until 127440.30s, cooldown until 127444.30s"
127477.02,INFO,"Mister pulse started; ON until 127477.27s, cooldown until 127481.27s"
127508.04,INFO,"Mister pulse started; ON until 127508.29s, cooldown until 127512.29s"
127529.01,INFO,"Mister pulse started; ON until 127529.26s, cooldown until 127533.26s"
127577.04,INFO,"Mister pulse started; ON until 127577.29s, cooldown until 127581.29s"
127623.03,INFO,"Mister pulse started; ON until 127623.28s, cooldown until 127627.28s"
127662.01,INFO,"Mister pulse started; ON until 127662.26s, cooldown until 127666.26s"
127699.02,INFO,"Mister pulse started; ON until 127699.27s, cooldown until 127703.27s"
127729.01,INFO,"Mister pulse started; ON until 127729.26s, cooldown until 127733.26s"
127749.05,INFO,"Mister pulse started; ON until 127749.30s, cooldown until 127753.30s"
127785.02,INFO,"Mister pulse started; ON until 127785.27s, cooldown until 127789.27s"
127808.05,INFO,"Mister pulse started; ON until 127808.30s, cooldown until 127812.30s"
127854.05,INFO,"Mister pulse started; ON until 127854.30s, cooldown until 127858.30s"
127891.01,INFO,"Mister pulse started; ON until 127891.26s, cooldown until 127895.26s"
127926.01,INFO,"Mister pulse started; ON until 127926.26s, cooldown until 127930.26s"
127969.01,INFO,"Mister pulse started; ON until 127969.26s, cooldown until 127973.26s"
127999.01,INFO,"Mister pulse started; ON until 127999.26s, cooldown until 128003.26s"
128024.01,INFO,"Mister pulse started; ON until 128024.26s, cooldown until 128028.26s"
128052.04,INFO,"Mister pulse started; ON until 128052.29s, cooldown until 128056.29s"
128092.05,INFO,"Mister pulse started; ON until 128092.30s, cooldown until 128096.30s"
128133.03,INFO,"Mister pulse started; ON until 128133.28s, cooldown until 128137.28s"
128177.00,INFO,"Mister pulse started; ON until 128177.25s, cooldown until 128181.25s"
128210.03,INFO,"Mister pulse started; ON until 128210.28s, cooldown until 128214.28s"
128247.04,INFO,"Mister pulse started; ON until 128247.29s, cooldown until 128251.29s"
128268.01,INFO,"Mister pulse started; ON until 128268.26s, cooldown until 128272.26s"
128314.05,INFO,"Mister pulse started; ON until 128314.30s, cooldown until 128318.30s"
128348.03,INFO,"Mister pulse started; ON until 128348.28s, cooldown until 128352.28s"
128390.00,INFO,"Mister pulse started; ON until 128390.25s, cooldown until 128394.25s"
128419.02,INFO,"Mister pulse started; ON until 128419.27s, cooldown until 128423.27s"
128465.01,INFO,"Mister pulse started; ON until 128465.26s, cooldown until 128469.26s"
128506.02,INFO,"Mister pulse started; ON until 128506.27s, cooldown until 128510.27s"
128548.04,INFO,"Mister pulse started; ON until 128548.29s, cooldown until 128552.29s"
128569.01,INFO,"Mister pulse started; ON until 128569.26s, cooldown until 128573.26s"
128612.01,INFO,"Mister pulse started; ON until 128612.26s, cooldown until 128616.26s"
128641.04,INFO,"Mister pulse started; ON until 128641.29s, cooldown until 128645.29s"
128686.00,INFO,"Mister pulse started; ON until 128686.25s, cooldown until 128690.25s"
128728.04,INFO,"Mister pulse started; ON until 128728.29s, cooldown until 128732.29s"
128774.04,INFO,"Mister pulse started; ON until 128774.29s, cooldown until 128778.29s"
128814.05,INFO,"Mister pulse started; ON until 128814.30s, cooldown until 128818.30s"
128850.03,INFO,"Mister pulse started; ON until 128850.28s, cooldown until 128854.28s"
128878.02,INFO,"Mister pulse started; ON until 128878.27s, cooldown until 128882.27s"
128921.01,INFO,"Mister pulse started; ON until 128921.26s, cooldown until 128925.26s"
128951.02,INFO,"Mister pulse started; ON until 128951.27s, cooldown until 128955.27s"
128974.05,INFO,"Mister pulse started; ON until 128974.30s, cooldown until 128978.30s"
129017.04,INFO,"Mister pulse started; ON until 129017.29s, cooldown until 129021.29s"
129045.02,INFO,"Mister pulse started; ON until 129045.27s, cooldown until 129049.27s"
129086.02,INFO,"Mister pulse started; ON until 129086.27s, cooldown until 129090.27s"
129107.04,INFO,"Mister pulse started; ON until 129107.29s, cooldown until 129111.29s"
129145.04,INFO,"Mister pulse started; ON until 129145.29s, cooldown until 129149.29s"
129177.04,INFO,"Mister pulse started; ON until 129177.29s, cooldown until 129181.29s"
129211.03,INFO,"Mister pulse started; ON until 129211.28s, cooldown until 129215.28s"
129253.01,INFO,"Mister pulse started; ON until 129253.26s, cooldown until 129257.26s"
129281.04,INFO,"Mister pulse started; ON until 129281.29s, cooldown until 129285.29s"
129320.02,INFO,"Mister pulse started; ON until 129320.27s, cooldown until 129324.27s"
129357.04,INFO,"Mister pulse started; ON until 129357.29s, cooldown until 129361.29s"
129387.03,INFO,"Mister pulse started; ON until 129387.28s, cooldown until 129391.28s"
129407.01,INFO,"Mister pulse started; ON until 129407.26s, cooldown until 129411.26s"
129445.05,INFO,"Mister pulse started; ON until 129445.30s, cooldown until 129449.30s"
129472.04,INFO,"Mister pulse started; ON until 129472.29s, cooldown until 129476.29s"
129511.02,INFO,"Mister pulse started; ON until 129511.27s, cooldown until 129515.27s"
129549.02,INFO,"Mister pulse started; ON until 129549.27s, cooldown until 129553.27s"
129584.03,INFO,"Mister pulse started; ON until 129584.28s, cooldown until 129588.28s"
129626.01,INFO,"Mister pulse started; ON until 129626.26s, cooldown until 129630.26s"
129655.03,INFO,"Mister pulse started; ON until 129655.28s, cooldown until 129659.28s"
129698.03,INFO,"Mister pulse started; ON until 129698.28s, cooldown until 129702.28s"
129725.04,INFO,"Mister pulse started; ON until 129725.29s, cooldown until 129729.29s"
129763.03,INFO,"Mister pulse started; ON until 129763.28s, cooldown until 129767.28s"
129798.03,INFO,"Mister pulse started; ON until 129798.28s, cooldown until 129802.28s"
129840.05,INFO,"Mister pulse started; ON until 129840.30s, cooldown until 129844.30s"
129861.01,INFO,"Mister pulse started; ON until 129861.26s, cooldown until 129865.26s"
129904.03,INFO,"Mister pulse started; ON until 129904.28s, cooldown until 129908.28s"
129932.01,INFO,"Mister pulse started; ON until 129932.26s, cooldown until 129936.26s"
129974.03,INFO,"Mister pulse started; ON until 129974.28s, cooldown until 129978.28s"
129997.01,INFO,"Mister pulse started; ON until 129997.26s, cooldown until 130001.26s"
130019.00,INFO,"Mister pulse started; ON until 130019.25s, cooldown until 130023.25s"
130062.04,INFO,"Mister pulse started; ON until 130062.29s, cooldown until 130066.29s"
130085.01,INFO,"Mister pulse started; ON until 130085.26s, cooldown until 130089.26s"
130108.04,INFO,"Mister pulse started; ON until 130108.29s, cooldown until 130112.29s"
130151.04,INFO,"Mister pulse started; ON until 130151.29s, cooldown until 130155.29s"
130179.02,INFO,"Mister pulse started; ON until 130179.27s, cooldown until 130183.27s"
130219.02,INFO,"Mister pulse started; ON until 130219.27s, cooldown until 130223.27s"
130264.04,INFO,"Mister pulse started; ON until 130264.29s, cooldown until 130268.29s"
130298.02,INFO,"Mister pulse started; ON until 130298.27s, cooldown until 130302.27s"
130340.04,INFO,"Mister pulse started; ON until 130340.29s, cooldown until 130344.29s"
130361.05,INFO,"Mister pulse started; ON until 130361.30s, cooldown until 130365.30s"
130400.02,INFO,"Mister pulse started; ON until 130400.27s, cooldown until 130404.27s"
130437.04,INFO,"Mister pulse started; ON until 130437.29s, cooldown until 130441.29s"
130465.02,INFO,"Mister pulse started; ON until 130465.27s, cooldown until 130469.27s"
130507.04,INFO,"Mister pulse started; ON until 130507.29s, cooldown until 130511.29s"
130529.04,INFO,"Mister pulse started; ON until 130529.29s, cooldown until 130533.29s"
130573.01,INFO,"Mister pulse started; ON until 130573.26s, cooldown until 130577.26s"
130606.00,INFO,"Mister pulse started; ON until 130606.25s, cooldown until 130610.25s"
130642.04,INFO,"Mister pulse started; ON until 130642.29s, cooldown until 130646.29s"
130667.02,INFO,"Mister pulse started; ON until 130667.27s, cooldown until 130671.27s"
130692.01,INFO,"Mister pulse started; ON until 130692.26s, cooldown until 130696.26s"
130724.02,INFO,"Mister pulse started; ON until 130724.27s, cooldown until 130728.27s"
130757.01,INFO,"Mister pulse started; ON until 130757.26s, cooldown until 130761.26s"
130794.03,INFO,"Mister pulse started; ON until 130794.28s, cooldown until 130798.28s"
130820.05,INFO,"Mister pulse started; ON until 130820.30s, cooldown until 130824.30s"
130855.05,INFO,"Mister pulse started; ON until 130855.30s, cooldown until 130859.30s"
130897.03,INFO,"Mister pulse started; ON until 130897.28s, cooldown until 130901.28s"
130923.00,INFO,"Mister pulse started; ON until 130923.25s, cooldown until 130927.25s"
130961.05,INFO,"Mister pulse started; ON until 130961.30s, cooldown until 130965.30s"
130989.03,INFO,"Mister pulse started; ON until 130989.28s, cooldown until 130993.28s"
131033.02,INFO,"Mister pulse started; ON until 131033.27s, cooldown until 131037.27s"
131064.05,INFO,"Mister pulse started; ON until 131064.30s, cooldown until 131068.30s"
131092.03,INFO,"Mister pulse started; ON until 131092.28s, cooldown until 131096.28s"
131135.02,INFO,"Mister pulse started; ON until 131135.27s, cooldown until 131139.27s"
131160.02,INFO,"Mister pulse started; ON until 131160.27s, cooldown until 131164.27s"
131191.05,INFO,"Mister pulse started; ON until 131191.30s, cooldown until 131195.30s"
131218.00,INFO,"Mister pulse started; ON until 131218.25s, cooldown until 131222.25s"
131261.01,INFO,"Mister pulse started; ON until 131261.26s, cooldown until 131265.26s"
131288.01,INFO,"Mister pulse started; ON until 131288.26s, cooldown until 131292.26s"
131324.04,INFO,"Mister pulse started; ON until 131324.29s, cooldown until 131328.29s"
131341.03,INFO,"Mister pulse started; ON until 131341.28s, cooldown until 131345.28s"
131370.05,INFO,"Mister pulse started; ON until 131370.30s, cooldown until 131374.30s"
131412.02,INFO,"Mister pulse started; ON until 131412.27s, cooldown until 131416.27s"
131438.04,INFO,"Mister pulse started; ON until 131438.29s, cooldown until 131442.29s"
131471.03,INFO,"Mister pulse started; ON until 131471.28s, cooldown until 131475.28s"
131510.00,INFO,"Mister pulse started; ON until 131510.25s, cooldown until 131514.25s"
131552.04,INFO,"Mister pulse started; ON until 131552.29s, cooldown until 131556.29s"
131572.02,INFO,"Mister pulse started; ON until 131572.27s, cooldown until 131576.27s"
131610.02,INFO,"Mister pulse started; ON until 131610.27s, cooldown until 131614.27s"
131642.03,INFO,"Mister pulse started; ON until 131642.28s, cooldown until 131646.28s"
131674.04,INFO,"Mister pulse started; ON until 131674.29s, cooldown until 131678.29s"
131706.04,INFO,"Mister pulse started; ON until 131706.29s, cooldown until 131710.29s"
131740.03,INFO,"Mister pulse started; ON until 131740.28s, cooldown until 131744.28s"
131782.00,INFO,"Mister pulse started; ON until 131782.25s, cooldown until 131786.25s"
131807.03,INFO,"Mister pulse started; ON until 131807.28s, cooldown until 131811.28s"
131835.02,INFO,"Mister pulse started; ON until 131835.27s, cooldown until 131839.27s"
131867.02,INFO,"Mister pulse started; ON until 131867.27s, cooldown until 131871.27s"
131898.00,INFO,"Mister pulse started; ON until 131898.25s, cooldown until 131902.25s"
131928.00,INFO,"Mister pulse started; ON until 131928.25s, cooldown until 131932.25s"
131957.01,INFO,"Mister pulse started; ON until 131957.26s, cooldown until 131961.26s"
131998.02,INFO,"Mister pulse started; ON until 131998.27s, cooldown until 132002.27s"
132018.00,INFO,"Mister pulse started; ON until 132018.25s, cooldown until 132022.25s"
132054.04,INFO,"Mister pulse started; ON until 132054.29s, cooldown until 132058.29s"
132077.02,INFO,"Mister pulse started; ON until 132077.27s, cooldown until 132081.27s"
132095.03,INFO,"Mister pulse started; ON until 132095.28s, cooldown until 132099.28s"
132123.02,INFO,"Mister pulse started; ON until 132123.27s, cooldown until 132127.27s"
132162.05,INFO,"Mister pulse started; ON until 132162.30s, cooldown until 132166.30s"
132199.01,INFO,"Mister pulse started; ON until 132199.26s, cooldown until 132203.26s"
132230.04,INFO,"Mister pulse started; ON until 132230.29s, cooldown until 132234.29s"
132256.01,INFO,"Mister pulse started; ON until 132256.26s, cooldown until 132260.26s"
132292.05,INFO,"Mister pulse started; ON until 132292.30s, cooldown until 132296.30s"
132312.04,INFO,"Mister pulse started; ON until 132312.29s, cooldown until 132316.29s"
132349.04,INFO,"Mister pulse started; ON until 132349.29s, cooldown until 132353.29s"
132377.02,INFO,"Mister pulse started; ON until 132377.27s, cooldown until 132381.27s"
132420.04,INFO,"Mister pulse started; ON until 132420.29s, cooldown until 132424.29s"
132446.02,INFO,"Mister pulse started; ON until 132446.27s, cooldown until 132450.27s"
132483.00,INFO,"Mister pulse started; ON until 132483.25s, cooldown until 132487.25s"
132512.02,INFO,"Mister pulse started; ON until 132512.27s, cooldown until 132516.27s"
132535.04,INFO,"Mister pulse started; ON until 132535.29s, cooldown until 132539.29s"
132576.04,INFO,"Mister pulse started; ON until 132576.29s, cooldown until 132580.29s"
132598.04,INFO,"Mister pulse started; ON until 132598.29s, cooldown until 132602.29s"
132640.02,INFO,"Mister pulse started; ON until 132640.27s, cooldown until 132644.27s"
132667.03,INFO,"Mister pulse started; ON until 132667.28s, cooldown until 132671.28s"
132704.04,INFO,"Mister pulse started; ON until 132704.29s, cooldown until 132708.29s"
132730.01,INFO,"Mister pulse started; ON until 132730.26s, cooldown until 132734.26s"
132765.02,INFO,"Mister pulse started; ON until 132765.27s, cooldown until 132769.27s"
132785.01,INFO,"Mister pulse started; ON until 132785.26s, cooldown until 132789.26s"
132822.02,INFO,"Mister pulse started; ON until 132822.27s, cooldown until 132826.27s"
132849.02,INFO,"Mister pulse started; ON until 132849.27s, cooldown until 132853.27s"
132886.00,INFO,"Mister pulse started; ON until 132886.25s, cooldown until 132890.25s"
132917.03,INFO,"Mister pulse started; ON until 132917.28s, cooldown until 132921.28s"
132941.00,INFO,"Mister pulse started; ON until 132941.25s, cooldown until 132945.25s"
132975.02,INFO,"Mister pulse started; ON until 132975.27s, cooldown until 132979.27s"
133011.05,INFO,"Mister pulse started; ON until 133011.30s, cooldown until 133015.30s"
133030.01,INFO,"Mister pulse started; ON until 133030.26s, cooldown until 133034.26s"
133067.03,INFO,"Mister pulse started; ON until 133067.28s, cooldown until 133071.28s"
133093.02,INFO,"Mister pulse started; ON until 133093.27s, cooldown until 133097.27s"
133130.03,INFO,"Mister pulse started; ON until 133130.28s, cooldown until 133134.28s"
133153.01,INFO,"Mister pulse started; ON until 133153.26s, cooldown until 133157.26s"
133180.01,INFO,"Mister pulse started; ON until 133180.26s, cooldown until 133184.26s"
133216.04,INFO,"Mister pulse started; ON until 133216.29s, cooldown until 133220.29s"
133238.04,INFO,"Mister pulse started; ON until 133238.29s, cooldown until 133242.29s"
133280.00,INFO,"Mister pulse started; ON until 133280.25s, cooldown until 133284.25s"
133307.05,INFO,"Mister pulse started; ON until 133307.30s, cooldown until 133311.30s"
133337.00,INFO,"Mister pulse started; ON until 133337.25s, cooldown until 133341.25s"
133369.01,INFO,"Mister pulse started; ON until 133369.26s, cooldown until 133373.26s"
133401.01,INFO,"Mister pulse started; ON until 133401.26s, cooldown until 133405.26s"
133434.01,INFO,"Mister pulse started; ON until 133434.26s, cooldown until 133438.26s"
133474.02,INFO,"Mister pulse started; ON until 133474.27s, cooldown until 133478.27s"
133519.05,INFO,"Mister pulse started; ON until 133519.30s, cooldown until 133523.30s"
133549.04,INFO,"Mister pulse started; ON until 133549.29s, cooldown until 133553.29s"
133576.04,INFO,"Mister pulse started; ON until 133576.29s, cooldown until 133580.29s"
133610.02,INFO,"Mister pulse started; ON until 133610.27s, cooldown until 133614.27s"
133631.04,INFO,"Mister pulse started; ON until 133631.29s, cooldown until 133635.29s"
133665.01,INFO,"Mister pulse started; ON until 133665.26s, cooldown until 133669.26s"
133686.02,INFO,"Mister pulse started; ON until 133686.27s, cooldown until 133690.27s"
133726.04,INFO,"Mister pulse started; ON until 133726.29s, cooldown until 133730.29s"
133764.03,INFO,"Mister pulse started; ON until 133764.28s, cooldown until 133768.28s"
133795.01,INFO,"Mister pulse started; ON until 133795.26s, cooldown until 133799.26s"
133825.01,INFO,"Mister pulse started; ON until 133825.26s, cooldown until 133829.26s"
133849.01,INFO,"Mister pulse started; ON until 133849.26s, cooldown until 133853.26s"
133875.04,INFO,"Mister pulse started; ON until 133875.29s, cooldown until 133879.29s"
133903.02,INFO,"Mister pulse started; ON until 133903.27s, cooldown until 133907.27s"
133924.04,INFO,"Mister pulse started; ON until 133924.29s, cooldown until 133928.29s"
133962.03,INFO,"Mister pulse started; ON until 133962.28s, cooldown until 133966.28s"
133993.00,INFO,"Mister pulse started; ON until 133993.25s, cooldown until 133997.25s"
134022.02,INFO,"Mister pulse started; ON until 134022.27s, cooldown until 134026.27s"
134044.02,INFO,"Mister pulse started; ON until 134044.27s, cooldown until 134048.27s"
134083.01,INFO,"Mister pulse started; ON until 134083.26s, cooldown until 134087.26s"
134121.01,INFO,"Mister pulse started; ON until 134121.26s, cooldown until 134125.26s"
134158.01,INFO,"Mister pulse started; ON until 134158.26s, cooldown until 134162.26s"
134186.00,INFO,"Mister pulse started; ON until 134186.25s, cooldown until 134190.25s"
134226.01,INFO,"Mister pulse started; ON until 134226.26s, cooldown until 134230.26s"
134265.00,INFO,"Mister pulse started; ON until 134265.25s, cooldown until 134269.25s"
134306.04,INFO,"Mister pulse started; ON until 134306.29s, cooldown until 134310.29s"
134343.01,INFO,"Mister pulse started; ON until 134343.26s, cooldown until 134347.26s"
134376.00,INFO,"Mister pulse started; ON until 134376.25s, cooldown until 134380.25s"
134418.03,INFO,"Mister pulse started; ON until 134418.28s, cooldown until 134422.28s"
134439.04,INFO,"Mister pulse started; ON until 134439.29s, cooldown until 134443.29s"
134474.05,INFO,"Mister pulse started; ON until 134474.30s, cooldown until 134478.30s"
134493.01,INFO,"Mister pulse started; ON until 134493.26s, cooldown until 134497.26s"
134525.01,INFO,"Mister pulse started; ON until 134525.26s, cooldown until 134529.26s"
134561.04,INFO,"Mister pulse started; ON until 134561.29s, cooldown until 134565.29s"
134579.02,INFO,"Mister pulse started; ON until 134579.27s, cooldown until 134583.27s"
134608.03,INFO,"Mister pulse started; ON until 134608.28s, cooldown until 134612.28s"
134626.05,INFO,"Mister pulse started; ON until 134626.30s, cooldown until 134630.30s"
134652.02,INFO,"Mister pulse started; ON until 134652.27s, cooldown until 134656.27s"
134687.02,INFO,"Mister pulse started; ON until 134687.27s, cooldown until 134691.27s"
134708.03,INFO,"Mister pulse started; ON until 134708.28s, cooldown until 134712.28s"
134742.01,INFO,"Mister pulse started; ON until 134742.26s, cooldown until 134746.26s"
134761.01,INFO,"Mister pulse started; ON until 134761.26s, cooldown until 134765.26s"
134788.02,INFO,"Mister pulse started; ON until 134788.27s, cooldown until 134792.27s"
134826.03,INFO,"Mister pulse started; ON until 134826.28s, cooldown until 134830.28s"
134860.05,INFO,"Mister pulse started; ON until 134860.30s, cooldown until 134864.30s"
134899.03,INFO,"Mister pulse started; ON until 134899.28s, cooldown until 134903.28s"
134940.02,INFO,"Mister pulse started; ON until 134940.27s, cooldown until 134944.27s"
134958.04,INFO,"Mister pulse started; ON until 134958.29s, cooldown until 134962.29s"
134983.03,INFO,"Mister pulse started; ON until 134983.28s, cooldown until 134987.28s"
135009.05,INFO,"Mister pulse started; ON until 135009.30s, cooldown until 135013.30s"
135043.01,INFO,"Mister pulse started; ON until 135043.26s, cooldown until 135047.26s"
135059.01,INFO,"Mister pulse started; ON until 135059.26s, cooldown until 135063.26s"
135077.03,INFO,"Mister pulse started; ON until 135077.28s, cooldown until 135081.28s"
135099.01,INFO,"Mister pulse started; ON until 135099.26s, cooldown until 135103.26s"
135119.04,INFO,"Mister pulse started; ON until 135119.29s, cooldown until 135123.29s"
135150.02,INFO,"Mister pulse started; ON until 135150.27s, cooldown until 135154.27s"
135179.02,INFO,"Mister pulse started; ON until 135179.27s, cooldown until 135183.27s"
135196.01,INFO,"Mister pulse started; ON until 135196.26s, cooldown until 135200.26s"
135221.00,INFO,"Mister pulse started; ON until 135221.25s, cooldown until 135225.25s"
135248.00,INFO,"Mister pulse started; ON until 135248.25s, cooldown until 135252.25s"
135283.04,INFO,"Mister pulse started; ON until 135283.29s, cooldown until 135287.29s"
135302.05,INFO,"Mister pulse started; ON until 135302.30s, cooldown until 135306.30s"
135330.02,INFO,"Mister pulse started; ON until 135330.27s, cooldown until 135334.27s"
135348.05,INFO,"Mister pulse started; ON until 135348.30s, cooldown until 135352.30s"
135373.04,INFO,"Mister pulse started; ON until 135373.29s, cooldown until 135377.29s"
135400.05,INFO,"Mister pulse started; ON until 135400.30s, cooldown until 135404.30s"
135440.02,INFO,"Mister pulse started; ON until 135440.27s, cooldown until 135444.27s"
135457.00,INFO,"Mister pulse started; ON until 135457.25s, cooldown until 135461.25s"
135480.03,INFO,"Mister pulse started; ON until 135480.28s, cooldown until 135484.28s"
135500.02,INFO,"Mister pulse started; ON until 135500.27s, cooldown until 135504.27s"
135529.04,INFO,"Mister pulse started; ON until 135529.29s, cooldown until 135533.29s"
135553.00,INFO,"Mister pulse started; ON until 135553.25s, cooldown until 135557.25s"
135580.00,INFO,"Mister pulse started; ON until 135580.25s, cooldown until 135584.25s"
135616.03,INFO,"Mister pulse started; ON until 135616.28s, cooldown until 135620.28s"
135643.04,INFO,"Mister pulse started; ON until 135643.29s, cooldown until 135647.29s"
135676.03,INFO,"Mister pulse started; ON until 135676.28s, cooldown until 135680.28s"
135713.04,INFO,"Mister pulse started; ON until 135713.29s, cooldown until 135717.29s"
135738.03,INFO,"Mister pulse started; ON until 135738.28s, cooldown until 135742.28s"
135770.04,INFO,"Mister pulse started; ON until 135770.29s, cooldown until 135774.29s"
135803.03,INFO,"Mister pulse started; ON until 135803.28s, cooldown until 135807.28s"
135839.01,INFO,"Mister pulse started; ON until 135839.26s, cooldown until 135843.26s"
135865.03,INFO,"Mister pulse started; ON until 135865.28s, cooldown until 135869.28s"
135899.01,INFO,"Mister pulse started; ON until 135899.26s, cooldown until 135903.26s"
135916.04,INFO,"Mister pulse started; ON until 135916.29s, cooldown until 135920.29s"
135935.05,INFO,"Mister pulse started; ON until 135935.30s, cooldown until 135939.30s"
135964.01,INFO,"Mister pulse started; ON until 135964.26s, cooldown until 135968.26s"
135985.03,INFO,"Mister pulse started; ON until 135985.28s, cooldown until 135989.28s"
136023.03,INFO,"Mister pulse started; ON until 136023.28s, cooldown until 136027.28s"
136055.04,INFO,"Mister pulse started; ON until 136055.29s, cooldown until 136059.29s"
136086.02,INFO,"Mister pulse started; ON until 136086.27s, cooldown until 136090.27s"
136119.01,INFO,"Mister pulse started; ON until 136119.26s, cooldown until 136123.26s"
136155.04,INFO,"Mister pulse started; ON until 136155.29s, cooldown until 136159.29s"
136180.04,INFO,"Mister pulse started; ON until 136180.29s, cooldown until 136184.29s"
136219.01,INFO,"Mister pulse started; ON until 136219.26s, cooldown until 136223.26s"
136261.03,INFO,"Mister pulse started; ON until 136261.28s, cooldown until 136265.28s"
136300.02,INFO,"Mister pulse started; ON until 136300.27s, cooldown until 136304.27s"
136335.02,INFO,"Mister pulse started; ON until 136335.27s, cooldown until 136339.27s"
136356.04,INFO,"Mister pulse started; ON until 136356.29s, cooldown until 136360.29s"
136391.04,INFO,"Mister pulse started; ON until 136391.29s, cooldown until 136395.29s"
136411.02,INFO,"Mister pulse started; ON until 136411.27s, cooldown until 136415.27s"
136446.03,INFO,"Mister pulse started; ON until 136446.28s, cooldown until 136450.28s"
136465.02,INFO,"Mister pulse started; ON until 136465.27s, cooldown until 136469.27s"
136495.01,INFO,"Mister pulse started; ON until 136495.26s, cooldown until 136499.26s"
136518.03,INFO,"Mister pulse started; ON until 136518.28s, cooldown until 136522.28s"
136536.00,INFO,"Mister pulse started; ON until 136536.25s, cooldown until 136540.25s"
136565.03,INFO,"Mister pulse started; ON until 136565.28s, cooldown until 136569.28s"
136581.04,INFO,"Mister pulse started; ON until 136581.29s, cooldown until 136585.29s"
136600.05,INFO,"Mister pulse started; ON until 136600.30s, cooldown until 136604.30s"
136626.03,INFO,"Mister pulse started; ON until 136626.28s, cooldown until 136630.28s"
136664.03,INFO,"Mister pulse started; ON until 136664.28s, cooldown until 136668.28s"
136697.02,INFO,"Mister pulse started; ON until 136697.27s, cooldown until 136701.27s"
136730.02,INFO,"Mister pulse started; ON until 136730.27s, cooldown until 136734.27s"
136748.03,INFO,"Mister pulse started; ON until 136748.28s, cooldown until 136752.28s"
136770.03,INFO,"Mister pulse started; ON until 136770.28s, cooldown until 136774.28s"
136786.03,INFO,"Mister pulse started; ON until 136786.28s, cooldown until 136790.28s"
136816.03,INFO,"Mister pulse started; ON until 136816.28s, cooldown until 136820.28s"
136855.02,INFO,"Mister pulse started; ON until 136855.27s, cooldown until 136859.27s"
136890.01,INFO,"Mister pulse started; ON until 136890.26s, cooldown until 136894.26s"
136911.03,INFO,"Mister pulse started; ON until 136911.28s, cooldown until 136915.28s"
136949.03,INFO,"Mister pulse started; ON until 136949.28s, cooldown until 136953.28s"
136980.05,INFO,"Mister pulse started; ON until 136980.30s, cooldown until 136984.30s"
137006.01,INFO,"Mister pulse started; ON until 137006.26s, cooldown until 137010.26s"
137042.05,INFO,"Mister pulse started; ON until 137042.30s, cooldown until 137046.30s"
137062.03,INFO,"Mister pulse started; ON until 137062.28s, cooldown until 137066.28s"
137098.01,INFO,"Mister pulse started; ON until 137098.26s, cooldown until 137102.26s"
137137.04,INFO,"Mister pulse started; ON until 137137.29s, cooldown until 137141.29s"
137162.03,INFO,"Mister pulse started; ON until 137162.28s, cooldown until 137166.28s"
137189.03,INFO,"Mister pulse started; ON until 137189.28s, cooldown until 137193.28s"
137225.00,INFO,"Mister pulse started; ON until 137225.25s, cooldown until 137229.25s"
137254.01,INFO,"Mister pulse started; ON until 137254.26s, cooldown until 137258.26s"
137272.04,INFO,"Mister pulse started; ON until 137272.29s, cooldown until 137276.29s"
137291.05,INFO,"Mister pulse started; ON until 137291.30s, cooldown until 137295.30s"
137319.02,INFO,"Mister pulse started; ON until 137319.27s, cooldown until 137323.27s"
137341.03,INFO,"Mister pulse started; ON until 137341.28s, cooldown until 137345.28s"
137358.01,INFO,"Mister pulse started; ON until 137358.26s, cooldown until 137362.26s"
137378.03,INFO,"Mister pulse started; ON until 137378.28s, cooldown until 137382.28s"
137409.01,INFO,"Mister pulse started; ON until 137409.26s, cooldown until 137413.26s"
137440.03,INFO,"Mister pulse started; ON until 137440.28s, cooldown until 137444.28s"
137480.04,INFO,"Mister pulse started; ON until 137480.29s, cooldown until 137484.29s"
137509.01,INFO,"Mister pulse started; ON until 137509.26s, cooldown until 137513.26s"
137530.02,INFO,"Mister pulse started; ON until 137530.27s, cooldown until 137534.27s"
137565.03,INFO,"Mister pulse started; ON until 137565.28s, cooldown until 137569.28s"
137587.02,INFO,"Mister pulse started; ON until 137587.27s, cooldown until 137591.27s"
137604.01,INFO,"Mister pulse started; ON until 137604.26s, cooldown until 137608.26s"
137625.02,INFO,"Mister pulse started; ON until 137625.27s, cooldown until 137629.27s"
137661.00,INFO,"Mister pulse started; ON until 137661.25s, cooldown until 137665.25s"
137701.02,INFO,"Mister pulse started; ON until 137701.27s, cooldown until 137705.27s"
137727.04,INFO,"Mister pulse started; ON until 137727.29s, cooldown until 137731.29s"
137760.03,INFO,"Mister pulse started; ON until 137760.28s, cooldown until 137764.28s"
137793.01,INFO,"Mister pulse started; ON until 137793.26s, cooldown until 137797.26s"
137809.02,INFO,"Mister pulse started; ON until 137809.27s, cooldown until 137813.27s"
137827.03,INFO,"Mister pulse started; ON until 137827.28s, cooldown until 137831.28s"
137848.05,INFO,"Mister pulse started; ON until 137848.30s, cooldown until 137852.30s"
137887.03,INFO,"Mister pulse started; ON until 137887.28s, cooldown until 137891.28s"
137919.04,INFO,"Mister pulse started; ON until 137919.29s, cooldown until 137923.29s"
137953.01,INFO,"Mister pulse started; ON until 137953.26s, cooldown until 137957.26s"
137991.00,INFO,"Mister pulse started; ON until 137991.25s, cooldown until 137995.25s"
138009.01,INFO,"Mister pulse started; ON until 138009.26s, cooldown until 138013.26s"
138032.04,INFO,"Mister pulse started; ON until 138032.29s, cooldown until 138036.29s"
138050.01,INFO,"Mister pulse started; ON until 138050.26s, cooldown until 138054.26s"
138075.04,INFO,"Mister pulse started; ON until 138075.29s, cooldown until 138079.29s"
138102.00,INFO,"Mister pulse started; ON until 138102.25s, cooldown until 138106.25s"
138118.01,INFO,"Mister pulse started; ON until 138118.26s, cooldown until 138122.26s"
138134.01,INFO,"Mister pulse started; ON until 138134.26s, cooldown until 138138.26s"
138151.05,INFO,"Mister pulse started; ON until 138151.30s, cooldown until 138155.30s"
138169.01,INFO,"Mister pulse started; ON until 138169.26s, cooldown until 138173.26s"
138194.00,INFO,"Mister pulse started; ON until 138194.25s, cooldown until 138198.25s"
138222.02,INFO,"Mister pulse started; ON until 138222.27s, cooldown until 138226.27s"
138250.00,INFO,"Mister pulse started; ON until 138250.25s, cooldown until 138254.25s"
138285.04,INFO,"Mister pulse started; ON until 138285.29s, cooldown until 138289.29s"
138322.01,INFO,"Mister pulse started; ON until 138322.26s, cooldown until 138326.26s"
138354.01,INFO,"Mister pulse started; ON until 138354.26s, cooldown until 138358.26s"
138385.04,INFO,"Mister pulse started; ON until 138385.29s, cooldown until 138389.29s"
138414.01,INFO,"Mister pulse started; ON until 138414.26s, cooldown until 138418.26s"
138437.04,INFO,"Mister pulse started; ON until 138437.29s, cooldown until 138441.29s"
138453.04,INFO,"Mister pulse started; ON until 138453.29s, cooldown until 138457.29s"
138471.01,INFO,"Mister pulse started; ON until 138471.26s, cooldown until 138475.26s"
138499.05,INFO,"Mister pulse started; ON until 138499.30s, cooldown until 138503.30s"
138534.04,INFO,"Mister pulse started; ON until 138534.29s, cooldown until 138538.29s"
138560.02,INFO,"Mister pulse started; ON until 138560.27s, cooldown until 138564.27s"
138591.04,INFO,"Mister pulse started; ON until 138591.29s, cooldown until 138595.29s"
138620.01,INFO,"Mister pulse started; ON until 138620.26s, cooldown until 138624.26s"
138644.01,INFO,"Mister pulse started; ON until 138644.26s, cooldown until 138648.26s"
138665.02,INFO,"Mister pulse started; ON until 138665.27s, cooldown until 138669.27s"
138705.04,INFO,"Mister pulse started; ON until 138705.29s, cooldown until 138709.29s"
138741.03,INFO,"Mister pulse started; ON until 138741.28s, cooldown until 138745.28s"
138765.04,INFO,"Mister pulse started; ON until 138765.29s, cooldown until 138769.29s"
138788.02,INFO,"Mister pulse started; ON until 138788.27s, cooldown until 138792.27s"
138818.01,INFO,"Mister pulse started; ON until 138818.26s, cooldown until 138822.26s"
138841.04,INFO,"Mister pulse started; ON until 138841.29s, cooldown until 138845.29s"
138857.04,INFO,"Mister pulse started; ON until 138857.29s, cooldown until 138861.29s"
138872.02,INFO,"Mister pulse started; ON until 138872.27s, cooldown until 138876.27s"
138895.05,INFO,"Mister pulse started; ON until 138895.30s, cooldown until 138899.30s"
138934.04,INFO,"Mister pulse started; ON until 138934.29s, cooldown until 138938.29s"
138968.01,INFO,"Mister pulse started; ON until 138968.26s, cooldown until 138972.26s"
138989.02,INFO,"Mister pulse started; ON until 138989.27s, cooldown until 138993.27s"
139028.01,INFO,"Mister pulse started; ON until 139028.26s, cooldown until 139032.26s"
139061.05,INFO,"Mister pulse started; ON until 139061.30s, cooldown until 139065.30s"
139093.04,INFO,"Mister pulse started; ON until 139093.29s, cooldown until 139097.29s"
139136.04,INFO,"Mister pulse started; ON until 139136.29s, cooldown until 139140.29s"
139156.02,INFO,"Mister pulse started; ON until 139156.27s, cooldown until 139160.27s"
139190.05,INFO,"Mister pulse started; ON until 139190.30s, cooldown until 139194.30s"
139210.04,INFO,"Mister pulse started; ON until 139210.29s, cooldown until 139214.29s"
139242.05,INFO,"Mister pulse started; ON until 139242.30s, cooldown until 139246.30s"
139270.03,INFO,"Mister pulse started; ON until 139270.28s, cooldown until 139274.28s"
139291.04,INFO,"Mister pulse started; ON until 139291.29s, cooldown until 139295.29s"
139330.02,INFO,"Mister pulse started; ON until 139330.27s, cooldown until 139334.27s"
139363.01,INFO,"Mister pulse started; ON until 139363.26s, cooldown until 139367.26s"
139379.01,INFO,"Mister pulse started; ON until 139379.26s, cooldown until 139383.26s"
139398.01,INFO,"Mister pulse started; ON until 139398.26s, cooldown until 139402.26s"
139427.03,INFO,"Mister pulse started; ON until 139427.28s, cooldown until 139431.28s"
139446.03,INFO,"Mister pulse started; ON until 139446.28s, cooldown until 139450.28s"
139474.01,INFO,"Mister pulse started; ON until 139474.26s, cooldown until 139478.26s"
139490.02,INFO,"Mister pulse started; ON until 139490.27s, cooldown until 139494.27s"
139504.01,INFO,"Mister pulse started; ON until 139504.26s, cooldown until 139508.26s"
139536.02,INFO,"Mister pulse started; ON until 139536.27s, cooldown until 139540.27s"
139570.03,INFO,"Mister pulse started; ON until 139570.28s, cooldown until 139574.28s"
139587.02,INFO,"Mister pulse started; ON until 139587.27s, cooldown until 139591.27s"
139608.03,INFO,"Mister pulse started; ON until 139608.28s, cooldown until 139612.28s"
139648.05,INFO,"Mister pulse started; ON until 139648.30s, cooldown until 139652.30s"
139683.05,INFO,"Mister pulse started; ON until 139683.30s, cooldown until 139687.30s"
139705.04,INFO,"Mister pulse started; ON until 139705.29s, cooldown until 139709.29s"
139721.04,INFO,"Mister pulse started; ON until 139721.29s, cooldown until 139725.29s"
139740.04,INFO,"Mister pulse started; ON until 139740.29s, cooldown until 139744.29s"
139769.00,INFO,"Mister pulse started; ON until 139769.25s, cooldown until 139773.25s"
139789.03,INFO,"Mister pulse started; ON until 139789.28s, cooldown until 139793.28s"
139818.04,INFO,"Mister pulse started; ON until 139818.29s, cooldown until 139822.29s"
139839.05,INFO,"Mister pulse started; ON until 139839.30s, cooldown until 139843.30s"
139876.01,INFO,"Mister pulse started; ON until 139876.26s, cooldown until 139880.26s"
139907.03,INFO,"Mister pulse started; ON until 139907.28s, cooldown until 139911.28s"
139932.02,INFO,"Mister pulse started; ON until 139932.27s, cooldown until 139936.27s"
139969.03,INFO,"Mister pulse started; ON until 139969.28s, cooldown until 139973.28s"
139989.01,INFO,"Mister pulse started; ON until 139989.26s, cooldown until 139993.26s"
140027.05,INFO,"Mister pulse started; ON until 140027.30s, cooldown until 140031.30s"
140052.04,INFO,"Mister pulse started; ON until 140052.29s, cooldown until 140056.29s"
140082.02,INFO,"Mister pulse started; ON until 140082.27s, cooldown until 140086.27s"
140107.02,INFO,"Mister pulse started; ON until 140107.27s, cooldown until 140111.27s"
140135.00,INFO,"Mister pulse started; ON until 140135.25s, cooldown until 140139.25s"
140157.00,INFO,"Mister pulse started; ON until 140157.25s, cooldown until 140161.25s"
140174.04,INFO,"Mister pulse started; ON until 140174.29s, cooldown until 140178.29s"
140193.04,INFO,"Mister pulse started; ON until 140193.29s, cooldown until 140197.29s"
140226.04,INFO,"Mister pulse started; ON until 140226.29s, cooldown until 140230.29s"
140259.03,INFO,"Mister pulse started; ON until 140259.28s, cooldown until 140263.28s"
140293.01,INFO,"Mister pulse started; ON until 140293.26s, cooldown until 140297.26s"
140316.03,INFO,"Mister pulse started; ON until 140316.28s, cooldown until 140320.28s"
140331.01,INFO,"Mister pulse started; ON until 140331.26s, cooldown until 140335.26s"
140349.03,INFO,"Mister pulse started; ON until 140349.28s, cooldown until 140353.28s"
140373.03,INFO,"Mister pulse started; ON until 140373.28s, cooldown until 140377.28s"
140396.01,INFO,"Mister pulse started; ON until 140396.26s, cooldown until 140400.26s"
140417.02,INFO,"Mister pulse started; ON until 140417.27s, cooldown until 140421.27s"
140453.04,INFO,"Mister pulse started; ON until 140453.29s, cooldown until 140457.29s"
140474.01,INFO,"Mister pulse started; ON until 140474.26s, cooldown until 140478.26s"
140490.01,INFO,"Mister pulse started; ON until 140490.26s, cooldown until 140494.26s"
140508.02,INFO,"Mister pulse started; ON until 140508.27s, cooldown until 140512.27s"
140530.02,INFO,"Mister pulse started; ON until 140530.27s, cooldown until 140534.27s"
140551.03,INFO,"Mister pulse started; ON until 140551.28s, cooldown until 140555.28s"
140579.01,INFO,"Mister pulse started; ON until 140579.26s, cooldown until 140583.26s"
140599.05,INFO,"Mister pulse started; ON until 140599.30s, cooldown until 140603.30s"
140633.02,INFO,"Mister pulse started; ON until 140633.27s, cooldown until 140637.27s"
140649.03,INFO,"Mister pulse started; ON until 140649.28s, cooldown until 140653.28s"
140666.03,INFO,"Mister pulse started; ON until 140666.28s, cooldown until 140670.28s"
140686.01,INFO,"Mister pulse started; ON until 140686.26s, cooldown until 140690.26s"
140727.00,INFO,"Mister pulse started; ON until 140727.25s, cooldown until 140731.25s"
140745.03,INFO,"Mister pulse started; ON until 140745.28s, cooldown until 140749.28s"
140765.01,INFO,"Mister pulse started; ON until 140765.26s, cooldown until 140769.26s"
140800.01,INFO,"Mister pulse started; ON until 140800.26s, cooldown until 140804.26s"
140817.04,INFO,"Mister pulse started; ON until 140817.29s, cooldown until 140821.29s"
140841.05,INFO,"Mister pulse started; ON until 140841.30s, cooldown until 140845.30s"
140861.03,INFO,"Mister pulse started; ON until 140861.28s, cooldown until 140865.28s"
140903.05,INFO,"Mister pulse started; ON until 140903.30s, cooldown until 140907.30s"
140919.05,INFO,"Mister pulse started; ON until 140919.30s, cooldown until 140923.30s"
140935.00,INFO,"Mister pulse started; ON until 140935.25s, cooldown until 140939.25s"
140956.02,INFO,"Mister pulse started; ON until 140956.27s, cooldown until 140960.27s"
140991.02,INFO,"Mister pulse started; ON until 140991.27s, cooldown until 140995.27s"
141010.02,INFO,"Mister pulse started; ON until 141010.27s, cooldown until 141014.27s"
141042.04,INFO,"Mister pulse started; ON until 141042.29s, cooldown until 141046.29s"
141072.04,INFO,"Mister pulse started; ON until 141072.29s, cooldown until 141076.29s"
141097.03,INFO,"Mister pulse started; ON until 141097.28s, cooldown until 141101.28s"
141127.02,INFO,"Mister pulse started; ON until 141127.27s, cooldown until 141131.27s"
141155.05,INFO,"Mister pulse started; ON until 141155.30s, cooldown until 141159.30s"
141191.04,INFO,"Mister pulse started; ON until 141191.29s, cooldown until 141195.29s"
141216.02,INFO,"Mister pulse started; ON until 141216.27s, cooldown until 141220.27s"
141249.01,INFO,"Mister pulse started; ON until 141249.26s, cooldown until 141253.26s"
141285.04,INFO,"Mister pulse started; ON until 141285.29s, cooldown until 141289.29s"
141306.05,INFO,"Mister pulse started; ON until 141306.30s, cooldown until 141310.30s"
141343.02,INFO,"Mister pulse started; ON until 141343.27s, cooldown until 141347.27s"
141370.02,INFO,"Mister pulse started; ON until 141370.27s, cooldown until 141374.27s"
141386.03,INFO,"Mister pulse started; ON until 141386.28s, cooldown until 141390.28s"
141403.02,INFO,"Mister pulse started; ON until 141403.27s, cooldown until 141407.27s"
141428.01,INFO,"Mister pulse started; ON until 141428.26s, cooldown until 141432.26s"
141454.02,INFO,"Mister pulse started; ON until 141454.27s, cooldown until 141458.27s"
141487.01,INFO,"Mister pulse started; ON until 141487.26s, cooldown until 141491.26s"
141520.05,INFO,"Mister pulse started; ON until 141520.30s, cooldown until 141524.30s"
141552.01,INFO,"Mister pulse started; ON until 141552.26s, cooldown until 141556.26s"
141569.00,INFO,"Mister pulse started; ON until 141569.25s, cooldown until 141573.25s"
141589.04,INFO,"Mister pulse started; ON until 141589.29s, cooldown until 141593.29s"
141618.00,INFO,"Mister pulse started; ON until 141618.25s, cooldown until 141622.25s"
141645.05,INFO,"Mister pulse started; ON until 141645.30s, cooldown until 141649.30s"
141678.04,INFO,"Mister pulse started; ON until 141678.29s, cooldown until 141682.29s"
141712.01,INFO,"Mister pulse started; ON until 141712.26s, cooldown until 141716.26s"
141734.05,INFO,"Mister pulse started; ON until 141734.30s, cooldown until 141738.30s"
141771.02,INFO,"Mister pulse started; ON until 141771.27s, cooldown until 141775.27s"
141799.00,INFO,"Mister pulse started; ON until 141799.25s, cooldown until 141803.25s"
141820.01,INFO,"Mister pulse started; ON until 141820.26s, cooldown until 141824.26s"
141852.02,INFO,"Mister pulse started; ON until 141852.27s, cooldown until 141856.27s"
141886.03,INFO,"Mister pulse started; ON until 141886.28s, cooldown until 141890.28s"
141906.01,INFO,"Mister pulse started; ON until 141906.26s, cooldown until 141910.26s"
141939.05,INFO,"Mister pulse started; ON until 141939.30s, cooldown until 141943.30s"
141969.03,INFO,"Mister pulse started; ON until 141969.28s, cooldown until 141973.28s"
141996.04,INFO,"Mister pulse started; ON until 141996.29s, cooldown until 142000.29s"
142030.00,INFO,"Mister pulse started; ON until 142030.25s, cooldown until 142034.25s"
142052.05,INFO,"Mister pulse started; ON until 142052.30s, cooldown until 142056.30s"
142093.05,INFO,"Mister pulse started; ON until 142093.30s, cooldown until 142097.30s"
142111.02,INFO,"Mister pulse started; ON until 142111.27s, cooldown until 142115.27s"
142137.05,INFO,"Mister pulse started; ON until 142137.30s, cooldown until 142141.30s"
142166.02,INFO,"Mister pulse started; ON until 142166.27s, cooldown until 142170.27s"
142189.04,INFO,"Mister pulse started; ON until 142189.29s, cooldown until 142193.29s"
142214.03,INFO,"Mister pulse started; ON until 142214.28s, cooldown until 142218.28s"
142240.05,INFO,"Mister pulse started; ON until 142240.30s, cooldown until 142244.30s"
142267.05,INFO,"Mister pulse started; ON until 142267.30s, cooldown until 142271.30s"
142284.03,INFO,"Mister pulse started; ON until 142284.28s, cooldown until 142288.28s"
142308.04,INFO,"Mister pulse started; ON until 142308.29s, cooldown until 142312.29s"
142330.04,INFO,"Mister pulse started; ON until 142330.29s, cooldown until 142334.29s"
142344.03,INFO,"Mister pulse started; ON until 142344.28s, cooldown until 142348.28s"
142378.04,INFO,"Mister pulse started; ON until 142378.29s, cooldown until 142382.29s"
142397.04,INFO,"Mister pulse started; ON until 142397.29s, cooldown until 142401.29s"
142421.04,INFO,"Mister pulse started; ON until 142421.29s, cooldown until 142425.29s"
142448.05,INFO,"Mister pulse started; ON until 142448.30s, cooldown until 142452.30s"
142480.01,INFO,"Mister pulse started; ON until 142480.26s, cooldown until 142484.26s"
142494.00,INFO,"Mister pulse started; ON until 142494.25s, cooldown until 142498.25s"
142531.02,INFO,"Mister pulse started; ON until 142531.27s, cooldown until 142535.27s"
142559.02,INFO,"Mister pulse started; ON until 142559.27s, cooldown until 142563.27s"
142572.02,INFO,"Mister pulse started; ON until 142572.27s, cooldown until 142576.27s"
142608.01,INFO,"Mister pulse started; ON until 142608.26s, cooldown until 142612.26s"
142626.04,INFO,"Mister pulse started; ON until 142626.29s, cooldown until 142630.29s"
142652.01,INFO,"Mister pulse started; ON until 142652.26s, cooldown until 142656.26s"
142688.05,INFO,"Mister pulse started; ON until 142688.30s, cooldown until 142692.30s"
142707.05,INFO,"Mister pulse started; ON until 142707.30s, cooldown until 142711.30s"
142733.01,INFO,"Mister pulse started; ON until 142733.26s, cooldown until 142737.26s"
142751.03,INFO,"Mister pulse started; ON until 142751.28s, cooldown until 142755.28s"
142773.03,INFO,"Mister pulse started; ON until 142773.28s, cooldown until 142777.28s"
142791.04,INFO,"Mister pulse started; ON until 142791.29s, cooldown until 142795.29s"
142811.03,INFO,"Mister pulse started; ON until 142811.28s, cooldown until 142815.28s"
142851.04,INFO,"Mister pulse started; ON until 142851.29s, cooldown until 142855.29s"
142885.00,INFO,"Mister pulse started; ON until 142885.25s, cooldown until 142889.25s"
142907.05,INFO,"Mister pulse started; ON until 142907.30s, cooldown until 142911.30s"
142939.01,INFO,"Mister pulse started; ON until 142939.26s, cooldown until 142943.26s"
142955.01,INFO,"Mister pulse started; ON until 142955.26s, cooldown until 142959.26s"
142969.00,INFO,"Mister pulse started; ON until 142969.25s, cooldown until 142973.25s"
143010.04,INFO,"Mister pulse started; ON until 143010.29s, cooldown until 143014.29s"
143045.04,INFO,"Mister pulse started; ON until 143045.29s, cooldown until 143049.29s"
143067.03,INFO,"Mister pulse started; ON until 143067.28s, cooldown until 143071.28s"
143083.04,INFO,"Mister pulse started; ON until 143083.29s, cooldown until 143087.29s"
143098.02,INFO,"Mister pulse started; ON until 143098.27s, cooldown until 143102.27s"
143118.00,INFO,"Mister pulse started; ON until 143118.25s, cooldown until 143122.25s"
143148.04,INFO,"Mister pulse started; ON until 143148.29s, cooldown until 143152.29s"
143168.03,INFO,"Mister pulse started; ON until 143168.28s, cooldown until 143172.28s"
143201.01,INFO,"Mister pulse started; ON until 143201.26s, cooldown until 143205.26s"
143216.04,INFO,"Mister pulse started; ON until 143216.29s, cooldown until 143220.29s"
143252.02,INFO,"Mister pulse started; ON until 143252.27s, cooldown until 143256.27s"
143279.02,INFO,"Mister pulse started; ON until 143279.27s, cooldown until 143283.27s"
143314.01,INFO,"Mister pulse started; ON until 143314.26s, cooldown until 143318.26s"
143334.04,INFO,"Mister pulse started; ON until 143334.29s, cooldown until 143338.29s"
143364.04,INFO,"Mister pulse started; ON until 143364.29s, cooldown until 143368.29s"
143390.00,INFO,"Mister pulse started; ON until 143390.25s, cooldown until 143394.25s"
143422.01,INFO,"Mister pulse started; ON until 143422.26s, cooldown until 143426.26s"
143455.04,INFO,"Mister pulse started; ON until 143455.29s, cooldown until 143459.29s"
143487.05,INFO,"Mister pulse started; ON until 143487.30s, cooldown until 143491.30s"
143524.02,INFO,"Mister pulse started; ON until 143524.27s, cooldown until 143528.27s"
143557.01,INFO,"Mister pulse started; ON until 143557.26s, cooldown until 143561.26s"
143590.05,INFO,"Mister pulse started; ON until 143590.30s, cooldown until 143594.30s"
143624.02,INFO,"Mister pulse started; ON until 143624.27s, cooldown until 143628.27s"
143645.04,INFO,"Mister pulse started; ON until 143645.29s, cooldown until 143649.29s"
143681.03,INFO,"Mister pulse started; ON until 143681.28s, cooldown until 143685.28s"
143706.03,INFO,"Mister pulse started; ON until 143706.28s, cooldown until 143710.28s"
143739.01,INFO,"Mister pulse started; ON until 143739.26s, cooldown until 143743.26s"
143757.02,INFO,"Mister pulse started; ON until 143757.27s, cooldown until 143761.27s"
143785.05,INFO,"Mister pulse started; ON until 143785.30s, cooldown until 143789.30s"
143821.04,INFO,"Mister pulse started; ON until 143821.29s, cooldown until 143825.29s"
143844.01,INFO,"Mister pulse started; ON until 143844.26s, cooldown until 143848.26s"
143872.04,INFO,"Mister pulse started; ON until 143872.29s, cooldown until 143876.29s"
143905.03,INFO,"Mister pulse started; ON until 143905.28s, cooldown until 143909.28s"
143923.05,INFO,"Mister pulse started; ON until 143923.30s, cooldown until 143927.30s"
143944.00,INFO,"Mister pulse started; ON until 143944.25s, cooldown until 143948.25s"
143961.04,INFO,"Mister pulse started; ON until 143961.29s, cooldown until 143965.29s"
143978.03,INFO,"Mister pulse started; ON until 143978.28s, cooldown until 143982.28s"
143998.02,INFO,"Mister pulse started; ON until 143998.27s, cooldown until 144002.27s"
144036.01,INFO,"Mister pulse started; ON until 144036.26s, cooldown until 144040.26s"
144062.03,INFO,"Mister pulse started; ON until 144062.28s, cooldown until 144066.28s"
144097.02,INFO,"Mister pulse started; ON until 144097.27s, cooldown until 144101.27s"
144117.05,INFO,"Mister pulse started; ON until 144117.30s, cooldown until 144121.30s"
144150.04,INFO,"Mister pulse started; ON until 144150.29s, cooldown until 144154.29s"
144186.04,INFO,"Mister pulse started; ON until 144186.29s, cooldown until 144190.29s"
144208.03,INFO,"Mister pulse started; ON until 144208.28s, cooldown until 144212.28s"
144230.03,INFO,"Mister pulse started; ON until 144230.28s, cooldown until 144234.28s"
144245.05,INFO,"Mister pulse started; ON until 144245.30s, cooldown until 144249.30s"
144283.00,INFO,"Mister pulse started; ON until 144283.25s, cooldown until 144287.25s"
144314.03,INFO,"Mister pulse started; ON until 144314.28s, cooldown until 144318.28s"
144345.00,INFO,"Mister pulse started; ON until 144345.25s, cooldown until 144349.25s"
144380.05,INFO,"Mister pulse started; ON until 144380.30s, cooldown until 144384.30s"
144417.01,INFO,"Mister pulse started; ON until 144417.26s, cooldown until 144421.26s"
144443.04,INFO,"Mister pulse started; ON until 144443.29s, cooldown until 144447.29s"
144480.00,INFO,"Mister pulse started; ON until 144480.25s, cooldown until 144484.25s"
144510.04,INFO,"Mister pulse started; ON until 144510.29s, cooldown until 144514.29s"
144527.03,INFO,"Mister pulse started; ON until 144527.28s, cooldown until 144531.28s"
144552.02,INFO,"Mister pulse started; ON until 144552.27s, cooldown until 144556.27s"
144587.03,INFO,"Mister pulse started; ON until 144587.28s, cooldown until 144591.28s"
144601.02,INFO,"Mister pulse started; ON until 144601.27s, cooldown until 144605.27s"
144638.04,INFO,"Mister pulse started; ON until 144638.29s, cooldown until 144642.29s"
144664.01,INFO,"Mister pulse started; ON until 144664.26s, cooldown until 144668.26s"
144698.04,INFO,"Mister pulse started; ON until 144698.29s, cooldown until 144702.29s"
144712.03,INFO,"Mister pulse started; ON until 144712.28s, cooldown until 144716.28s"
144747.03,INFO,"Mister pulse started; ON until 144747.28s, cooldown until 144751.28s"
144767.02,INFO,"Mister pulse started; ON until 144767.27s, cooldown until 144771.27s"
144804.05,INFO,"Mister pulse started; ON until 144804.30s, cooldown until 144808.30s"
144826.04,INFO,"Mister pulse started; ON until 144826.29s, cooldown until 144830.29s"
144849.02,INFO,"Mister pulse started; ON until 144849.27s, cooldown until 144853.27s"
144870.04,INFO,"Mister pulse started; ON until 144870.29s, cooldown until 144874.29s"
144903.02,INFO,"Mister pulse started; ON until 144903.27s, cooldown until 144907.27s"
144911.02,INFO,"Mister pulse started; ON until 144911.27s, cooldown until 144915.27s"
144933.02,INFO,"Mister pulse started; ON until 144933.27s, cooldown until 144937.27s"
144966.01,INFO,"Mister pulse started; ON until 144966.26s, cooldown until 144970.26s"
144983.05,INFO,"Mister pulse started; ON until 144983.30s, cooldown until 144987.30s"
144998.03,INFO,"Mister pulse started; ON until 144998.28s, cooldown until 145002.28s"
145017.03,INFO,"Mister pulse started; ON until 145017.28s, cooldown until 145021.28s"
145041.04,INFO,"Mister pulse started; ON until 145041.29s, cooldown until 145045.29s"
145065.05,INFO,"Mister pulse started; ON until 145065.30s, cooldown until 145069.30s"
145089.02,INFO,"Mister pulse started; ON until 145089.27s, cooldown until 145093.27s"
145116.02,INFO,"Mister pulse started; ON until 145116.27s, cooldown until 145120.27s"
145134.04,INFO,"Mister pulse started; ON until 145134.29s, cooldown until 145138.29s"
145156.04,INFO,"Mister pulse started; ON until 145156.29s, cooldown until 145160.29s"
145172.04,INFO,"Mister pulse started; ON until 145172.29s, cooldown until 145176.29s"
145187.02,INFO,"Mister pulse started; ON until 145187.27s, cooldown until 145191.27s"
145204.00,INFO,"Mister pulse started; ON until 145204.25s, cooldown until 145208.25s"
145228.00,INFO,"Mister pulse started; ON until 145228.25s, cooldown until 145232.25s"
145249.02,INFO,"Mister pulse started; ON until 145249.27s, cooldown until 145253.27s"
145285.05,INFO,"Mister pulse started; ON until 145285.30s, cooldown until 145289.30s"
145304.05,INFO,"Mister pulse started; ON until 145304.30s, cooldown until 145308.30s"
145330.01,INFO,"Mister pulse started; ON until 145330.26s, cooldown until 145334.26s"
145345.04,INFO,"Mister pulse started; ON until 145345.29s, cooldown until 145349.29s"
145378.03,INFO,"Mister pulse started; ON until 145378.28s, cooldown until 145382.28s"
145392.02,INFO,"Mister pulse started; ON until 145392.27s, cooldown until 145396.27s"
145427.01,INFO,"Mister pulse started; ON until 145427.26s, cooldown until 145431.26s"
145448.02,INFO,"Mister pulse started; ON until 145448.27s, cooldown until 145452.27s"
145483.03,INFO,"Mister pulse started; ON until 145483.28s, cooldown until 145487.28s"
145501.05,INFO,"Mister pulse started; ON until 145501.30s, cooldown until 145505.30s"
145530.01,INFO,"Mister pulse started; ON until 145530.26s, cooldown until 145534.26s"
145546.02,INFO,"Mister pulse started; ON until 145546.27s, cooldown until 145550.27s"
145570.02,INFO,"Mister pulse started; ON until 145570.27s, cooldown until 145574.27s"
145589.02,INFO,"Mister pulse started; ON until 145589.27s, cooldown until 145593.27s"
145620.05,INFO,"Mister pulse started; ON until 145620.30s, cooldown until 145624.30s"
145642.04,INFO,"Mister pulse started; ON until 145642.29s, cooldown until 145646.29s"
145664.03,INFO,"Mister pulse started; ON until 145664.28s, cooldown until 145668.28s"
145681.01,INFO,"Mister pulse started; ON until 145681.26s, cooldown until 145685.26s"
145704.04,INFO,"Mister pulse started; ON until 145704.29s, cooldown until 145708.29s"
145719.01,INFO,"Mister pulse started; ON until 145719.26s, cooldown until 145723.26s"
145735.02,INFO,"Mister pulse started; ON until 145735.27s, cooldown until 145739.27s"
145752.01,INFO,"Mister pulse started; ON until 145752.26s, cooldown until 145756.26s"
145773.03,INFO,"Mister pulse started; ON until 145773.28s, cooldown until 145777.28s"
145804.01,INFO,"Mister pulse started; ON until 145804.26s, cooldown until 145808.26s"
145839.00,INFO,"Mister pulse started; ON until 145839.25s, cooldown until 145843.25s"
145856.04,INFO,"Mister pulse started; ON until 145856.29s, cooldown until 145860.29s"
145878.03,INFO,"Mister pulse started; ON until 145878.28s, cooldown until 145882.28s"
145891.04,INFO,"Mister pulse started; ON until 145891.29s, cooldown until 145895.29s"
145927.01,INFO,"Mister pulse started; ON until 145927.26s, cooldown until 145931.26s"
145944.00,INFO,"Mister pulse started; ON until 145944.25s, cooldown until 145948.25s"
145969.04,INFO,"Mister pulse started; ON until 145969.29s, cooldown until 145973.29s"
145994.03,INFO,"Mister pulse started; ON until 145994.28s, cooldown until 145998.28s"
146022.01,INFO,"Mister pulse started; ON until 146022.26s, cooldown until 146026.26s"
146042.05,INFO,"Mister pulse started; ON until 146042.30s, cooldown until 146046.30s"
146070.03,INFO,"Mister pulse started; ON until 146070.28s, cooldown until 146074.28s"
146091.05,INFO,"Mister pulse started; ON until 146091.30s, cooldown until 146095.30s"
146125.02,INFO,"Mister pulse started; ON until 146125.27s, cooldown until 146129.27s"
146145.00,INFO,"Mister pulse started; ON until 146145.25s, cooldown until 146149.25s"
146180.01,INFO,"Mister pulse started; ON until 146180.26s, cooldown until 146184.26s"
146198.03,INFO,"Mister pulse started; ON until 146198.28s, cooldown until 146202.28s"
146223.01,INFO,"Mister pulse started; ON until 146223.26s, cooldown until 146227.26s"
146251.05,INFO,"Mister pulse started; ON until 146251.30s, cooldown until 146255.30s"
146264.01,INFO,"Mister pulse started; ON until 146264.26s, cooldown until 146268.26s"
146298.03,INFO,"Mister pulse started; ON until 146298.28s, cooldown until 146302.28s"
146309.03,INFO,"Mister pulse started; ON until 146309.28s, cooldown until 146313.28s"
146337.01,INFO,"Mister pulse started; ON until 146337.26s, cooldown until 146341.26s"
146350.02,INFO,"Mister pulse started; ON until 146350.27s, cooldown until 146354.27s"
146384.04,INFO,"Mister pulse started; ON until 146384.29s, cooldown until 146388.29s"
146414.03,INFO,"Mister pulse started; ON until 146414.28s, cooldown until 146418.28s"
146439.02,INFO,"Mister pulse started; ON until 146439.27s, cooldown until 146443.27s"
146471.03,INFO,"Mister pulse started; ON until 146471.28s, cooldown until 146475.28s"
146506.03,INFO,"Mister pulse started; ON until 146506.28s, cooldown until 146510.28s"
146527.04,INFO,"Mister pulse started; ON until 146527.29s, cooldown until 146531.29s"
146560.02,INFO,"Mister pulse started; ON until 146560.27s, cooldown until 146564.27s"
146575.04,INFO,"Mister pulse started; ON until 146575.29s, cooldown until 146579.29s"
146606.03,INFO,"Mister pulse started; ON until 146606.28s, cooldown until 146610.28s"
146640.00,INFO,"Mister pulse started; ON until 146640.25s, cooldown until 146644.25s"
146658.03,INFO,"Mister pulse started; ON until 146658.28s, cooldown until 146662.28s"
146685.04,INFO,"Mister pulse started; ON until 146685.29s, cooldown until 146689.29s"
146716.00,INFO,"Mister pulse started; ON until 146716.25s, cooldown until 146720.25s"
146749.04,INFO,"Mister pulse started; ON until 146749.29s, cooldown until 146753.29s"
146783.01,INFO,"Mister pulse started; ON until 146783.26s, cooldown until 146787.26s"
146799.01,INFO,"Mister pulse started; ON until 146799.26s, cooldown until 146803.26s"
146818.00,INFO,"Mister pulse started; ON until 146818.25s, cooldown until 146822.25s"
146847.02,INFO,"Mister pulse started; ON until 146847.27s, cooldown until 146851.27s"
146867.00,INFO,"Mister pulse started; ON until 146867.25s, cooldown until 146871.25s"
146899.01,INFO,"Mister pulse started; ON until 146899.26s, cooldown until 146903.26s"
146928.02,INFO,"Mister pulse started; ON until 146928.27s, cooldown until 146932.27s"
146953.00,INFO,"Mister pulse started; ON until 146953.25s, cooldown until 146957.25s"
146981.03,INFO,"Mister pulse started; ON until 146981.28s, cooldown until 146985.28s"
146996.05,INFO,"Mister pulse started; ON until 146996.30s, cooldown until 147000.30s"
147031.04,INFO,"Mister pulse started; ON until 147031.29s, cooldown until 147035.29s"
147050.04,INFO,"Mister pulse started; ON until 147050.29s, cooldown until 147054.29s"
147076.01,INFO,"Mister pulse started; ON until 147076.26s, cooldown until 147080.26s"
147091.04,INFO,"Mister pulse started; ON until 147091.29s, cooldown until 147095.29s"
147125.01,INFO,"Mister pulse started; ON until 147125.26s, cooldown until 147129.26s"
147141.01,INFO,"Mister pulse started; ON until 147141.26s, cooldown until 147145.26s"
147162.02,INFO,"Mister pulse started; ON until 147162.27s, cooldown until 147166.27s"
147194.02,INFO,"Mister pulse started; ON until 147194.27s, cooldown until 147198.27s"
147226.03,INFO,"Mister pulse started; ON until 147226.28s, cooldown until 147230.28s"
147253.03,INFO,"Mister pulse started; ON until 147253.28s, cooldown until 147257.28s"
147274.04,INFO,"Mister pulse started; ON until 147274.29s, cooldown until 147278.29s"
147308.01,INFO,"Mister pulse started; ON until 147308.26s, cooldown until 147312.26s"
147324.01,INFO,"Mister pulse started; ON until 147324.26s, cooldown until 147328.26s"
147344.04,INFO,"Mister pulse started; ON until 147344.29s, cooldown until 147348.29s"
147374.03,INFO,"Mister pulse started; ON until 147374.28s, cooldown until 147378.28s"
147396.02,INFO,"Mister pulse started; ON until 147396.27s, cooldown until 147400.27s"
147417.03,INFO,"Mister pulse started; ON until 147417.28s, cooldown until 147421.28s"
147451.00,INFO,"Mister pulse started; ON until 147451.25s, cooldown until 147455.25s"
147469.02,INFO,"Mister pulse started; ON until 147469.27s, cooldown until 147473.27s"
147494.02,INFO,"Mister pulse started; ON until 147494.27s, cooldown until 147498.27s"
147522.05,INFO,"Mister pulse started; ON until 147522.30s, cooldown until 147526.30s"
147536.05,INFO,"Mister pulse started; ON until 147536.30s, cooldown until 147540.30s"
147566.04,INFO,"Mister pulse started; ON until 147566.29s, cooldown until 147570.29s"
147591.03,INFO,"Mister pulse started; ON until 147591.28s, cooldown until 147595.28s"
147625.04,INFO,"Mister pulse started; ON until 147625.29s, cooldown until 147629.29s"
147639.04,INFO,"Mister pulse started; ON until 147639.29s, cooldown until 147643.29s"
147674.04,INFO,"Mister pulse started; ON until 147674.29s, cooldown until 147678.29s"
147693.05,INFO,"Mister pulse started; ON until 147693.30s, cooldown until 147697.30s"
147720.05,INFO,"Mister pulse started; ON until 147720.30s, cooldown until 147724.30s"
147737.04,INFO,"Mister pulse started; ON until 147737.29s, cooldown until 147741.29s"
147755.00,INFO,"Mister pulse started; ON until 147755.25s, cooldown until 147759.25s"
147787.01,INFO,"Mister pulse started; ON until 147787.26s, cooldown until 147791.26s"
147810.03,INFO,"Mister pulse started; ON until 147810.28s, cooldown until 147814.28s"
147834.04,INFO,"Mister pulse started; ON until 147834.29s, cooldown until 147838.29s"
147857.02,INFO,"Mister pulse started; ON until 147857.27s, cooldown until 147861.27s"
147880.04,INFO,"Mister pulse started; ON until 147880.29s, cooldown until 147884.29s"
147901.05,INFO,"Mister pulse started; ON until 147901.30s, cooldown until 147905.30s"
147934.04,INFO,"Mister pulse started; ON until 147934.29s, cooldown until 147938.29s"
147942.04,INFO,"Mister pulse started; ON until 147942.29s, cooldown until 147946.29s"
147960.00,INFO,"Mister pulse started; ON until 147960.25s, cooldown until 147964.25s"
147985.04,INFO,"Mister pulse started; ON until 147985.29s, cooldown until 147989.29s"
148009.01,INFO,"Mister pulse started; ON until 148009.26s, cooldown until 148013.26s"
148033.01,INFO,"Mister pulse started; ON until 148033.26s, cooldown until 148037.26s"
148063.01,INFO,"Mister pulse started; ON until 148063.26s, cooldown until 148067.26s"
148086.03,INFO,"Mister pulse started; ON until 148086.28s, cooldown until 148090.28s"
148107.05,INFO,"Mister pulse started; ON until 148107.30s, cooldown until 148111.30s"
148139.00,INFO,"Mister pulse started; ON until 148139.25s, cooldown until 148143.25s"
148148.04,INFO,"Mister pulse started; ON until 148148.29s, cooldown until 148152.29s"
148169.00,INFO,"Mister pulse started; ON until 148169.25s, cooldown until 148173.25s"
148201.01,INFO,"Mister pulse started; ON until 148201.26s, cooldown until 148205.26s"
148230.02,INFO,"Mister pulse started; ON until 148230.27s, cooldown until 148234.27s"
148256.04,INFO,"Mister pulse started; ON until 148256.29s, cooldown until 148260.29s"
148281.02,INFO,"Mister pulse started; ON until 148281.27s, cooldown until 148285.27s"
148315.04,INFO,"Mister pulse started; ON until 148315.29s, cooldown until 148319.29s"
148328.05,INFO,"Mister pulse started; ON until 148328.30s, cooldown until 148332.30s"
148357.01,INFO,"Mister pulse started; ON until 148357.26s, cooldown until 148361.26s"
148381.02,INFO,"Mister pulse started; ON until 148381.27s, cooldown until 148385.27s"
148403.00,INFO,"Mister pulse started; ON until 148403.25s, cooldown until 148407.25s"
148421.02,INFO,"Mister pulse started; ON until 148421.27s, cooldown until 148425.27s"
148445.03,INFO,"Mister pulse started; ON until 148445.28s, cooldown until 148449.28s"
148468.01,INFO,"Mister pulse started; ON until 148468.26s, cooldown until 148472.26s"
148492.02,INFO,"Mister pulse started; ON until 148492.27s, cooldown until 148496.27s"
148514.01,INFO,"Mister pulse started; ON until 148514.26s, cooldown until 148518.26s"
148534.05,INFO,"Mister pulse started; ON until 148534.30s, cooldown until 148538.30s"
148563.02,INFO,"Mister pulse started; ON until 148563.27s, cooldown until 148567.27s"
148584.02,INFO,"Mister pulse started; ON until 148584.27s, cooldown until 148588.27s"
148597.03,INFO,"Mister pulse started; ON until 148597.28s, cooldown until 148601.28s"
148627.02,INFO,"Mister pulse started; ON until 148627.27s, cooldown until 148631.27s"
148649.02,INFO,"Mister pulse started; ON until 148649.27s, cooldown until 148653.27s"
148671.01,INFO,"Mister pulse started; ON until 148671.26s, cooldown until 148675.26s"
148684.02,INFO,"Mister pulse started; ON until 148684.27s, cooldown until 148688.27s"
148712.05,INFO,"Mister pulse started; ON until 148712.30s, cooldown until 148716.30s"
148725.01,INFO,"Mister pulse started; ON until 148725.26s, cooldown until 148729.26s"
148758.05,INFO,"Mister pulse started; ON until 148758.30s, cooldown until 148762.30s"
148787.01,INFO,"Mister pulse started; ON until 148787.26s, cooldown until 148791.26s"
148815.04,INFO,"Mister pulse started; ON until 148815.29s, cooldown until 148819.29s"
148831.04,INFO,"Mister pulse started; ON until 148831.29s, cooldown until 148835.29s"
148845.05,INFO,"Mister pulse started; ON until 148845.30s, cooldown until 148849.30s"
148878.04,INFO,"Mister pulse started; ON until 148878.29s, cooldown until 148882.29s"
148885.01,INFO,"Mister pulse started; ON until 148885.26s, cooldown until 148889.26s"
148906.02,INFO,"Mister pulse started; ON until 148906.27s, cooldown until 148910.27s"
148934.05,INFO,"Mister pulse started; ON until 148934.30s, cooldown until 148938.30s"
148946.03,INFO,"Mister pulse started; ON until 148946.28s, cooldown until 148950.28s"
148978.05,INFO,"Mister pulse started; ON until 148978.30s, cooldown until 148982.30s"
149002.01,INFO,"Mister pulse started; ON until 149002.26s, cooldown until 149006.26s"
149032.00,INFO,"Mister pulse started; ON until 149032.25s, cooldown until 149036.25s"
149057.04,INFO,"Mister pulse started; ON until 149057.29s, cooldown until 149061.29s"
149085.02,INFO,"Mister pulse started; ON until 149085.27s, cooldown until 149089.27s"
149103.04,INFO,"Mister pulse started; ON until 149103.29s, cooldown until 149107.29s"
149131.02,INFO,"Mister pulse started; ON until 149131.27s, cooldown until 149135.27s"
149137.02,INFO,"Mister pulse started; ON until 149137.27s, cooldown until 149141.27s"
149170.01,INFO,"Mister pulse started; ON until 149170.26s, cooldown until 149174.26s"
149185.03,INFO,"Mister pulse started; ON until 149185.28s, cooldown until 149189.28s"
149220.00,INFO,"Mister pulse started; ON until 149220.25s, cooldown until 149224.25s"
149239.01,INFO,"Mister pulse started; ON until 149239.26s, cooldown until 149243.26s"
149270.03,INFO,"Mister pulse started; ON until 149270.28s, cooldown until 149274.28s"
149296.05,INFO,"Mister pulse started; ON until 149296.30s, cooldown until 149300.30s"
149327.04,INFO,"Mister pulse started; ON until 149327.29s, cooldown until 149331.29s"
149359.05,INFO,"Mister pulse started; ON until 149359.30s, cooldown until 149363.30s"
149384.02,INFO,"Mister pulse started; ON until 149384.27s, cooldown until 149388.27s"
149400.03,INFO,"Mister pulse started; ON until 149400.28s, cooldown until 149404.28s"
149415.01,INFO,"Mister pulse started; ON until 149415.26s, cooldown until 149419.26s"
149432.05,INFO,"Mister pulse started; ON until 149432.30s, cooldown until 149436.30s"
149446.04,INFO,"Mister pulse started; ON until 149446.29s, cooldown until 149450.29s"
149478.00,INFO,"Mister pulse started; ON until 149478.25s, cooldown until 149482.25s"
149487.04,INFO,"Mister pulse started; ON until 149487.29s, cooldown until 149491.29s"
149505.00,INFO,"Mister pulse started; ON until 149505.25s, cooldown until 149509.25s"
149533.04,INFO,"Mister pulse started; ON until 149533.29s, cooldown until 149537.29s"
149560.03,INFO,"Mister pulse started; ON until 149560.28s, cooldown until 149564.28s"
149582.02,INFO,"Mister pulse started; ON until 149582.27s, cooldown until 149586.27s"
149597.05,INFO,"Mister pulse started; ON until 149597.30s, cooldown until 149601.30s"
149625.04,INFO,"Mister pulse started; ON until 149625.29s, cooldown until 149629.29s"
149650.03,INFO,"Mister pulse started; ON until 149650.28s, cooldown until 149654.28s"
149673.01,INFO,"Mister pulse started; ON until 149673.26s, cooldown until 149677.26s"
149698.05,INFO,"Mister pulse started; ON until 149698.30s, cooldown until 149702.30s"
149725.05,INFO,"Mister pulse started; ON until 149725.30s, cooldown until 149729.30s"
149735.02,INFO,"Mister pulse started; ON until 149735.27s, cooldown until 149739.27s"
149761.03,INFO,"Mister pulse started; ON until 149761.28s, cooldown until 149765.28s"
149788.04,INFO,"Mister pulse started; ON until 149788.29s, cooldown until 149792.29s"
149804.04,INFO,"Mister pulse started; ON until 149804.29s, cooldown until 149808.29s"
149816.02,INFO,"Mister pulse started; ON until 149816.27s, cooldown until 149820.27s"
149845.04,INFO,"Mister pulse started; ON until 149845.29s, cooldown until 149849.29s"
149861.04,INFO,"Mister pulse started; ON until 149861.29s, cooldown until 149865.29s"
149879.01,INFO,"Mister pulse started; ON until 149879.26s, cooldown until 149883.26s"
149909.00,INFO,"Mister pulse started; ON until 149909.25s, cooldown until 149913.25s"
149929.04,INFO,"Mister pulse started; ON until 149929.29s, cooldown until 149933.29s"
149962.02,INFO,"Mister pulse started; ON until 149962.27s, cooldown until 149966.27s"
149975.04,INFO,"Mister pulse started; ON until 149975.29s, cooldown until 149979.29s"
150003.02,INFO,"Mister pulse started; ON until 150003.27s, cooldown until 150007.27s"
150025.01,INFO,"Mister pulse started; ON until 150025.26s, cooldown until 150029.26s"
150037.03,INFO,"Mister pulse started; ON until 150037.28s, cooldown until 150041.28s"
150061.04,INFO,"Mister pulse started; ON until 150061.29s, cooldown until 150065.29s"
150084.01,INFO,"Mister pulse started; ON until 150084.26s, cooldown until 150088.26s"
150104.04,INFO,"Mister pulse started; ON until 150104.29s, cooldown until 150108.29s"
150136.05,INFO,"Mister pulse started; ON until 150136.30s, cooldown until 150140.30s"
150162.01,INFO,"Mister pulse started; ON until 150162.26s, cooldown until 150166.26s"
150187.01,INFO,"Mister pulse started; ON until 150187.26s, cooldown until 150191.26s"
150209.04,INFO,"Mister pulse started; ON until 150209.29s, cooldown until 150213.29s"
150222.05,INFO,"Mister pulse started; ON until 150222.30s, cooldown until 150226.30s"
150251.01,INFO,"Mister pulse started; ON until 150251.26s, cooldown until 150255.26s"
150272.03,INFO,"Mister pulse started; ON until 150272.28s, cooldown until 150276.28s"
150286.02,INFO,"Mister pulse started; ON until 150286.27s, cooldown until 150290.27s"
150319.01,INFO,"Mister pulse started; ON until 150319.26s, cooldown until 150323.26s"
150325.04,INFO,"Mister pulse started; ON until 150325.29s, cooldown until 150329.29s"
150357.05,INFO,"Mister pulse started; ON until 150357.30s, cooldown until 150361.30s"
150384.05,INFO,"Mister pulse started; ON until 150384.30s, cooldown until 150388.30s"
150396.03,INFO,"Mister pulse started; ON until 150396.28s, cooldown until 150400.28s"
150428.01,INFO,"Mister pulse started; ON until 150428.26s, cooldown until 150432.26s"
150455.01,INFO,"Mister pulse started; ON until 150455.26s, cooldown until 150459.26s"
150475.03,INFO,"Mister pulse started; ON until 150475.28s, cooldown until 150479.28s"
150503.02,INFO,"Mister pulse started; ON until 150503.27s, cooldown until 150507.27s"
150521.04,INFO,"Mister pulse started; ON until 150521.29s, cooldown until 150525.29s"
150540.04,INFO,"Mister pulse started; ON until 150540.29s, cooldown until 150544.29s"
150572.00,INFO,"Mister pulse started; ON until 150572.25s, cooldown until 150576.25s"
150586.04,INFO,"Mister pulse started; ON until 150586.29s, cooldown until 150590.29s"
150616.05,INFO,"Mister pulse started; ON until 150616.30s, cooldown until 150620.30s"
150637.00,INFO,"Mister pulse started; ON until 150637.25s, cooldown until 150641.25s"
150658.02,INFO,"Mister pulse started; ON until 150658.27s, cooldown until 150662.27s"
150692.04,INFO,"Mister pulse started; ON until 150692.29s, cooldown until 150696.29s"
150704.02,INFO,"Mister pulse started; ON until 150704.27s, cooldown until 150708.27s"
150728.02,INFO,"Mister pulse started; ON until 150728.27s, cooldown until 150732.27s"
150756.00,INFO,"Mister pulse started; ON until 150756.25s, cooldown until 150760.25s"
150772.01,INFO,"Mister pulse started; ON until 150772.26s, cooldown until 150776.26s"
150792.04,INFO,"Mister pulse started; ON until 150792.29s, cooldown until 150796.29s"
150814.03,INFO,"Mister pulse started; ON until 150814.28s, cooldown until 150818.28s"
150836.02,INFO,"Mister pulse started; ON until 150836.27s, cooldown until 150840.27s"
150853.00,INFO,"Mister pulse started; ON until 150853.25s, cooldown until 150857.25s"
150875.05,INFO,"Mister pulse started; ON until 150875.30s, cooldown until 150879.30s"
150889.04,INFO,"Mister pulse started; ON until 150889.29s, cooldown until 150893.29s"
150921.05,INFO,"Mister pulse started; ON until 150921.30s, cooldown until 150925.30s"
150953.05,INFO,"Mister pulse started; ON until 150953.30s, cooldown until 150957.30s"
150983.05,INFO,"Mister pulse started; ON until 150983.30s, cooldown until 150987.30s"
151007.05,INFO,"Mister pulse started; ON until 151007.30s, cooldown until 151011.30s"
151033.02,INFO,"Mister pulse started; ON until 151033.27s, cooldown until 151037.27s"
151046.03,INFO,"Mister pulse started; ON until 151046.28s, cooldown until 151050.28s"
151074.01,INFO,"Mister pulse started; ON until 151074.26s, cooldown until 151078.26s"
151092.03,INFO,"Mister pulse started; ON until 151092.28s, cooldown until 151096.28s"
151116.03,INFO,"Mister pulse started; ON until 151116.28s, cooldown until 151120.28s"
151138.02,INFO,"Mister pulse started; ON until 151138.27s, cooldown until 151142.27s"
151161.00,INFO,"Mister pulse started; ON until 151161.25s, cooldown until 151165.25s"
151178.03,INFO,"Mister pulse started; ON until 151178.28s, cooldown until 151182.28s"
151195.03,INFO,"Mister pulse started; ON until 151195.28s, cooldown until 151199.28s"
151219.04,INFO,"Mister pulse started; ON until 151219.29s, cooldown until 151223.29s"
151239.01,INFO,"Mister pulse started; ON until 151239.26s, cooldown until 151243.26s"
151250.01,INFO,"Mister pulse started; ON until 151250.26s, cooldown until 151254.26s"
151276.02,INFO,"Mister pulse started; ON until 151276.27s, cooldown until 151280.27s"
151304.05,INFO,"Mister pulse started; ON until 151304.30s, cooldown until 151308.30s"
151317.01,INFO,"Mister pulse started; ON until 151317.26s, cooldown until 151321.26s"
151350.01,INFO,"Mister pulse started; ON until 151350.26s, cooldown until 151354.26s"
151362.04,INFO,"Mister pulse started; ON until 151362.29s, cooldown until 151366.29s"
151385.02,INFO,"Mister pulse started; ON until 151385.27s, cooldown until 151389.27s"
151408.00,INFO,"Mister pulse started; ON until 151408.25s, cooldown until 151412.25s"
151428.04,INFO,"Mister pulse started; ON until 151428.29s, cooldown until 151432.29s"
151461.04,INFO,"Mister pulse started; ON until 151461.29s, cooldown until 151465.29s"
151467.04,INFO,"Mister pulse started; ON until 151467.29s, cooldown until 151471.29s"
151502.00,INFO,"Mister pulse started; ON until 151502.25s, cooldown until 151506.25s"
151529.05,INFO,"Mister pulse started; ON until 151529.30s, cooldown until 151533.30s"
151554.03,INFO,"Mister pulse started; ON until 151554.28s, cooldown until 151558.28s"
151587.02,INFO,"Mister pulse started; ON until 151587.27s, cooldown until 151591.27s"
151599.04,INFO,"Mister pulse started; ON until 151599.29s, cooldown until 151603.29s"
151623.05,INFO,"Mister pulse started; ON until 151623.30s, cooldown until 151627.30s"
151644.01,INFO,"Mister pulse started; ON until 151644.26s, cooldown until 151648.26s"
151663.02,INFO,"Mister pulse started; ON until 151663.27s, cooldown until 151667.27s"
151688.01,INFO,"Mister pulse started; ON until 151688.26s, cooldown until 151692.26s"
151717.01,INFO,"Mister pulse started; ON until 151717.26s, cooldown until 151721.26s"
151740.03,INFO,"Mister pulse started; ON until 151740.28s, cooldown until 151744.28s"
151759.03,INFO,"Mister pulse started; ON until 151759.28s, cooldown until 151763.28s"
151787.02,INFO,"Mister pulse started; ON until 151787.27s, cooldown until 151791.27s"
151806.02,INFO,"Mister pulse started; ON until 151806.27s, cooldown until 151810.27s"
151837.04,INFO,"Mister pulse started; ON until 151837.29s, cooldown until 151841.29s"
151858.01,INFO,"Mister pulse started; ON until 151858.26s, cooldown until 151862.26s"
151874.01,INFO,"Mister pulse started; ON until 151874.26s, cooldown until 151878.26s"
151892.03,INFO,"Mister pulse started; ON until 151892.28s, cooldown until 151896.28s"
151915.01,INFO,"Mister pulse started; ON until 151915.26s, cooldown until 151919.26s"
151938.05,INFO,"Mister pulse started; ON until 151938.30s, cooldown until 151942.30s"
151956.02,INFO,"Mister pulse started; ON until 151956.27s, cooldown until 151960.27s"
151983.02,INFO,"Mister pulse started; ON until 151983.27s, cooldown until 151987.27s"
151995.00,INFO,"Mister pulse started; ON until 151995.25s, cooldown until 151999.25s"
152025.01,INFO,"Mister pulse started; ON until 152025.26s, cooldown until 152029.26s"
152048.03,INFO,"Mister pulse started; ON until 152048.28s, cooldown until 152052.28s"
152068.02,INFO,"Mister pulse started; ON until 152068.27s, cooldown until 152072.27s"
152098.01,INFO,"Mister pulse started; ON until 152098.26s, cooldown until 152102.26s"
152126.04,INFO,"Mister pulse started; ON until 152126.29s, cooldown until 152130.29s"
152136.01,INFO,"Mister pulse started; ON until 152136.26s, cooldown until 152140.26s"
152160.01,INFO,"Mister pulse started; ON until 152160.26s, cooldown until 152164.26s"
152184.02,INFO,"Mister pulse started; ON until 152184.27s, cooldown until 152188.27s"
152206.01,INFO,"Mister pulse started; ON until 152206.26s, cooldown until 152210.26s"
152223.04,INFO,"Mister pulse started; ON until 152223.29s, cooldown until 152227.29s"
152242.00,INFO,"Mister pulse started; ON until 152242.25s, cooldown until 152246.25s"
152273.03,INFO,"Mister pulse started; ON until 152273.28s, cooldown until 152277.28s"
152297.04,INFO,"Mister pulse started; ON until 152297.29s, cooldown until 152301.29s"
152323.05,INFO,"Mister pulse started; ON until 152323.30s, cooldown until 152327.30s"
152356.04,INFO,"Mister pulse started; ON until 152356.29s, cooldown until 152360.29s"
152362.03,INFO,"Mister pulse started; ON until 152362.28s, cooldown until 152366.28s"
152399.02,INFO,"Mister pulse started; ON until 152399.27s, cooldown until 152403.27s"
152409.05,WARN,Slow log write/fsync: 13.26s
152422.38,ERROR,Watchdog tripped; outputs forced OFF
