time_from_start_s,level,message
745.01,INFO,"Mister pulse started; ON until 745.26s, cooldown until 749.26s"
817.04,INFO,"Mister pulse started; ON until 817.29s, cooldown until 821.29s"
879.00,INFO,"Mister pulse started; ON until 879.25s, cooldown until 883.25s"
939.04,INFO,"Mister pulse started; ON until 939.29s, cooldown until 943.29s"
1014.04,INFO,"Mister pulse started; ON until 1014.29s, cooldown until 1018.29s"
1052.05,INFO,"Mister pulse started; ON until 1052.30s, cooldown until 1056.30s"
1128.04,INFO,"Mister pulse started; ON until 1128.29s, cooldown until 1132.29s"
1181.01,INFO,"Mister pulse started; ON until 1181.26s, cooldown until 1185.26s"
1224.02,INFO,"Mister pulse started; ON until 1224.27s, cooldown until 1228.27s"
1282.01,INFO,"Mister pulse started; ON until 1282.26s, cooldown until 1286.26s"
1313.03,INFO,"Mister pulse started; ON until 1313.28s, cooldown until 1317.28s"
1374.04,INFO,"Mister pulse started; ON until 1374.29s, cooldown until 1378.29s"
1418.01,INFO,"Mister pulse started; ON until 1418.26s, cooldown until 1422.26s"
1449.04,INFO,"Mister pulse started; ON until 1449.29s, cooldown until 1453.29s"
1504.02,INFO,"Mister pulse started; ON until 1504.27s, cooldown until 1508.27s"
1559.01,INFO,"Mister pulse started; ON until 1559.26s, cooldown until 1563.26s"
1611.04,INFO,"Mister pulse started; ON until 1611.29s, cooldown until 1615.29s"
1642.02,INFO,"Mister pulse started; ON until 1642.27s, cooldown until 1646.27s"
1675.01,INFO,"Mister pulse started; ON until 1675.26s, cooldown until 1679.26s"
1710.01,INFO,"Mister pulse started; ON until 1710.26s, cooldown until 1714.26s"
1758.02,INFO,"Mister pulse started; ON until 1758.27s, cooldown until 1762.27s"
1806.03,INFO,"Mister pulse started; ON until 1806.28s, cooldown until 1810.28s"
1852.02,INFO,"Mister pulse started; ON until 1852.27s, cooldown until 1856.27s"
1891.04,INFO,"Mister pulse started; ON until 1891.29s, cooldown until 1895.29s"
1927.03,INFO,"Mister pulse started; ON until 1927.28s, cooldown until 1931.28s"
1950.00,INFO,"Mister pulse started; ON until 1950.25s, cooldown until 1954.25s"
1971.01,INFO,"Mister pulse started; ON until 1971.26s, cooldown until 1975.26s"
2010.05,INFO,"Mister pulse started; ON until 2010.30s, cooldown until 2014.30s"
2042.01,INFO,"Mister pulse started; ON until 2042.26s, cooldown until 2046.26s"
2077.00,INFO,"Mister pulse started; ON until 2077.25s, cooldown until 2081.25s"
2097.03,INFO,"Mister pulse started; ON until 2097.28s, cooldown until 2101.28s"
2130.03,INFO,"Mister pulse started; ON until 2130.28s, cooldown until 2134.28s"
2166.02,INFO,"Mister pulse started; ON until 2166.27s, cooldown until 2170.27s"
2193.02,INFO,"Mister pulse started; ON until 2193.27s, cooldown until 2197.27s"
2227.04,INFO,"Mister pulse started; ON until 2227.29s, cooldown until 2231.29s"
2266.01,INFO,"Mister pulse started; ON until 2266.26s, cooldown until 2270.26s"
2310.05,INFO,"Mister pulse started; ON until 2310.30s, cooldown until 2314.30s"
2336.03,INFO,"Mister pulse started; ON until 2336.28s, cooldown until 2340.28s"
2375.05,INFO,"Mister pulse started; ON until 2375.30s, cooldown until 2379.30s"
2408.04,INFO,"Mister pulse started; ON until 2408.29s, cooldown until 2412.29s"
2451.05,INFO,"Mister pulse started; ON until 2451.30s, cooldown until 2455.30s"
2474.02,INFO,"Mister pulse started; ON until 2474.27s, cooldown until 2478.27s"
2497.05,INFO,"Mister pulse started; ON until 2497.30s, cooldown until 2501.30s"
2539.01,INFO,"Mister pulse started; ON until 2539.26s, cooldown until 2543.26s"
2569.01,INFO,"Mister pulse started; ON until 2569.26s, cooldown until 2573.26s"
2589.05,INFO,"Mister pulse started; ON until 2589.30s, cooldown until 2593.30s"
2620.03,INFO,"Mister pulse started; ON until 2620.28s, cooldown until 2624.28s"
2651.00,INFO,"Mister pulse started; ON until 2651.25s, cooldown until 2655.25s"
2686.00,INFO,"Mister pulse started; ON until 2686.25s, cooldown until 2690.25s"
2729.04,INFO,"Mister pulse started; ON until 2729.29s, cooldown until 2733.29s"
2752.02,INFO,"Mister pulse started; ON until 2752.27s, cooldown until 2756.27s"
2775.05,INFO,"Mister pulse started; ON until 2775.30s, cooldown until 2779.30s"
2815.00,INFO,"Mister pulse started; ON until 2815.25s, cooldown until 2819.25s"
2839.01,INFO,"Mister pulse started; ON until 2839.26s, cooldown until 2843.26s"
2859.05,INFO,"Mister pulse started; ON until 2859.30s, cooldown until 2863.30s"
2891.00,INFO,"Mister pulse started; ON until 2891.25s, cooldown until 2895.25s"
2929.04,INFO,"Mister pulse started; ON until 2929.29s, cooldown until 2933.29s"
2958.05,INFO,"Mister pulse started; ON until 2958.30s, cooldown until 2962.30s"
3002.05,INFO,"Mister pulse started; ON until 3002.30s, cooldown until 3006.30s"
3035.04,INFO,"Mister pulse started; ON until 3035.29s, cooldown until 3039.29s"
3071.03,INFO,"Mister pulse started; ON until 3071.28s, cooldown until 3075.28s"
3100.04,INFO,"Mister pulse started; ON until 3100.29s, cooldown until 3104.29s"
3143.03,INFO,"Mister pulse started; ON until 3143.28s, cooldown until 3147.28s"
3170.03,INFO,"Mister pulse started; ON until 3170.28s, cooldown until 3174.28s"
3208.03,INFO,"Mister pulse started; ON until 3208.28s, cooldown until 3212.28s"
3242.00,INFO,"Mister pulse started; ON until 3242.25s, cooldown until 3246.25s"
3285.02,INFO,"Mister pulse started; ON until 3285.27s, cooldown until 3289.27s"
3309.03,INFO,"Mister pulse started; ON until 3309.28s, cooldown until 3313.28s"
3337.03,INFO,"Mister pulse started; ON until 3337.28s, cooldown until 3341.28s"
3381.02,INFO,"Mister pulse started; ON until 3381.27s, cooldown until 3385.27s"
3414.01,INFO,"Mister pulse started; ON until 3414.26s, cooldown until 3418.26s"
3452.01,INFO,"Mister pulse started; ON until 3452.26s, cooldown until 3456.26s"
3485.01,INFO,"Mister pulse started; ON until 3485.26s, cooldown until 3489.26s"
3520.01,INFO,"Mister pulse started; ON until 3520.26s, cooldown until 3524.26s"
3541.02,INFO,"Mister pulse started; ON until 3541.27s, cooldown until 3545.27s"
3579.03,INFO,"Mister pulse started; ON until 3579.28s, cooldown until 3583.28s"
3611.05,INFO,"Mister pulse started; ON until 3611.30s, cooldown until 3615.30s"
3646.01,INFO,"Mister pulse started; ON until 3646.26s, cooldown until 3650.26s"
3670.01,INFO,"Mister pulse started; ON until 3670.26s, cooldown until 3674.26s"
3689.01,INFO,"Mister pulse started; ON until 3689.26s, cooldown until 3693.26s"
3722.01,INFO,"Mister pulse started; ON until 3722.26s, cooldown until 3726.26s"
3757.01,INFO,"Mister pulse started; ON until 3757.26s, cooldown until 3761.26s"
3778.02,INFO,"Mister pulse started; ON until 3778.27s, cooldown until 3782.27s"
3816.02,INFO,"Mister pulse started; ON until 3816.27s, cooldown until 3820.27s"
3849.01,INFO,"Mister pulse started; ON until 3849.26s, cooldown until 3853.26s"
3886.02,INFO,"Mister pulse started; ON until 3886.27s, cooldown until 3890.27s"
3916.01,INFO,"Mister pulse started; ON until 3916.26s, cooldown until 3920.26s"
3937.02,INFO,"Mister pulse started; ON until 3937.27s, cooldown until 3941.27s"
3973.00,INFO,"Mister pulse started; ON until 3973.25s, cooldown until 3977.25s"
3999.03,INFO,"Mister pulse started; ON until 3999.28s, cooldown until 4003.28s"
4031.05,INFO,"Mister pulse started; ON until 4031.30s, cooldown until 4035.30s"
4065.03,INFO,"Mister pulse started; ON until 4065.28s, cooldown until 4069.28s"
4108.02,INFO,"Mister pulse started; ON until 4108.27s, cooldown until 4112.27s"
4137.04,INFO,"Mister pulse started; ON until 4137.29s, cooldown until 4141.29s"
4179.00,INFO,"Mister pulse started; ON until 4179.25s, cooldown until 4183.25s"
4206.00,INFO,"Mister pulse started; ON until 4206.25s, cooldown until 4210.25s"
4244.01,INFO,"Mister pulse started; ON until 4244.26s, cooldown until 4248.26s"
4279.00,INFO,"Mister pulse started; ON until 4279.25s, cooldown until 4283.25s"
4322.01,INFO,"Mister pulse started; ON until 4322.26s, cooldown until 4326.26s"
4348.02,INFO,"Mister pulse started; ON until 4348.27s, cooldown until 4352.27s"
4380.03,INFO,"Mister pulse started; ON until 4380.28s, cooldown until 4384.28s"
4411.00,INFO,"Mister pulse started; ON until 4411.25s, cooldown until 4415.25s"
4443.01,INFO,"Mister pulse started; ON until 4443.26s, cooldown until 4447.26s"
4477.04,INFO,"Mister pulse started; ON until 4477.29s, cooldown until 4481.29s"
4514.01,INFO,"Mister pulse started; ON until 4514.26s, cooldown until 4518.26s"
4543.02,INFO,"Mister pulse started; ON until 4543.27s, cooldown until 4547.27s"
4565.02,INFO,"Mister pulse started; ON until 4565.27s, cooldown until 4569.27s"
4608.03,INFO,"Mister pulse started; ON until 4608.28s, cooldown until 4612.28s"
4635.03,INFO,"Mister pulse started; ON until 4635.28s, cooldown until 4639.28s"
4673.03,INFO,"Mister pulse started; ON until 4673.28s, cooldown until 4677.28s"
4704.01,INFO,"Mister pulse started; ON until 4704.26s, cooldown until 4708.26s"
4737.04,INFO,"Mister pulse started; ON until 4737.29s, cooldown until 4741.29s"
4769.04,INFO,"Mister pulse started; ON until 4769.29s, cooldown until 4773.29s"
4801.04,INFO,"Mister pulse started; ON until 4801.29s, cooldown until 4805.29s"
4833.01,INFO,"Mister pulse started; ON until 4833.26s, cooldown until 4837.26s"
4870.02,INFO,"Mister pulse started; ON until 4870.27s, cooldown until 4874.27s"
4897.03,INFO,"Mister pulse started; ON until 4897.28s, cooldown until 4901.28s"
4934.04,INFO,"Mister pulse started; ON until 4934.29s, cooldown until 4938.29s"
4960.01,INFO,"Mister pulse started; ON until 4960.26s, cooldown until 4964.26s"
4996.04,INFO,"Mister pulse started; ON until 4996.29s, cooldown until 5000.29s"
5016.03,INFO,"Mister pulse started; ON until 5016.28s, cooldown until 5020.28s"
5055.00,INFO,"Mister pulse started; ON until 5055.25s, cooldown until 5059.25s"
5091.03,INFO,"Mister pulse started; ON until 5091.28s, cooldown until 5095.28s"
5112.04,INFO,"Mister pulse started; ON until 5112.29s, cooldown until 5116.29s"
5150.03,INFO,"Mister pulse started; ON until 5150.28s, cooldown until 5154.28s"
5182.04,INFO,"Mister pulse started; ON until 5182.29s, cooldown until 5186.29s"
5212.05,INFO,"Mister pulse started; ON until 5212.30s, cooldown until 5216.30s"
5238.02,INFO,"Mister pulse started; ON until 5238.27s, cooldown until 5242.27s"
5278.03,INFO,"Mister pulse started; ON until 5278.28s, cooldown until 5282.28s"
5312.00,INFO,"Mister pulse started; ON until 5312.25s, cooldown until 5316.25s"
5332.03,INFO,"Mister pulse started; ON until 5332.28s, cooldown until 5336.28s"
5363.05,INFO,"Mister pulse started; ON until 5363.30s, cooldown until 5367.30s"
5392.00,INFO,"Mister pulse started; ON until 5392.25s, cooldown until 5396.25s"
5411.05,INFO,"Mister pulse started; ON until 5411.30s, cooldown until 5415.30s"
5437.01,INFO,"Mister pulse started; ON until 5437.26s, cooldown until 5441.26s"
5474.02,INFO,"Mister pulse started; ON until 5474.27s, cooldown until 5478.27s"
5502.01,INFO,"Mister pulse started; ON until 5502.26s, cooldown until 5506.26s"
5541.04,INFO,"Mister pulse started; ON until 5541.29s, cooldown until 5545.29s"
5578.05,INFO,"Mister pulse started; ON until 5578.30s, cooldown until 5582.30s"
5604.02,INFO,"Mister pulse started; ON until 5604.27s, cooldown until 5608.27s"
5639.01,INFO,"Mister pulse started; ON until 5639.26s, cooldown until 5643.26s"
5660.02,INFO,"Mister pulse started; ON until 5660.27s, cooldown until 5664.27s"
5699.01,INFO,"Mister pulse started; ON until 5699.26s, cooldown until 5703.26s"
5735.03,INFO,"Mister pulse started; ON until 5735.28s, cooldown until 5739.28s"
5754.04,INFO,"Mister pulse started; ON until 5754.29s, cooldown until 5758.29s"
5785.03,INFO,"Mister pulse started; ON until 5785.28s, cooldown until 5789.28s"
5816.05,INFO,"Mister pulse started; ON until 5816.30s, cooldown until 5820.30s"
5843.01,INFO,"Mister pulse started; ON until 5843.26s, cooldown until 5847.26s"
5886.00,INFO,"Mister pulse started; ON until 5886.25s, cooldown until 5890.25s"
5912.03,INFO,"Mister pulse started; ON until 5912.28s, cooldown until 5916.28s"
5946.05,INFO,"Mister pulse started; ON until 5946.30s, cooldown until 5950.30s"
5981.03,INFO,"Mister pulse started; ON until 5981.28s, cooldown until 5985.28s"
6001.01,INFO,"Mister pulse started; ON until 6001.26s, cooldown until 6005.26s"
6038.01,INFO,"Mister pulse started; ON until 6038.26s, cooldown until 6042.26s"
6064.03,INFO,"Mister pulse started; ON until 6064.28s, cooldown until 6068.28s"
6096.03,INFO,"Mister pulse started; ON until 6096.28s, cooldown until 6100.28s"
6129.03,INFO,"Mister pulse started; ON until 6129.28s, cooldown until 6133.28s"
6166.04,INFO,"Mister pulse started; ON until 6166.29s, cooldown until 6170.29s"
6191.03,INFO,"Mister pulse started; ON until 6191.28s, cooldown until 6195.28s"
6223.04,INFO,"Mister pulse started; ON until 6223.29s, cooldown until 6227.29s"
6253.03,INFO,"Mister pulse started; ON until 6253.28s, cooldown until 6257.28s"
6280.03,INFO,"Mister pulse started; ON until 6280.28s, cooldown until 6284.28s"
6317.04,INFO,"Mister pulse started; ON until 6317.29s, cooldown until 6321.29s"
6344.05,INFO,"Mister pulse started; ON until 6344.30s, cooldown until 6348.30s"
6382.04,INFO,"Mister pulse started; ON until 6382.29s, cooldown until 6386.29s"
6416.02,INFO,"Mister pulse started; ON until 6416.27s, cooldown until 6420.27s"
6458.03,INFO,"Mister pulse started; ON until 6458.28s, cooldown until 6462.28s"
6478.01,INFO,"Mister pulse started; ON until 6478.26s, cooldown until 6482.26s"
6517.04,INFO,"Mister pulse started; ON until 6517.29s, cooldown until 6521.29s"
6549.04,INFO,"Mister pulse started; ON until 6549.29s, cooldown until 6553.29s"
6582.03,INFO,"Mister pulse started; ON until 6582.28s, cooldown until 6586.28s"
6619.04,INFO,"Mister pulse started; ON until 6619.29s, cooldown until 6623.29s"
6646.04,INFO,"Mister pulse started; ON until 6646.29s, cooldown until 6650.29s"
6684.04,INFO,"Mister pulse started; ON until 6684.29s, cooldown until 6688.29s"
6714.03,INFO,"Mister pulse started; ON until 6714.28s, cooldown until 6718.28s"
6741.03,INFO,"Mister pulse started; ON until 6741.28s, cooldown until 6745.28s"
6777.01,INFO,"Mister pulse started; ON until 6777.26s, cooldown until 6781.26s"
6804.01,INFO,"Mister pulse started; ON until 6804.26s, cooldown until 6808.26s"
6843.03,INFO,"Mister pulse started; ON until 6843.28s, cooldown until 6847.28s"
6875.04,INFO,"Mister pulse started; ON until 6875.29s, cooldown until 6879.29s"
6905.03,INFO,"Mister pulse started; ON until 6905.28s, cooldown until 6909.28s"
6933.02,INFO,"Mister pulse started; ON until 6933.27s, cooldown until 6937.27s"
6976.02,INFO,"Mister pulse started; ON until 6976.27s, cooldown until 6980.27s"
7002.04,INFO,"Mister pulse started; ON until 7002.29s, cooldown until 7006.29s"
7036.02,INFO,"Mister pulse started; ON until 7036.27s, cooldown until 7040.27s"
7079.02,INFO,"Mister pulse started; ON until 7079.27s, cooldown until 7083.27s"
7105.00,INFO,"Mister pulse started; ON until 7105.25s, cooldown until 7109.25s"
7143.01,INFO,"Mister pulse started; ON until 7143.26s, cooldown until 7147.26s"
7177.03,INFO,"Mister pulse started; ON until 7177.28s, cooldown until 7181.28s"
7215.03,INFO,"Mister pulse started; ON until 7215.28s, cooldown until 7219.28s"
7245.03,INFO,"Mister pulse started; ON until 7245.28s, cooldown until 7249.28s"
7270.02,INFO,"Mister pulse started; ON until 7270.27s, cooldown until 7274.27s"
7303.01,INFO,"Mister pulse started; ON until 7303.26s, cooldown until 7307.26s"
7343.02,INFO,"Mister pulse started; ON until 7343.27s, cooldown until 7347.27s"
7382.00,INFO,"Mister pulse started; ON until 7382.25s, cooldown until 7386.25s"
7419.02,INFO,"Mister pulse started; ON until 7419.27s, cooldown until 7423.27s"
7445.04,INFO,"Mister pulse started; ON until 7445.29s, cooldown until 7449.29s"
7476.02,INFO,"Mister pulse started; ON until 7476.27s, cooldown until 7480.27s"
7508.02,INFO,"Mister pulse started; ON until 7508.27s, cooldown until 7512.27s"
7541.01,INFO,"Mister pulse started; ON until 7541.26s, cooldown until 7545.26s"
7580.03,INFO,"Mister pulse started; ON until 7580.28s, cooldown until 7584.28s"
7616.02,INFO,"Mister pulse started; ON until 7616.27s, cooldown until 7620.27s"
7636.04,INFO,"Mister pulse started; ON until 7636.29s, cooldown until 7640.29s"
7667.01,INFO,"Mister pulse started; ON until 7667.26s, cooldown until 7671.26s"
7698.04,INFO,"Mister pulse started; ON until 7698.29s, cooldown until 7702.29s"
7724.00,INFO,"Mister pulse started; ON until 7724.25s, cooldown until 7728.25s"
7760.05,INFO,"Mister pulse started; ON until 7760.30s, cooldown until 7764.30s"
7782.05,INFO,"Mister pulse started; ON until 7782.30s, cooldown until 7786.30s"
7825.01,INFO,"Mister pulse started; ON until 7825.26s, cooldown until 7829.26s"
7857.02,INFO,"Mister pulse started; ON until 7857.27s, cooldown until 7861.27s"
7889.03,INFO,"Mister pulse started; ON until 7889.28s, cooldown until 7893.28s"
7921.03,INFO,"Mister pulse started; ON until 7921.28s, cooldown until 7925.28s"
7951.02,INFO,"Mister pulse started; ON until 7951.27s, cooldown until 7955.27s"
7979.01,INFO,"Mister pulse started; ON until 7979.26s, cooldown until 7983.26s"
8024.03,INFO,"Mister pulse started; ON until 8024.28s, cooldown until 8028.28s"
8057.02,INFO,"Mister pulse started; ON until 8057.27s, cooldown until 8061.27s"
8095.02,INFO,"Mister pulse started; ON until 8095.27s, cooldown until 8099.27s"
8127.01,INFO,"Mister pulse started; ON until 8127.26s, cooldown until 8131.26s"
8160.01,INFO,"Mister pulse started; ON until 8160.26s, cooldown until 8164.26s"
8197.03,INFO,"Mister pulse started; ON until 8197.28s, cooldown until 8201.28s"
8225.02,INFO,"Mister pulse started; ON until 8225.27s, cooldown until 8229.27s"
8268.02,INFO,"Mister pulse started; ON until 8268.27s, cooldown until 8272.27s"
8296.03,INFO,"Mister pulse started; ON until 8296.28s, cooldown until 8300.28s"
8333.04,INFO,"Mister pulse started; ON until 8333.29s, cooldown until 8337.29s"
8359.01,INFO,"Mister pulse started; ON until 8359.26s, cooldown until 8363.26s"
8397.05,INFO,"Mister pulse started; ON until 8397.30s, cooldown until 8401.30s"
8425.03,INFO,"Mister pulse started; ON until 8425.28s, cooldown until 8429.28s"
8470.05,INFO,"Mister pulse started; ON until 8470.30s, cooldown until 8474.30s"
8503.04,INFO,"Mister pulse started; ON until 8503.29s, cooldown until 8507.29s"
8541.03,INFO,"Mister pulse started; ON until 8541.28s, cooldown until 8545.28s"
8576.03,INFO,"Mister pulse started; ON until 8576.28s, cooldown until 8580.28s"
8616.04,INFO,"Mister pulse started; ON until 8616.29s, cooldown until 8620.29s"
8663.03,INFO,"Mister pulse started; ON until 8663.28s, cooldown until 8667.28s"
8709.03,INFO,"Mister pulse started; ON until 8709.28s, cooldown until 8713.28s"
8750.02,INFO,"Mister pulse started; ON until 8750.27s, cooldown until 8754.27s"
8792.04,INFO,"Mister pulse started; ON until 8792.29s, cooldown until 8796.29s"
8814.04,INFO,"Mister pulse started; ON until 8814.29s, cooldown until 8818.29s"
8858.02,INFO,"Mister pulse started; ON until 8858.27s, cooldown until 8862.27s"
8891.01,INFO,"Mister pulse started; ON until 8891.26s, cooldown until 8895.26s"
8933.03,INFO,"Mister pulse started; ON until 8933.28s, cooldown until 8937.28s"
8977.01,INFO,"Mister pulse started; ON until 8977.26s, cooldown until 8981.26s"
9011.03,INFO,"Mister pulse started; ON until 9011.28s, cooldown until 9015.28s"
9050.02,INFO,"Mister pulse started; ON until 9050.27s, cooldown until 9054.27s"
9086.05,INFO,"Mister pulse started; ON until 9086.30s, cooldown until 9090.30s"
9106.03,INFO,"Mister pulse started; ON until 9106.28s, cooldown until 9110.28s"
9145.01,INFO,"Mister pulse started; ON until 9145.26s, cooldown until 9149.26s"
9186.04,INFO,"Mister pulse started; ON until 9186.29s, cooldown until 9190.29s"
9224.04,INFO,"Mister pulse started; ON until 9224.29s, cooldown until 9228.29s"
9258.02,INFO,"Mister pulse started; ON until 9258.27s, cooldown until 9262.27s"
9301.01,INFO,"Mister pulse started; ON until 9301.26s, cooldown until 9305.26s"
9329.04,INFO,"Mister pulse started; ON until 9329.29s, cooldown until 9333.29s"
9368.02,INFO,"Mister pulse started; ON until 9368.27s, cooldown until 9372.27s"
9408.04,INFO,"Mister pulse started; ON until 9408.29s, cooldown until 9412.29s"
9444.02,INFO,"Mister pulse started; ON until 9444.27s, cooldown until 9448.27s"
9473.04,INFO,"Mister pulse started; ON until 9473.29s, cooldown until 9477.29s"
9517.01,INFO,"Mister pulse started; ON until 9517.26s, cooldown until 9521.26s"
9550.01,INFO,"Mister pulse started; ON until 9550.26s, cooldown until 9554.26s"
9588.04,INFO,"Mister pulse started; ON until 9588.29s, cooldown until 9592.29s"
9617.05,INFO,"Mister pulse started; ON until 9617.30s, cooldown until 9621.30s"
9664.03,INFO,"Mister pulse started; ON until 9664.28s, cooldown until 9668.28s"
9710.03,INFO,"Mister pulse started; ON until 9710.28s, cooldown until 9714.28s"
9752.04,INFO,"Mister pulse started; ON until 9752.29s, cooldown until 9756.29s"
9800.00,INFO,"Mister pulse started; ON until 9800.25s, cooldown until 9804.25s"
9819.00,INFO,"Mister pulse started; ON until 9819.25s, cooldown until 9823.25s"
9854.01,INFO,"Mister pulse started; ON until 9854.26s, cooldown until 9858.26s"
9902.04,INFO,"Mister pulse started; ON until 9902.29s, cooldown until 9906.29s"
9947.05,INFO,"Mister pulse started; ON until 9947.30s, cooldown until 9951.30s"
9982.05,INFO,"Mister pulse started; ON until 9982.30s, cooldown until 9986.30s"
10029.02,INFO,"Mister pulse started; ON until 10029.27s, cooldown until 10033.27s"
10075.03,INFO,"Mister pulse started; ON until 10075.28s, cooldown until 10079.28s"
10114.02,INFO,"Mister pulse started; ON until 10114.27s, cooldown until 10118.27s"
10157.02,INFO,"Mister pulse started; ON until 10157.27s, cooldown until 10161.27s"
10182.00,INFO,"Mister pulse started; ON until 10182.25s, cooldown until 10186.25s"
10212.05,INFO,"Mister pulse started; ON until 10212.30s, cooldown until 10216.30s"
10256.03,INFO,"Mister pulse started; ON until 10256.28s, cooldown until 10260.28s"
10291.04,INFO,"Mister pulse started; ON until 10291.29s, cooldown until 10295.29s"
10338.03,INFO,"Mister pulse started; ON until 10338.28s, cooldown until 10342.28s"
10388.01,INFO,"Mister pulse started; ON until 10388.26s, cooldown until 10392.26s"
10416.04,INFO,"Mister pulse started; ON until 10416.29s, cooldown until 10420.29s"
10459.04,INFO,"Mister pulse started; ON until 10459.29s, cooldown until 10463.29s"
10480.00,INFO,"Mister pulse started; ON until 10480.25s, cooldown until 10484.25s"
10527.03,INFO,"Mister pulse started; ON until 10527.28s, cooldown until 10531.28s"
10567.05,INFO,"Mister pulse started; ON until 10567.30s, cooldown until 10571.30s"
10607.01,INFO,"Mister pulse started; ON until 10607.26s, cooldown until 10611.26s"
10654.03,INFO,"Mister pulse started; ON until 10654.28s, cooldown until 10658.28s"
10694.05,INFO,"Mister pulse started; ON until 10694.30s, cooldown until 10698.30s"
10735.04,INFO,"Mister pulse started; ON until 10735.29s, cooldown until 10739.29s"
10783.04,INFO,"Mister pulse started; ON until 10783.29s, cooldown until 10787.29s"
10828.01,INFO,"Mister pulse started; ON until 10828.26s, cooldown until 10832.26s"
10868.03,INFO,"Mister pulse started; ON until 10868.28s, cooldown until 10872.28s"
10908.04,INFO,"Mister pulse started; ON until 10908.29s, cooldown until 10912.29s"
10950.02,INFO,"Mister pulse started; ON until 10950.27s, cooldown until 10954.27s"
10970.00,INFO,"Mister pulse started; ON until 10970.25s, cooldown until 10974.25s"
11012.02,INFO,"Mister pulse started; ON until 11012.27s, cooldown until 11016.27s"
11059.01,INFO,"Mister pulse started; ON until 11059.26s, cooldown until 11063.26s"
11104.02,INFO,"Mister pulse started; ON until 11104.27s, cooldown until 11108.27s"
11140.00,INFO,"Mister pulse started; ON until 11140.25s, cooldown until 11144.25s"
11161.03,INFO,"Mister pulse started; ON until 11161.28s, cooldown until 11165.28s"
11202.02,INFO,"Mister pulse started; ON until 11202.27s, cooldown until 11206.27s"
11225.05,INFO,"Mister pulse started; ON until 11225.30s, cooldown until 11229.30s"
11273.01,INFO,"Mister pulse started; ON until 11273.26s, cooldown until 11277.26s"
11297.02,INFO,"Mister pulse started; ON until 11297.27s, cooldown until 11301.27s"
11320.04,INFO,"Mister pulse started; ON until 11320.29s, cooldown until 11324.29s"
11367.03,INFO,"Mister pulse started; ON until 11367.28s, cooldown until 11371.28s"
11413.02,INFO,"Mister pulse started; ON until 11413.27s, cooldown until 11417.27s"
11456.02,INFO,"Mister pulse started; ON until 11456.27s, cooldown until 11460.27s"
11480.04,INFO,"Mister pulse started; ON until 11480.29s, cooldown until 11484.29s"
11505.03,INFO,"Mister pulse started; ON until 11505.28s, cooldown until 11509.28s"
11537.04,INFO,"Mister pulse started; ON until 11537.29s, cooldown until 11541.29s"
11567.03,INFO,"Mister pulse started; ON until 11567.28s, cooldown until 11571.28s"
11589.03,INFO,"Mister pulse started; ON until 11589.28s, cooldown until 11593.28s"
11636.05,INFO,"Mister pulse started; ON until 11636.30s, cooldown until 11640.30s"
11679.04,INFO,"Mister pulse started; ON until 11679.29s, cooldown until 11683.29s"
11703.05,INFO,"Mister pulse started; ON until 11703.30s, cooldown until 11707.30s"
11727.05,INFO,"Mister pulse started; ON until 11727.30s, cooldown until 11731.30s"
11748.02,INFO,"Mister pulse started; ON until 11748.27s, cooldown until 11752.27s"
11799.02,INFO,"Mister pulse started; ON until 11799.27s, cooldown until 11803.27s"
11832.02,INFO,"Mister pulse started; ON until 11832.27s, cooldown until 11836.27s"
11869.03,INFO,"Mister pulse started; ON until 11869.28s, cooldown until 11873.28s"
11893.04,INFO,"Mister pulse started; ON until 11893.29s, cooldown until 11897.29s"
11920.05,INFO,"Mister pulse started; ON until 11920.30s, cooldown until 11924.30s"
11959.03,INFO,"Mister pulse started; ON until 11959.28s, cooldown until 11963.28s"
11994.03,INFO,"Mister pulse started; ON until 11994.28s, cooldown until 11998.28s"
12048.04,INFO,"Mister pulse started; ON until 12048.29s, cooldown until 12052.29s"
12091.00,INFO,"Mister pulse started; ON until 12091.25s, cooldown until 12095.25s"
12123.02,INFO,"Mister pulse started; ON until 12123.27s, cooldown until 12127.27s"
12154.00,INFO,"Mister pulse started; ON until 12154.25s, cooldown until 12158.25s"
12184.00,INFO,"Mister pulse started; ON until 12184.25s, cooldown until 12188.25s"
12208.01,INFO,"Mister pulse started; ON until 12208.26s, cooldown until 12212.26s"
12230.01,INFO,"Mister pulse started; ON until 12230.26s, cooldown until 12234.26s"
12284.05,INFO,"Mister pulse started; ON until 12284.30s, cooldown until 12288.30s"
12321.01,INFO,"Mister pulse started; ON until 12321.26s, cooldown until 12325.26s"
12351.00,INFO,"Mister pulse started; ON until 12351.25s, cooldown until 12355.25s"
12376.04,INFO,"Mister pulse started; ON until 12376.29s, cooldown until 12380.29s"
12402.01,INFO,"Mister pulse started; ON until 12402.26s, cooldown until 12406.26s"
12437.01,INFO,"Mister pulse started; ON until 12437.26s, cooldown until 12441.26s"
12482.03,INFO,"Mister pulse started; ON until 12482.28s, cooldown until 12486.28s"
12518.01,INFO,"Mister pulse started; ON until 12518.26s, cooldown until 12522.26s"
12542.01,INFO,"Mister pulse started; ON until 12542.26s, cooldown until 12546.26s"
12562.05,INFO,"Mister pulse started; ON until 12562.30s, cooldown until 12566.30s"
12603.04,INFO,"Mister pulse started; ON until 12603.29s, cooldown until 12607.29s"
12644.02,INFO,"Mister pulse started; ON until 12644.27s, cooldown until 12648.27s"
12692.03,INFO,"Mister pulse started; ON until 12692.28s, cooldown until 12696.28s"
12739.00,INFO,"Mister pulse started; ON until 12739.25s, cooldown until 12743.25s"
12786.03,INFO,"Mister pulse started; ON until 12786.28s, cooldown until 12790.28s"
12829.03,INFO,"Mister pulse started; ON until 12829.28s, cooldown until 12833.28s"
12855.05,INFO,"Mister pulse started; ON until 12855.30s, cooldown until 12859.30s"
12887.00,INFO,"Mister pulse started; ON until 12887.25s, cooldown until 12891.25s"
12926.03,INFO,"Mister pulse started; ON until 12926.28s, cooldown until 12930.28s"
12959.01,INFO,"Mister pulse started; ON until 12959.26s, cooldown until 12963.26s"
12998.04,INFO,"Mister pulse started; ON until 12998.29s, cooldown until 13002.29s"
13028.03,INFO,"Mister pulse started; ON until 13028.28s, cooldown until 13032.28s"
13055.03,INFO,"Mister pulse started; ON until 13055.28s, cooldown until 13059.28s"
13095.04,INFO,"Mister pulse started; ON until 13095.29s, cooldown until 13099.29s"
13130.04,INFO,"Mister pulse started; ON until 13130.29s, cooldown until 13134.29s"
13181.05,INFO,"Mister pulse started; ON until 13181.30s, cooldown until 13185.30s"
13214.04,INFO,"Mister pulse started; ON until 13214.29s, cooldown until 13218.29s"
13253.01,INFO,"Mister pulse started; ON until 13253.26s, cooldown until 13257.26s"
13292.04,INFO,"Mister pulse started; ON until 13292.29s, cooldown until 13296.29s"
13327.05,INFO,"Mister pulse started; ON until 13327.30s, cooldown until 13331.30s"
13370.04,INFO,"Mister pulse started; ON until 13370.29s, cooldown until 13374.29s"
13396.02,INFO,"Mister pulse started; ON until 13396.27s, cooldown until 13400.27s"
13434.03,INFO,"Mister pulse started; ON until 13434.28s, cooldown until 13438.28s"
13469.03,INFO,"Mister pulse started; ON until 13469.28s, cooldown until 13473.28s"
13512.02,INFO,"Mister pulse started; ON until 13512.27s, cooldown until 13516.27s"
13537.05,INFO,"Mister pulse started; ON until 13537.30s, cooldown until 13541.30s"
13562.03,INFO,"Mister pulse started; ON until 13562.28s, cooldown until 13566.28s"
13590.02,INFO,"Mister pulse started; ON until 13590.27s, cooldown until 13594.27s"
13639.00,INFO,"Mister pulse started; ON until 13639.25s, cooldown until 13643.25s"
13665.03,INFO,"Mister pulse started; ON until 13665.28s, cooldown until 13669.28s"
13696.01,INFO,"Mister pulse started; ON until 13696.26s, cooldown until 13700.26s"
13727.03,INFO,"Mister pulse started; ON until 13727.28s, cooldown until 13731.28s"
13753.05,INFO,"Mister pulse started; ON until 13753.30s, cooldown until 13757.30s"
13785.00,INFO,"Mister pulse started; ON until 13785.25s, cooldown until 13789.25s"
13823.04,INFO,"Mister pulse started; ON until 13823.29s, cooldown until 13827.29s"
13850.04,INFO,"Mister pulse started; ON until 13850.29s, cooldown until 13854.29s"
13884.01,INFO,"Mister pulse started; ON until 13884.26s, cooldown until 13888.26s"
13937.01,INFO,"Mister pulse started; ON until 13937.26s, cooldown until 13941.26s"
13976.04,INFO,"Mister pulse started; ON until 13976.29s, cooldown until 13980.29s"
14004.02,INFO,"Mister pulse started; ON until 14004.27s, cooldown until 14008.27s"
14059.05,INFO,"Mister pulse started; ON until 14059.30s, cooldown until 14063.30s"
14104.00,INFO,"Mister pulse started; ON until 14104.25s, cooldown until 14108.25s"
14141.03,INFO,"Mister pulse started; ON until 14141.28s, cooldown until 14145.28s"
14167.04,INFO,"Mister pulse started; ON until 14167.29s, cooldown until 14171.29s"
14200.03,INFO,"Mister pulse started; ON until 14200.28s, cooldown until 14204.28s"
14239.05,INFO,"Mister pulse started; ON until 14239.30s, cooldown until 14243.30s"
14272.04,INFO,"Mister pulse started; ON until 14272.29s, cooldown until 14276.29s"
14311.01,INFO,"Mister pulse started; ON until 14311.26s, cooldown until 14315.26s"
14348.02,INFO,"Mister pulse started; ON until 14348.27s, cooldown until 14352.27s"
14374.04,INFO,"Mister pulse started; ON until 14374.29s, cooldown until 14378.29s"
14404.03,INFO,"Mister pulse started; ON until 14404.28s, cooldown until 14408.28s"
14431.03,INFO,"Mister pulse started; ON until 14431.28s, cooldown until 14435.28s"
14469.03,INFO,"Mister pulse started; ON until 14469.28s, cooldown until 14473.28s"
14501.04,INFO,"Mister pulse started; ON until 14501.29s, cooldown until 14505.29s"
14534.02,INFO,"Mister pulse started; ON until 14534.27s, cooldown until 14538.27s"
14573.00,INFO,"Mister pulse started; ON until 14573.25s, cooldown until 14577.25s"
14611.04,INFO,"Mister pulse started; ON until 14611.29s, cooldown until 14615.29s"
14635.00,INFO,"Mister pulse started; ON until 14635.25s, cooldown until 14639.25s"
14665.04,INFO,"Mister pulse started; ON until 14665.29s, cooldown until 14669.29s"
14723.01,INFO,"Mister pulse started; ON until 14723.26s, cooldown until 14727.26s"
14756.00,INFO,"Mister pulse started; ON until 14756.25s, cooldown until 14760.25s"
14791.04,INFO,"Mister pulse started; ON until 14791.29s, cooldown until 14795.29s"
14837.04,INFO,"Mister pulse started; ON until 14837.29s, cooldown until 14841.29s"
14875.04,INFO,"Mister pulse started; ON until 14875.29s, cooldown until 14879.29s"
14910.04,INFO,"Mister pulse started; ON until 14910.29s, cooldown until 14914.29s"
14957.02,INFO,"Mister pulse started; ON until 14957.27s, cooldown until 14961.27s"
15002.04,INFO,"Mister pulse started; ON until 15002.29s, cooldown until 15006.29s"
15036.00,INFO,"Mister pulse started; ON until 15036.25s, cooldown until 15040.25s"
15083.04,INFO,"Mister pulse started; ON until 15083.29s, cooldown until 15087.29s"
15122.02,INFO,"Mister pulse started; ON until 15122.27s, cooldown until 15126.27s"
15163.02,INFO,"Mister pulse started; ON until 15163.27s, cooldown until 15167.27s"
15214.02,INFO,"Mister pulse started; ON until 15214.27s, cooldown until 15218.27s"
15239.00,INFO,"Mister pulse started; ON until 15239.25s, cooldown until 15243.25s"
15272.04,INFO,"Mister pulse started; ON until 15272.29s, cooldown until 15276.29s"
15305.04,INFO,"Mister pulse started; ON until 15305.29s, cooldown until 15309.29s"
15347.02,INFO,"Mister pulse started; ON until 15347.27s, cooldown until 15351.27s"
15402.01,INFO,"Mister pulse started; ON until 15402.26s, cooldown until 15406.26s"
15455.02,INFO,"Mister pulse started; ON until 15455.27s, cooldown until 15459.27s"
15495.03,INFO,"Mister pulse started; ON until 15495.28s, cooldown until 15499.28s"
15534.02,INFO,"Mister pulse started; ON until 15534.27s, cooldown until 15538.27s"
15574.03,INFO,"Mister pulse started; ON until 15574.28s, cooldown until 15578.28s"
15614.03,INFO,"Mister pulse started; ON until 15614.28s, cooldown until 15618.28s"
15655.02,INFO,"Mister pulse started; ON until 15655.27s, cooldown until 15659.27s"
15703.02,INFO,"Mister pulse started; ON until 15703.27s, cooldown until 15707.27s"
15748.04,INFO,"Mister pulse started; ON until 15748.29s, cooldown until 15752.29s"
15780.04,INFO,"Mister pulse started; ON until 15780.29s, cooldown until 15784.29s"
15812.04,INFO,"Mister pulse started; ON until 15812.29s, cooldown until 15816.29s"
15843.02,INFO,"Mister pulse started; ON until 15843.27s, cooldown until 15847.27s"
15877.05,INFO,"Mister pulse started; ON until 15877.30s, cooldown until 15881.30s"
15917.00,INFO,"Mister pulse started; ON until 15917.25s, cooldown until 15921.25s"
15960.05,INFO,"Mister pulse started; ON until 15960.30s, cooldown until 15964.30s"
16015.02,INFO,"Mister pulse started; ON until 16015.27s, cooldown until 16019.27s"
16066.02,INFO,"Mister pulse started; ON until 16066.27s, cooldown until 16070.27s"
16102.02,INFO,"Mister pulse started; ON until 16102.27s, cooldown until 16106.27s"
16155.03,INFO,"Mister pulse started; ON until 16155.28s, cooldown until 16159.28s"
16197.05,INFO,"Mister pulse started; ON until 16197.30s, cooldown until 16201.30s"
16243.05,INFO,"Mister pulse started; ON until 16243.30s, cooldown until 16247.30s"
16279.03,INFO,"Mister pulse started; ON until 16279.28s, cooldown until 16283.28s"
16305.05,INFO,"Mister pulse started; ON until 16305.30s, cooldown until 16309.30s"
16338.04,INFO,"Mister pulse started; ON until 16338.29s, cooldown until 16342.29s"
16377.03,INFO,"Mister pulse started; ON until 16377.28s, cooldown until 16381.28s"
16415.03,INFO,"Mister pulse started; ON until 16415.28s, cooldown until 16419.28s"
16449.05,INFO,"Mister pulse started; ON until 16449.30s, cooldown until 16453.30s"
16489.01,INFO,"Mister pulse started; ON until 16489.26s, cooldown until 16493.26s"
16531.04,INFO,"Mister pulse started; ON until 16531.29s, cooldown until 16535.29s"
16580.04,INFO,"Mister pulse started; ON until 16580.29s, cooldown until 16584.29s"
16608.03,INFO,"Mister pulse started; ON until 16608.28s, cooldown until 16612.28s"
16653.04,INFO,"Mister pulse started; ON until 16653.29s, cooldown until 16657.29s"
16688.01,INFO,"Mister pulse started; ON until 16688.26s, cooldown until 16692.26s"
16738.04,INFO,"Mister pulse started; ON until 16738.29s, cooldown until 16742.29s"
16761.02,INFO,"Mister pulse started; ON until 16761.27s, cooldown until 16765.27s"
16788.02,INFO,"Mister pulse started; ON until 16788.27s, cooldown until 16792.27s"
16827.00,INFO,"Mister pulse started; ON until 16827.25s, cooldown until 16831.25s"
16866.03,INFO,"Mister pulse started; ON until 16866.28s, cooldown until 16870.28s"
16899.01,INFO,"Mister pulse started; ON until 16899.26s, cooldown until 16903.26s"
16944.03,INFO,"Mister pulse started; ON until 16944.28s, cooldown until 16948.28s"
16976.05,INFO,"Mister pulse started; ON until 16976.30s, cooldown until 16980.30s"
17006.04,INFO,"Mister pulse started; ON until 17006.29s, cooldown until 17010.29s"
17032.01,INFO,"Mister pulse started; ON until 17032.26s, cooldown until 17036.26s"
17071.03,INFO,"Mister pulse started; ON until 17071.28s, cooldown until 17075.28s"
17103.04,INFO,"Mister pulse started; ON until 17103.29s, cooldown until 17107.29s"
17135.01,INFO,"Mister pulse started; ON until 17135.26s, cooldown until 17139.26s"
17171.05,INFO,"Mister pulse started; ON until 17171.30s, cooldown until 17175.30s"
17220.03,INFO,"Mister pulse started; ON until 17220.28s, cooldown until 17224.28s"
17247.04,INFO,"Mister pulse started; ON until 17247.29s, cooldown until 17251.29s"
17286.02,INFO,"Mister pulse started; ON until 17286.27s, cooldown until 17290.27s"
17322.01,INFO,"Mister pulse started; ON until 17322.26s, cooldown until 17326.26s"
17347.00,INFO,"Mister pulse started; ON until 17347.25s, cooldown until 17351.25s"
17381.04,INFO,"Mister pulse started; ON until 17381.29s, cooldown until 17385.29s"
17417.01,INFO,"Mister pulse started; ON until 17417.26s, cooldown until 17421.26s"
17441.02,INFO,"Mister pulse started; ON until 17441.27s, cooldown until 17445.27s"
17466.05,INFO,"Mister pulse started; ON until 17466.30s, cooldown until 17470.30s"
17492.01,INFO,"Mister pulse started; ON until 17492.26s, cooldown until 17496.26s"
17529.02,INFO,"Mister pulse started; ON until 17529.27s, cooldown until 17533.27s"
17555.04,INFO,"Mister pulse started; ON until 17555.29s, cooldown until 17559.29s"
17586.02,INFO,"Mister pulse started; ON until 17586.27s, cooldown until 17590.27s"
17617.04,INFO,"Mister pulse started; ON until 17617.29s, cooldown until 17621.29s"
17643.01,INFO,"Mister pulse started; ON until 17643.26s, cooldown until 17647.26s"
17679.04,INFO,"Mister pulse started; ON until 17679.29s, cooldown until 17683.29s"
17730.05,INFO,"Mister pulse started; ON until 17730.30s, cooldown until 17734.30s"
17763.04,INFO,"Mister pulse started; ON until 17763.29s, cooldown until 17767.29s"
17803.00,INFO,"Mister pulse started; ON until 17803.25s, cooldown until 17807.25s"
17850.04,INFO,"Mister pulse started; ON until 17850.29s, cooldown until 17854.29s"
17889.01,INFO,"Mister pulse started; ON until 17889.26s, cooldown until 17893.26s"
17931.04,INFO,"Mister pulse started; ON until 17931.29s, cooldown until 17935.29s"
17976.00,INFO,"Mister pulse started; ON until 17976.25s, cooldown until 17980.25s"
18015.03,INFO,"Mister pulse started; ON until 18015.28s, cooldown until 18019.28s"
18048.02,INFO,"Mister pulse started; ON until 18048.27s, cooldown until 18052.27s"
18088.02,INFO,"Mister pulse started; ON until 18088.27s, cooldown until 18092.27s"
18125.04,INFO,"Mister pulse started; ON until 18125.29s, cooldown until 18129.29s"
18151.01,INFO,"Mister pulse started; ON until 18151.26s, cooldown until 18155.26s"
18192.05,INFO,"Mister pulse started; ON until 18192.30s, cooldown until 18196.30s"
18231.02,INFO,"Mister pulse started; ON until 18231.27s, cooldown until 18235.27s"
18269.01,INFO,"Mister pulse started; ON until 18269.26s, cooldown until 18273.26s"
18303.04,INFO,"Mister pulse started; ON until 18303.29s, cooldown until 18307.29s"
18342.02,INFO,"Mister pulse started; ON until 18342.27s, cooldown until 18346.27s"
18382.04,INFO,"Mister pulse started; ON until 18382.29s, cooldown until 18386.29s"
18421.02,INFO,"Mister pulse started; ON until 18421.27s, cooldown until 18425.27s"
18460.01,INFO,"Mister pulse started; ON until 18460.26s, cooldown until 18464.26s"
18499.04,INFO,"Mister pulse started; ON until 18499.29s, cooldown until 18503.29s"
18533.01,INFO,"Mister pulse started; ON until 18533.26s, cooldown until 18537.26s"
18577.04,INFO,"Mister pulse started; ON until 18577.29s, cooldown until 18581.29s"
18600.02,INFO,"Mister pulse started; ON until 18600.27s, cooldown until 18604.27s"
18626.04,INFO,"Mister pulse started; ON until 18626.29s, cooldown until 18630.29s"
18660.05,INFO,"Mister pulse started; ON until 18660.30s, cooldown until 18664.30s"
18712.03,INFO,"Mister pulse started; ON until 18712.28s, cooldown until 18716.28s"
18750.03,INFO,"Mister pulse started; ON until 18750.28s, cooldown until 18754.28s"
18783.02,INFO,"Mister pulse started; ON until 18783.27s, cooldown until 18787.27s"
18824.02,INFO,"Mister pulse started; ON until 18824.27s, cooldown until 18828.27s"
18869.04,INFO,"Mister pulse started; ON until 18869.29s, cooldown until 18873.29s"
18904.05,INFO,"Mister pulse started; ON until 18904.30s, cooldown until 18908.30s"
18949.02,INFO,"Mister pulse started; ON until 18949.27s, cooldown until 18953.27s"
18990.02,INFO,"Mister pulse started; ON until 18990.27s, cooldown until 18994.27s"
19034.01,INFO,"Mister pulse started; ON until 19034.26s, cooldown until 19038.26s"
19070.00,INFO,"Mister pulse started; ON until 19070.25s, cooldown until 19074.25s"
19120.03,INFO,"Mister pulse started; ON until 19120.28s, cooldown until 19124.28s"
19147.04,INFO,"Mister pulse started; ON until 19147.29s, cooldown until 19151.29s"
19186.01,INFO,"Mister pulse started; ON until 19186.26s, cooldown until 19190.26s"
19225.04,INFO,"Mister pulse started; ON until 19225.29s, cooldown until 19229.29s"
19261.02,INFO,"Mister pulse started; ON until 19261.27s, cooldown until 19265.27s"
19309.04,INFO,"Mister pulse started; ON until 19309.29s, cooldown until 19313.29s"
19360.04,INFO,"Mister pulse started; ON until 19360.29s, cooldown until 19364.29s"
19391.02,INFO,"Mister pulse started; ON until 19391.27s, cooldown until 19395.27s"
19425.05,INFO,"Mister pulse started; ON until 19425.30s, cooldown until 19429.30s"
19468.05,INFO,"Mister pulse started; ON until 19468.30s, cooldown until 19472.30s"
19517.03,INFO,"Mister pulse started; ON until 19517.28s, cooldown until 19521.28s"
19541.03,INFO,"Mister pulse started; ON until 19541.28s, cooldown until 19545.28s"
19568.04,INFO,"Mister pulse started; ON until 19568.29s, cooldown until 19572.29s"
19606.02,INFO,"Mister pulse started; ON until 19606.27s, cooldown until 19610.27s"
19636.02,INFO,"Mister pulse started; ON until 19636.27s, cooldown until 19640.27s"
19666.03,INFO,"Mister pulse started; ON until 19666.28s, cooldown until 19670.28s"
19721.01,INFO,"Mister pulse started; ON until 19721.26s, cooldown until 19725.26s"
19773.04,INFO,"Mister pulse started; ON until 19773.29s, cooldown until 19777.29s"
19809.02,INFO,"Mister pulse started; ON until 19809.27s, cooldown until 19813.27s"
19861.02,INFO,"Mister pulse started; ON until 19861.27s, cooldown until 19865.27s"
19902.00,INFO,"Mister pulse started; ON until 19902.25s, cooldown until 19906.25s"
19948.00,INFO,"Mister pulse started; ON until 19948.25s, cooldown until 19952.25s"
19986.04,INFO,"Mister pulse started; ON until 19986.29s, cooldown until 19990.29s"
20013.04,INFO,"Mister pulse started; ON until 20013.29s, cooldown until 20017.29s"
20050.01,INFO,"Mister pulse started; ON until 20050.26s, cooldown until 20054.26s"
20081.03,INFO,"Mister pulse started; ON until 20081.28s, cooldown until 20085.28s"
20107.00,INFO,"Mister pulse started; ON until 20107.25s, cooldown until 20111.25s"
20143.04,INFO,"Mister pulse started; ON until 20143.29s, cooldown until 20147.29s"
20193.01,INFO,"Mister pulse started; ON until 20193.26s, cooldown until 20197.26s"
20228.02,INFO,"Mister pulse started; ON until 20228.27s, cooldown until 20232.27s"
20275.00,INFO,"Mister pulse started; ON until 20275.25s, cooldown until 20279.25s"
20321.00,INFO,"Mister pulse started; ON until 20321.25s, cooldown until 20325.25s"
20359.05,INFO,"Mister pulse started; ON until 20359.30s, cooldown until 20363.30s"
20383.01,INFO,"Mister pulse started; ON until 20383.26s, cooldown until 20387.26s"
20416.04,INFO,"Mister pulse started; ON until 20416.29s, cooldown until 20420.29s"
20447.01,INFO,"Mister pulse started; ON until 20447.26s, cooldown until 20451.26s"
20478.04,INFO,"Mister pulse started; ON until 20478.29s, cooldown until 20482.29s"
20505.04,INFO,"Mister pulse started; ON until 20505.29s, cooldown until 20509.29s"
20544.02,INFO,"Mister pulse started; ON until 20544.27s, cooldown until 20548.27s"
20587.04,INFO,"Mister pulse started; ON until 20587.29s, cooldown until 20591.29s"
20636.03,INFO,"Mister pulse started; ON until 20636.28s, cooldown until 20640.28s"
20661.02,INFO,"Mister pulse started; ON until 20661.27s, cooldown until 20665.27s"
20691.02,INFO,"Mister pulse started; ON until 20691.27s, cooldown until 20695.27s"
20716.05,INFO,"Mister pulse started; ON until 20716.30s, cooldown until 20720.30s"
20741.04,INFO,"Mister pulse started; ON until 20741.29s, cooldown until 20745.29s"
20775.01,INFO,"Mister pulse started; ON until 20775.26s, cooldown until 20779.26s"
20822.04,INFO,"Mister pulse started; ON until 20822.29s, cooldown until 20826.29s"
20858.02,INFO,"Mister pulse started; ON until 20858.27s, cooldown until 20862.27s"
20882.03,INFO,"Mister pulse started; ON until 20882.28s, cooldown until 20886.28s"
20908.05,INFO,"Mister pulse started; ON until 20908.30s, cooldown until 20912.30s"
20939.02,INFO,"Mister pulse started; ON until 20939.27s, cooldown until 20943.27s"
20970.04,INFO,"Mister pulse started; ON until 20970.29s, cooldown until 20974.29s"
20994.04,INFO,"Mister pulse started; ON until 20994.29s, cooldown until 20998.29s"
21020.01,INFO,"Mister pulse started; ON until 21020.26s, cooldown until 21024.26s"
21060.02,INFO,"Mister pulse started; ON until 21060.27s, cooldown until 21064.27s"
21100.02,INFO,"Mister pulse started; ON until 21100.27s, cooldown until 21104.27s"
21137.04,INFO,"Mister pulse started; ON until 21137.29s, cooldown until 21141.29s"
21160.01,INFO,"Mister pulse started; ON until 21160.26s, cooldown until 21164.26s"
21186.04,INFO,"Mister pulse started; ON until 21186.29s, cooldown until 21190.29s"
21220.00,INFO,"Mister pulse started; ON until 21220.25s, cooldown until 21224.25s"
21263.00,INFO,"Mister pulse started; ON until 21263.25s, cooldown until 21267.25s"
21289.02,INFO,"Mister pulse started; ON until 21289.27s, cooldown until 21293.27s"
21321.03,INFO,"Mister pulse started; ON until 21321.28s, cooldown until 21325.28s"
21354.02,INFO,"Mister pulse started; ON until 21354.27s, cooldown until 21358.27s"
21394.02,INFO,"Mister pulse started; ON until 21394.27s, cooldown until 21398.27s"
21430.05,INFO,"Mister pulse started; ON until 21430.30s, cooldown until 21434.30s"
21479.04,INFO,"Mister pulse started; ON until 21479.29s, cooldown until 21483.29s"
21505.01,INFO,"Mister pulse started; ON until 21505.26s, cooldown until 21509.26s"
21544.03,INFO,"Mister pulse started; ON until 21544.28s, cooldown until 21548.28s"
21576.04,INFO,"Mister pulse started; ON until 21576.29s, cooldown until 21580.29s"
21606.03,INFO,"Mister pulse started; ON until 21606.28s, cooldown until 21610.28s"
21632.01,INFO,"Mister pulse started; ON until 21632.26s, cooldown until 21636.26s"
21670.01,INFO,"Mister pulse started; ON until 21670.26s, cooldown until 21674.26s"
21700.01,INFO,"Mister pulse started; ON until 21700.26s, cooldown until 21704.26s"
21726.03,INFO,"Mister pulse started; ON until 21726.28s, cooldown until 21730.28s"
21757.01,INFO,"Mister pulse started; ON until 21757.26s, cooldown until 21761.26s"
21789.02,INFO,"Mister pulse started; ON until 21789.27s, cooldown until 21793.27s"
21820.00,INFO,"Mister pulse started; ON until 21820.25s, cooldown until 21824.25s"
21848.03,INFO,"Mister pulse started; ON until 21848.28s, cooldown until 21852.28s"
21894.02,INFO,"Mister pulse started; ON until 21894.27s, cooldown until 21898.27s"
21934.04,INFO,"Mister pulse started; ON until 21934.29s, cooldown until 21938.29s"
21971.01,INFO,"Mister pulse started; ON until 21971.26s, cooldown until 21975.26s"
22001.02,INFO,"Mister pulse started; ON until 22001.27s, cooldown until 22005.27s"
22027.05,INFO,"Mister pulse started; ON until 22027.30s, cooldown until 22031.30s"
22058.03,INFO,"Mister pulse started; ON until 22058.28s, cooldown until 22062.28s"
22090.03,INFO,"Mister pulse started; ON until 22090.28s, cooldown until 22094.28s"
22120.02,INFO,"Mister pulse started; ON until 22120.27s, cooldown until 22124.27s"
22146.03,INFO,"Mister pulse started; ON until 22146.28s, cooldown until 22150.28s"
22176.03,INFO,"Mister pulse started; ON until 22176.28s, cooldown until 22180.28s"
22202.05,INFO,"Mister pulse started; ON until 22202.30s, cooldown until 22206.30s"
22235.04,INFO,"Mister pulse started; ON until 22235.29s, cooldown until 22239.29s"
22271.03,INFO,"Mister pulse started; ON until 22271.28s, cooldown until 22275.28s"
22295.04,INFO,"Mister pulse started; ON until 22295.29s, cooldown until 22299.29s"
22318.01,INFO,"Mister pulse started; ON until 22318.26s, cooldown until 22322.26s"
22344.04,INFO,"Mister pulse started; ON until 22344.29s, cooldown until 22348.29s"
22377.02,INFO,"Mister pulse started; ON until 22377.27s, cooldown until 22381.27s"
22412.03,INFO,"Mister pulse started; ON until 22412.28s, cooldown until 22416.28s"
22460.03,INFO,"Mister pulse started; ON until 22460.28s, cooldown until 22464.28s"
22509.03,INFO,"Mister pulse started; ON until 22509.28s, cooldown until 22513.28s"
22535.04,INFO,"Mister pulse started; ON until 22535.29s, cooldown until 22539.29s"
22566.02,INFO,"Mister pulse started; ON until 22566.27s, cooldown until 22570.27s"
22596.01,INFO,"Mister pulse started; ON until 22596.26s, cooldown until 22600.26s"
22625.03,INFO,"Mister pulse started; ON until 22625.28s, cooldown until 22629.28s"
22667.00,INFO,"Mister pulse started; ON until 22667.25s, cooldown until 22671.25s"
22690.03,INFO,"Mister pulse started; ON until 22690.28s, cooldown until 22694.28s"
22737.01,INFO,"Mister pulse started; ON until 22737.26s, cooldown until 22741.26s"
22785.02,INFO,"Mister pulse started; ON until 22785.27s, cooldown until 22789.27s"
22836.04,INFO,"Mister pulse started; ON until 22836.29s, cooldown until 22840.29s"
22870.02,INFO,"Mister pulse started; ON until 22870.27s, cooldown until 22874.27s"
22912.05,INFO,"Mister pulse started; ON until 22912.30s, cooldown until 22916.30s"
22962.02,INFO,"Mister pulse started; ON until 22962.27s, cooldown until 22966.27s"
22994.03,INFO,"Mister pulse started; ON until 22994.28s, cooldown until 22998.28s"
23023.04,INFO,"Mister pulse started; ON until 23023.29s, cooldown until 23027.29s"
23072.03,INFO,"Mister pulse started; ON until 23072.28s, cooldown until 23076.28s"
23096.02,INFO,"Mister pulse started; ON until 23096.27s, cooldown until 23100.27s"
23123.03,INFO,"Mister pulse started; ON until 23123.28s, cooldown until 23127.28s"
23160.00,INFO,"Mister pulse started; ON until 23160.25s, cooldown until 23164.25s"
23193.05,INFO,"Mister pulse started; ON until 23193.30s, cooldown until 23197.30s"
23222.00,INFO,"Mister pulse started; ON until 23222.25s, cooldown until 23226.25s"
23248.03,INFO,"Mister pulse started; ON until 23248.28s, cooldown until 23252.28s"
23277.04,INFO,"Mister pulse started; ON until 23277.29s, cooldown until 23281.29s"
23325.05,INFO,"Mister pulse started; ON until 23325.30s, cooldown until 23329.30s"
23375.01,INFO,"Mister pulse started; ON until 23375.26s, cooldown until 23379.26s"
23403.04,INFO,"Mister pulse started; ON until 23403.29s, cooldown until 23407.29s"
23449.04,INFO,"Mister pulse started; ON until 23449.29s, cooldown until 23453.29s"
23483.02,INFO,"Mister pulse started; ON until 23483.27s, cooldown until 23487.27s"
23532.05,INFO,"Mister pulse started; ON until 23532.30s, cooldown until 23536.30s"
23580.00,INFO,"Mister pulse started; ON until 23580.25s, cooldown until 23584.25s"
23603.03,INFO,"Mister pulse started; ON until 23603.28s, cooldown until 23607.28s"
23650.02,INFO,"Mister pulse started; ON until 23650.27s, cooldown until 23654.27s"
23700.03,INFO,"Mister pulse started; ON until 23700.28s, cooldown until 23704.28s"
23726.05,INFO,"Mister pulse started; ON until 23726.30s, cooldown until 23730.30s"
23755.01,INFO,"Mister pulse started; ON until 23755.26s, cooldown until 23759.26s"
23778.04,INFO,"Mister pulse started; ON until 23778.29s, cooldown until 23782.29s"
23827.03,INFO,"Mister pulse started; ON until 23827.28s, cooldown until 23831.28s"
23849.02,INFO,"Mister pulse started; ON until 23849.27s, cooldown until 23853.27s"
23897.03,INFO,"Mister pulse started; ON until 23897.28s, cooldown until 23901.28s"
23944.00,INFO,"Mister pulse started; ON until 23944.25s, cooldown until 23948.25s"
23993.05,INFO,"Mister pulse started; ON until 23993.30s, cooldown until 23997.30s"
24042.04,INFO,"Mister pulse started; ON until 24042.29s, cooldown until 24046.29s"
24064.04,INFO,"Mister pulse started; ON until 24064.29s, cooldown until 24068.29s"
24114.00,INFO,"Mister pulse started; ON until 24114.25s, cooldown until 24118.25s"
24142.04,INFO,"Mister pulse started; ON until 24142.29s, cooldown until 24146.29s"
24183.03,INFO,"Mister pulse started; ON until 24183.28s, cooldown until 24187.28s"
24232.02,INFO,"Mister pulse started; ON until 24232.27s, cooldown until 24236.27s"
24256.03,INFO,"Mister pulse started; ON until 24256.28s, cooldown until 24260.28s"
24281.02,INFO,"Mister pulse started; ON until 24281.27s, cooldown until 24285.27s"
24313.03,INFO,"Mister pulse started; ON until 24313.28s, cooldown until 24317.28s"
24341.01,INFO,"Mister pulse started; ON until 24341.26s, cooldown until 24345.26s"
24387.02,INFO,"Mister pulse started; ON until 24387.27s, cooldown until 24391.27s"
24427.02,INFO,"Mister pulse started; ON until 24427.27s, cooldown until 24431.27s"
24470.02,INFO,"Mister pulse started; ON until 24470.27s, cooldown until 24474.27s"
24493.00,INFO,"Mister pulse started; ON until 24493.25s, cooldown until 24497.25s"
24516.03,INFO,"Mister pulse started; ON until 24516.28s, cooldown until 24520.28s"
24565.02,INFO,"Mister pulse started; ON until 24565.27s, cooldown until 24569.27s"
24586.03,INFO,"Mister pulse started; ON until 24586.28s, cooldown until 24590.28s"
24628.05,INFO,"Mister pulse started; ON until 24628.30s, cooldown until 24632.30s"
24675.02,INFO,"Mister pulse started; ON until 24675.27s, cooldown until 24679.27s"
24723.03,INFO,"Mister pulse started; ON until 24723.28s, cooldown until 24727.28s"
24771.04,INFO,"Mister pulse started; ON until 24771.29s, cooldown until 24775.29s"
24819.05,INFO,"Mister pulse started; ON until 24819.30s, cooldown until 24823.30s"
24865.04,INFO,"Mister pulse started; ON until 24865.29s, cooldown until 24869.29s"
24909.01,INFO,"Mister pulse started; ON until 24909.26s, cooldown until 24913.26s"
24939.05,INFO,"Mister pulse started; ON until 24939.30s, cooldown until 24943.30s"
24986.04,INFO,"Mister pulse started; ON until 24986.29s, cooldown until 24990.29s"
25034.01,INFO,"Mister pulse started; ON until 25034.26s, cooldown until 25038.26s"
25057.04,INFO,"Mister pulse started; ON until 25057.29s, cooldown until 25061.29s"
25101.03,INFO,"Mister pulse started; ON until 25101.28s, cooldown until 25105.28s"
25140.02,INFO,"Mister pulse started; ON until 25140.27s, cooldown until 25144.27s"
25176.00,INFO,"Mister pulse started; ON until 25176.25s, cooldown until 25180.25s"
25197.02,INFO,"Mister pulse started; ON until 25197.27s, cooldown until 25201.27s"
25238.00,INFO,"Mister pulse started; ON until 25238.25s, cooldown until 25242.25s"
25284.01,INFO,"Mister pulse started; ON until 25284.26s, cooldown until 25288.26s"
25326.04,INFO,"Mister pulse started; ON until 25326.29s, cooldown until 25330.29s"
25373.02,INFO,"Mister pulse started; ON until 25373.27s, cooldown until 25377.27s"
25418.05,INFO,"Mister pulse started; ON until 25418.30s, cooldown until 25422.30s"
25455.01,INFO,"Mister pulse started; ON until 25455.26s, cooldown until 25459.26s"
25484.03,INFO,"Mister pulse started; ON until 25484.28s, cooldown until 25488.28s"
25530.03,INFO,"Mister pulse started; ON until 25530.28s, cooldown until 25534.28s"
25573.03,INFO,"Mister pulse started; ON until 25573.28s, cooldown until 25577.28s"
25596.01,INFO,"Mister pulse started; ON until 25596.26s, cooldown until 25600.26s"
25622.03,INFO,"Mister pulse started; ON until 25622.28s, cooldown until 25626.28s"
25649.03,INFO,"Mister pulse started; ON until 25649.28s, cooldown until 25653.28s"
25689.05,INFO,"Mister pulse started; ON until 25689.30s, cooldown until 25693.30s"
25731.02,INFO,"Mister pulse started; ON until 25731.27s, cooldown until 25735.27s"
25755.03,INFO,"Mister pulse started; ON until 25755.28s, cooldown until 25759.28s"
25777.02,INFO,"Mister pulse started; ON until 25777.27s, cooldown until 25781.27s"
25823.02,INFO,"Mister pulse started; ON until 25823.27s, cooldown until 25827.27s"
25863.03,INFO,"Mister pulse started; ON until 25863.28s, cooldown until 25867.28s"
25906.02,INFO,"Mister pulse started; ON until 25906.27s, cooldown until 25910.27s"
25929.04,INFO,"Mister pulse started; ON until 25929.29s, cooldown until 25933.29s"
25973.03,INFO,"Mister pulse started; ON until 25973.28s, cooldown until 25977.28s"
26010.05,INFO,"Mister pulse started; ON until 26010.30s, cooldown until 26014.30s"
26032.04,INFO,"Mister pulse started; ON until 26032.29s, cooldown until 26036.29s"
26078.04,INFO,"Mister pulse started; ON until 26078.29s, cooldown until 26082.29s"
26118.04,INFO,"Mister pulse started; ON until 26118.29s, cooldown until 26122.29s"
26159.02,INFO,"Mister pulse started; ON until 26159.27s, cooldown until 26163.27s"
26205.02,INFO,"Mister pulse started; ON until 26205.27s, cooldown until 26209.27s"
26244.02,INFO,"Mister pulse started; ON until 26244.27s, cooldown until 26248.27s"
26286.05,INFO,"Mister pulse started; ON until 26286.30s, cooldown until 26290.30s"
26331.02,INFO,"Mister pulse started; ON until 26331.27s, cooldown until 26335.27s"
26372.01,INFO,"Mister pulse started; ON until 26372.26s, cooldown until 26376.26s"
26418.00,INFO,"Mister pulse started; ON until 26418.25s, cooldown until 26422.25s"
26457.04,INFO,"Mister pulse started; ON until 26457.29s, cooldown until 26461.29s"
26491.01,INFO,"Mister pulse started; ON until 26491.26s, cooldown until 26495.26s"
26537.01,INFO,"Mister pulse started; ON until 26537.26s, cooldown until 26541.26s"
26579.04,INFO,"Mister pulse started; ON until 26579.29s, cooldown until 26583.29s"
26626.02,INFO,"Mister pulse started; ON until 26626.27s, cooldown until 26630.27s"
26671.03,INFO,"Mister pulse started; ON until 26671.28s, cooldown until 26675.28s"
26707.01,INFO,"Mister pulse started; ON until 26707.26s, cooldown until 26711.26s"
26728.03,INFO,"Mister pulse started; ON until 26728.28s, cooldown until 26732.28s"
26767.01,INFO,"Mister pulse started; ON until 26767.26s, cooldown until 26771.26s"
26808.00,INFO,"Mister pulse started; ON until 26808.25s, cooldown until 26812.25s"
26851.02,INFO,"Mister pulse started; ON until 26851.27s, cooldown until 26855.27s"
26879.00,INFO,"Mister pulse started; ON until 26879.25s, cooldown until 26883.25s"
26926.03,INFO,"Mister pulse started; ON until 26926.28s, cooldown until 26930.28s"
26964.03,INFO,"Mister pulse started; ON until 26964.28s, cooldown until 26968.28s"
26996.05,INFO,"Mister pulse started; ON until 26996.30s, cooldown until 27000.30s"
27031.04,INFO,"Mister pulse started; ON until 27031.29s, cooldown until 27035.29s"
27076.02,INFO,"Mister pulse started; ON until 27076.27s, cooldown until 27080.27s"
27114.03,INFO,"Mister pulse started; ON until 27114.28s, cooldown until 27118.28s"
27148.00,INFO,"Mister pulse started; ON until 27148.25s, cooldown until 27152.25s"
27191.01,INFO,"Mister pulse started; ON until 27191.26s, cooldown until 27195.26s"
27218.01,INFO,"Mister pulse started; ON until 27218.26s, cooldown until 27222.26s"
27258.03,INFO,"Mister pulse started; ON until 27258.28s, cooldown until 27262.28s"
27295.04,INFO,"Mister pulse started; ON until 27295.29s, cooldown until 27299.29s"
27324.05,INFO,"Mister pulse started; ON until 27324.30s, cooldown until 27328.30s"
27367.05,INFO,"Mister pulse started; ON until 27367.30s, cooldown until 27371.30s"
27396.01,INFO,"Mister pulse started; ON until 27396.26s, cooldown until 27400.26s"
27416.05,INFO,"Mister pulse started; ON until 27416.30s, cooldown until 27420.30s"
27448.01,INFO,"Mister pulse started; ON until 27448.26s, cooldown until 27452.26s"
27485.03,INFO,"Mister pulse started; ON until 27485.28s, cooldown until 27489.28s"
27513.01,INFO,"Mister pulse started; ON until 27513.26s, cooldown until 27517.26s"
27558.03,INFO,"Mister pulse started; ON until 27558.28s, cooldown until 27562.28s"
27591.02,INFO,"Mister pulse started; ON until 27591.27s, cooldown until 27595.27s"
27632.01,INFO,"Mister pulse started; ON until 27632.26s, cooldown until 27636.26s"
27675.02,INFO,"Mister pulse started; ON until 27675.27s, cooldown until 27679.27s"
27702.02,INFO,"Mister pulse started; ON until 27702.27s, cooldown until 27706.27s"
27739.03,INFO,"Mister pulse started; ON until 27739.28s, cooldown until 27743.28s"
27767.00,INFO,"Mister pulse started; ON until 27767.25s, cooldown until 27771.25s"
27808.04,INFO,"Mister pulse started; ON until 27808.29s, cooldown until 27812.29s"
27852.03,INFO,"Mister pulse started; ON until 27852.28s, cooldown until 27856.28s"
27885.01,INFO,"Mister pulse started; ON until 27885.26s, cooldown until 27889.26s"
27924.04,INFO,"Mister pulse started; ON until 27924.29s, cooldown until 27928.29s"
27957.04,INFO,"Mister pulse started; ON until 27957.29s, cooldown until 27961.29s"
27994.05,INFO,"Mister pulse started; ON until 27994.30s, cooldown until 27998.30s"
28020.02,INFO,"Mister pulse started; ON until 28020.27s, cooldown until 28024.27s"
28060.03,INFO,"Mister pulse started; ON until 28060.28s, cooldown until 28064.28s"
28097.04,INFO,"Mister pulse started; ON until 28097.29s, cooldown until 28101.29s"
28125.03,INFO,"Mister pulse started; ON until 28125.28s, cooldown until 28129.28s"
28166.00,INFO,"Mister pulse started; ON until 28166.25s, cooldown until 28170.25s"
28189.03,INFO,"Mister pulse started; ON until 28189.28s, cooldown until 28193.28s"
28229.02,INFO,"Mister pulse started; ON until 28229.27s, cooldown until 28233.27s"
28270.01,INFO,"Mister pulse started; ON until 28270.26s, cooldown until 28274.26s"
28291.02,INFO,"Mister pulse started; ON until 28291.27s, cooldown until 28295.27s"
28328.04,INFO,"Mister pulse started; ON until 28328.29s, cooldown until 28332.29s"
28358.03,INFO,"Mister pulse started; ON until 28358.28s, cooldown until 28362.28s"
28378.02,INFO,"Mister pulse started; ON until 28378.27s, cooldown until 28382.27s"
28415.03,INFO,"Mister pulse started; ON until 28415.28s, cooldown until 28419.28s"
28441.05,INFO,"Mister pulse started; ON until 28441.30s, cooldown until 28445.30s"
28474.05,INFO,"Mister pulse started; ON until 28474.30s, cooldown until 28478.30s"
28507.03,INFO,"Mister pulse started; ON until 28507.28s, cooldown until 28511.28s"
28552.05,INFO,"Mister pulse started; ON until 28552.30s, cooldown until 28556.30s"
28585.02,INFO,"Mister pulse started; ON until 28585.27s, cooldown until 28589.27s"
28621.01,INFO,"Mister pulse started; ON until 28621.26s, cooldown until 28625.26s"
28645.01,INFO,"Mister pulse started; ON until 28645.26s, cooldown until 28649.26s"
28672.01,INFO,"Mister pulse started; ON until 28672.26s, cooldown until 28676.26s"
28711.04,INFO,"Mister pulse started; ON until 28711.29s, cooldown until 28715.29s"
28741.03,INFO,"Mister pulse started; ON until 28741.28s, cooldown until 28745.28s"
28768.03,INFO,"Mister pulse started; ON until 28768.28s, cooldown until 28772.28s"
28805.04,INFO,"Mister pulse started; ON until 28805.29s, cooldown until 28809.29s"
28832.05,INFO,"Mister pulse started; ON until 28832.30s, cooldown until 28836.30s"
28870.04,INFO,"Mister pulse started; ON until 28870.29s, cooldown until 28874.29s"
28902.01,INFO,"Mister pulse started; ON until 28902.26s, cooldown until 28906.26s"
28938.04,INFO,"Mister pulse started; ON until 28938.29s, cooldown until 28942.29s"
28960.04,INFO,"Mister pulse started; ON until 28960.29s, cooldown until 28964.29s"
29001.02,INFO,"Mister pulse started; ON until 29001.27s, cooldown until 29005.27s"
29025.03,INFO,"Mister pulse started; ON until 29025.28s, cooldown until 29029.28s"
29044.03,INFO,"Mister pulse started; ON until 29044.28s, cooldown until 29048.28s"
29076.04,INFO,"Mister pulse started; ON until 29076.29s, cooldown until 29080.29s"
29109.02,INFO,"Mister pulse started; ON until 29109.27s, cooldown until 29113.27s"
29145.01,INFO,"Mister pulse started; ON until 29145.26s, cooldown until 29149.26s"
29172.02,INFO,"Mister pulse started; ON until 29172.27s, cooldown until 29176.27s"
29211.05,INFO,"Mister pulse started; ON until 29211.30s, cooldown until 29215.30s"
29243.05,INFO,"Mister pulse started; ON until 29243.30s, cooldown until 29247.30s"
29277.02,INFO,"Mister pulse started; ON until 29277.27s, cooldown until 29281.27s"
29318.01,INFO,"Mister pulse started; ON until 29318.26s, cooldown until 29322.26s"
29339.02,INFO,"Mister pulse started; ON until 29339.27s, cooldown until 29343.27s"
29374.02,INFO,"Mister pulse started; ON until 29374.27s, cooldown until 29378.27s"
29395.04,INFO,"Mister pulse started; ON until 29395.29s, cooldown until 29399.29s"
29432.04,INFO,"Mister pulse started; ON until 29432.29s, cooldown until 29436.29s"
29460.02,INFO,"Mister pulse started; ON until 29460.27s, cooldown until 29464.27s"
29503.02,INFO,"Mister pulse started; ON until 29503.27s, cooldown until 29507.27s"
29530.02,INFO,"Mister pulse started; ON until 29530.27s, cooldown until 29534.27s"
29567.04,INFO,"Mister pulse started; ON until 29567.29s, cooldown until 29571.29s"
29593.01,INFO,"Mister pulse started; ON until 29593.26s, cooldown until 29597.26s"
29627.02,INFO,"Mister pulse started; ON until 29627.27s, cooldown until 29631.27s"
29669.03,INFO,"Mister pulse started; ON until 29669.28s, cooldown until 29673.28s"
29691.02,INFO,"Mister pulse started; ON until 29691.27s, cooldown until 29695.27s"
29734.01,INFO,"Mister pulse started; ON until 29734.26s, cooldown until 29738.26s"
29760.04,INFO,"Mister pulse started; ON until 29760.29s, cooldown until 29764.29s"
29793.03,INFO,"Mister pulse started; ON until 29793.28s, cooldown until 29797.28s"
29829.01,INFO,"Mister pulse started; ON until 29829.26s, cooldown until 29833.26s"
29855.02,INFO,"Mister pulse started; ON until 29855.27s, cooldown until 29859.27s"
29887.03,INFO,"Mister pulse started; ON until 29887.28s, cooldown until 29891.28s"
29919.04,INFO,"Mister pulse started; ON until 29919.29s, cooldown until 29923.29s"
29952.04,INFO,"Mister pulse started; ON until 29952.29s, cooldown until 29956.29s"
29989.00,INFO,"Mister pulse started; ON until 29989.25s, cooldown until 29993.25s"
30020.03,INFO,"Mister pulse started; ON until 30020.28s, cooldown until 30024.28s"
30045.02,INFO,"Mister pulse started; ON until 30045.27s, cooldown until 30049.27s"
30076.05,INFO,"Mister pulse started; ON until 30076.30s, cooldown until 30080.30s"
30101.03,INFO,"Mister pulse started; ON until 30101.28s, cooldown until 30105.28s"
30133.03,INFO,"Mister pulse started; ON until 30133.28s, cooldown until 30137.28s"
30163.02,INFO,"Mister pulse started; ON until 30163.27s, cooldown until 30167.27s"
30191.00,INFO,"Mister pulse started; ON until 30191.25s, cooldown until 30195.25s"
30234.04,INFO,"Mister pulse started; ON until 30234.29s, cooldown until 30238.29s"
30252.01,INFO,"Mister pulse started; ON until 30252.26s, cooldown until 30256.26s"
30285.05,INFO,"Mister pulse started; ON until 30285.30s, cooldown until 30289.30s"
30314.02,INFO,"Mister pulse started; ON until 30314.27s, cooldown until 30318.27s"
30338.02,INFO,"Mister pulse started; ON until 30338.27s, cooldown until 30342.27s"
30365.02,INFO,"Mister pulse started; ON until 30365.27s, cooldown until 30369.27s"
30399.03,INFO,"Mister pulse started; ON until 30399.28s, cooldown until 30403.28s"
30443.03,INFO,"Mister pulse started; ON until 30443.28s, cooldown until 30447.28s"
30472.04,INFO,"Mister pulse started; ON until 30472.29s, cooldown until 30476.29s"
30493.01,INFO,"Mister pulse started; ON until 30493.26s, cooldown until 30497.26s"
30535.03,INFO,"Mister pulse started; ON until 30535.28s, cooldown until 30539.28s"
30553.05,INFO,"Mister pulse started; ON until 30553.30s, cooldown until 30557.30s"
30580.04,INFO,"Mister pulse started; ON until 30580.29s, cooldown until 30584.29s"
30616.03,INFO,"Mister pulse started; ON until 30616.28s, cooldown until 30620.28s"
30644.01,INFO,"Mister pulse started; ON until 30644.26s, cooldown until 30648.26s"
30684.01,INFO,"Mister pulse started; ON until 30684.26s, cooldown until 30688.26s"
30726.03,INFO,"Mister pulse started; ON until 30726.28s, cooldown until 30730.28s"
30747.05,INFO,"Mister pulse started; ON until 30747.30s, cooldown until 30751.30s"
30782.04,INFO,"Mister pulse started; ON until 30782.29s, cooldown until 30786.29s"
30802.03,INFO,"Mister pulse started; ON until 30802.28s, cooldown until 30806.28s"
30838.01,INFO,"Mister pulse started; ON until 30838.26s, cooldown until 30842.26s"
30863.05,INFO,"Mister pulse started; ON until 30863.30s, cooldown until 30867.30s"
30888.03,INFO,"Mister pulse started; ON until 30888.28s, cooldown until 30892.28s"
30919.00,INFO,"Mister pulse started; ON until 30919.25s, cooldown until 30923.25s"
30950.03,INFO,"Mister pulse started; ON until 30950.28s, cooldown until 30954.28s"
30977.03,INFO,"Mister pulse started; ON until 30977.28s, cooldown until 30981.28s"
31012.03,INFO,"Mister pulse started; ON until 31012.28s, cooldown until 31016.28s"
31032.02,INFO,"Mister pulse started; ON until 31032.27s, cooldown until 31036.27s"
31066.05,INFO,"Mister pulse started; ON until 31066.30s, cooldown until 31070.30s"
31107.03,INFO,"Mister pulse started; ON until 31107.28s, cooldown until 31111.28s"
31127.02,INFO,"Mister pulse started; ON until 31127.27s, cooldown until 31131.27s"
31161.05,INFO,"Mister pulse started; ON until 31161.30s, cooldown until 31165.30s"
31203.03,INFO,"Mister pulse started; ON until 31203.28s, cooldown until 31207.28s"
31231.01,INFO,"Mister pulse started; ON until 31231.26s, cooldown until 31235.26s"
31271.01,INFO,"Mister pulse started; ON until 31271.26s, cooldown until 31275.26s"
31312.04,INFO,"Mister pulse started; ON until 31312.29s, cooldown until 31316.29s"
31353.02,INFO,"Mister pulse started; ON until 31353.27s, cooldown until 31357.27s"
31371.05,INFO,"Mister pulse started; ON until 31371.30s, cooldown until 31375.30s"
31396.04,INFO,"Mister pulse started; ON until 31396.29s, cooldown until 31400.29s"
31425.00,INFO,"Mister pulse started; ON until 31425.25s, cooldown until 31429.25s"
31452.00,INFO,"Mister pulse started; ON until 31452.25s, cooldown until 31456.25s"
31488.04,INFO,"Mister pulse started; ON until 31488.29s, cooldown until 31492.29s"
31508.01,INFO,"Mister pulse started; ON until 31508.26s, cooldown until 31512.26s"
31544.05,INFO,"Mister pulse started; ON until 31544.30s, cooldown until 31548.30s"
31563.04,INFO,"Mister pulse started; ON until 31563.29s, cooldown until 31567.29s"
31594.02,INFO,"Mister pulse started; ON until 31594.27s, cooldown until 31598.27s"
31621.01,INFO,"Mister pulse started; ON until 31621.26s, cooldown until 31625.26s"
31662.00,INFO,"Mister pulse started; ON until 31662.25s, cooldown until 31666.25s"
31682.04,INFO,"Mister pulse started; ON until 31682.29s, cooldown until 31686.29s"
31711.05,INFO,"Mister pulse started; ON until 31711.30s, cooldown until 31715.30s"
31732.01,INFO,"Mister pulse started; ON until 31732.26s, cooldown until 31736.26s"
31776.04,INFO,"Mister pulse started; ON until 31776.29s, cooldown until 31780.29s"
31801.04,INFO,"Mister pulse started; ON until 31801.29s, cooldown until 31805.29s"
31829.02,INFO,"Mister pulse started; ON until 31829.27s, cooldown until 31833.27s"
31852.05,INFO,"Mister pulse started; ON until 31852.30s, cooldown until 31856.30s"
31891.03,INFO,"Mister pulse started; ON until 31891.28s, cooldown until 31895.28s"
31928.04,INFO,"Mister pulse started; ON until 31928.29s, cooldown until 31932.29s"
31959.02,INFO,"Mister pulse started; ON until 31959.27s, cooldown until 31963.27s"
31990.04,INFO,"Mister pulse started; ON until 31990.29s, cooldown until 31994.29s"
32016.00,INFO,"Mister pulse started; ON until 32016.25s, cooldown until 32020.25s"
32048.00,INFO,"Mister pulse started; ON until 32048.25s, cooldown until 32052.25s"
32083.00,INFO,"Mister pulse started; ON until 32083.25s, cooldown until 32087.25s"
32105.05,INFO,"Mister pulse started; ON until 32105.30s, cooldown until 32109.30s"
32140.03,INFO,"Mister pulse started; ON until 32140.28s, cooldown until 32144.28s"
32160.02,INFO,"Mister pulse started; ON until 32160.27s, cooldown until 32164.27s"
32196.00,INFO,"Mister pulse started; ON until 32196.25s, cooldown until 32200.25s"
32220.01,INFO,"Mister pulse started; ON until 32220.26s, cooldown until 32224.26s"
32244.01,INFO,"Mister pulse started; ON until 32244.26s, cooldown until 32248.26s"
32268.02,INFO,"Mister pulse started; ON until 32268.27s, cooldown until 32272.27s"
32294.03,INFO,"Mister pulse started; ON until 32294.28s, cooldown until 32298.28s"
32322.01,INFO,"Mister pulse started; ON until 32322.26s, cooldown until 32326.26s"
32342.04,INFO,"Mister pulse started; ON until 32342.29s, cooldown until 32346.29s"
32372.03,INFO,"Mister pulse started; ON until 32372.28s, cooldown until 32376.28s"
32398.05,INFO,"Mister pulse started; ON until 32398.30s, cooldown until 32402.30s"
32427.01,INFO,"Mister pulse started; ON until 32427.26s, cooldown until 32431.26s"
32451.02,INFO,"Mister pulse started; ON until 32451.27s, cooldown until 32455.27s"
32476.01,INFO,"Mister pulse started; ON until 32476.26s, cooldown until 32480.26s"
32503.02,INFO,"Mister pulse started; ON until 32503.27s, cooldown until 32507.27s"
32542.04,INFO,"Mister pulse started; ON until 32542.29s, cooldown until 32546.29s"
32577.05,INFO,"Mister pulse started; ON until 32577.30s, cooldown until 32581.30s"
32596.05,INFO,"Mister pulse started; ON until 32596.30s, cooldown until 32600.30s"
32627.02,INFO,"Mister pulse started; ON until 32627.27s, cooldown until 32631.27s"
32656.03,INFO,"Mister pulse started; ON until 32656.28s, cooldown until 32660.28s"
32677.05,INFO,"Mister pulse started; ON until 32677.30s, cooldown until 32681.30s"
32711.02,INFO,"Mister pulse started; ON until 32711.27s, cooldown until 32715.27s"
32730.02,INFO,"Mister pulse started; ON until 32730.27s, cooldown until 32734.27s"
32761.04,INFO,"Mister pulse started; ON until 32761.29s, cooldown until 32765.29s"
32784.02,INFO,"Mister pulse started; ON until 32784.27s, cooldown until 32788.27s"
32808.03,INFO,"Mister pulse started; ON until 32808.28s, cooldown until 32812.28s"
32830.03,INFO,"Mister pulse started; ON until 32830.28s, cooldown until 32834.28s"
32852.02,INFO,"Mister pulse started; ON until 32852.27s, cooldown until 32856.27s"
32890.02,INFO,"Mister pulse started; ON until 32890.27s, cooldown until 32894.27s"
32926.01,INFO,"Mister pulse started; ON until 32926.26s, cooldown until 32930.26s"
32950.03,INFO,"Mister pulse started; ON until 32950.28s, cooldown until 32954.28s"
32974.03,INFO,"Mister pulse started; ON until 32974.28s, cooldown until 32978.28s"
32999.01,INFO,"Mister pulse started; ON until 32999.26s, cooldown until 33003.26s"
33028.03,INFO,"Mister pulse started; ON until 33028.28s, cooldown until 33032.28s"
33047.03,INFO,"Mister pulse started; ON until 33047.28s, cooldown until 33051.28s"
33077.03,INFO,"Mister pulse started; ON until 33077.28s, cooldown until 33081.28s"
33102.02,INFO,"Mister pulse started; ON until 33102.27s, cooldown until 33106.27s"
33133.04,INFO,"Mister pulse started; ON until 33133.29s, cooldown until 33137.29s"
33158.04,INFO,"Mister pulse started; ON until 33158.29s, cooldown until 33162.29s"
33190.01,INFO,"Mister pulse started; ON until 33190.26s, cooldown until 33194.26s"
33223.01,INFO,"Mister pulse started; ON until 33223.26s, cooldown until 33227.26s"
33262.03,INFO,"Mister pulse started; ON until 33262.28s, cooldown until 33266.28s"
33299.00,INFO,"Mister pulse started; ON until 33299.25s, cooldown until 33303.25s"
33327.02,INFO,"Mister pulse started; ON until 33327.27s, cooldown until 33331.27s"
33365.02,INFO,"Mister pulse started; ON until 33365.27s, cooldown until 33369.27s"
33398.01,INFO,"Mister pulse started; ON until 33398.26s, cooldown until 33402.26s"
33438.03,INFO,"Mister pulse started; ON until 33438.28s, cooldown until 33442.28s"
33480.01,INFO,"Mister pulse started; ON until 33480.26s, cooldown until 33484.26s"
33502.01,INFO,"Mister pulse started; ON until 33502.26s, cooldown until 33506.26s"
33522.01,INFO,"Mister pulse started; ON until 33522.26s, cooldown until 33526.26s"
33556.03,INFO,"Mister pulse started; ON until 33556.28s, cooldown until 33560.28s"
33593.05,INFO,"Mister pulse started; ON until 33593.30s, cooldown until 33597.30s"
33622.01,INFO,"Mister pulse started; ON until 33622.26s, cooldown until 33626.26s"
33648.02,INFO,"Mister pulse started; ON until 33648.27s, cooldown until 33652.27s"
33679.03,INFO,"Mister pulse started; ON until 33679.28s, cooldown until 33683.28s"
33699.02,INFO,"Mister pulse started; ON until 33699.27s, cooldown until 33703.27s"
33739.04,INFO,"Mister pulse started; ON until 33739.29s, cooldown until 33743.29s"
33777.02,INFO,"Mister pulse started; ON until 33777.27s, cooldown until 33781.27s"
33810.02,INFO,"Mister pulse started; ON until 33810.27s, cooldown until 33814.27s"
33849.05,INFO,"Mister pulse started; ON until 33849.30s, cooldown until 33853.30s"
33882.04,INFO,"Mister pulse started; ON until 33882.29s, cooldown until 33886.29s"
33921.02,INFO,"Mister pulse started; ON until 33921.27s, cooldown until 33925.27s"
33958.03,INFO,"Mister pulse started; ON until 33958.28s, cooldown until 33962.28s"
33988.01,INFO,"Mister pulse started; ON until 33988.26s, cooldown until 33992.26s"
34012.02,INFO,"Mister pulse started; ON until 34012.27s, cooldown until 34016.27s"
34034.01,INFO,"Mister pulse started; ON until 34034.26s, cooldown until 34038.26s"
34054.04,INFO,"Mister pulse started; ON until 34054.29s, cooldown until 34058.29s"
34083.05,INFO,"Mister pulse started; ON until 34083.30s, cooldown until 34087.30s"
34103.03,INFO,"Mister pulse started; ON until 34103.28s, cooldown until 34107.28s"
34135.04,INFO,"Mister pulse started; ON until 34135.29s, cooldown until 34139.29s"
34171.03,INFO,"Mister pulse started; ON until 34171.28s, cooldown until 34175.28s"
34197.05,INFO,"Mister pulse started; ON until 34197.30s, cooldown until 34201.30s"
34226.01,INFO,"Mister pulse started; ON until 34226.26s, cooldown until 34230.26s"
34251.04,INFO,"Mister pulse started; ON until 34251.29s, cooldown until 34255.29s"
34277.02,INFO,"Mister pulse started; ON until 34277.27s, cooldown until 34281.27s"
34311.04,INFO,"Mister pulse started; ON until 34311.29s, cooldown until 34315.29s"
34351.05,INFO,"Mister pulse started; ON until 34351.30s, cooldown until 34355.30s"
34390.03,INFO,"Mister pulse started; ON until 34390.28s, cooldown until 34394.28s"
34431.02,INFO,"Mister pulse started; ON until 34431.27s, cooldown until 34435.27s"
34449.03,INFO,"Mister pulse started; ON until 34449.28s, cooldown until 34453.28s"
34472.01,INFO,"Mister pulse started; ON until 34472.26s, cooldown until 34476.26s"
34496.01,INFO,"Mister pulse started; ON until 34496.26s, cooldown until 34500.26s"
34519.03,INFO,"Mister pulse started; ON until 34519.28s, cooldown until 34523.28s"
34541.03,INFO,"Mister pulse started; ON until 34541.28s, cooldown until 34545.28s"
34579.03,INFO,"Mister pulse started; ON until 34579.28s, cooldown until 34583.28s"
34614.03,INFO,"Mister pulse started; ON until 34614.28s, cooldown until 34618.28s"
34633.04,INFO,"Mister pulse started; ON until 34633.29s, cooldown until 34637.29s"
34661.02,INFO,"Mister pulse started; ON until 34661.27s, cooldown until 34665.27s"
34680.02,INFO,"Mister pulse started; ON until 34680.27s, cooldown until 34684.27s"
34707.02,INFO,"Mister pulse started; ON until 34707.27s, cooldown until 34711.27s"
34742.01,INFO,"Mister pulse started; ON until 34742.26s, cooldown until 34746.26s"
34767.00,INFO,"Mister pulse started; ON until 34767.25s, cooldown until 34771.25s"
34796.02,INFO,"Mister pulse started; ON until 34796.27s, cooldown until 34800.27s"
34815.02,INFO,"Mister pulse started; ON until 34815.27s, cooldown until 34819.27s"
34844.04,INFO,"Mister pulse started; ON until 34844.29s, cooldown until 34848.29s"
34863.04,INFO,"Mister pulse started; ON until 34863.29s, cooldown until 34867.29s"
34892.05,INFO,"Mister pulse started; ON until 34892.30s, cooldown until 34896.30s"
34911.05,INFO,"Mister pulse started; ON until 34911.30s, cooldown until 34915.30s"
34937.02,INFO,"Mister pulse started; ON until 34937.27s, cooldown until 34941.27s"
34973.01,INFO,"Mister pulse started; ON until 34973.26s, cooldown until 34977.26s"
35002.03,INFO,"Mister pulse started; ON until 35002.28s, cooldown until 35006.28s"
35019.01,INFO,"Mister pulse started; ON until 35019.26s, cooldown until 35023.26s"
35045.03,INFO,"Mister pulse started; ON until 35045.28s, cooldown until 35049.28s"
35073.02,INFO,"Mister pulse started; ON until 35073.27s, cooldown until 35077.27s"
35092.02,INFO,"Mister pulse started; ON until 35092.27s, cooldown until 35096.27s"
35122.02,INFO,"Mister pulse started; ON until 35122.27s, cooldown until 35126.27s"
35148.04,INFO,"Mister pulse started; ON until 35148.29s, cooldown until 35152.29s"
35174.01,INFO,"Mister pulse started; ON until 35174.26s, cooldown until 35178.26s"
35211.02,INFO,"Mister pulse started; ON until 35211.27s, cooldown until 35215.27s"
35237.01,INFO,"Mister pulse started; ON until 35237.26s, cooldown until 35241.26s"
35275.01,INFO,"Mister pulse started; ON until 35275.26s, cooldown until 35279.26s"
35307.01,INFO,"Mister pulse started; ON until 35307.26s, cooldown until 35311.26s"
35337.01,INFO,"Mister pulse started; ON until 35337.26s, cooldown until 35341.26s"
35364.02,INFO,"Mister pulse started; ON until 35364.27s, cooldown until 35368.27s"
35401.04,INFO,"Mister pulse started; ON until 35401.29s, cooldown until 35405.29s"
35428.04,INFO,"Mister pulse started; ON until 35428.29s, cooldown until 35432.29s"
35464.04,INFO,"Mister pulse started; ON until 35464.29s, cooldown until 35468.29s"
35490.00,INFO,"Mister pulse started; ON until 35490.25s, cooldown until 35494.25s"
35523.04,INFO,"Mister pulse started; ON until 35523.29s, cooldown until 35527.29s"
35564.03,INFO,"Mister pulse started; ON until 35564.28s, cooldown until 35568.28s"
35583.03,INFO,"Mister pulse started; ON until 35583.28s, cooldown until 35587.28s"
35611.00,INFO,"Mister pulse started; ON until 35611.25s, cooldown until 35615.25s"
35629.02,INFO,"Mister pulse started; ON until 35629.27s, cooldown until 35633.27s"
35654.01,INFO,"Mister pulse started; ON until 35654.26s, cooldown until 35658.26s"
35681.01,INFO,"Mister pulse started; ON until 35681.26s, cooldown until 35685.26s"
35718.02,INFO,"Mister pulse started; ON until 35718.27s, cooldown until 35722.27s"
35745.02,INFO,"Mister pulse started; ON until 35745.27s, cooldown until 35749.27s"
35780.01,INFO,"Mister pulse started; ON until 35780.26s, cooldown until 35784.26s"
35801.02,INFO,"Mister pulse started; ON until 35801.27s, cooldown until 35805.27s"
35839.01,INFO,"Mister pulse started; ON until 35839.26s, cooldown until 35843.26s"
35872.04,INFO,"Mister pulse started; ON until 35872.29s, cooldown until 35876.29s"
35905.03,INFO,"Mister pulse started; ON until 35905.28s, cooldown until 35909.28s"
35941.00,INFO,"Mister pulse started; ON until 35941.25s, cooldown until 35945.25s"
35969.04,INFO,"Mister pulse started; ON until 35969.29s, cooldown until 35973.29s"
36002.02,INFO,"Mister pulse started; ON until 36002.27s, cooldown until 36006.27s"
36023.03,INFO,"Mister pulse started; ON until 36023.28s, cooldown until 36027.28s"
36054.01,INFO,"Mister pulse started; ON until 36054.26s, cooldown until 36058.26s"
36089.01,INFO,"Mister pulse started; ON until 36089.26s, cooldown until 36093.26s"
36105.02,INFO,"Mister pulse started; ON until 36105.27s, cooldown until 36109.27s"
36122.01,INFO,"Mister pulse started; ON until 36122.26s, cooldown until 36126.26s"
36145.03,INFO,"Mister pulse started; ON until 36145.28s, cooldown until 36149.28s"
36165.01,INFO,"Mister pulse started; ON until 36165.26s, cooldown until 36169.26s"
36197.02,INFO,"Mister pulse started; ON until 36197.27s, cooldown until 36201.27s"
36230.01,INFO,"Mister pulse started; ON until 36230.26s, cooldown until 36234.26s"
36265.01,INFO,"Mister pulse started; ON until 36265.26s, cooldown until 36269.26s"
36286.03,INFO,"Mister pulse started; ON until 36286.28s, cooldown until 36290.28s"
36322.02,INFO,"Mister pulse started; ON until 36322.27s, cooldown until 36326.27s"
36352.01,INFO,"Mister pulse started; ON until 36352.26s, cooldown until 36356.26s"
36375.04,INFO,"Mister pulse started; ON until 36375.29s, cooldown until 36379.29s"
36393.01,INFO,"Mister pulse started; ON until 36393.26s, cooldown until 36397.26s"
36422.03,INFO,"Mister pulse started; ON until 36422.28s, cooldown until 36426.28s"
36439.01,INFO,"Mister pulse started; ON until 36439.26s, cooldown until 36443.26s"
36461.01,INFO,"Mister pulse started; ON until 36461.26s, cooldown until 36465.26s"
36480.00,INFO,"Mister pulse started; ON until 36480.25s, cooldown until 36484.25s"
36505.03,INFO,"Mister pulse started; ON until 36505.28s, cooldown until 36509.28s"
36532.03,INFO,"Mister pulse started; ON until 36532.28s, cooldown until 36536.28s"
36569.00,INFO,"Mister pulse started; ON until 36569.25s, cooldown until 36573.25s"
36601.02,INFO,"Mister pulse started; ON until 36601.27s, cooldown until 36605.27s"
36633.04,INFO,"Mister pulse started; ON until 36633.29s, cooldown until 36637.29s"
36663.04,INFO,"Mister pulse started; ON until 36663.29s, cooldown until 36667.29s"
36687.05,INFO,"Mister pulse started; ON until 36687.30s, cooldown until 36691.30s"
36713.02,INFO,"Mister pulse started; ON until 36713.27s, cooldown until 36717.27s"
36746.00,INFO,"Mister pulse started; ON until 36746.25s, cooldown until 36750.25s"
36762.01,INFO,"Mister pulse started; ON until 36762.26s, cooldown until 36766.26s"
36782.03,INFO,"Mister pulse started; ON until 36782.28s, cooldown until 36786.28s"
36806.04,INFO,"Mister pulse started; ON until 36806.29s, cooldown until 36810.29s"
36834.02,INFO,"Mister pulse started; ON until 36834.27s, cooldown until 36838.27s"
36853.02,INFO,"Mister pulse started; ON until 36853.27s, cooldown until 36857.27s"
36879.04,INFO,"Mister pulse started; ON until 36879.29s, cooldown until 36883.29s"
36911.03,INFO,"Mister pulse started; ON until 36911.28s, cooldown until 36915.28s"
36933.03,INFO,"Mister pulse started; ON until 36933.28s, cooldown until 36937.28s"
36948.05,INFO,"Mister pulse started; ON until 36948.30s, cooldown until 36952.30s"
36982.01,INFO,"Mister pulse started; ON until 36982.26s, cooldown until 36986.26s"
37005.03,INFO,"Mister pulse started; ON until 37005.28s, cooldown until 37009.28s"
37023.00,INFO,"Mister pulse started; ON until 37023.25s, cooldown until 37027.25s"
37051.04,INFO,"Mister pulse started; ON until 37051.29s, cooldown until 37055.29s"
37085.01,INFO,"Mister pulse started; ON until 37085.26s, cooldown until 37089.26s"
37105.04,INFO,"Mister pulse started; ON until 37105.29s, cooldown until 37109.29s"
37137.05,INFO,"Mister pulse started; ON until 37137.30s, cooldown until 37141.30s"
37171.02,INFO,"Mister pulse started; ON until 37171.27s, cooldown until 37175.27s"
37185.02,INFO,"Mister pulse started; ON until 37185.27s, cooldown until 37189.27s"
37221.04,INFO,"Mister pulse started; ON until 37221.29s, cooldown until 37225.29s"
37242.00,INFO,"Mister pulse started; ON until 37242.25s, cooldown until 37246.25s"
37259.04,INFO,"Mister pulse started; ON until 37259.29s, cooldown until 37263.29s"
37278.04,INFO,"Mister pulse started; ON until 37278.29s, cooldown until 37282.29s"
37304.01,INFO,"Mister pulse started; ON until 37304.26s, cooldown until 37308.26s"
37338.03,INFO,"Mister pulse started; ON until 37338.28s, cooldown until 37342.28s"
37353.01,INFO,"Mister pulse started; ON until 37353.26s, cooldown until 37357.26s"
37368.03,INFO,"Mister pulse started; ON until 37368.28s, cooldown until 37372.28s"
37404.01,INFO,"Mister pulse started; ON until 37404.26s, cooldown until 37408.26s"
37426.00,INFO,"Mister pulse started; ON until 37426.25s, cooldown until 37430.25s"
37450.01,INFO,"Mister pulse started; ON until 37450.26s, cooldown until 37454.26s"
37471.02,INFO,"Mister pulse started; ON until 37471.27s, cooldown until 37475.27s"
37502.05,INFO,"Mister pulse started; ON until 37502.30s, cooldown until 37506.30s"
37531.01,INFO,"Mister pulse started; ON until 37531.26s, cooldown until 37535.26s"
37552.03,INFO,"Mister pulse started; ON until 37552.28s, cooldown until 37556.28s"
37566.02,INFO,"Mister pulse started; ON until 37566.27s, cooldown until 37570.27s"
37597.05,INFO,"Mister pulse started; ON until 37597.30s, cooldown until 37601.30s"
37625.02,INFO,"Mister pulse started; ON until 37625.27s, cooldown until 37629.27s"
37630.03,INFO,"Mister pulse started; ON until 37630.28s, cooldown until 37634.28s"
37654.03,INFO,"Mister pulse started; ON until 37654.28s, cooldown until 37658.28s"
37677.05,INFO,"Mister pulse started; ON until 37677.30s, cooldown until 37681.30s"
37717.01,INFO,"Mister pulse started; ON until 37717.26s, cooldown until 37721.26s"
37760.01,INFO,"Mister pulse started; ON until 37760.26s, cooldown until 37764.26s"
37786.04,INFO,"Mister pulse started; ON until 37786.29s, cooldown until 37790.29s"
37816.03,INFO,"Mister pulse started; ON until 37816.28s, cooldown until 37820.28s"
37841.02,INFO,"Mister pulse started; ON until 37841.27s, cooldown until 37845.27s"
37877.02,INFO,"Mister pulse started; ON until 37877.27s, cooldown until 37881.27s"
37896.01,INFO,"Mister pulse started; ON until 37896.26s, cooldown until 37900.26s"
37925.02,INFO,"Mister pulse started; ON until 37925.27s, cooldown until 37929.27s"
37943.04,INFO,"Mister pulse started; ON until 37943.29s, cooldown until 37947.29s"
37966.01,INFO,"Mister pulse started; ON until 37966.26s, cooldown until 37970.26s"
37997.03,INFO,"Mister pulse started; ON until 37997.28s, cooldown until 38001.28s"
38016.03,INFO,"Mister pulse started; ON until 38016.28s, cooldown until 38020.28s"
38042.05,INFO,"Mister pulse started; ON until 38042.30s, cooldown until 38046.30s"
38072.04,INFO,"Mister pulse started; ON until 38072.29s, cooldown until 38076.29s"
38097.03,INFO,"Mister pulse started; ON until 38097.28s, cooldown until 38101.28s"
38132.03,INFO,"Mister pulse started; ON until 38132.28s, cooldown until 38136.28s"
38151.02,INFO,"Mister pulse started; ON until 38151.27s, cooldown until 38155.27s"
38178.02,INFO,"Mister pulse started; ON until 38178.27s, cooldown until 38182.27s"
38215.03,INFO,"Mister pulse started; ON until 38215.28s, cooldown until 38219.28s"
38244.00,INFO,"Mister pulse started; ON until 38244.25s, cooldown until 38248.25s"
38266.05,INFO,"Mister pulse started; ON until 38266.30s, cooldown until 38270.30s"
38304.05,INFO,"Mister pulse started; ON until 38304.30s, cooldown until 38308.30s"
38335.02,INFO,"Mister pulse started; ON until 38335.27s, cooldown until 38339.27s"
38367.03,INFO,"Mister pulse started; ON until 38367.28s, cooldown until 38371.28s"
38399.04,INFO,"Mister pulse started; ON until 38399.29s, cooldown until 38403.29s"
38432.03,INFO,"Mister pulse started; ON until 38432.28s, cooldown until 38436.28s"
38466.05,INFO,"Mister pulse started; ON until 38466.30s, cooldown until 38470.30s"
38481.02,INFO,"Mister pulse started; ON until 38481.27s, cooldown until 38485.27s"
38498.01,INFO,"Mister pulse started; ON until 38498.26s, cooldown until 38502.26s"
38519.03,INFO,"Mister pulse started; ON until 38519.28s, cooldown until 38523.28s"
38556.04,INFO,"Mister pulse started; ON until 38556.29s, cooldown until 38560.29s"
38583.05,INFO,"Mister pulse started; ON until 38583.30s, cooldown until 38587.30s"
38618.05,INFO,"Mister pulse started; ON until 38618.30s, cooldown until 38622.30s"
38639.01,INFO,"Mister pulse started; ON until 38639.26s, cooldown until 38643.26s"
38677.05,INFO,"Mister pulse started; ON until 38677.30s, cooldown until 38681.30s"
38712.04,INFO,"Mister pulse started; ON until 38712.29s, cooldown until 38716.29s"
38730.01,INFO,"Mister pulse started; ON until 38730.26s, cooldown until 38734.26s"
38754.02,INFO,"Mister pulse started; ON until 38754.27s, cooldown until 38758.27s"
38780.04,INFO,"Mister pulse started; ON until 38780.29s, cooldown until 38784.29s"
38808.02,INFO,"Mister pulse started; ON until 38808.27s, cooldown until 38812.27s"
38832.03,INFO,"Mister pulse started; ON until 38832.28s, cooldown until 38836.28s"
38856.05,INFO,"Mister pulse started; ON until 38856.30s, cooldown until 38860.30s"
38883.04,INFO,"Mister pulse started; ON until 38883.29s, cooldown until 38887.29s"
38915.00,INFO,"Mister pulse started; ON until 38915.25s, cooldown until 38919.25s"
38948.04,INFO,"Mister pulse started; ON until 38948.29s, cooldown until 38952.29s"
38981.02,INFO,"Mister pulse started; ON until 38981.27s, cooldown until 38985.27s"
38995.01,INFO,"Mister pulse started; ON until 38995.26s, cooldown until 38999.26s"
39031.04,INFO,"Mister pulse started; ON until 39031.29s, cooldown until 39035.29s"
39055.05,INFO,"Mister pulse started; ON until 39055.30s, cooldown until 39059.30s"
39076.00,INFO,"Mister pulse started; ON until 39076.25s, cooldown until 39080.25s"
39092.01,INFO,"Mister pulse started; ON until 39092.26s, cooldown until 39096.26s"
39108.01,INFO,"Mister pulse started; ON until 39108.26s, cooldown until 39112.26s"
39126.03,INFO,"Mister pulse started; ON until 39126.28s, cooldown until 39130.28s"
39152.00,INFO,"Mister pulse started; ON until 39152.25s, cooldown until 39156.25s"
39183.03,INFO,"Mister pulse started; ON until 39183.28s, cooldown until 39187.28s"
39207.04,INFO,"Mister pulse started; ON until 39207.29s, cooldown until 39211.29s"
39231.00,INFO,"Mister pulse started; ON until 39231.25s, cooldown until 39235.25s"
39261.04,INFO,"Mister pulse started; ON until 39261.29s, cooldown until 39265.29s"
39280.04,INFO,"Mister pulse started; ON until 39280.29s, cooldown until 39284.29s"
39306.05,INFO,"Mister pulse started; ON until 39306.30s, cooldown until 39310.30s"
39340.01,INFO,"Mister pulse started; ON until 39340.26s, cooldown until 39344.26s"
39359.01,INFO,"Mister pulse started; ON until 39359.26s, cooldown until 39363.26s"
39421.00,INFO,"Mister pulse started; ON until 39421.25s, cooldown until 39425.25s"
39448.05,INFO,"Mister pulse started; ON until 39448.30s, cooldown until 39452.30s"
39479.02,INFO,"Mister pulse started; ON until 39479.27s, cooldown until 39483.27s"
39508.03,INFO,"Mister pulse started; ON until 39508.28s, cooldown until 39512.28s"
39528.01,INFO,"Mister pulse started; ON until 39528.26s, cooldown until 39532.26s"
39569.00,INFO,"Mister pulse started; ON until 39569.25s, cooldown until 39573.25s"
39586.04,INFO,"Mister pulse started; ON until 39586.29s, cooldown until 39590.29s"
39601.02,INFO,"Mister pulse started; ON until 39601.27s, cooldown until 39605.27s"
39619.04,INFO,"Mister pulse started; ON until 39619.29s, cooldown until 39623.29s"
39638.03,INFO,"Mister pulse started; ON until 39638.28s, cooldown until 39642.28s"
39669.01,INFO,"Mister pulse started; ON until 39669.26s, cooldown until 39673.26s"
39702.04,INFO,"Mister pulse started; ON until 39702.29s, cooldown until 39706.29s"
39729.04,INFO,"Mister pulse started; ON until 39729.29s, cooldown until 39733.29s"
39740.05,INFO,"Mister pulse started; ON until 39740.30s, cooldown until 39744.30s"
39768.03,INFO,"Mister pulse started; ON until 39768.28s, cooldown until 39772.28s"
39786.04,INFO,"Mister pulse started; ON until 39786.29s, cooldown until 39790.29s"
39805.04,INFO,"Mister pulse started; ON until 39805.29s, cooldown until 39809.29s"
39833.02,INFO,"Mister pulse started; ON until 39833.27s, cooldown until 39837.27s"
39851.04,INFO,"Mister pulse started; ON until 39851.29s, cooldown until 39855.29s"
39877.01,INFO,"Mister pulse started; ON until 39877.26s, cooldown until 39881.26s"
39916.05,INFO,"Mister pulse started; ON until 39916.30s, cooldown until 39920.30s"
39945.01,INFO,"Mister pulse started; ON until 39945.26s, cooldown until 39949.26s"
39969.02,INFO,"Mister pulse started; ON until 39969.27s, cooldown until 39973.27s"
39993.03,INFO,"Mister pulse started; ON until 39993.28s, cooldown until 39997.28s"
40019.00,INFO,"Mister pulse started; ON until 40019.25s, cooldown until 40023.25s"
40049.05,INFO,"Mister pulse started; ON until 40049.30s, cooldown until 40053.30s"
40081.01,INFO,"Mister pulse started; ON until 40081.26s, cooldown until 40085.26s"
40108.05,INFO,"Mister pulse started; ON until 40108.30s, cooldown until 40112.30s"
40138.04,INFO,"Mister pulse started; ON until 40138.29s, cooldown until 40142.29s"
40172.01,INFO,"Mister pulse started; ON until 40172.26s, cooldown until 40176.26s"
40184.04,INFO,"Mister pulse started; ON until 40184.29s, cooldown until 40188.29s"
40213.00,INFO,"Mister pulse started; ON until 40213.25s, cooldown until 40217.25s"
40232.05,INFO,"Mister pulse started; ON until 40232.30s, cooldown until 40236.30s"
40261.01,INFO,"Mister pulse started; ON until 40261.26s, cooldown until 40265.26s"
40282.02,INFO,"Mister pulse started; ON until 40282.27s, cooldown until 40286.27s"
40313.05,INFO,"Mister pulse started; ON until 40313.30s, cooldown until 40317.30s"
40341.03,INFO,"Mister pulse started; ON until 40341.28s, cooldown until 40345.28s"
40364.00,INFO,"Mister pulse started; ON until 40364.25s, cooldown until 40368.25s"
40385.02,INFO,"Mister pulse started; ON until 40385.27s, cooldown until 40389.27s"
40422.04,INFO,"Mister pulse started; ON until 40422.29s, cooldown until 40426.29s"
40446.04,INFO,"Mister pulse started; ON until 40446.29s, cooldown until 40450.29s"
40471.04,INFO,"Mister pulse started; ON until 40471.29s, cooldown until 40475.29s"
40499.01,INFO,"Mister pulse started; ON until 40499.26s, cooldown until 40503.26s"
40518.01,INFO,"Mister pulse started; ON until 40518.26s, cooldown until 40522.26s"
40545.01,INFO,"Mister pulse started; ON until 40545.26s, cooldown until 40549.26s"
40560.04,INFO,"Mister pulse started; ON until 40560.29s, cooldown until 40564.29s"
40599.02,INFO,"Mister pulse started; ON until 40599.27s, cooldown until 40603.27s"
40632.01,INFO,"Mister pulse started; ON until 40632.26s, cooldown until 40636.26s"
40646.05,INFO,"Mister pulse started; ON until 40646.30s, cooldown until 40650.30s"
40684.04,INFO,"Mister pulse started; ON until 40684.29s, cooldown until 40688.29s"
40710.01,INFO,"Mister pulse started; ON until 40710.26s, cooldown until 40714.26s"
40740.05,INFO,"Mister pulse started; ON until 40740.30s, cooldown until 40744.30s"
40763.02,INFO,"Mister pulse started; ON until 40763.27s, cooldown until 40767.27s"
40789.04,INFO,"Mister pulse started; ON until 40789.29s, cooldown until 40793.29s"
40818.04,INFO,"Mister pulse started; ON until 40818.29s, cooldown until 40822.29s"
40846.03,INFO,"Mister pulse started; ON until 40846.28s, cooldown until 40850.28s"
40864.05,INFO,"Mister pulse started; ON until 40864.30s, cooldown until 40868.30s"
40891.05,INFO,"Mister pulse started; ON until 40891.30s, cooldown until 40895.30s"
40927.02,INFO,"Mister pulse started; ON until 40927.27s, cooldown until 40931.27s"
40952.00,INFO,"Mister pulse started; ON until 40952.25s, cooldown until 40956.25s"
40982.04,INFO,"Mister pulse started; ON until 40982.29s, cooldown until 40986.29s"
40998.05,INFO,"Mister pulse started; ON until 40998.30s, cooldown until 41002.30s"
41021.02,INFO,"Mister pulse started; ON until 41021.27s, cooldown until 41025.27s"
41040.02,INFO,"Mister pulse started; ON until 41040.27s, cooldown until 41044.27s"
41069.04,INFO,"Mister pulse started; ON until 41069.29s, cooldown until 41073.29s"
41089.02,INFO,"Mister pulse started; ON until 41089.27s, cooldown until 41093.27s"
41129.02,INFO,"Mister pulse started; ON until 41129.27s, cooldown until 41133.27s"
41163.04,INFO,"Mister pulse started; ON until 41163.29s, cooldown until 41167.29s"
41175.02,INFO,"Mister pulse started; ON until 41175.27s, cooldown until 41179.27s"
41202.02,INFO,"Mister pulse started; ON until 41202.27s, cooldown until 41206.27s"
41217.04,INFO,"Mister pulse started; ON until 41217.29s, cooldown until 41221.29s"
41253.02,INFO,"Mister pulse started; ON until 41253.27s, cooldown until 41257.27s"
41279.04,INFO,"Mister pulse started; ON until 41279.29s, cooldown until 41283.29s"
41303.04,INFO,"Mister pulse started; ON until 41303.29s, cooldown until 41307.29s"
41339.02,INFO,"Mister pulse started; ON until 41339.27s, cooldown until 41343.27s"
41362.00,INFO,"Mister pulse started; ON until 41362.25s, cooldown until 41366.25s"
41384.04,INFO,"Mister pulse started; ON until 41384.29s, cooldown until 41388.29s"
41419.04,INFO,"Mister pulse started; ON until 41419.29s, cooldown until 41423.29s"
41441.04,INFO,"Mister pulse started; ON until 41441.29s, cooldown until 41445.29s"
41447.03,INFO,"Mister pulse started; ON until 41447.28s, cooldown until 41451.28s"
41497.00,INFO,"Mister pulse started; ON until 41497.25s, cooldown until 41501.25s"
41520.02,INFO,"Mister pulse started; ON until 41520.27s, cooldown until 41524.27s"
41536.02,INFO,"Mister pulse started; ON until 41536.27s, cooldown until 41540.27s"
41549.03,INFO,"Mister pulse started; ON until 41549.28s, cooldown until 41553.28s"
41581.03,INFO,"Mister pulse started; ON until 41581.28s, cooldown until 41585.28s"
41607.05,INFO,"Mister pulse started; ON until 41607.30s, cooldown until 41611.30s"
41646.03,INFO,"Mister pulse started; ON until 41646.28s, cooldown until 41650.28s"
41677.00,INFO,"Mister pulse started; ON until 41677.25s, cooldown until 41681.25s"
41708.04,INFO,"Mister pulse started; ON until 41708.29s, cooldown until 41712.29s"
41736.01,INFO,"Mister pulse started; ON until 41736.26s, cooldown until 41740.26s"
41755.01,INFO,"Mister pulse started; ON until 41755.26s, cooldown until 41759.26s"
41784.01,INFO,"Mister pulse started; ON until 41784.26s, cooldown until 41788.26s"
41806.01,INFO,"Mister pulse started; ON until 41806.26s, cooldown until 41810.26s"
41820.00,INFO,"Mister pulse started; ON until 41820.25s, cooldown until 41824.25s"
41856.03,INFO,"Mister pulse started; ON until 41856.28s, cooldown until 41860.28s"
41877.05,INFO,"Mister pulse started; ON until 41877.30s, cooldown until 41881.30s"
41905.03,INFO,"Mister pulse started; ON until 41905.28s, cooldown until 41909.28s"
41937.04,INFO,"Mister pulse started; ON until 41937.29s, cooldown until 41941.29s"
41962.03,INFO,"Mister pulse started; ON until 41962.28s, cooldown until 41966.28s"
41988.04,INFO,"Mister pulse started; ON until 41988.29s, cooldown until 41992.29s"
42020.04,INFO,"Mister pulse started; ON until 42020.29s, cooldown until 42024.29s"
42053.03,INFO,"Mister pulse started; ON until 42053.28s, cooldown until 42057.28s"
42068.01,INFO,"Mister pulse started; ON until 42068.26s, cooldown until 42072.26s"
42084.01,INFO,"Mister pulse started; ON until 42084.26s, cooldown until 42088.26s"
42097.02,INFO,"Mister pulse started; ON until 42097.27s, cooldown until 42101.27s"
42126.03,INFO,"Mister pulse started; ON until 42126.28s, cooldown until 42130.28s"
42144.05,INFO,"Mister pulse started; ON until 42144.30s, cooldown until 42148.30s"
42169.03,INFO,"Mister pulse started; ON until 42169.28s, cooldown until 42173.28s"
42197.01,INFO,"Mister pulse started; ON until 42197.26s, cooldown until 42201.26s"
42215.02,INFO,"Mister pulse started; ON until 42215.27s, cooldown until 42219.27s"
42240.01,INFO,"Mister pulse started; ON until 42240.26s, cooldown until 42244.26s"
42269.02,INFO,"Mister pulse started; ON until 42269.27s, cooldown until 42273.27s"
42291.02,INFO,"Mister pulse started; ON until 42291.27s, cooldown until 42295.27s"
42305.01,INFO,"Mister pulse started; ON until 42305.26s, cooldown until 42309.26s"
42344.04,INFO,"Mister pulse started; ON until 42344.29s, cooldown until 42348.29s"
42372.02,INFO,"Mister pulse started; ON until 42372.27s, cooldown until 42376.27s"
42394.01,INFO,"Mister pulse started; ON until 42394.26s, cooldown until 42398.26s"
42408.01,INFO,"Mister pulse started; ON until 42408.26s, cooldown until 42412.26s"
42446.05,INFO,"Mister pulse started; ON until 42446.30s, cooldown until 42450.30s"
42474.03,INFO,"Mister pulse started; ON until 42474.28s, cooldown until 42478.28s"
42491.02,INFO,"Mister pulse started; ON until 42491.27s, cooldown until 42495.27s"
42514.00,INFO,"Mister pulse started; ON until 42514.25s, cooldown until 42518.25s"
42536.05,INFO,"Mister pulse started; ON until 42536.30s, cooldown until 42540.30s"
42569.04,INFO,"Mister pulse started; ON until 42569.29s, cooldown until 42573.29s"
42583.03,INFO,"Mister pulse started; ON until 42583.28s, cooldown until 42587.28s"
42616.02,INFO,"Mister pulse started; ON until 42616.27s, cooldown until 42620.27s"
42631.05,INFO,"Mister pulse started; ON until 42631.30s, cooldown until 42635.30s"
42668.01,INFO,"Mister pulse started; ON until 42668.26s, cooldown until 42672.26s"
42695.01,INFO,"Mister pulse started; ON until 42695.26s, cooldown until 42699.26s"
42710.04,INFO,"Mister pulse started; ON until 42710.29s, cooldown until 42714.29s"
42743.02,INFO,"Mister pulse started; ON until 42743.27s, cooldown until 42747.27s"
42759.02,INFO,"Mister pulse started; ON until 42759.27s, cooldown until 42763.27s"
42773.02,INFO,"Mister pulse started; ON until 42773.27s, cooldown until 42777.27s"
42815.04,INFO,"Mister pulse started; ON until 42815.29s, cooldown until 42819.29s"
42832.03,INFO,"Mister pulse started; ON until 42832.28s, cooldown until 42836.28s"
42852.02,INFO,"Mister pulse started; ON until 42852.27s, cooldown until 42856.27s"
42881.03,INFO,"Mister pulse started; ON until 42881.28s, cooldown until 42885.28s"
42904.05,INFO,"Mister pulse started; ON until 42904.30s, cooldown until 42908.30s"
42925.00,INFO,"Mister pulse started; ON until 42925.25s, cooldown until 42929.25s"
42941.01,INFO,"Mister pulse started; ON until 42941.26s, cooldown until 42945.26s"
42954.02,INFO,"Mister pulse started; ON until 42954.27s, cooldown until 42958.27s"
42990.05,INFO,"Mister pulse started; ON until 42990.30s, cooldown until 42994.30s"
43006.00,INFO,"Mister pulse started; ON until 43006.25s, cooldown until 43010.25s"
43025.00,INFO,"Mister pulse started; ON until 43025.25s, cooldown until 43029.25s"
43052.05,INFO,"Mister pulse started; ON until 43052.30s, cooldown until 43056.30s"
43085.04,INFO,"Mister pulse started; ON until 43085.29s, cooldown until 43089.29s"
43103.01,INFO,"Mister pulse started; ON until 43103.26s, cooldown until 43107.26s"
43125.05,INFO,"Mister pulse started; ON until 43125.30s, cooldown until 43129.30s"
43138.00,INFO,"Mister pulse started; ON until 43138.25s, cooldown until 43142.25s"
43175.01,INFO,"Mister pulse started; ON until 43175.26s, cooldown until 43179.26s"
43198.03,INFO,"Mister pulse started; ON until 43198.28s, cooldown until 43202.28s"
43216.00,INFO,"Mister pulse started; ON until 43216.25s, cooldown until 43220.25s"
43245.01,INFO,"Mister pulse started; ON until 43245.26s, cooldown until 43249.26s"
43263.03,INFO,"Mister pulse started; ON until 43263.28s, cooldown until 43267.28s"
43295.04,INFO,"Mister pulse started; ON until 43295.29s, cooldown until 43299.29s"
43317.03,INFO,"Mister pulse started; ON until 43317.28s, cooldown until 43321.28s"
43336.03,INFO,"Mister pulse started; ON until 43336.28s, cooldown until 43340.28s"
43362.00,INFO,"Mister pulse started; ON until 43362.25s, cooldown until 43366.25s"
43371.04,INFO,"Mister pulse started; ON until 43371.29s, cooldown until 43375.29s"
43402.02,INFO,"Mister pulse started; ON until 43402.27s, cooldown until 43406.27s"
43414.05,INFO,"Mister pulse started; ON until 43414.30s, cooldown until 43418.30s"
43437.02,INFO,"Mister pulse started; ON until 43437.27s, cooldown until 43441.27s"
43461.03,INFO,"Mister pulse started; ON until 43461.28s, cooldown until 43465.28s"
43484.05,INFO,"Mister pulse started; ON until 43484.30s, cooldown until 43488.30s"
43503.05,INFO,"Mister pulse started; ON until 43503.30s, cooldown until 43507.30s"
43539.04,INFO,"Mister pulse started; ON until 43539.29s, cooldown until 43543.29s"
43557.00,INFO,"Mister pulse started; ON until 43557.25s, cooldown until 43561.25s"
43582.03,INFO,"Mister pulse started; ON until 43582.28s, cooldown until 43586.28s"
43608.01,INFO,"Mister pulse started; ON until 43608.26s, cooldown until 43612.26s"
43620.04,INFO,"Mister pulse started; ON until 43620.29s, cooldown until 43624.29s"
43650.03,INFO,"Mister pulse started; ON until 43650.28s, cooldown until 43654.28s"
43667.02,INFO,"Mister pulse started; ON until 43667.27s, cooldown until 43671.27s"
43689.01,INFO,"Mister pulse started; ON until 43689.26s, cooldown until 43693.26s"
43715.03,INFO,"Mister pulse started; ON until 43715.28s, cooldown until 43719.28s"
43736.05,INFO,"Mister pulse started; ON until 43736.30s, cooldown until 43740.30s"
43751.02,INFO,"Mister pulse started; ON until 43751.27s, cooldown until 43755.27s"
43765.01,INFO,"Mister pulse started; ON until 43765.26s, cooldown until 43769.26s"
43811.05,INFO,"Mister pulse started; ON until 43811.30s, cooldown until 43815.30s"
43832.01,INFO,"Mister pulse started; ON until 43832.26s, cooldown until 43836.26s"
43851.01,INFO,"Mister pulse started; ON until 43851.26s, cooldown until 43855.26s"
43877.03,INFO,"Mister pulse started; ON until 43877.28s, cooldown until 43881.28s"
43904.03,INFO,"Mister pulse started; ON until 43904.28s, cooldown until 43908.28s"
43928.04,INFO,"Mister pulse started; ON until 43928.29s, cooldown until 43932.29s"
43947.04,INFO,"Mister pulse started; ON until 43947.29s, cooldown until 43951.29s"
43974.04,INFO,"Mister pulse started; ON until 43974.29s, cooldown until 43978.29s"
43989.00,INFO,"Mister pulse started; ON until 43989.25s, cooldown until 43993.25s"
44004.03,INFO,"Mister pulse started; ON until 44004.28s, cooldown until 44008.28s"
44042.02,INFO,"Mister pulse started; ON until 44042.27s, cooldown until 44046.27s"
44071.03,INFO,"Mister pulse started; ON until 44071.28s, cooldown until 44075.28s"
44087.03,INFO,"Mister pulse started; ON until 44087.28s, cooldown until 44091.28s"
44104.01,INFO,"Mister pulse started; ON until 44104.26s, cooldown until 44108.26s"
44126.01,INFO,"Mister pulse started; ON until 44126.26s, cooldown until 44130.26s"
44143.05,INFO,"Mister pulse started; ON until 44143.30s, cooldown until 44147.30s"
44162.04,INFO,"Mister pulse started; ON until 44162.29s, cooldown until 44166.29s"
44192.04,INFO,"Mister pulse started; ON until 44192.29s, cooldown until 44196.29s"
44210.01,INFO,"Mister pulse started; ON until 44210.26s, cooldown until 44214.26s"
44250.02,INFO,"Mister pulse started; ON until 44250.27s, cooldown until 44254.27s"
44277.01,INFO,"Mister pulse started; ON until 44277.26s, cooldown until 44281.26s"
44295.03,INFO,"Mister pulse started; ON until 44295.28s, cooldown until 44299.28s"
44315.02,INFO,"Mister pulse started; ON until 44315.27s, cooldown until 44319.27s"
44328.04,INFO,"Mister pulse started; ON until 44328.29s, cooldown until 44332.29s"
44362.00,INFO,"Mister pulse started; ON until 44362.25s, cooldown until 44366.25s"
44369.03,INFO,"Mister pulse started; ON until 44369.28s, cooldown until 44373.28s"
44402.02,INFO,"Mister pulse started; ON until 44402.27s, cooldown until 44406.27s"
44415.03,INFO,"Mister pulse started; ON until 44415.28s, cooldown until 44419.28s"
44453.03,INFO,"Mister pulse started; ON until 44453.28s, cooldown until 44457.28s"
44477.04,INFO,"Mister pulse started; ON until 44477.29s, cooldown until 44481.29s"
44500.02,INFO,"Mister pulse started; ON until 44500.27s, cooldown until 44504.27s"
44519.01,INFO,"Mister pulse started; ON until 44519.26s, cooldown until 44523.26s"
44557.01,INFO,"Mister pulse started; ON until 44557.26s, cooldown until 44561.26s"
44581.01,INFO,"Mister pulse started; ON until 44581.26s, cooldown until 44585.26s"
44604.04,INFO,"Mister pulse started; ON until 44604.29s, cooldown until 44608.29s"
44625.04,INFO,"Mister pulse started; ON until 44625.29s, cooldown until 44629.29s"
44640.02,INFO,"Mister pulse started; ON until 44640.27s, cooldown until 44644.27s"
44654.01,INFO,"Mister pulse started; ON until 44654.26s, cooldown until 44658.26s"
44689.01,INFO,"Mister pulse started; ON until 44689.26s, cooldown until 44693.26s"
44707.03,INFO,"Mister pulse started; ON until 44707.28s, cooldown until 44711.28s"
44729.02,INFO,"Mister pulse started; ON until 44729.27s, cooldown until 44733.27s"
44746.05,INFO,"Mister pulse started; ON until 44746.30s, cooldown until 44750.30s"
44770.05,INFO,"Mister pulse started; ON until 44770.30s, cooldown until 44774.30s"
44789.04,INFO,"Mister pulse started; ON until 44789.29s, cooldown until 44793.29s"
44824.04,INFO,"Mister pulse started; ON until 44824.29s, cooldown until 44828.29s"
44838.03,INFO,"Mister pulse started; ON until 44838.28s, cooldown until 44842.28s"
44870.03,INFO,"Mister pulse started; ON until 44870.28s, cooldown until 44874.28s"
44898.01,INFO,"Mister pulse started; ON until 44898.26s, cooldown until 44902.26s"
44919.02,INFO,"Mister pulse started; ON until 44919.27s, cooldown until 44923.27s"
44932.04,INFO,"Mister pulse started; ON until 44932.29s, cooldown until 44936.29s"
44966.02,INFO,"Mister pulse started; ON until 44966.27s, cooldown until 44970.27s"
44979.03,INFO,"Mister pulse started; ON until 44979.28s, cooldown until 44983.28s"
45003.04,INFO,"Mister pulse started; ON until 45003.29s, cooldown until 45007.29s"
45028.02,INFO,"Mister pulse started; ON until 45028.27s, cooldown until 45032.27s"
45059.05,INFO,"Mister pulse started; ON until 45059.30s, cooldown until 45063.30s"
45082.01,INFO,"Mister pulse started; ON until 45082.26s, cooldown until 45086.26s"
45113.03,INFO,"Mister pulse started; ON until 45113.28s, cooldown until 45117.28s"
45135.02,INFO,"Mister pulse started; ON until 45135.27s, cooldown until 45139.27s"
45149.01,INFO,"Mister pulse started; ON until 45149.26s, cooldown until 45153.26s"
45163.01,INFO,"Mister pulse started; ON until 45163.26s, cooldown until 45167.26s"
45196.05,INFO,"Mister pulse started; ON until 45196.30s, cooldown until 45200.30s"
45224.04,INFO,"Mister pulse started; ON until 45224.29s, cooldown until 45228.29s"
45243.04,INFO,"Mister pulse started; ON until 45243.29s, cooldown until 45247.29s"
45274.02,INFO,"Mister pulse started; ON until 45274.27s, cooldown until 45278.27s"
45300.03,INFO,"Mister pulse started; ON until 45300.28s, cooldown until 45304.28s"
45311.03,INFO,"Mister pulse started; ON until 45311.28s, cooldown until 45315.28s"
45339.01,INFO,"Mister pulse started; ON until 45339.26s, cooldown until 45343.26s"
45345.00,INFO,"Mister pulse started; ON until 45345.25s, cooldown until 45349.25s"
45384.03,INFO,"Mister pulse started; ON until 45384.28s, cooldown until 45388.28s"
45408.03,INFO,"Mister pulse started; ON until 45408.28s, cooldown until 45412.28s"
45431.01,INFO,"Mister pulse started; ON until 45431.26s, cooldown until 45435.26s"
45469.05,INFO,"Mister pulse started; ON until 45469.30s, cooldown until 45473.30s"
45485.00,INFO,"Mister pulse started; ON until 45485.25s, cooldown until 45489.25s"
45504.00,INFO,"Mister pulse started; ON until 45504.25s, cooldown until 45508.25s"
45531.01,INFO,"Mister pulse started; ON until 45531.26s, cooldown until 45535.26s"
45548.04,INFO,"Mister pulse started; ON until 45548.29s, cooldown until 45552.29s"
45568.03,INFO,"Mister pulse started; ON until 45568.28s, cooldown until 45572.28s"
45596.00,INFO,"Mister pulse started; ON until 45596.25s, cooldown until 45600.25s"
45613.04,INFO,"Mister pulse started; ON until 45613.29s, cooldown until 45617.29s"
45636.02,INFO,"Mister pulse started; ON until 45636.27s, cooldown until 45640.27s"
45655.03,INFO,"Mister pulse started; ON until 45655.28s, cooldown until 45659.28s"
45687.04,INFO,"Mister pulse started; ON until 45687.29s, cooldown until 45691.29s"
45712.03,INFO,"Mister pulse started; ON until 45712.28s, cooldown until 45716.28s"
45725.05,INFO,"Mister pulse started; ON until 45725.30s, cooldown until 45729.30s"
45748.01,INFO,"Mister pulse started; ON until 45748.26s, cooldown until 45752.26s"
45773.00,INFO,"Mister pulse started; ON until 45773.25s, cooldown until 45777.25s"
45800.00,INFO,"Mister pulse started; ON until 45800.25s, cooldown until 45804.25s"
45817.03,INFO,"Mister pulse started; ON until 45817.28s, cooldown until 45821.28s"
45831.02,INFO,"Mister pulse started; ON until 45831.27s, cooldown until 45835.27s"
45845.01,INFO,"Mister pulse started; ON until 45845.26s, cooldown until 45849.26s"
45879.04,INFO,"Mister pulse started; ON until 45879.29s, cooldown until 45883.29s"
45886.00,INFO,"Mister pulse started; ON until 45886.25s, cooldown until 45890.25s"
45903.04,INFO,"Mister pulse started; ON until 45903.29s, cooldown until 45907.29s"
45910.01,INFO,"Mister pulse started; ON until 45910.26s, cooldown until 45914.26s"
45928.03,INFO,"Mister pulse started; ON until 45928.28s, cooldown until 45932.28s"
45944.04,INFO,"Mister pulse started; ON until 45944.29s, cooldown until 45948.29s"
45962.01,INFO,"Mister pulse started; ON until 45962.26s, cooldown until 45966.26s"
45987.05,INFO,"Mister pulse started; ON until 45987.30s, cooldown until 45991.30s"
46009.04,INFO,"Mister pulse started; ON until 46009.29s, cooldown until 46013.29s"
46031.04,INFO,"Mister pulse started; ON until 46031.29s, cooldown until 46035.29s"
46046.01,INFO,"Mister pulse started; ON until 46046.26s, cooldown until 46050.26s"
46063.04,INFO,"Mister pulse started; ON until 46063.29s, cooldown until 46067.29s"
46086.02,INFO,"Mister pulse started; ON until 46086.27s, cooldown until 46090.27s"
46104.04,INFO,"Mister pulse started; ON until 46104.29s, cooldown until 46108.29s"
46124.02,INFO,"Mister pulse started; ON until 46124.27s, cooldown until 46128.27s"
46135.02,INFO,"Mister pulse started; ON until 46135.27s, cooldown until 46139.27s"
46161.03,INFO,"Mister pulse started; ON until 46161.28s, cooldown until 46165.28s"
46185.04,INFO,"Mister pulse started; ON until 46185.29s, cooldown until 46189.29s"
46205.02,INFO,"Mister pulse started; ON until 46205.27s, cooldown until 46209.27s"
46222.01,INFO,"Mister pulse started; ON until 46222.26s, cooldown until 46226.26s"
46242.04,INFO,"Mister pulse started; ON until 46242.29s, cooldown until 46246.29s"
46273.02,INFO,"Mister pulse started; ON until 46273.27s, cooldown until 46277.27s"
46300.02,INFO,"Mister pulse started; ON until 46300.27s, cooldown until 46304.27s"
46316.03,INFO,"Mister pulse started; ON until 46316.28s, cooldown until 46320.28s"
46333.02,INFO,"Mister pulse started; ON until 46333.27s, cooldown until 46337.27s"
46355.01,INFO,"Mister pulse started; ON until 46355.26s, cooldown until 46359.26s"
46368.02,INFO,"Mister pulse started; ON until 46368.27s, cooldown until 46372.27s"
46400.03,INFO,"Mister pulse started; ON until 46400.28s, cooldown until 46404.28s"
46425.02,INFO,"Mister pulse started; ON until 46425.27s, cooldown until 46429.27s"
46430.03,INFO,"Mister pulse started; ON until 46430.28s, cooldown until 46434.28s"
46470.00,INFO,"Mister pulse started; ON until 46470.25s, cooldown until 46474.25s"
46497.05,INFO,"Mister pulse started; ON until 46497.30s, cooldown until 46501.30s"
46502.01,INFO,"Mister pulse started; ON until 46502.26s, cooldown until 46506.26s"
46537.01,INFO,"Mister pulse started; ON until 46537.26s, cooldown until 46541.26s"
46552.03,INFO,"Mister pulse started; ON until 46552.28s, cooldown until 46556.28s"
46565.04,INFO,"Mister pulse started; ON until 46565.29s, cooldown until 46569.29s"
46597.05,INFO,"Mister pulse started; ON until 46597.30s, cooldown until 46601.30s"
46621.00,INFO,"Mister pulse started; ON until 46621.25s, cooldown until 46625.25s"
46645.02,INFO,"Mister pulse started; ON until 46645.27s, cooldown until 46649.27s"
46673.05,INFO,"Mister pulse started; ON until 46673.30s, cooldown until 46677.30s"
46688.02,INFO,"Mister pulse started; ON until 46688.27s, cooldown until 46692.27s"
46701.03,INFO,"Mister pulse started; ON until 46701.28s, cooldown until 46705.28s"
46735.04,INFO,"Mister pulse started; ON until 46735.29s, cooldown until 46739.29s"
46744.03,INFO,"Mister pulse started; ON until 46744.28s, cooldown until 46748.28s"
46762.04,INFO,"Mister pulse started; ON until 46762.29s, cooldown until 46766.29s"
46782.02,INFO,"Mister pulse started; ON until 46782.27s, cooldown until 46786.27s"
46793.02,INFO,"Mister pulse started; ON until 46793.27s, cooldown until 46797.27s"
46817.02,INFO,"Mister pulse started; ON until 46817.27s, cooldown until 46821.27s"
46835.05,INFO,"Mister pulse started; ON until 46835.30s, cooldown until 46839.30s"
46858.01,INFO,"Mister pulse started; ON until 46858.26s, cooldown until 46862.26s"
46880.05,INFO,"Mister pulse started; ON until 46880.30s, cooldown until 46884.30s"
46896.00,INFO,"Mister pulse started; ON until 46896.25s, cooldown until 46900.25s"
46916.03,INFO,"Mister pulse started; ON until 46916.28s, cooldown until 46920.28s"
46945.04,INFO,"Mister pulse started; ON until 46945.29s, cooldown until 46949.29s"
46962.02,INFO,"Mister pulse started; ON until 46962.27s, cooldown until 46966.27s"
46985.04,INFO,"Mister pulse started; ON until 46985.29s, cooldown until 46989.29s"
47005.01,INFO,"Mister pulse started; ON until 47005.26s, cooldown until 47009.26s"
47011.05,INFO,"Mister pulse started; ON until 47011.30s, cooldown until 47015.30s"
47040.01,INFO,"Mister pulse started; ON until 47040.26s, cooldown until 47044.26s"
47060.05,INFO,"Mister pulse started; ON until 47060.30s, cooldown until 47064.30s"
47088.02,INFO,"Mister pulse started; ON until 47088.27s, cooldown until 47092.27s"
47108.00,INFO,"Mister pulse started; ON until 47108.25s, cooldown until 47112.25s"
47116.01,INFO,"Mister pulse started; ON until 47116.26s, cooldown until 47120.26s"
47131.05,INFO,"Mister pulse started; ON until 47131.30s, cooldown until 47135.30s"
47155.04,INFO,"Mister pulse started; ON until 47155.29s, cooldown until 47159.29s"
47184.05,INFO,"Mister pulse started; ON until 47184.30s, cooldown until 47188.30s"
47202.02,INFO,"Mister pulse started; ON until 47202.27s, cooldown until 47206.27s"
47227.01,INFO,"Mister pulse started; ON until 47227.26s, cooldown until 47231.26s"
47238.00,INFO,"Mister pulse started; ON until 47238.25s, cooldown until 47242.25s"
47260.04,INFO,"Mister pulse started; ON until 47260.29s, cooldown until 47264.29s"
47270.01,INFO,"Mister pulse started; ON until 47270.26s, cooldown until 47274.26s"
47291.02,INFO,"Mister pulse started; ON until 47291.27s, cooldown until 47295.27s"
47303.05,INFO,"Mister pulse started; ON until 47303.30s, cooldown until 47307.30s"
47334.03,INFO,"Mister pulse started; ON until 47334.28s, cooldown until 47338.28s"
47355.04,INFO,"Mister pulse started; ON until 47355.29s, cooldown until 47359.29s"
47362.00,INFO,"Mister pulse started; ON until 47362.25s, cooldown until 47366.25s"
47378.01,INFO,"Mister pulse started; ON until 47378.26s, cooldown until 47382.26s"
47385.03,INFO,"Mister pulse started; ON until 47385.28s, cooldown until 47389.28s"
47420.02,INFO,"Mister pulse started; ON until 47420.27s, cooldown until 47424.27s"
47426.01,INFO,"Mister pulse started; ON until 47426.26s, cooldown until 47430.26s"
47445.00,INFO,"Mister pulse started; ON until 47445.25s, cooldown until 47449.25s"
47466.01,INFO,"Mister pulse started; ON until 47466.26s, cooldown until 47470.26s"
47475.05,INFO,"Mister pulse started; ON until 47475.30s, cooldown until 47479.30s"
47488.01,INFO,"Mister pulse started; ON until 47488.26s, cooldown until 47492.26s"
47518.01,INFO,"Mister pulse started; ON until 47518.26s, cooldown until 47522.26s"
47539.02,INFO,"Mister pulse started; ON until 47539.27s, cooldown until 47543.27s"
47555.04,INFO,"Mister pulse started; ON until 47555.29s, cooldown until 47559.29s"
47568.05,INFO,"Mister pulse started; ON until 47568.30s, cooldown until 47572.30s"
47603.01,INFO,"Mister pulse started; ON until 47603.26s, cooldown until 47607.26s"
47621.03,INFO,"Mister pulse started; ON until 47621.28s, cooldown until 47625.28s"
47640.02,INFO,"Mister pulse started; ON until 47640.27s, cooldown until 47644.27s"
47653.03,INFO,"Mister pulse started; ON until 47653.28s, cooldown until 47657.28s"
47679.05,INFO,"Mister pulse started; ON until 47679.30s, cooldown until 47683.30s"
47705.01,INFO,"Mister pulse started; ON until 47705.26s, cooldown until 47709.26s"
47719.00,INFO,"Mister pulse started; ON until 47719.25s, cooldown until 47723.25s"
47724.01,INFO,"Mister pulse started; ON until 47724.26s, cooldown until 47728.26s"
47750.03,INFO,"Mister pulse started; ON until 47750.28s, cooldown until 47754.28s"
47775.02,INFO,"Mister pulse started; ON until 47775.27s, cooldown until 47779.27s"
47783.02,INFO,"Mister pulse started; ON until 47783.27s, cooldown until 47787.27s"
47796.03,INFO,"Mister pulse started; ON until 47796.28s, cooldown until 47800.28s"
47826.03,INFO,"Mister pulse started; ON until 47826.28s, cooldown until 47830.28s"
47843.02,INFO,"Mister pulse started; ON until 47843.27s, cooldown until 47847.27s"
47865.01,INFO,"Mister pulse started; ON until 47865.26s, cooldown until 47869.26s"
47887.00,INFO,"Mister pulse started; ON until 47887.25s, cooldown until 47891.25s"
47892.01,INFO,"Mister pulse started; ON until 47892.26s, cooldown until 47896.26s"
47927.01,INFO,"Mister pulse started; ON until 47927.26s, cooldown until 47931.26s"
47939.05,INFO,"Mister pulse started; ON until 47939.30s, cooldown until 47943.30s"
47965.00,INFO,"Mister pulse started; ON until 47965.25s, cooldown until 47969.25s"
47972.02,INFO,"Mister pulse started; ON until 47972.27s, cooldown until 47976.27s"
48001.03,INFO,"Mister pulse started; ON until 48001.28s, cooldown until 48005.28s"
48018.02,INFO,"Mister pulse started; ON until 48018.27s, cooldown until 48022.27s"
48048.02,INFO,"Mister pulse started; ON until 48048.27s, cooldown until 48052.27s"
48067.03,INFO,"Mister pulse started; ON until 48067.28s, cooldown until 48071.28s"
48089.03,INFO,"Mister pulse started; ON until 48089.28s, cooldown until 48093.28s"
48111.02,INFO,"Mister pulse started; ON until 48111.27s, cooldown until 48115.27s"
48134.05,INFO,"Mister pulse started; ON until 48134.30s, cooldown until 48138.30s"
48148.04,INFO,"Mister pulse started; ON until 48148.29s, cooldown until 48152.29s"
48160.02,INFO,"Mister pulse started; ON until 48160.27s, cooldown until 48164.27s"
48185.05,INFO,"Mister pulse started; ON until 48185.30s, cooldown until 48189.30s"
48205.02,INFO,"Mister pulse started; ON until 48205.27s, cooldown until 48209.27s"
48218.04,INFO,"Mister pulse started; ON until 48218.29s, cooldown until 48222.29s"
48243.02,INFO,"Mister pulse started; ON until 48243.27s, cooldown until 48247.27s"
48255.01,INFO,"Mister pulse started; ON until 48255.26s, cooldown until 48259.26s"
48282.00,INFO,"Mister pulse started; ON until 48282.25s, cooldown until 48286.25s"
48287.01,INFO,"Mister pulse started; ON until 48287.26s, cooldown until 48291.26s"
48314.01,INFO,"Mister pulse started; ON until 48314.26s, cooldown until 48318.26s"
48324.03,INFO,"Mister pulse started; ON until 48324.28s, cooldown until 48328.28s"
48343.03,INFO,"Mister pulse started; ON until 48343.28s, cooldown until 48347.28s"
48364.05,INFO,"Mister pulse started; ON until 48364.30s, cooldown until 48368.30s"
48369.00,INFO,"Mister pulse started; ON until 48369.25s, cooldown until 48373.25s"
48393.00,INFO,"Mister pulse started; ON until 48393.25s, cooldown until 48397.25s"
48399.05,INFO,"Mister pulse started; ON until 48399.30s, cooldown until 48403.30s"
48425.01,INFO,"Mister pulse started; ON until 48425.26s, cooldown until 48429.26s"
48433.01,INFO,"Mister pulse started; ON until 48433.26s, cooldown until 48437.26s"
48447.00,INFO,"Mister pulse started; ON until 48447.25s, cooldown until 48451.25s"
48472.04,INFO,"Mister pulse started; ON until 48472.29s, cooldown until 48476.29s"
48496.05,INFO,"Mister pulse started; ON until 48496.30s, cooldown until 48500.30s"
48530.01,INFO,"Mister pulse started; ON until 48530.26s, cooldown until 48534.26s"
48545.03,INFO,"Mister pulse started; ON until 48545.28s, cooldown until 48549.28s"
48556.03,INFO,"Mister pulse started; ON until 48556.28s, cooldown until 48560.28s"
48574.05,INFO,"Mister pulse started; ON until 48574.30s, cooldown until 48578.30s"
48593.05,INFO,"Mister pulse started; ON until 48593.30s, cooldown until 48597.30s"
48606.01,INFO,"Mister pulse started; ON until 48606.26s, cooldown until 48610.26s"
48631.05,INFO,"Mister pulse started; ON until 48631.30s, cooldown until 48635.30s"
48660.02,INFO,"Mister pulse started; ON until 48660.27s, cooldown until 48664.27s"
48681.03,INFO,"Mister pulse started; ON until 48681.28s, cooldown until 48685.28s"
48688.05,INFO,"Mister pulse started; ON until 48688.30s, cooldown until 48692.30s"
48705.04,INFO,"Mister pulse started; ON until 48705.29s, cooldown until 48709.29s"
48730.03,INFO,"Mister pulse started; ON until 48730.28s, cooldown until 48734.28s"
48748.00,INFO,"Mister pulse started; ON until 48748.25s, cooldown until 48752.25s"
48772.01,INFO,"Mister pulse started; ON until 48772.26s, cooldown until 48776.26s"
48800.05,INFO,"Mister pulse started; ON until 48800.30s, cooldown until 48804.30s"
48813.03,INFO,"Mister pulse started; ON until 48813.28s, cooldown until 48817.28s"
48834.05,INFO,"Mister pulse started; ON until 48834.30s, cooldown until 48838.30s"
48847.01,INFO,"Mister pulse started; ON until 48847.26s, cooldown until 48851.26s"
48858.01,INFO,"Mister pulse started; ON until 48858.26s, cooldown until 48862.26s"
48877.02,INFO,"Mister pulse started; ON until 48877.27s, cooldown until 48881.27s"
48904.03,INFO,"Mister pulse started; ON until 48904.28s, cooldown until 48908.28s"
48911.05,INFO,"Mister pulse started; ON until 48911.30s, cooldown until 48915.30s"
48927.05,INFO,"Mister pulse started; ON until 48927.30s, cooldown until 48931.30s"
48941.05,INFO,"Mister pulse started; ON until 48941.30s, cooldown until 48945.30s"
48966.03,INFO,"Mister pulse started; ON until 48966.28s, cooldown until 48970.28s"
48973.00,INFO,"Mister pulse started; ON until 48973.25s, cooldown until 48977.25s"
48988.02,INFO,"Mister pulse started; ON until 48988.27s, cooldown until 48992.27s"
49019.00,INFO,"Mister pulse started; ON until 49019.25s, cooldown until 49023.25s"
49043.00,INFO,"Mister pulse started; ON until 49043.25s, cooldown until 49047.25s"
49063.03,INFO,"Mister pulse started; ON until 49063.28s, cooldown until 49067.28s"
49076.05,INFO,"Mister pulse started; ON until 49076.30s, cooldown until 49080.30s"
49109.04,INFO,"Mister pulse started; ON until 49109.29s, cooldown until 49113.29s"
49118.03,INFO,"Mister pulse started; ON until 49118.28s, cooldown until 49122.28s"
49136.04,INFO,"Mister pulse started; ON until 49136.29s, cooldown until 49140.29s"
49151.01,INFO,"Mister pulse started; ON until 49151.26s, cooldown until 49155.26s"
49167.02,INFO,"Mister pulse started; ON until 49167.27s, cooldown until 49171.27s"
49191.03,INFO,"Mister pulse started; ON until 49191.28s, cooldown until 49195.28s"
49207.03,INFO,"Mister pulse started; ON until 49207.28s, cooldown until 49211.28s"
49227.01,INFO,"Mister pulse started; ON until 49227.26s, cooldown until 49231.26s"
49232.02,INFO,"Mister pulse started; ON until 49232.27s, cooldown until 49236.27s"
49263.04,INFO,"Mister pulse started; ON until 49263.29s, cooldown until 49267.29s"
49280.02,INFO,"Mister pulse started; ON until 49280.27s, cooldown until 49284.27s"
49299.01,INFO,"Mister pulse started; ON until 49299.26s, cooldown until 49303.26s"
49307.02,INFO,"Mister pulse started; ON until 49307.27s, cooldown until 49311.27s"
49319.05,INFO,"Mister pulse started; ON until 49319.30s, cooldown until 49323.30s"
49341.04,INFO,"Mister pulse started; ON until 49341.29s, cooldown until 49345.29s"
49352.04,INFO,"Mister pulse started; ON until 49352.29s, cooldown until 49356.29s"
49373.00,INFO,"Mister pulse started; ON until 49373.25s, cooldown until 49377.25s"
49393.03,INFO,"Mister pulse started; ON until 49393.28s, cooldown until 49397.28s"
49417.04,INFO,"Mister pulse started; ON until 49417.29s, cooldown until 49421.29s"
49443.01,INFO,"Mister pulse started; ON until 49443.26s, cooldown until 49447.26s"
49452.04,INFO,"Mister pulse started; ON until 49452.29s, cooldown until 49456.29s"
49468.04,INFO,"Mister pulse started; ON until 49468.29s, cooldown until 49472.29s"
49485.03,INFO,"Mister pulse started; ON until 49485.28s, cooldown until 49489.28s"
49505.00,INFO,"Mister pulse started; ON until 49505.25s, cooldown until 49509.25s"
49515.01,INFO,"Mister pulse started; ON until 49515.26s, cooldown until 49519.26s"
49531.01,INFO,"Mister pulse started; ON until 49531.26s, cooldown until 49535.26s"
49547.01,INFO,"Mister pulse started; ON until 49547.26s, cooldown until 49551.26s"
49563.02,INFO,"Mister pulse started; ON until 49563.27s, cooldown until 49567.27s"
49571.02,INFO,"Mister pulse started; ON until 49571.27s, cooldown until 49575.27s"
49587.02,INFO,"Mister pulse started; ON until 49587.27s, cooldown until 49591.27s"
49604.00,INFO,"Mister pulse started; ON until 49604.25s, cooldown until 49608.25s"
49619.02,INFO,"Mister pulse started; ON until 49619.27s, cooldown until 49623.27s"
49630.02,INFO,"Mister pulse started; ON until 49630.27s, cooldown until 49634.27s"
49659.03,INFO,"Mister pulse started; ON until 49659.28s, cooldown until 49663.28s"
49672.05,INFO,"Mister pulse started; ON until 49672.30s, cooldown until 49676.30s"
49695.02,INFO,"Mister pulse started; ON until 49695.27s, cooldown until 49699.27s"
49717.02,INFO,"Mister pulse started; ON until 49717.27s, cooldown until 49721.27s"
49738.03,INFO,"Mister pulse started; ON until 49738.28s, cooldown until 49742.28s"
49752.02,INFO,"Mister pulse started; ON until 49752.27s, cooldown until 49756.27s"
49757.03,INFO,"Mister pulse started; ON until 49757.28s, cooldown until 49761.28s"
49782.02,INFO,"Mister pulse started; ON until 49782.27s, cooldown until 49786.27s"
49804.01,INFO,"Mister pulse started; ON until 49804.26s, cooldown until 49808.26s"
49828.01,INFO,"Mister pulse started; ON until 49828.26s, cooldown until 49832.26s"
49847.02,INFO,"Mister pulse started; ON until 49847.27s, cooldown until 49851.27s"
49855.02,INFO,"Mister pulse started; ON until 49855.27s, cooldown until 49859.27s"
49869.02,INFO,"Mister pulse started; ON until 49869.27s, cooldown until 49873.27s"
49896.02,INFO,"Mister pulse started; ON until 49896.27s, cooldown until 49900.27s"
49910.01,INFO,"Mister pulse started; ON until 49910.26s, cooldown until 49914.26s"
49917.03,INFO,"Mister pulse started; ON until 49917.28s, cooldown until 49921.28s"
49943.04,INFO,"Mister pulse started; ON until 49943.29s, cooldown until 49947.29s"
49948.05,INFO,"Mister pulse started; ON until 49948.30s, cooldown until 49952.30s"
49975.04,INFO,"Mister pulse started; ON until 49975.29s, cooldown until 49979.29s"
49981.04,INFO,"Mister pulse started; ON until 49981.29s, cooldown until 49985.29s"
50010.04,INFO,"Mister pulse started; ON until 50010.29s, cooldown until 50014.29s"
50027.03,INFO,"Mister pulse started; ON until 50027.28s, cooldown until 50031.28s"
50044.02,INFO,"Mister pulse started; ON until 50044.27s, cooldown until 50048.27s"
50070.04,INFO,"Mister pulse started; ON until 50070.29s, cooldown until 50074.29s"
50078.04,INFO,"Mister pulse started; ON until 50078.29s, cooldown until 50082.29s"
50088.00,INFO,"Mister pulse started; ON until 50088.25s, cooldown until 50092.25s"
50109.01,INFO,"Mister pulse started; ON until 50109.26s, cooldown until 50113.26s"
50114.01,INFO,"Mister pulse started; ON until 50114.26s, cooldown until 50118.26s"
50143.03,INFO,"Mister pulse started; ON until 50143.28s, cooldown until 50147.28s"
50149.02,INFO,"Mister pulse started; ON until 50149.27s, cooldown until 50153.27s"
50167.03,INFO,"Mister pulse started; ON until 50167.28s, cooldown until 50171.28s"
50182.00,INFO,"Mister pulse started; ON until 50182.25s, cooldown until 50186.25s"
50187.01,INFO,"Mister pulse started; ON until 50187.26s, cooldown until 50191.26s"
50221.02,INFO,"Mister pulse started; ON until 50221.27s, cooldown until 50225.27s"
50226.03,INFO,"Mister pulse started; ON until 50226.28s, cooldown until 50230.28s"
50248.01,INFO,"Mister pulse started; ON until 50248.26s, cooldown until 50252.26s"
50265.04,INFO,"Mister pulse started; ON until 50265.29s, cooldown until 50269.29s"
50280.02,INFO,"Mister pulse started; ON until 50280.27s, cooldown until 50284.27s"
50300.04,INFO,"Mister pulse started; ON until 50300.29s, cooldown until 50304.29s"
50322.03,INFO,"Mister pulse started; ON until 50322.28s, cooldown until 50326.28s"
50344.02,INFO,"Mister pulse started; ON until 50344.27s, cooldown until 50348.27s"
50358.01,INFO,"Mister pulse started; ON until 50358.26s, cooldown until 50362.26s"
50374.01,INFO,"Mister pulse started; ON until 50374.26s, cooldown until 50378.26s"
50388.00,INFO,"Mister pulse started; ON until 50388.25s, cooldown until 50392.25s"
50396.00,INFO,"Mister pulse started; ON until 50396.25s, cooldown until 50400.25s"
50409.02,INFO,"Mister pulse started; ON until 50409.27s, cooldown until 50413.27s"
50432.05,INFO,"Mister pulse started; ON until 50432.30s, cooldown until 50436.30s"
50446.03,INFO,"Mister pulse started; ON until 50446.28s, cooldown until 50450.28s"
50460.02,INFO,"Mister pulse started; ON until 50460.27s, cooldown until 50464.27s"
50470.03,INFO,"Mister pulse started; ON until 50470.28s, cooldown until 50474.28s"
50487.02,INFO,"Mister pulse started; ON until 50487.27s, cooldown until 50491.27s"
50502.04,INFO,"Mister pulse started; ON until 50502.29s, cooldown until 50506.29s"
50515.05,INFO,"Mister pulse started; ON until 50515.30s, cooldown until 50519.30s"
50544.01,INFO,"Mister pulse started; ON until 50544.26s, cooldown until 50548.26s"
50562.02,INFO,"Mister pulse started; ON until 50562.27s, cooldown until 50566.27s"
50582.00,INFO,"Mister pulse started; ON until 50582.25s, cooldown until 50586.25s"
50602.04,INFO,"Mister pulse started; ON until 50602.29s, cooldown until 50606.29s"
50627.03,INFO,"Mister pulse started; ON until 50627.28s, cooldown until 50631.28s"
50633.02,INFO,"Mister pulse started; ON until 50633.27s, cooldown until 50637.27s"
50659.05,INFO,"Mister pulse started; ON until 50659.30s, cooldown until 50663.30s"
50667.05,INFO,"Mister pulse started; ON until 50667.30s, cooldown until 50671.30s"
50675.00,INFO,"Mister pulse started; ON until 50675.25s, cooldown until 50679.25s"
50696.02,INFO,"Mister pulse started; ON until 50696.27s, cooldown until 50700.27s"
50720.02,INFO,"Mister pulse started; ON until 50720.27s, cooldown until 50724.27s"
50740.05,INFO,"Mister pulse started; ON until 50740.30s, cooldown until 50744.30s"
50758.01,INFO,"Mister pulse started; ON until 50758.26s, cooldown until 50762.26s"
50779.02,INFO,"Mister pulse started; ON until 50779.27s, cooldown until 50783.27s"
50792.03,INFO,"Mister pulse started; ON until 50792.28s, cooldown until 50796.28s"
50815.01,INFO,"Mister pulse started; ON until 50815.26s, cooldown until 50819.26s"
50839.01,INFO,"Mister pulse started; ON until 50839.26s, cooldown until 50843.26s"
50860.02,INFO,"Mister pulse started; ON until 50860.27s, cooldown until 50864.27s"
50877.01,INFO,"Mister pulse started; ON until 50877.26s, cooldown until 50881.26s"
50897.04,INFO,"Mister pulse started; ON until 50897.29s, cooldown until 50901.29s"
50904.02,INFO,"Mister pulse started; ON until 50904.27s, cooldown until 50908.27s"
50919.04,INFO,"Mister pulse started; ON until 50919.29s, cooldown until 50923.29s"
50945.00,INFO,"Mister pulse started; ON until 50945.25s, cooldown until 50949.25s"
50957.03,INFO,"Mister pulse started; ON until 50957.28s, cooldown until 50961.28s"
50978.04,INFO,"Mister pulse started; ON until 50978.29s, cooldown until 50982.29s"
50983.05,INFO,"Mister pulse started; ON until 50983.30s, cooldown until 50987.30s"
51012.02,INFO,"Mister pulse started; ON until 51012.27s, cooldown until 51016.27s"
51035.01,INFO,"Mister pulse started; ON until 51035.26s, cooldown until 51039.26s"
51052.05,INFO,"Mister pulse started; ON until 51052.30s, cooldown until 51056.30s"
51073.01,INFO,"Mister pulse started; ON until 51073.26s, cooldown until 51077.26s"
51089.00,INFO,"Mister pulse started; ON until 51089.25s, cooldown until 51093.25s"
51103.04,INFO,"Mister pulse started; ON until 51103.29s, cooldown until 51107.29s"
51117.03,INFO,"Mister pulse started; ON until 51117.28s, cooldown until 51121.28s"
51141.04,INFO,"Mister pulse started; ON until 51141.29s, cooldown until 51145.29s"
51162.00,INFO,"Mister pulse started; ON until 51162.25s, cooldown until 51166.25s"
51183.01,INFO,"Mister pulse started; ON until 51183.26s, cooldown until 51187.26s"
51196.03,INFO,"Mister pulse started; ON until 51196.28s, cooldown until 51200.28s"
51218.02,INFO,"Mister pulse started; ON until 51218.27s, cooldown until 51222.27s"
51246.05,INFO,"Mister pulse started; ON until 51246.30s, cooldown until 51250.30s"
51252.04,INFO,"Mister pulse started; ON until 51252.29s, cooldown until 51256.29s"
51279.04,INFO,"Mister pulse started; ON until 51279.29s, cooldown until 51283.29s"
51288.03,INFO,"Mister pulse started; ON until 51288.28s, cooldown until 51292.28s"
51309.04,INFO,"Mister pulse started; ON until 51309.29s, cooldown until 51313.29s"
51315.03,INFO,"Mister pulse started; ON until 51315.28s, cooldown until 51319.28s"
51342.03,INFO,"Mister pulse started; ON until 51342.28s, cooldown until 51346.28s"
51356.01,INFO,"Mister pulse started; ON until 51356.26s, cooldown until 51360.26s"
51364.01,INFO,"Mister pulse started; ON until 51364.26s, cooldown until 51368.26s"
51375.01,INFO,"Mister pulse started; ON until 51375.26s, cooldown until 51379.26s"
51393.02,INFO,"Mister pulse started; ON until 51393.27s, cooldown until 51397.27s"
51413.01,INFO,"Mister pulse started; ON until 51413.26s, cooldown until 51417.26s"
51426.02,INFO,"Mister pulse started; ON until 51426.27s, cooldown until 51430.27s"
51454.00,INFO,"Mister pulse started; ON until 51454.25s, cooldown until 51458.25s"
51468.05,INFO,"Mister pulse started; ON until 51468.30s, cooldown until 51472.30s"
51476.00,INFO,"Mister pulse started; ON until 51476.25s, cooldown until 51480.25s"
51498.05,INFO,"Mister pulse started; ON until 51498.30s, cooldown until 51502.30s"
51519.02,INFO,"Mister pulse started; ON until 51519.27s, cooldown until 51523.27s"
51540.02,INFO,"Mister pulse started; ON until 51540.27s, cooldown until 51544.27s"
51549.05,INFO,"Mister pulse started; ON until 51549.30s, cooldown until 51553.30s"
51565.01,INFO,"Mister pulse started; ON until 51565.26s, cooldown until 51569.26s"
51588.03,INFO,"Mister pulse started; ON until 51588.28s, cooldown until 51592.28s"
51595.05,INFO,"Mister pulse started; ON until 51595.30s, cooldown until 51599.30s"
51610.02,INFO,"Mister pulse started; ON until 51610.27s, cooldown until 51614.27s"
51617.05,INFO,"Mister pulse started; ON until 51617.30s, cooldown until 51621.30s"
51647.03,INFO,"Mister pulse started; ON until 51647.28s, cooldown until 51651.28s"
51666.04,INFO,"Mister pulse started; ON until 51666.29s, cooldown until 51670.29s"
51672.03,INFO,"Mister pulse started; ON until 51672.28s, cooldown until 51676.28s"
51701.04,INFO,"Mister pulse started; ON until 51701.29s, cooldown until 51705.29s"
51720.04,INFO,"Mister pulse started; ON until 51720.29s, cooldown until 51724.29s"
51741.00,INFO,"Mister pulse started; ON until 51741.25s, cooldown until 51745.25s"
51760.05,INFO,"Mister pulse started; ON until 51760.30s, cooldown until 51764.30s"
51784.00,INFO,"Mister pulse started; ON until 51784.25s, cooldown until 51788.25s"
51789.02,INFO,"Mister pulse started; ON until 51789.27s, cooldown until 51793.27s"
51812.05,INFO,"Mister pulse started; ON until 51812.30s, cooldown until 51816.30s"
51830.02,INFO,"Mister pulse started; ON until 51830.27s, cooldown until 51834.27s"
51851.02,INFO,"Mister pulse started; ON until 51851.27s, cooldown until 51855.27s"
51870.03,INFO,"Mister pulse started; ON until 51870.28s, cooldown until 51874.28s"
51895.00,INFO,"Mister pulse started; ON until 51895.25s, cooldown until 51899.25s"
51900.01,INFO,"Mister pulse started; ON until 51900.26s, cooldown until 51904.26s"
51926.02,INFO,"Mister pulse started; ON until 51926.27s, cooldown until 51930.27s"
51947.04,INFO,"Mister pulse started; ON until 51947.29s, cooldown until 51951.29s"
51969.02,INFO,"Mister pulse started; ON until 51969.27s, cooldown until 51973.27s"
51985.02,INFO,"Mister pulse started; ON until 51985.27s, cooldown until 51989.27s"
51997.01,INFO,"Mister pulse started; ON until 51997.26s, cooldown until 52001.26s"
52019.05,INFO,"Mister pulse started; ON until 52019.30s, cooldown until 52023.30s"
52040.01,INFO,"Mister pulse started; ON until 52040.26s, cooldown until 52044.26s"
52052.04,INFO,"Mister pulse started; ON until 52052.29s, cooldown until 52056.29s"
52075.02,INFO,"Mister pulse started; ON until 52075.27s, cooldown until 52079.27s"
52095.05,INFO,"Mister pulse started; ON until 52095.30s, cooldown until 52099.30s"
52102.01,INFO,"Mister pulse started; ON until 52102.26s, cooldown until 52106.26s"
52119.00,INFO,"Mister pulse started; ON until 52119.25s, cooldown until 52123.25s"
52130.05,INFO,"Mister pulse started; ON until 52130.30s, cooldown until 52134.30s"
52146.00,INFO,"Mister pulse started; ON until 52146.25s, cooldown until 52150.25s"
52167.01,INFO,"Mister pulse started; ON until 52167.26s, cooldown until 52171.26s"
52172.02,INFO,"Mister pulse started; ON until 52172.27s, cooldown until 52176.27s"
52202.02,INFO,"Mister pulse started; ON until 52202.27s, cooldown until 52206.27s"
52221.02,INFO,"Mister pulse started; ON until 52221.27s, cooldown until 52225.27s"
52227.02,INFO,"Mister pulse started; ON until 52227.27s, cooldown until 52231.27s"
52256.03,INFO,"Mister pulse started; ON until 52256.28s, cooldown until 52260.28s"
52271.01,INFO,"Mister pulse started; ON until 52271.26s, cooldown until 52275.26s"
52289.02,INFO,"Mister pulse started; ON until 52289.27s, cooldown until 52293.27s"
52309.04,INFO,"Mister pulse started; ON until 52309.29s, cooldown until 52313.29s"
52314.00,INFO,"Mister pulse started; ON until 52314.25s, cooldown until 52318.25s"
52340.02,INFO,"Mister pulse started; ON until 52340.27s, cooldown until 52344.27s"
52347.04,INFO,"Mister pulse started; ON until 52347.29s, cooldown until 52351.29s"
52373.01,INFO,"Mister pulse started; ON until 52373.26s, cooldown until 52377.26s"
52386.01,INFO,"Mister pulse started; ON until 52386.26s, cooldown until 52390.26s"
52411.00,INFO,"Mister pulse started; ON until 52411.25s, cooldown until 52415.25s"
52418.02,INFO,"Mister pulse started; ON until 52418.27s, cooldown until 52422.27s"
52442.03,INFO,"Mister pulse started; ON until 52442.28s, cooldown until 52446.28s"
52465.00,INFO,"Mister pulse started; ON until 52465.25s, cooldown until 52469.25s"
52488.03,INFO,"Mister pulse started; ON until 52488.28s, cooldown until 52492.28s"
52505.02,INFO,"Mister pulse started; ON until 52505.27s, cooldown until 52509.27s"
52527.01,INFO,"Mister pulse started; ON until 52527.26s, cooldown until 52531.26s"
52546.02,INFO,"Mister pulse started; ON until 52546.27s, cooldown until 52550.27s"
52552.01,INFO,"Mister pulse started; ON until 52552.26s, cooldown until 52556.26s"
52581.01,INFO,"Mister pulse started; ON until 52581.26s, cooldown until 52585.26s"
52595.00,INFO,"Mister pulse started; ON until 52595.25s, cooldown until 52599.25s"
52610.03,INFO,"Mister pulse started; ON until 52610.28s, cooldown until 52614.28s"
52617.00,INFO,"Mister pulse started; ON until 52617.25s, cooldown until 52621.25s"
52633.01,INFO,"Mister pulse started; ON until 52633.26s, cooldown until 52637.26s"
52639.00,INFO,"Mister pulse started; ON until 52639.25s, cooldown until 52643.25s"
52668.01,INFO,"Mister pulse started; ON until 52668.26s, cooldown until 52672.26s"
52683.03,INFO,"Mister pulse started; ON until 52683.28s, cooldown until 52687.28s"
52699.04,INFO,"Mister pulse started; ON until 52699.29s, cooldown until 52703.29s"
52705.03,INFO,"Mister pulse started; ON until 52705.28s, cooldown until 52709.28s"
52718.04,INFO,"Mister pulse started; ON until 52718.29s, cooldown until 52722.29s"
52739.05,INFO,"Mister pulse started; ON until 52739.30s, cooldown until 52743.30s"
52752.00,INFO,"Mister pulse started; ON until 52752.25s, cooldown until 52756.25s"
52758.05,INFO,"Mister pulse started; ON until 52758.30s, cooldown until 52762.30s"
52781.03,INFO,"Mister pulse started; ON until 52781.28s, cooldown until 52785.28s"
52798.02,INFO,"Mister pulse started; ON until 52798.27s, cooldown until 52802.27s"
52820.00,INFO,"Mister pulse started; ON until 52820.25s, cooldown until 52824.25s"
52839.00,INFO,"Mister pulse started; ON until 52839.25s, cooldown until 52843.25s"
52846.03,INFO,"Mister pulse started; ON until 52846.28s, cooldown until 52850.28s"
52872.04,INFO,"Mister pulse started; ON until 52872.29s, cooldown until 52876.29s"
52879.02,INFO,"Mister pulse started; ON until 52879.27s, cooldown until 52883.27s"
52892.03,INFO,"Mister pulse started; ON until 52892.28s, cooldown until 52896.28s"
52912.01,INFO,"Mister pulse started; ON until 52912.26s, cooldown until 52916.26s"
52924.05,INFO,"Mister pulse started; ON until 52924.30s, cooldown until 52928.30s"
52944.02,INFO,"Mister pulse started; ON until 52944.27s, cooldown until 52948.27s"
52961.00,INFO,"Mister pulse started; ON until 52961.25s, cooldown until 52965.25s"
52978.04,INFO,"Mister pulse started; ON until 52978.29s, cooldown until 52982.29s"
52995.03,INFO,"Mister pulse started; ON until 52995.28s, cooldown until 52999.28s"
53012.02,INFO,"Mister pulse started; ON until 53012.27s, cooldown until 53016.27s"
53037.01,INFO,"Mister pulse started; ON until 53037.26s, cooldown until 53041.26s"
53042.03,INFO,"Mister pulse started; ON until 53042.28s, cooldown until 53046.28s"
53062.00,INFO,"Mister pulse started; ON until 53062.25s, cooldown until 53066.25s"
53077.03,INFO,"Mister pulse started; ON until 53077.28s, cooldown until 53081.28s"
53086.02,INFO,"Mister pulse started; ON until 53086.27s, cooldown until 53090.27s"
53102.02,INFO,"Mister pulse started; ON until 53102.27s, cooldown until 53106.27s"
53114.00,INFO,"Mister pulse started; ON until 53114.25s, cooldown until 53118.25s"
53138.01,INFO,"Mister pulse started; ON until 53138.26s, cooldown until 53142.26s"
53160.01,INFO,"Mister pulse started; ON until 53160.26s, cooldown until 53164.26s"
53176.02,INFO,"Mister pulse started; ON until 53176.27s, cooldown until 53180.27s"
53200.03,INFO,"Mister pulse started; ON until 53200.28s, cooldown until 53204.28s"
53221.04,INFO,"Mister pulse started; ON until 53221.29s, cooldown until 53225.29s"
53233.02,INFO,"Mister pulse started; ON until 53233.27s, cooldown until 53237.27s"
53256.04,INFO,"Mister pulse started; ON until 53256.29s, cooldown until 53260.29s"
53274.05,INFO,"Mister pulse started; ON until 53274.30s, cooldown until 53278.30s"
53294.03,INFO,"Mister pulse started; ON until 53294.28s, cooldown until 53298.28s"
53309.05,INFO,"Mister pulse started; ON until 53309.30s, cooldown until 53313.30s"
53321.03,INFO,"Mister pulse started; ON until 53321.28s, cooldown until 53325.28s"
53349.01,INFO,"Mister pulse started; ON until 53349.26s, cooldown until 53353.26s"
53363.04,INFO,"Mister pulse started; ON until 53363.29s, cooldown until 53367.29s"
53373.01,INFO,"Mister pulse started; ON until 53373.26s, cooldown until 53377.26s"
53388.03,INFO,"Mister pulse started; ON until 53388.28s, cooldown until 53392.28s"
53401.04,INFO,"Mister pulse started; ON until 53401.29s, cooldown until 53405.29s"
53426.02,INFO,"Mister pulse started; ON until 53426.27s, cooldown until 53430.27s"
53432.01,INFO,"Mister pulse started; ON until 53432.26s, cooldown until 53436.26s"
53456.02,INFO,"Mister pulse started; ON until 53456.27s, cooldown until 53460.27s"
53481.05,INFO,"Mister pulse started; ON until 53481.30s, cooldown until 53485.30s"
53503.04,INFO,"Mister pulse started; ON until 53503.29s, cooldown until 53507.29s"
53521.01,INFO,"Mister pulse started; ON until 53521.26s, cooldown until 53525.26s"
53526.02,INFO,"Mister pulse started; ON until 53526.27s, cooldown until 53530.27s"
53552.03,INFO,"Mister pulse started; ON until 53552.28s, cooldown until 53556.28s"
53571.03,INFO,"Mister pulse started; ON until 53571.28s, cooldown until 53575.28s"
53581.05,INFO,"Mister pulse started; ON until 53581.30s, cooldown until 53585.30s"
53599.02,INFO,"Mister pulse started; ON until 53599.27s, cooldown until 53603.27s"
53626.02,INFO,"Mister pulse started; ON until 53626.27s, cooldown until 53630.27s"
53638.05,INFO,"Mister pulse started; ON until 53638.30s, cooldown until 53642.30s"
53657.05,INFO,"Mister pulse started; ON until 53657.30s, cooldown until 53661.30s"
53662.01,INFO,"Mister pulse started; ON until 53662.26s, cooldown until 53666.26s"
53689.00,INFO,"Mister pulse started; ON until 53689.25s, cooldown until 53693.25s"
53703.05,INFO,"Mister pulse started; ON until 53703.30s, cooldown until 53707.30s"
53729.02,INFO,"Mister pulse started; ON until 53729.27s, cooldown until 53733.27s"
53741.04,INFO,"Mister pulse started; ON until 53741.29s, cooldown until 53745.29s"
53763.03,INFO,"Mister pulse started; ON until 53763.28s, cooldown until 53767.28s"
53780.01,INFO,"Mister pulse started; ON until 53780.26s, cooldown until 53784.26s"
53798.03,INFO,"Mister pulse started; ON until 53798.28s, cooldown until 53802.28s"
53824.04,INFO,"Mister pulse started; ON until 53824.29s, cooldown until 53828.29s"
53829.05,INFO,"Mister pulse started; ON until 53829.30s, cooldown until 53833.30s"
53850.01,INFO,"Mister pulse started; ON until 53850.26s, cooldown until 53854.26s"
53865.04,INFO,"Mister pulse started; ON until 53865.29s, cooldown until 53869.29s"
53880.01,INFO,"Mister pulse started; ON until 53880.26s, cooldown until 53884.26s"
53895.04,INFO,"Mister pulse started; ON until 53895.29s, cooldown until 53899.29s"
53901.03,INFO,"Mister pulse started; ON until 53901.28s, cooldown until 53905.28s"
53926.02,INFO,"Mister pulse started; ON until 53926.27s, cooldown until 53930.27s"
53934.02,INFO,"Mister pulse started; ON until 53934.27s, cooldown until 53938.27s"
53943.00,INFO,"Mister pulse started; ON until 53943.25s, cooldown until 53947.25s"
53956.01,INFO,"Mister pulse started; ON until 53956.26s, cooldown until 53960.26s"
53984.05,INFO,"Mister pulse started; ON until 53984.30s, cooldown until 53988.30s"
53993.03,INFO,"Mister pulse started; ON until 53993.28s, cooldown until 53997.28s"
54010.01,INFO,"Mister pulse started; ON until 54010.26s, cooldown until 54014.26s"
54030.04,INFO,"Mister pulse started; ON until 54030.29s, cooldown until 54034.29s"
54037.01,INFO,"Mister pulse started; ON until 54037.26s, cooldown until 54041.26s"
54051.01,INFO,"Mister pulse started; ON until 54051.26s, cooldown until 54055.26s"
54071.03,INFO,"Mister pulse started; ON until 54071.28s, cooldown until 54075.28s"
54088.02,INFO,"Mister pulse started; ON until 54088.27s, cooldown until 54092.27s"
54102.00,INFO,"Mister pulse started; ON until 54102.25s, cooldown until 54106.25s"
54109.02,INFO,"Mister pulse started; ON until 54109.27s, cooldown until 54113.27s"
54126.01,INFO,"Mister pulse started; ON until 54126.26s, cooldown until 54130.26s"
54131.02,INFO,"Mister pulse started; ON until 54131.27s, cooldown until 54135.27s"
54161.02,INFO,"Mister pulse started; ON until 54161.27s, cooldown until 54165.27s"
54178.01,INFO,"Mister pulse started; ON until 54178.26s, cooldown until 54182.26s"
54200.04,INFO,"Mister pulse started; ON until 54200.29s, cooldown until 54204.29s"
54215.02,INFO,"Mister pulse started; ON until 54215.27s, cooldown until 54219.27s"
54228.03,INFO,"Mister pulse started; ON until 54228.28s, cooldown until 54232.28s"
54233.03,INFO,"Mister pulse started; ON until 54233.28s, cooldown until 54237.28s"
54261.01,INFO,"Mister pulse started; ON until 54261.26s, cooldown until 54265.26s"
54269.01,INFO,"Mister pulse started; ON until 54269.26s, cooldown until 54273.26s"
54285.02,INFO,"Mister pulse started; ON until 54285.27s, cooldown until 54289.27s"
54291.01,INFO,"Mister pulse started; ON until 54291.26s, cooldown until 54295.26s"
54311.00,INFO,"Mister pulse started; ON until 54311.25s, cooldown until 54315.25s"
54331.03,INFO,"Mister pulse started; ON until 54331.28s, cooldown until 54335.28s"
54336.04,INFO,"Mister pulse started; ON until 54336.29s, cooldown until 54340.29s"
54361.03,INFO,"Mister pulse started; ON until 54361.28s, cooldown until 54365.28s"
54382.03,INFO,"Mister pulse started; ON until 54382.28s, cooldown until 54386.28s"
54397.01,INFO,"Mister pulse started; ON until 54397.26s, cooldown until 54401.26s"
54410.01,INFO,"Mister pulse started; ON until 54410.26s, cooldown until 54414.26s"
54419.05,INFO,"Mister pulse started; ON until 54419.30s, cooldown until 54423.30s"
54432.01,INFO,"Mister pulse started; ON until 54432.26s, cooldown until 54436.26s"
54454.00,INFO,"Mister pulse started; ON until 54454.25s, cooldown until 54458.25s"
54473.00,INFO,"Mister pulse started; ON until 54473.25s, cooldown until 54477.25s"
54478.01,INFO,"Mister pulse started; ON until 54478.26s, cooldown until 54482.26s"
54500.05,INFO,"Mister pulse started; ON until 54500.30s, cooldown until 54504.30s"
54512.03,INFO,"Mister pulse started; ON until 54512.28s, cooldown until 54516.28s"
54535.05,INFO,"Mister pulse started; ON until 54535.30s, cooldown until 54539.30s"
54551.05,INFO,"Mister pulse started; ON until 54551.30s, cooldown until 54555.30s"
54577.01,INFO,"Mister pulse started; ON until 54577.26s, cooldown until 54581.26s"
54582.01,INFO,"Mister pulse started; ON until 54582.26s, cooldown until 54586.26s"
54605.04,INFO,"Mister pulse started; ON until 54605.29s, cooldown until 54609.29s"
54616.03,INFO,"Mister pulse started; ON until 54616.28s, cooldown until 54620.28s"
54640.04,INFO,"Mister pulse started; ON until 54640.29s, cooldown until 54644.29s"
54660.02,INFO,"Mister pulse started; ON until 54660.27s, cooldown until 54664.27s"
54676.03,INFO,"Mister pulse started; ON until 54676.28s, cooldown until 54680.28s"
54689.03,INFO,"Mister pulse started; ON until 54689.28s, cooldown until 54693.28s"
54704.00,INFO,"Mister pulse started; ON until 54704.25s, cooldown until 54708.25s"
54712.00,INFO,"Mister pulse started; ON until 54712.25s, cooldown until 54716.25s"
54726.05,INFO,"Mister pulse started; ON until 54726.30s, cooldown until 54730.30s"
54747.01,INFO,"Mister pulse started; ON until 54747.26s, cooldown until 54751.26s"
54765.03,INFO,"Mister pulse started; ON until 54765.28s, cooldown until 54769.28s"
54782.01,INFO,"Mister pulse started; ON until 54782.26s, cooldown until 54786.26s"
54801.00,INFO,"Mister pulse started; ON until 54801.25s, cooldown until 54805.25s"
54810.03,INFO,"Mister pulse started; ON until 54810.28s, cooldown until 54814.28s"
54827.02,INFO,"Mister pulse started; ON until 54827.27s, cooldown until 54831.27s"
54842.05,INFO,"Mister pulse started; ON until 54842.30s, cooldown until 54846.30s"
54851.04,INFO,"Mister pulse started; ON until 54851.29s, cooldown until 54855.29s"
54869.05,INFO,"Mister pulse started; ON until 54869.30s, cooldown until 54873.30s"
54888.00,INFO,"Mister pulse started; ON until 54888.25s, cooldown until 54892.25s"
54894.04,INFO,"Mister pulse started; ON until 54894.29s, cooldown until 54898.29s"
54921.02,INFO,"Mister pulse started; ON until 54921.27s, cooldown until 54925.27s"
54938.00,INFO,"Mister pulse started; ON until 54938.25s, cooldown until 54942.25s"
54960.04,INFO,"Mister pulse started; ON until 54960.29s, cooldown until 54964.29s"
54974.03,INFO,"Mister pulse started; ON until 54974.28s, cooldown until 54978.28s"
54987.04,INFO,"Mister pulse started; ON until 54987.29s, cooldown until 54991.29s"
55009.03,INFO,"Mister pulse started; ON until 55009.28s, cooldown until 55013.28s"
55026.02,INFO,"Mister pulse started; ON until 55026.27s, cooldown until 55030.27s"
55047.03,INFO,"Mister pulse started; ON until 55047.28s, cooldown until 55051.28s"
55061.02,INFO,"Mister pulse started; ON until 55061.27s, cooldown until 55065.27s"
55070.01,INFO,"Mister pulse started; ON until 55070.26s, cooldown until 55074.26s"
55090.04,INFO,"Mister pulse started; ON until 55090.29s, cooldown until 55094.29s"
55109.03,INFO,"Mister pulse started; ON until 55109.28s, cooldown until 55113.28s"
55120.03,INFO,"Mister pulse started; ON until 55120.28s, cooldown until 55124.28s"
55142.02,INFO,"Mister pulse started; ON until 55142.27s, cooldown until 55146.27s"
55154.05,INFO,"Mister pulse started; ON until 55154.30s, cooldown until 55158.30s"
55174.03,INFO,"Mister pulse started; ON until 55174.28s, cooldown until 55178.28s"
55188.01,INFO,"Mister pulse started; ON until 55188.26s, cooldown until 55192.26s"
55201.02,INFO,"Mister pulse started; ON until 55201.27s, cooldown until 55205.27s"
55225.02,INFO,"Mister pulse started; ON until 55225.27s, cooldown until 55229.27s"
55245.01,INFO,"Mister pulse started; ON until 55245.26s, cooldown until 55249.26s"
55257.04,INFO,"Mister pulse started; ON until 55257.29s, cooldown until 55261.29s"
55285.03,INFO,"Mister pulse started; ON until 55285.28s, cooldown until 55289.28s"
55291.02,INFO,"Mister pulse started; ON until 55291.27s, cooldown until 55295.27s"
55310.03,INFO,"Mister pulse started; ON until 55310.28s, cooldown until 55314.28s"
55326.03,INFO,"Mister pulse started; ON until 55326.28s, cooldown until 55330.28s"
55344.05,INFO,"Mister pulse started; ON until 55344.30s, cooldown until 55348.30s"
55366.03,INFO,"Mister pulse started; ON until 55366.28s, cooldown until 55370.28s"
55383.02,INFO,"Mister pulse started; ON until 55383.27s, cooldown until 55387.27s"
55401.03,INFO,"Mister pulse started; ON until 55401.28s, cooldown until 55405.28s"
55409.03,INFO,"Mister pulse started; ON until 55409.28s, cooldown until 55413.28s"
55419.05,INFO,"Mister pulse started; ON until 55419.30s, cooldown until 55423.30s"
55432.00,INFO,"Mister pulse started; ON until 55432.25s, cooldown until 55436.25s"
55438.04,INFO,"Mister pulse started; ON until 55438.29s, cooldown until 55442.29s"
55459.00,INFO,"Mister pulse started; ON until 55459.25s, cooldown until 55463.25s"
55474.02,INFO,"Mister pulse started; ON until 55474.27s, cooldown until 55478.27s"
55481.04,INFO,"Mister pulse started; ON until 55481.29s, cooldown until 55485.29s"
55496.02,INFO,"Mister pulse started; ON until 55496.27s, cooldown until 55500.27s"
55505.00,INFO,"Mister pulse started; ON until 55505.25s, cooldown until 55509.25s"
55521.00,INFO,"Mister pulse started; ON until 55521.25s, cooldown until 55525.25s"
55526.01,INFO,"Mister pulse started; ON until 55526.26s, cooldown until 55530.26s"
55552.03,INFO,"Mister pulse started; ON until 55552.28s, cooldown until 55556.28s"
55559.01,INFO,"Mister pulse started; ON until 55559.26s, cooldown until 55563.26s"
55564.02,INFO,"Mister pulse started; ON until 55564.27s, cooldown until 55568.27s"
55590.03,INFO,"Mister pulse started; ON until 55590.28s, cooldown until 55594.28s"
55609.02,INFO,"Mister pulse started; ON until 55609.27s, cooldown until 55613.27s"
55615.01,INFO,"Mister pulse started; ON until 55615.26s, cooldown until 55619.26s"
55629.05,INFO,"Mister pulse started; ON until 55629.30s, cooldown until 55633.30s"
55649.03,INFO,"Mister pulse started; ON until 55649.28s, cooldown until 55653.28s"
55657.03,INFO,"Mister pulse started; ON until 55657.28s, cooldown until 55661.28s"
55671.02,INFO,"Mister pulse started; ON until 55671.27s, cooldown until 55675.27s"
55677.02,INFO,"Mister pulse started; ON until 55677.27s, cooldown until 55681.27s"
55708.04,INFO,"Mister pulse started; ON until 55708.29s, cooldown until 55712.29s"
55725.03,INFO,"Mister pulse started; ON until 55725.28s, cooldown until 55729.28s"
55744.03,INFO,"Mister pulse started; ON until 55744.28s, cooldown until 55748.28s"
55753.01,INFO,"Mister pulse started; ON until 55753.26s, cooldown until 55757.26s"
55773.04,INFO,"Mister pulse started; ON until 55773.29s, cooldown until 55777.29s"
55792.04,INFO,"Mister pulse started; ON until 55792.29s, cooldown until 55796.29s"
55800.04,INFO,"Mister pulse started; ON until 55800.29s, cooldown until 55804.29s"
55816.04,INFO,"Mister pulse started; ON until 55816.29s, cooldown until 55820.29s"
55823.01,INFO,"Mister pulse started; ON until 55823.26s, cooldown until 55827.26s"
55839.01,INFO,"Mister pulse started; ON until 55839.26s, cooldown until 55843.26s"
55856.01,INFO,"Mister pulse started; ON until 55856.26s, cooldown until 55860.26s"
55871.03,INFO,"Mister pulse started; ON until 55871.28s, cooldown until 55875.28s"
55877.01,INFO,"Mister pulse started; ON until 55877.26s, cooldown until 55881.26s"
55893.02,INFO,"Mister pulse started; ON until 55893.27s, cooldown until 55897.27s"
55898.03,INFO,"Mister pulse started; ON until 55898.28s, cooldown until 55902.28s"
55919.04,INFO,"Mister pulse started; ON until 55919.29s, cooldown until 55923.29s"
55930.05,INFO,"Mister pulse started; ON until 55930.30s, cooldown until 55934.30s"
55949.05,INFO,"Mister pulse started; ON until 55949.30s, cooldown until 55953.30s"
55955.04,INFO,"Mister pulse started; ON until 55955.29s, cooldown until 55959.29s"
55977.03,INFO,"Mister pulse started; ON until 55977.28s, cooldown until 55981.28s"
55994.02,INFO,"Mister pulse started; ON until 55994.27s, cooldown until 55998.27s"
56016.00,INFO,"Mister pulse started; ON until 56016.25s, cooldown until 56020.25s"
56032.01,INFO,"Mister pulse started; ON until 56032.26s, cooldown until 56036.26s"
56046.05,INFO,"Mister pulse started; ON until 56046.30s, cooldown until 56050.30s"
56055.03,INFO,"Mister pulse started; ON until 56055.28s, cooldown until 56059.28s"
56076.05,INFO,"Mister pulse started; ON until 56076.30s, cooldown until 56080.30s"
56081.00,INFO,"Mister pulse started; ON until 56081.25s, cooldown until 56085.25s"
56107.03,INFO,"Mister pulse started; ON until 56107.28s, cooldown until 56111.28s"
56112.04,INFO,"Mister pulse started; ON until 56112.29s, cooldown until 56116.29s"
56134.03,INFO,"Mister pulse started; ON until 56134.28s, cooldown until 56138.28s"
56148.02,INFO,"Mister pulse started; ON until 56148.27s, cooldown until 56152.27s"
56156.03,INFO,"Mister pulse started; ON until 56156.28s, cooldown until 56160.28s"
56172.03,INFO,"Mister pulse started; ON until 56172.28s, cooldown until 56176.28s"
56182.05,INFO,"Mister pulse started; ON until 56182.30s, cooldown until 56186.30s"
56196.04,INFO,"Mister pulse started; ON until 56196.29s, cooldown until 56200.29s"
56213.02,INFO,"Mister pulse started; ON until 56213.27s, cooldown until 56217.27s"
56220.04,INFO,"Mister pulse started; ON until 56220.29s, cooldown until 56224.29s"
56238.01,INFO,"Mister pulse started; ON until 56238.26s, cooldown until 56242.26s"
56257.01,INFO,"Mister pulse started; ON until 56257.26s, cooldown until 56261.26s"
56263.00,INFO,"Mister pulse started; ON until 56263.25s, cooldown until 56267.25s"
56287.00,INFO,"Mister pulse started; ON until 56287.25s, cooldown until 56291.25s"
56304.04,INFO,"Mister pulse started; ON until 56304.29s, cooldown until 56308.29s"
56328.04,INFO,"Mister pulse started; ON until 56328.29s, cooldown until 56332.29s"
56348.02,INFO,"Mister pulse started; ON until 56348.27s, cooldown until 56352.27s"
56356.02,INFO,"Mister pulse started; ON until 56356.27s, cooldown until 56360.27s"
56375.02,INFO,"Mister pulse started; ON until 56375.27s, cooldown until 56379.27s"
56395.01,INFO,"Mister pulse started; ON until 56395.26s, cooldown until 56399.26s"
56408.02,INFO,"Mister pulse started; ON until 56408.27s, cooldown until 56412.27s"
56414.01,INFO,"Mister pulse started; ON until 56414.26s, cooldown until 56418.26s"
56437.03,INFO,"Mister pulse started; ON until 56437.28s, cooldown until 56441.28s"
56455.05,INFO,"Mister pulse started; ON until 56455.30s, cooldown until 56459.30s"
56475.03,INFO,"Mister pulse started; ON until 56475.28s, cooldown until 56479.28s"
56489.03,INFO,"Mister pulse started; ON until 56489.28s, cooldown until 56493.28s"
56497.03,INFO,"Mister pulse started; ON until 56497.28s, cooldown until 56501.28s"
56519.02,INFO,"Mister pulse started; ON until 56519.27s, cooldown until 56523.27s"
56524.03,INFO,"Mister pulse started; ON until 56524.28s, cooldown until 56528.28s"
56543.02,INFO,"Mister pulse started; ON until 56543.27s, cooldown until 56547.27s"
56548.04,INFO,"Mister pulse started; ON until 56548.29s, cooldown until 56552.29s"
56575.04,INFO,"Mister pulse started; ON until 56575.29s, cooldown until 56579.29s"
56580.05,INFO,"Mister pulse started; ON until 56580.30s, cooldown until 56584.30s"
56601.00,INFO,"Mister pulse started; ON until 56601.25s, cooldown until 56605.25s"
56607.04,INFO,"Mister pulse started; ON until 56607.29s, cooldown until 56611.29s"
56622.02,INFO,"Mister pulse started; ON until 56622.27s, cooldown until 56626.27s"
56627.03,INFO,"Mister pulse started; ON until 56627.28s, cooldown until 56631.28s"
56651.03,INFO,"Mister pulse started; ON until 56651.28s, cooldown until 56655.28s"
56669.05,INFO,"Mister pulse started; ON until 56669.30s, cooldown until 56673.30s"
56689.03,INFO,"Mister pulse started; ON until 56689.28s, cooldown until 56693.28s"
56703.02,INFO,"Mister pulse started; ON until 56703.27s, cooldown until 56707.27s"
56715.05,INFO,"Mister pulse started; ON until 56715.30s, cooldown until 56719.30s"
56735.02,INFO,"Mister pulse started; ON until 56735.27s, cooldown until 56739.27s"
56741.01,INFO,"Mister pulse started; ON until 56741.26s, cooldown until 56745.26s"
56754.02,INFO,"Mister pulse started; ON until 56754.27s, cooldown until 56758.27s"
56771.00,INFO,"Mister pulse started; ON until 56771.25s, cooldown until 56775.25s"
56791.04,INFO,"Mister pulse started; ON until 56791.29s, cooldown until 56795.29s"
56804.04,INFO,"Mister pulse started; ON until 56804.29s, cooldown until 56808.29s"
56826.03,INFO,"Mister pulse started; ON until 56826.28s, cooldown until 56830.28s"
56853.03,INFO,"Mister pulse started; ON until 56853.28s, cooldown until 56857.28s"
56859.02,INFO,"Mister pulse started; ON until 56859.27s, cooldown until 56863.27s"
56890.03,INFO,"Mister pulse started; ON until 56890.28s, cooldown until 56894.28s"
56904.02,INFO,"Mister pulse started; ON until 56904.27s, cooldown until 56908.27s"
56922.04,INFO,"Mister pulse started; ON until 56922.29s, cooldown until 56926.29s"
56941.03,INFO,"Mister pulse started; ON until 56941.28s, cooldown until 56945.28s"
56947.02,INFO,"Mister pulse started; ON until 56947.27s, cooldown until 56951.27s"
56970.04,INFO,"Mister pulse started; ON until 56970.29s, cooldown until 56974.29s"
56988.01,INFO,"Mister pulse started; ON until 56988.26s, cooldown until 56992.26s"
56993.02,INFO,"Mister pulse started; ON until 56993.27s, cooldown until 56997.27s"
57017.04,INFO,"Mister pulse started; ON until 57017.29s, cooldown until 57021.29s"
57030.05,INFO,"Mister pulse started; ON until 57030.30s, cooldown until 57034.30s"
57043.01,INFO,"Mister pulse started; ON until 57043.26s, cooldown until 57047.26s"
57048.02,INFO,"Mister pulse started; ON until 57048.27s, cooldown until 57052.27s"
57069.02,INFO,"Mister pulse started; ON until 57069.27s, cooldown until 57073.27s"
57080.02,INFO,"Mister pulse started; ON until 57080.27s, cooldown until 57084.27s"
57097.00,INFO,"Mister pulse started; ON until 57097.25s, cooldown until 57101.25s"
57122.03,INFO,"Mister pulse started; ON until 57122.28s, cooldown until 57126.28s"
57140.04,INFO,"Mister pulse started; ON until 57140.29s, cooldown until 57144.29s"
57145.00,INFO,"Mister pulse started; ON until 57145.25s, cooldown until 57149.25s"
57165.03,INFO,"Mister pulse started; ON until 57165.28s, cooldown until 57169.28s"
57180.01,INFO,"Mister pulse started; ON until 57180.26s, cooldown until 57184.26s"
57193.02,INFO,"Mister pulse started; ON until 57193.27s, cooldown until 57197.27s"
57214.03,INFO,"Mister pulse started; ON until 57214.28s, cooldown until 57218.28s"
57226.01,INFO,"Mister pulse started; ON until 57226.26s, cooldown until 57230.26s"
57233.03,INFO,"Mister pulse started; ON until 57233.28s, cooldown until 57237.28s"
57256.00,INFO,"Mister pulse started; ON until 57256.25s, cooldown until 57260.25s"
57272.01,INFO,"Mister pulse started; ON until 57272.26s, cooldown until 57276.26s"
57292.03,INFO,"Mister pulse started; ON until 57292.28s, cooldown until 57296.28s"
57302.04,INFO,"Mister pulse started; ON until 57302.29s, cooldown until 57306.29s"
57317.02,INFO,"Mister pulse started; ON until 57317.27s, cooldown until 57321.27s"
57331.01,INFO,"Mister pulse started; ON until 57331.26s, cooldown until 57335.26s"
57342.01,INFO,"Mister pulse started; ON until 57342.26s, cooldown until 57346.26s"
57359.00,INFO,"Mister pulse started; ON until 57359.25s, cooldown until 57363.25s"
57383.01,INFO,"Mister pulse started; ON until 57383.26s, cooldown until 57387.26s"
57402.05,INFO,"Mister pulse started; ON until 57402.30s, cooldown until 57406.30s"
57407.01,INFO,"Mister pulse started; ON until 57407.26s, cooldown until 57411.26s"
57428.01,INFO,"Mister pulse started; ON until 57428.26s, cooldown until 57432.26s"
57437.05,INFO,"Mister pulse started; ON until 57437.30s, cooldown until 57441.30s"
57455.02,INFO,"Mister pulse started; ON until 57455.27s, cooldown until 57459.27s"
57472.00,INFO,"Mister pulse started; ON until 57472.25s, cooldown until 57476.25s"
57477.01,INFO,"Mister pulse started; ON until 57477.26s, cooldown until 57481.26s"
57497.05,INFO,"Mister pulse started; ON until 57497.30s, cooldown until 57501.30s"
57502.00,INFO,"Mister pulse started; ON until 57502.25s, cooldown until 57506.25s"
57524.00,INFO,"Mister pulse started; ON until 57524.25s, cooldown until 57528.25s"
57540.01,INFO,"Mister pulse started; ON until 57540.26s, cooldown until 57544.26s"
57561.02,INFO,"Mister pulse started; ON until 57561.27s, cooldown until 57565.27s"
57571.04,INFO,"Mister pulse started; ON until 57571.29s, cooldown until 57575.29s"
57586.01,INFO,"Mister pulse started; ON until 57586.26s, cooldown until 57590.26s"
57592.04,INFO,"Mister pulse started; ON until 57592.29s, cooldown until 57596.29s"
57607.02,INFO,"Mister pulse started; ON until 57607.27s, cooldown until 57611.27s"
57612.04,INFO,"Mister pulse started; ON until 57612.29s, cooldown until 57616.29s"
57631.04,INFO,"Mister pulse started; ON until 57631.29s, cooldown until 57635.29s"
57639.04,INFO,"Mister pulse started; ON until 57639.29s, cooldown until 57643.29s"
57649.01,INFO,"Mister pulse started; ON until 57649.26s, cooldown until 57653.26s"
57662.01,INFO,"Mister pulse started; ON until 57662.26s, cooldown until 57666.26s"
57667.02,INFO,"Mister pulse started; ON until 57667.27s, cooldown until 57671.27s"
57689.02,INFO,"Mister pulse started; ON until 57689.27s, cooldown until 57693.27s"
57705.02,INFO,"Mister pulse started; ON until 57705.27s, cooldown until 57709.27s"
57717.05,INFO,"Mister pulse started; ON until 57717.30s, cooldown until 57721.30s"
57737.03,INFO,"Mister pulse started; ON until 57737.28s, cooldown until 57741.28s"
57750.03,INFO,"Mister pulse started; ON until 57750.28s, cooldown until 57754.28s"
57755.04,INFO,"Mister pulse started; ON until 57755.29s, cooldown until 57759.29s"
57777.03,INFO,"Mister pulse started; ON until 57777.28s, cooldown until 57781.28s"
57789.01,INFO,"Mister pulse started; ON until 57789.26s, cooldown until 57793.26s"
57795.00,INFO,"Mister pulse started; ON until 57795.25s, cooldown until 57799.25s"
57821.01,INFO,"Mister pulse started; ON until 57821.26s, cooldown until 57825.26s"
57826.02,INFO,"Mister pulse started; ON until 57826.27s, cooldown until 57830.27s"
57844.04,INFO,"Mister pulse started; ON until 57844.29s, cooldown until 57848.29s"
57867.02,INFO,"Mister pulse started; ON until 57867.27s, cooldown until 57871.27s"
57884.00,INFO,"Mister pulse started; ON until 57884.25s, cooldown until 57888.25s"
57889.01,INFO,"Mister pulse started; ON until 57889.26s, cooldown until 57893.26s"
57909.04,INFO,"Mister pulse started; ON until 57909.29s, cooldown until 57913.29s"
57914.00,INFO,"Mister pulse started; ON until 57914.25s, cooldown until 57918.25s"
57941.02,INFO,"Mister pulse started; ON until 57941.27s, cooldown until 57945.27s"
57947.00,INFO,"Mister pulse started; ON until 57947.25s, cooldown until 57951.25s"
57960.02,INFO,"Mister pulse started; ON until 57960.27s, cooldown until 57964.27s"
57975.03,INFO,"Mister pulse started; ON until 57975.28s, cooldown until 57979.28s"
57990.01,INFO,"Mister pulse started; ON until 57990.26s, cooldown until 57994.26s"
58003.02,INFO,"Mister pulse started; ON until 58003.27s, cooldown until 58007.27s"
58008.03,INFO,"Mister pulse started; ON until 58008.28s, cooldown until 58012.28s"
58027.02,INFO,"Mister pulse started; ON until 58027.27s, cooldown until 58031.27s"
58032.03,INFO,"Mister pulse started; ON until 58032.28s, cooldown until 58036.28s"
58052.02,INFO,"Mister pulse started; ON until 58052.27s, cooldown until 58056.27s"
58057.03,INFO,"Mister pulse started; ON until 58057.28s, cooldown until 58061.28s"
58081.03,INFO,"Mister pulse started; ON until 58081.28s, cooldown until 58085.28s"
58097.04,INFO,"Mister pulse started; ON until 58097.29s, cooldown until 58101.29s"
58121.03,INFO,"Mister pulse started; ON until 58121.28s, cooldown until 58125.28s"
58138.01,INFO,"Mister pulse started; ON until 58138.26s, cooldown until 58142.26s"
58143.02,INFO,"Mister pulse started; ON until 58143.27s, cooldown until 58147.27s"
58164.03,INFO,"Mister pulse started; ON until 58164.28s, cooldown until 58168.28s"
58169.04,INFO,"Mister pulse started; ON until 58169.29s, cooldown until 58173.29s"
58190.05,INFO,"Mister pulse started; ON until 58190.30s, cooldown until 58194.30s"
58203.01,INFO,"Mister pulse started; ON until 58203.26s, cooldown until 58207.26s"
58215.03,INFO,"Mister pulse started; ON until 58215.28s, cooldown until 58219.28s"
58232.00,INFO,"Mister pulse started; ON until 58232.25s, cooldown until 58236.25s"
58249.04,INFO,"Mister pulse started; ON until 58249.29s, cooldown until 58253.29s"
58267.01,INFO,"Mister pulse started; ON until 58267.26s, cooldown until 58271.26s"
58273.05,INFO,"Mister pulse started; ON until 58273.30s, cooldown until 58277.30s"
58303.04,INFO,"Mister pulse started; ON until 58303.29s, cooldown until 58307.29s"
58319.00,INFO,"Mister pulse started; ON until 58319.25s, cooldown until 58323.25s"
58335.02,INFO,"Mister pulse started; ON until 58335.27s, cooldown until 58339.27s"
58356.03,INFO,"Mister pulse started; ON until 58356.28s, cooldown until 58360.28s"
58371.05,INFO,"Mister pulse started; ON until 58371.30s, cooldown until 58375.30s"
58377.05,INFO,"Mister pulse started; ON until 58377.30s, cooldown until 58381.30s"
58388.05,INFO,"Mister pulse started; ON until 58388.30s, cooldown until 58392.30s"
58403.02,INFO,"Mister pulse started; ON until 58403.27s, cooldown until 58407.27s"
58415.05,INFO,"Mister pulse started; ON until 58415.30s, cooldown until 58419.30s"
58434.04,INFO,"Mister pulse started; ON until 58434.29s, cooldown until 58438.29s"
58440.03,INFO,"Mister pulse started; ON until 58440.28s, cooldown until 58444.28s"
58455.05,INFO,"Mister pulse started; ON until 58455.30s, cooldown until 58459.30s"
58475.03,INFO,"Mister pulse started; ON until 58475.28s, cooldown until 58479.28s"
58488.04,INFO,"Mister pulse started; ON until 58488.29s, cooldown until 58492.29s"
58493.00,INFO,"Mister pulse started; ON until 58493.25s, cooldown until 58497.25s"
58515.05,INFO,"Mister pulse started; ON until 58515.30s, cooldown until 58519.30s"
58520.00,INFO,"Mister pulse started; ON until 58520.25s, cooldown until 58524.25s"
58540.05,INFO,"Mister pulse started; ON until 58540.30s, cooldown until 58544.30s"
58555.03,INFO,"Mister pulse started; ON until 58555.28s, cooldown until 58559.28s"
58572.02,INFO,"Mister pulse started; ON until 58572.27s, cooldown until 58576.27s"
58590.04,INFO,"Mister pulse started; ON until 58590.29s, cooldown until 58594.29s"
58595.00,INFO,"Mister pulse started; ON until 58595.25s, cooldown until 58599.25s"
58617.05,INFO,"Mister pulse started; ON until 58617.30s, cooldown until 58621.30s"
58625.05,INFO,"Mister pulse started; ON until 58625.30s, cooldown until 58629.30s"
58646.01,INFO,"Mister pulse started; ON until 58646.26s, cooldown until 58650.26s"
58653.03,INFO,"Mister pulse started; ON until 58653.28s, cooldown until 58657.28s"
58663.05,INFO,"Mister pulse started; ON until 58663.30s, cooldown until 58667.30s"
58671.05,INFO,"Mister pulse started; ON until 58671.30s, cooldown until 58675.30s"
58687.05,INFO,"Mister pulse started; ON until 58687.30s, cooldown until 58691.30s"
58692.00,INFO,"Mister pulse started; ON until 58692.25s, cooldown until 58696.25s"
58707.03,INFO,"Mister pulse started; ON until 58707.28s, cooldown until 58711.28s"
58724.01,INFO,"Mister pulse started; ON until 58724.26s, cooldown until 58728.26s"
58731.03,INFO,"Mister pulse started; ON until 58731.28s, cooldown until 58735.28s"
58751.02,INFO,"Mister pulse started; ON until 58751.27s, cooldown until 58755.27s"
58763.05,INFO,"Mister pulse started; ON until 58763.30s, cooldown until 58767.30s"
58782.00,INFO,"Mister pulse started; ON until 58782.25s, cooldown until 58786.25s"
58794.04,INFO,"Mister pulse started; ON until 58794.29s, cooldown until 58798.29s"
58812.00,INFO,"Mister pulse started; ON until 58812.25s, cooldown until 58816.25s"
58826.04,INFO,"Mister pulse started; ON until 58826.29s, cooldown until 58830.29s"
58843.02,INFO,"Mister pulse started; ON until 58843.27s, cooldown until 58847.27s"
58850.04,INFO,"Mister pulse started; ON until 58850.29s, cooldown until 58854.29s"
58870.01,INFO,"Mister pulse started; ON until 58870.26s, cooldown until 58874.26s"
58881.01,INFO,"Mister pulse started; ON until 58881.26s, cooldown until 58885.26s"
58904.03,INFO,"Mister pulse started; ON until 58904.28s, cooldown until 58908.28s"
58918.03,INFO,"Mister pulse started; ON until 58918.28s, cooldown until 58922.28s"
58933.04,INFO,"Mister pulse started; ON until 58933.29s, cooldown until 58937.29s"
58938.00,INFO,"Mister pulse started; ON until 58938.25s, cooldown until 58942.25s"
58950.03,INFO,"Mister pulse started; ON until 58950.28s, cooldown until 58954.28s"
58966.03,INFO,"Mister pulse started; ON until 58966.28s, cooldown until 58970.28s"
58971.04,INFO,"Mister pulse started; ON until 58971.29s, cooldown until 58975.29s"
58990.04,INFO,"Mister pulse started; ON until 58990.29s, cooldown until 58994.29s"
58996.02,INFO,"Mister pulse started; ON until 58996.27s, cooldown until 59000.27s"
59013.01,INFO,"Mister pulse started; ON until 59013.26s, cooldown until 59017.26s"
59027.05,INFO,"Mister pulse started; ON until 59027.30s, cooldown until 59031.30s"
59034.02,INFO,"Mister pulse started; ON until 59034.27s, cooldown until 59038.27s"
59039.03,INFO,"Mister pulse started; ON until 59039.28s, cooldown until 59043.28s"
59062.00,INFO,"Mister pulse started; ON until 59062.25s, cooldown until 59066.25s"
59078.01,INFO,"Mister pulse started; ON until 59078.26s, cooldown until 59082.26s"
59094.01,INFO,"Mister pulse started; ON until 59094.26s, cooldown until 59098.26s"
59110.02,INFO,"Mister pulse started; ON until 59110.27s, cooldown until 59114.27s"
59128.04,INFO,"Mister pulse started; ON until 59128.29s, cooldown until 59132.29s"
59146.01,INFO,"Mister pulse started; ON until 59146.26s, cooldown until 59150.26s"
59151.02,INFO,"Mister pulse started; ON until 59151.27s, cooldown until 59155.27s"
59175.04,INFO,"Mister pulse started; ON until 59175.29s, cooldown until 59179.29s"
59193.00,INFO,"Mister pulse started; ON until 59193.25s, cooldown until 59197.25s"
59199.04,INFO,"Mister pulse started; ON until 59199.29s, cooldown until 59203.29s"
59221.04,INFO,"Mister pulse started; ON until 59221.29s, cooldown until 59225.29s"
59239.00,INFO,"Mister pulse started; ON until 59239.25s, cooldown until 59243.25s"
59244.01,INFO,"Mister pulse started; ON until 59244.26s, cooldown until 59248.26s"
59264.04,INFO,"Mister pulse started; ON until 59264.29s, cooldown until 59268.29s"
59269.05,INFO,"Mister pulse started; ON until 59269.30s, cooldown until 59273.30s"
59288.05,INFO,"Mister pulse started; ON until 59288.30s, cooldown until 59292.30s"
59293.01,INFO,"Mister pulse started; ON until 59293.26s, cooldown until 59297.26s"
59317.01,INFO,"Mister pulse started; ON until 59317.26s, cooldown until 59321.26s"
59335.02,INFO,"Mister pulse started; ON until 59335.27s, cooldown until 59339.27s"
59340.03,INFO,"Mister pulse started; ON until 59340.28s, cooldown until 59344.28s"
59359.03,INFO,"Mister pulse started; ON until 59359.28s, cooldown until 59363.28s"
59364.04,INFO,"Mister pulse started; ON until 59364.29s, cooldown until 59368.29s"
59388.05,INFO,"Mister pulse started; ON until 59388.30s, cooldown until 59392.30s"
59403.02,INFO,"Mister pulse started; ON until 59403.27s, cooldown until 59407.27s"
59414.02,INFO,"Mister pulse started; ON until 59414.27s, cooldown until 59418.27s"
59420.01,INFO,"Mister pulse started; ON until 59420.26s, cooldown until 59424.26s"
59442.00,INFO,"Mister pulse started; ON until 59442.25s, cooldown until 59446.25s"
59454.03,INFO,"Mister pulse started; ON until 59454.28s, cooldown until 59458.28s"
59461.00,INFO,"Mister pulse started; ON until 59461.25s, cooldown until 59465.25s"
59472.05,INFO,"Mister pulse started; ON until 59472.30s, cooldown until 59476.30s"
59485.01,INFO,"Mister pulse started; ON until 59485.26s, cooldown until 59489.26s"
59494.04,INFO,"Mister pulse started; ON until 59494.29s, cooldown until 59498.29s"
59504.01,INFO,"Mister pulse started; ON until 59504.26s, cooldown until 59508.26s"
59520.01,INFO,"Mister pulse started; ON until 59520.26s, cooldown until 59524.26s"
59533.02,INFO,"Mister pulse started; ON until 59533.27s, cooldown until 59537.27s"
59538.04,INFO,"Mister pulse started; ON until 59538.29s, cooldown until 59542.29s"
59562.04,INFO,"Mister pulse started; ON until 59562.29s, cooldown until 59566.29s"
59575.05,INFO,"Mister pulse started; ON until 59575.30s, cooldown until 59579.30s"
59582.02,INFO,"Mister pulse started; ON until 59582.27s, cooldown until 59586.27s"
59595.04,INFO,"Mister pulse started; ON until 59595.29s, cooldown until 59599.29s"
59615.02,INFO,"Mister pulse started; ON until 59615.27s, cooldown until 59619.27s"
59621.00,INFO,"Mister pulse started; ON until 59621.25s, cooldown until 59625.25s"
59643.04,INFO,"Mister pulse started; ON until 59643.29s, cooldown until 59647.29s"
59659.04,INFO,"Mister pulse started; ON until 59659.29s, cooldown until 59663.29s"
59676.02,INFO,"Mister pulse started; ON until 59676.27s, cooldown until 59680.27s"
59683.05,INFO,"Mister pulse started; ON until 59683.30s, cooldown until 59687.30s"
59705.04,INFO,"Mister pulse started; ON until 59705.29s, cooldown until 59709.29s"
59719.03,INFO,"Mister pulse started; ON until 59719.28s, cooldown until 59723.28s"
59733.02,INFO,"Mister pulse started; ON until 59733.27s, cooldown until 59737.27s"
59742.00,INFO,"Mister pulse started; ON until 59742.25s, cooldown until 59746.25s"
59758.01,INFO,"Mister pulse started; ON until 59758.26s, cooldown until 59762.26s"
59771.02,INFO,"Mister pulse started; ON until 59771.27s, cooldown until 59775.27s"
59777.01,INFO,"Mister pulse started; ON until 59777.26s, cooldown until 59781.26s"
59800.03,INFO,"Mister pulse started; ON until 59800.28s, cooldown until 59804.28s"
59811.02,INFO,"Mister pulse started; ON until 59811.27s, cooldown until 59815.27s"
59816.03,INFO,"Mister pulse started; ON until 59816.28s, cooldown until 59820.28s"
59834.05,INFO,"Mister pulse started; ON until 59834.30s, cooldown until 59838.30s"
59853.05,INFO,"Mister pulse started; ON until 59853.30s, cooldown until 59857.30s"
59859.03,INFO,"Mister pulse started; ON until 59859.28s, cooldown until 59863.28s"
59872.05,INFO,"Mister pulse started; ON until 59872.30s, cooldown until 59876.30s"
59890.02,INFO,"Mister pulse started; ON until 59890.27s, cooldown until 59894.27s"
59896.02,INFO,"Mister pulse started; ON until 59896.27s, cooldown until 59900.27s"
59919.04,INFO,"Mister pulse started; ON until 59919.29s, cooldown until 59923.29s"
59932.04,INFO,"Mister pulse started; ON until 59932.29s, cooldown until 59936.29s"
59939.01,INFO,"Mister pulse started; ON until 59939.26s, cooldown until 59943.26s"
59952.02,INFO,"Mister pulse started; ON until 59952.27s, cooldown until 59956.27s"
59976.03,INFO,"Mister pulse started; ON until 59976.28s, cooldown until 59980.28s"
59992.04,INFO,"Mister pulse started; ON until 59992.29s, cooldown until 59996.29s"
60008.05,INFO,"Mister pulse started; ON until 60008.30s, cooldown until 60012.30s"
60030.05,INFO,"Mister pulse started; ON until 60030.30s, cooldown until 60034.30s"
60043.00,INFO,"Mister pulse started; ON until 60043.25s, cooldown until 60047.25s"
60051.01,INFO,"Mister pulse started; ON until 60051.26s, cooldown until 60055.26s"
60069.03,INFO,"Mister pulse started; ON until 60069.28s, cooldown until 60073.28s"
60083.02,INFO,"Mister pulse started; ON until 60083.27s, cooldown until 60087.27s"
60096.03,INFO,"Mister pulse started; ON until 60096.28s, cooldown until 60100.28s"
60102.02,INFO,"Mister pulse started; ON until 60102.27s, cooldown until 60106.27s"
60123.02,INFO,"Mister pulse started; ON until 60123.27s, cooldown until 60127.27s"
60129.01,INFO,"Mister pulse started; ON until 60129.26s, cooldown until 60133.26s"
60151.05,INFO,"Mister pulse started; ON until 60151.30s, cooldown until 60155.30s"
60166.03,INFO,"Mister pulse started; ON until 60166.28s, cooldown until 60170.28s"
60182.04,INFO,"Mister pulse started; ON until 60182.29s, cooldown until 60186.29s"
60203.05,INFO,"Mister pulse started; ON until 60203.30s, cooldown until 60207.30s"
60216.01,INFO,"Mister pulse started; ON until 60216.26s, cooldown until 60220.26s"
60221.02,INFO,"Mister pulse started; ON until 60221.27s, cooldown until 60225.27s"
60247.03,INFO,"Mister pulse started; ON until 60247.28s, cooldown until 60251.28s"
60252.04,INFO,"Mister pulse started; ON until 60252.29s, cooldown until 60256.29s"
60272.02,INFO,"Mister pulse started; ON until 60272.27s, cooldown until 60276.27s"
60277.03,INFO,"Mister pulse started; ON until 60277.28s, cooldown until 60281.28s"
60298.04,INFO,"Mister pulse started; ON until 60298.29s, cooldown until 60302.29s"
60309.05,INFO,"Mister pulse started; ON until 60309.30s, cooldown until 60313.30s"
60327.02,INFO,"Mister pulse started; ON until 60327.27s, cooldown until 60331.27s"
60332.04,INFO,"Mister pulse started; ON until 60332.29s, cooldown until 60336.29s"
60358.01,INFO,"Mister pulse started; ON until 60358.26s, cooldown until 60362.26s"
60363.02,INFO,"Mister pulse started; ON until 60363.27s, cooldown until 60367.27s"
60386.04,INFO,"Mister pulse started; ON until 60386.29s, cooldown until 60390.29s"
60401.00,INFO,"Mister pulse started; ON until 60401.25s, cooldown until 60405.25s"
60416.02,INFO,"Mister pulse started; ON until 60416.27s, cooldown until 60420.27s"
60421.03,INFO,"Mister pulse started; ON until 60421.28s, cooldown until 60425.28s"
60437.03,INFO,"Mister pulse started; ON until 60437.28s, cooldown until 60441.28s"
60442.04,INFO,"Mister pulse started; ON until 60442.29s, cooldown until 60446.29s"
60460.00,INFO,"Mister pulse started; ON until 60460.25s, cooldown until 60464.25s"
60465.01,INFO,"Mister pulse started; ON until 60465.26s, cooldown until 60469.26s"
60484.01,INFO,"Mister pulse started; ON until 60484.26s, cooldown until 60488.26s"
60489.02,INFO,"Mister pulse started; ON until 60489.27s, cooldown until 60493.27s"
60506.00,INFO,"Mister pulse started; ON until 60506.25s, cooldown until 60510.25s"
60523.04,INFO,"Mister pulse started; ON until 60523.29s, cooldown until 60527.29s"
60542.04,INFO,"Mister pulse started; ON until 60542.29s, cooldown until 60546.29s"
60549.01,INFO,"Mister pulse started; ON until 60549.26s, cooldown until 60553.26s"
60563.00,INFO,"Mister pulse started; ON until 60563.25s, cooldown until 60567.25s"
60568.01,INFO,"Mister pulse started; ON until 60568.26s, cooldown until 60572.26s"
60593.01,INFO,"Mister pulse started; ON until 60593.26s, cooldown until 60597.26s"
60611.02,INFO,"Mister pulse started; ON until 60611.27s, cooldown until 60615.27s"
60616.04,INFO,"Mister pulse started; ON until 60616.29s, cooldown until 60620.29s"
60632.04,INFO,"Mister pulse started; ON until 60632.29s, cooldown until 60636.29s"
60645.00,INFO,"Mister pulse started; ON until 60645.25s, cooldown until 60649.25s"
60658.01,INFO,"Mister pulse started; ON until 60658.26s, cooldown until 60662.26s"
60663.03,INFO,"Mister pulse started; ON until 60663.28s, cooldown until 60667.28s"
60683.01,INFO,"Mister pulse started; ON until 60683.26s, cooldown until 60687.26s"
60689.00,INFO,"Mister pulse started; ON until 60689.25s, cooldown until 60693.25s"
60701.03,INFO,"Mister pulse started; ON until 60701.28s, cooldown until 60705.28s"
60715.02,INFO,"Mister pulse started; ON until 60715.27s, cooldown until 60719.27s"
60722.04,INFO,"Mister pulse started; ON until 60722.29s, cooldown until 60726.29s"
60732.01,INFO,"Mister pulse started; ON until 60732.26s, cooldown until 60736.26s"
60744.04,INFO,"Mister pulse started; ON until 60744.29s, cooldown until 60748.29s"
60767.02,INFO,"Mister pulse started; ON until 60767.27s, cooldown until 60771.27s"
60784.00,INFO,"Mister pulse started; ON until 60784.25s, cooldown until 60788.25s"
60789.02,INFO,"Mister pulse started; ON until 60789.27s, cooldown until 60793.27s"
60806.00,INFO,"Mister pulse started; ON until 60806.25s, cooldown until 60810.25s"
60822.01,INFO,"Mister pulse started; ON until 60822.26s, cooldown until 60826.26s"
60839.00,INFO,"Mister pulse started; ON until 60839.25s, cooldown until 60843.25s"
60844.02,INFO,"Mister pulse started; ON until 60844.27s, cooldown until 60848.27s"
60861.00,INFO,"Mister pulse started; ON until 60861.25s, cooldown until 60865.25s"
60876.03,INFO,"Mister pulse started; ON until 60876.28s, cooldown until 60880.28s"
60890.01,INFO,"Mister pulse started; ON until 60890.26s, cooldown until 60894.26s"
60906.02,INFO,"Mister pulse started; ON until 60906.27s, cooldown until 60910.27s"
60919.02,INFO,"Mister pulse started; ON until 60919.27s, cooldown until 60923.27s"
60924.04,INFO,"Mister pulse started; ON until 60924.29s, cooldown until 60928.29s"
60948.04,INFO,"Mister pulse started; ON until 60948.29s, cooldown until 60952.29s"
60963.02,INFO,"Mister pulse started; ON until 60963.27s, cooldown until 60967.27s"
60978.04,INFO,"Mister pulse started; ON until 60978.29s, cooldown until 60982.29s"
60983.05,INFO,"Mister pulse started; ON until 60983.30s, cooldown until 60987.30s"
61000.03,INFO,"Mister pulse started; ON until 61000.28s, cooldown until 61004.28s"
61008.04,INFO,"Mister pulse started; ON until 61008.29s, cooldown until 61012.29s"
61021.05,INFO,"Mister pulse started; ON until 61021.30s, cooldown until 61025.30s"
61039.01,INFO,"Mister pulse started; ON until 61039.26s, cooldown until 61043.26s"
61044.02,INFO,"Mister pulse started; ON until 61044.27s, cooldown until 61048.27s"
61068.03,INFO,"Mister pulse started; ON until 61068.28s, cooldown until 61072.28s"
61081.04,INFO,"Mister pulse started; ON until 61081.29s, cooldown until 61085.29s"
61095.03,INFO,"Mister pulse started; ON until 61095.28s, cooldown until 61099.28s"
61100.04,INFO,"Mister pulse started; ON until 61100.29s, cooldown until 61104.29s"
61126.00,INFO,"Mister pulse started; ON until 61126.25s, cooldown until 61130.25s"
61134.01,INFO,"Mister pulse started; ON until 61134.26s, cooldown until 61138.26s"
61150.01,INFO,"Mister pulse started; ON until 61150.26s, cooldown until 61154.26s"
61155.02,INFO,"Mister pulse started; ON until 61155.27s, cooldown until 61159.27s"
61178.03,INFO,"Mister pulse started; ON until 61178.28s, cooldown until 61182.28s"
61196.00,INFO,"Mister pulse started; ON until 61196.25s, cooldown until 61200.25s"
61201.01,INFO,"Mister pulse started; ON until 61201.26s, cooldown until 61205.26s"
61219.03,INFO,"Mister pulse started; ON until 61219.28s, cooldown until 61223.28s"
61237.04,INFO,"Mister pulse started; ON until 61237.29s, cooldown until 61241.29s"
61242.00,INFO,"Mister pulse started; ON until 61242.25s, cooldown until 61246.25s"
61265.03,INFO,"Mister pulse started; ON until 61265.28s, cooldown until 61269.28s"
61279.02,INFO,"Mister pulse started; ON until 61279.27s, cooldown until 61283.27s"
61291.05,INFO,"Mister pulse started; ON until 61291.30s, cooldown until 61295.30s"
61311.02,INFO,"Mister pulse started; ON until 61311.27s, cooldown until 61315.27s"
61317.01,INFO,"Mister pulse started; ON until 61317.26s, cooldown until 61321.26s"
61333.00,INFO,"Mister pulse started; ON until 61333.25s, cooldown until 61337.25s"
61338.02,INFO,"Mister pulse started; ON until 61338.27s, cooldown until 61342.27s"
61359.03,INFO,"Mister pulse started; ON until 61359.28s, cooldown until 61363.28s"
61372.04,INFO,"Mister pulse started; ON until 61372.29s, cooldown until 61376.29s"
61378.03,INFO,"Mister pulse started; ON until 61378.28s, cooldown until 61382.28s"
61399.03,INFO,"Mister pulse started; ON until 61399.28s, cooldown until 61403.28s"
61407.03,INFO,"Mister pulse started; ON until 61407.28s, cooldown until 61411.28s"
61425.04,INFO,"Mister pulse started; ON until 61425.29s, cooldown until 61429.29s"
61439.03,INFO,"Mister pulse started; ON until 61439.28s, cooldown until 61443.28s"
61453.02,INFO,"Mister pulse started; ON until 61453.27s, cooldown until 61457.27s"
61463.04,INFO,"Mister pulse started; ON until 61463.29s, cooldown until 61467.29s"
61477.03,INFO,"Mister pulse started; ON until 61477.28s, cooldown until 61481.28s"
61486.01,INFO,"Mister pulse started; ON until 61486.26s, cooldown until 61490.26s"
61501.03,INFO,"Mister pulse started; ON until 61501.28s, cooldown until 61505.28s"
61506.04,INFO,"Mister pulse started; ON until 61506.29s, cooldown until 61510.29s"
61529.02,INFO,"Mister pulse started; ON until 61529.27s, cooldown until 61533.27s"
61549.05,INFO,"Mister pulse started; ON until 61549.30s, cooldown until 61553.30s"
61554.00,INFO,"Mister pulse started; ON until 61554.25s, cooldown until 61558.25s"
61565.00,INFO,"Mister pulse started; ON until 61565.25s, cooldown until 61569.25s"
61584.04,INFO,"Mister pulse started; ON until 61584.29s, cooldown until 61588.29s"
61599.01,INFO,"Mister pulse started; ON until 61599.26s, cooldown until 61603.26s"
61612.02,INFO,"Mister pulse started; ON until 61612.27s, cooldown until 61616.27s"
61618.01,INFO,"Mister pulse started; ON until 61618.26s, cooldown until 61622.26s"
61634.01,INFO,"Mister pulse started; ON until 61634.26s, cooldown until 61638.26s"
61639.02,INFO,"Mister pulse started; ON until 61639.27s, cooldown until 61643.27s"
61658.01,INFO,"Mister pulse started; ON until 61658.26s, cooldown until 61662.26s"
61663.02,INFO,"Mister pulse started; ON until 61663.27s, cooldown until 61667.27s"
61680.02,INFO,"Mister pulse started; ON until 61680.27s, cooldown until 61684.27s"
61701.03,INFO,"Mister pulse started; ON until 61701.28s, cooldown until 61705.28s"
61706.04,INFO,"Mister pulse started; ON until 61706.29s, cooldown until 61710.29s"
61722.04,INFO,"Mister pulse started; ON until 61722.29s, cooldown until 61726.29s"
61727.05,INFO,"Mister pulse started; ON until 61727.30s, cooldown until 61731.30s"
61747.03,INFO,"Mister pulse started; ON until 61747.28s, cooldown until 61751.28s"
61752.04,INFO,"Mister pulse started; ON until 61752.29s, cooldown until 61756.29s"
61774.03,INFO,"Mister pulse started; ON until 61774.28s, cooldown until 61778.28s"
61787.03,INFO,"Mister pulse started; ON until 61787.28s, cooldown until 61791.28s"
61799.02,INFO,"Mister pulse started; ON until 61799.27s, cooldown until 61803.27s"
61821.02,INFO,"Mister pulse started; ON until 61821.27s, cooldown until 61825.27s"
61833.04,INFO,"Mister pulse started; ON until 61833.29s, cooldown until 61837.29s"
61838.01,INFO,"Mister pulse started; ON until 61838.26s, cooldown until 61842.26s"
61862.01,INFO,"Mister pulse started; ON until 61862.26s, cooldown until 61866.26s"
61878.01,INFO,"Mister pulse started; ON until 61878.26s, cooldown until 61882.26s"
61893.04,INFO,"Mister pulse started; ON until 61893.29s, cooldown until 61897.29s"
61912.03,INFO,"Mister pulse started; ON until 61912.28s, cooldown until 61916.28s"
61917.04,INFO,"Mister pulse started; ON until 61917.29s, cooldown until 61921.29s"
61936.03,INFO,"Mister pulse started; ON until 61936.28s, cooldown until 61940.28s"
61941.04,INFO,"Mister pulse started; ON until 61941.29s, cooldown until 61945.29s"
61959.01,INFO,"Mister pulse started; ON until 61959.26s, cooldown until 61963.26s"
61964.02,INFO,"Mister pulse started; ON until 61964.27s, cooldown until 61968.27s"
61984.05,INFO,"Mister pulse started; ON until 61984.30s, cooldown until 61988.30s"
61989.01,INFO,"Mister pulse started; ON until 61989.26s, cooldown until 61993.26s"
62016.01,INFO,"Mister pulse started; ON until 62016.26s, cooldown until 62020.26s"
62021.02,INFO,"Mister pulse started; ON until 62021.27s, cooldown until 62025.27s"
62038.01,INFO,"Mister pulse started; ON until 62038.26s, cooldown until 62042.26s"
62043.02,INFO,"Mister pulse started; ON until 62043.27s, cooldown until 62047.27s"
62067.03,INFO,"Mister pulse started; ON until 62067.28s, cooldown until 62071.28s"
62083.03,INFO,"Mister pulse started; ON until 62083.28s, cooldown until 62087.28s"
62097.03,INFO,"Mister pulse started; ON until 62097.28s, cooldown until 62101.28s"
62111.02,INFO,"Mister pulse started; ON until 62111.27s, cooldown until 62115.27s"
62122.02,INFO,"Mister pulse started; ON until 62122.27s, cooldown until 62126.27s"
62138.02,INFO,"Mister pulse started; ON until 62138.27s, cooldown until 62142.27s"
62155.02,INFO,"Mister pulse started; ON until 62155.27s, cooldown until 62159.27s"
62171.02,INFO,"Mister pulse started; ON until 62171.27s, cooldown until 62175.27s"
62193.02,INFO,"Mister pulse started; ON until 62193.27s, cooldown until 62197.27s"
62205.04,INFO,"Mister pulse started; ON until 62205.29s, cooldown until 62209.29s"
62212.01,INFO,"Mister pulse started; ON until 62212.26s, cooldown until 62216.26s"
62221.04,INFO,"Mister pulse started; ON until 62221.29s, cooldown until 62225.29s"
62226.00,INFO,"Mister pulse started; ON until 62226.25s, cooldown until 62230.25s"
62247.02,INFO,"Mister pulse started; ON until 62247.27s, cooldown until 62251.27s"
62260.02,INFO,"Mister pulse started; ON until 62260.27s, cooldown until 62264.27s"
62265.03,INFO,"Mister pulse started; ON until 62265.28s, cooldown until 62269.28s"
62288.00,INFO,"Mister pulse started; ON until 62288.25s, cooldown until 62292.25s"
62302.05,INFO,"Mister pulse started; ON until 62302.30s, cooldown until 62306.30s"
62310.05,INFO,"Mister pulse started; ON until 62310.30s, cooldown until 62314.30s"
62324.04,INFO,"Mister pulse started; ON until 62324.29s, cooldown until 62328.29s"
62330.03,INFO,"Mister pulse started; ON until 62330.28s, cooldown until 62334.28s"
62354.04,INFO,"Mister pulse started; ON until 62354.29s, cooldown until 62358.29s"
62372.00,INFO,"Mister pulse started; ON until 62372.25s, cooldown until 62376.25s"
62377.01,INFO,"Mister pulse started; ON until 62377.26s, cooldown until 62381.26s"
62398.03,INFO,"Mister pulse started; ON until 62398.28s, cooldown until 62402.28s"
62405.05,INFO,"Mister pulse started; ON until 62405.30s, cooldown until 62409.30s"
62421.05,INFO,"Mister pulse started; ON until 62421.30s, cooldown until 62425.30s"
62426.00,INFO,"Mister pulse started; ON until 62426.25s, cooldown until 62430.25s"
62439.01,INFO,"Mister pulse started; ON until 62439.26s, cooldown until 62443.26s"
62455.02,INFO,"Mister pulse started; ON until 62455.27s, cooldown until 62459.27s"
62468.03,INFO,"Mister pulse started; ON until 62468.28s, cooldown until 62472.28s"
62476.03,INFO,"Mister pulse started; ON until 62476.28s, cooldown until 62480.28s"
62490.02,INFO,"Mister pulse started; ON until 62490.27s, cooldown until 62494.27s"
62495.03,INFO,"Mister pulse started; ON until 62495.28s, cooldown until 62499.28s"
62513.04,INFO,"Mister pulse started; ON until 62513.29s, cooldown until 62517.29s"
62529.00,INFO,"Mister pulse started; ON until 62529.25s, cooldown until 62533.25s"
62534.01,INFO,"Mister pulse started; ON until 62534.26s, cooldown until 62538.26s"
62558.01,INFO,"Mister pulse started; ON until 62558.26s, cooldown until 62562.26s"
62566.01,INFO,"Mister pulse started; ON until 62566.26s, cooldown until 62570.26s"
62588.05,INFO,"Mister pulse started; ON until 62588.30s, cooldown until 62592.30s"
62595.02,INFO,"Mister pulse started; ON until 62595.27s, cooldown until 62599.27s"
62609.01,INFO,"Mister pulse started; ON until 62609.26s, cooldown until 62613.26s"
62614.01,INFO,"Mister pulse started; ON until 62614.26s, cooldown until 62618.26s"
62633.01,INFO,"Mister pulse started; ON until 62633.26s, cooldown until 62637.26s"
62639.00,INFO,"Mister pulse started; ON until 62639.25s, cooldown until 62643.25s"
62660.01,INFO,"Mister pulse started; ON until 62660.26s, cooldown until 62664.26s"
62665.02,INFO,"Mister pulse started; ON until 62665.27s, cooldown until 62669.27s"
62680.04,INFO,"Mister pulse started; ON until 62680.29s, cooldown until 62684.29s"
62698.00,INFO,"Mister pulse started; ON until 62698.25s, cooldown until 62702.25s"
62705.02,INFO,"Mister pulse started; ON until 62705.27s, cooldown until 62709.27s"
62715.05,INFO,"Mister pulse started; ON until 62715.30s, cooldown until 62719.30s"
62729.04,INFO,"Mister pulse started; ON until 62729.29s, cooldown until 62733.29s"
62734.05,INFO,"Mister pulse started; ON until 62734.30s, cooldown until 62738.30s"
62750.00,INFO,"Mister pulse started; ON until 62750.25s, cooldown until 62754.25s"
62768.02,INFO,"Mister pulse started; ON until 62768.27s, cooldown until 62772.27s"
62773.03,INFO,"Mister pulse started; ON until 62773.28s, cooldown until 62777.28s"
62788.00,INFO,"Mister pulse started; ON until 62788.25s, cooldown until 62792.25s"
62804.01,INFO,"Mister pulse started; ON until 62804.26s, cooldown until 62808.26s"
62819.03,INFO,"Mister pulse started; ON until 62819.28s, cooldown until 62823.28s"
62827.03,INFO,"Mister pulse started; ON until 62827.28s, cooldown until 62831.28s"
62843.03,INFO,"Mister pulse started; ON until 62843.28s, cooldown until 62847.28s"
62862.04,INFO,"Mister pulse started; ON until 62862.29s, cooldown until 62866.29s"
62882.01,INFO,"Mister pulse started; ON until 62882.26s, cooldown until 62886.26s"
62897.03,INFO,"Mister pulse started; ON until 62897.28s, cooldown until 62901.28s"
62902.04,INFO,"Mister pulse started; ON until 62902.29s, cooldown until 62906.29s"
62924.03,INFO,"Mister pulse started; ON until 62924.28s, cooldown until 62928.28s"
62936.01,INFO,"Mister pulse started; ON until 62936.26s, cooldown until 62940.26s"
62942.05,INFO,"Mister pulse started; ON until 62942.30s, cooldown until 62946.30s"
62968.02,INFO,"Mister pulse started; ON until 62968.27s, cooldown until 62972.27s"
62973.03,INFO,"Mister pulse started; ON until 62973.28s, cooldown until 62977.28s"
62999.04,INFO,"Mister pulse started; ON until 62999.29s, cooldown until 63003.29s"
63004.05,INFO,"Mister pulse started; ON until 63004.30s, cooldown until 63008.30s"
63021.03,INFO,"Mister pulse started; ON until 63021.28s, cooldown until 63025.28s"
63040.03,INFO,"Mister pulse started; ON until 63040.28s, cooldown until 63044.28s"
63047.00,INFO,"Mister pulse started; ON until 63047.25s, cooldown until 63051.25s"
63060.02,INFO,"Mister pulse started; ON until 63060.27s, cooldown until 63064.27s"
63079.02,INFO,"Mister pulse started; ON until 63079.27s, cooldown until 63083.27s"
63086.04,INFO,"Mister pulse started; ON until 63086.29s, cooldown until 63090.29s"
63096.02,INFO,"Mister pulse started; ON until 63096.27s, cooldown until 63100.27s"
63106.03,INFO,"Mister pulse started; ON until 63106.28s, cooldown until 63110.28s"
63126.01,INFO,"Mister pulse started; ON until 63126.26s, cooldown until 63130.26s"
63131.02,INFO,"Mister pulse started; ON until 63131.27s, cooldown until 63135.27s"
63156.05,INFO,"Mister pulse started; ON until 63156.30s, cooldown until 63160.30s"
63172.01,INFO,"Mister pulse started; ON until 63172.26s, cooldown until 63176.26s"
63177.02,INFO,"Mister pulse started; ON until 63177.27s, cooldown until 63181.27s"
63193.03,INFO,"Mister pulse started; ON until 63193.28s, cooldown until 63197.28s"
63212.03,INFO,"Mister pulse started; ON until 63212.28s, cooldown until 63216.28s"
63218.02,INFO,"Mister pulse started; ON until 63218.27s, cooldown until 63222.27s"
63239.04,INFO,"Mister pulse started; ON until 63239.29s, cooldown until 63243.29s"
63255.04,INFO,"Mister pulse started; ON until 63255.29s, cooldown until 63259.29s"
63260.04,INFO,"Mister pulse started; ON until 63260.29s, cooldown until 63264.29s"
63274.04,INFO,"Mister pulse started; ON until 63274.29s, cooldown until 63278.29s"
63293.04,INFO,"Mister pulse started; ON until 63293.29s, cooldown until 63297.29s"
63300.01,INFO,"Mister pulse started; ON until 63300.26s, cooldown until 63304.26s"
63315.03,INFO,"Mister pulse started; ON until 63315.28s, cooldown until 63319.28s"
63320.05,INFO,"Mister pulse started; ON until 63320.30s, cooldown until 63324.30s"
63340.03,INFO,"Mister pulse started; ON until 63340.28s, cooldown until 63344.28s"
63346.01,INFO,"Mister pulse started; ON until 63346.26s, cooldown until 63350.26s"
63359.02,INFO,"Mister pulse started; ON until 63359.27s, cooldown until 63363.27s"
63375.04,INFO,"Mister pulse started; ON until 63375.29s, cooldown until 63379.29s"
63392.02,INFO,"Mister pulse started; ON until 63392.27s, cooldown until 63396.27s"
63410.04,INFO,"Mister pulse started; ON until 63410.29s, cooldown until 63414.29s"
63415.05,INFO,"Mister pulse started; ON until 63415.30s, cooldown until 63419.30s"
63435.03,INFO,"Mister pulse started; ON until 63435.28s, cooldown until 63439.28s"
63440.04,INFO,"Mister pulse started; ON until 63440.29s, cooldown until 63444.29s"
63464.05,INFO,"Mister pulse started; ON until 63464.30s, cooldown until 63468.30s"
63481.02,INFO,"Mister pulse started; ON until 63481.27s, cooldown until 63485.27s"
63486.03,INFO,"Mister pulse started; ON until 63486.28s, cooldown until 63490.28s"
63501.00,INFO,"Mister pulse started; ON until 63501.25s, cooldown until 63505.25s"
63516.03,INFO,"Mister pulse started; ON until 63516.28s, cooldown until 63520.28s"
63529.04,INFO,"Mister pulse started; ON until 63529.29s, cooldown until 63533.29s"
63536.01,INFO,"Mister pulse started; ON until 63536.26s, cooldown until 63540.26s"
63541.02,INFO,"Mister pulse started; ON until 63541.27s, cooldown until 63545.27s"
63562.03,INFO,"Mister pulse started; ON until 63562.28s, cooldown until 63566.28s"
63567.05,INFO,"Mister pulse started; ON until 63567.30s, cooldown until 63571.30s"
63589.04,INFO,"Mister pulse started; ON until 63589.29s, cooldown until 63593.29s"
63605.04,INFO,"Mister pulse started; ON until 63605.29s, cooldown until 63609.29s"
63618.04,INFO,"Mister pulse started; ON until 63618.29s, cooldown until 63622.29s"
63629.04,INFO,"Mister pulse started; ON until 63629.29s, cooldown until 63633.29s"
63643.03,INFO,"Mister pulse started; ON until 63643.28s, cooldown until 63647.28s"
63660.01,INFO,"Mister pulse started; ON until 63660.26s, cooldown until 63664.26s"
63672.03,INFO,"Mister pulse started; ON until 63672.28s, cooldown until 63676.28s"
63678.03,INFO,"Mister pulse started; ON until 63678.28s, cooldown until 63682.28s"
63702.03,INFO,"Mister pulse started; ON until 63702.28s, cooldown until 63706.28s"
63718.03,INFO,"Mister pulse started; ON until 63718.28s, cooldown until 63722.28s"
63735.02,INFO,"Mister pulse started; ON until 63735.27s, cooldown until 63739.27s"
63740.03,INFO,"Mister pulse started; ON until 63740.28s, cooldown until 63744.28s"
63756.03,INFO,"Mister pulse started; ON until 63756.28s, cooldown until 63760.28s"
63772.04,INFO,"Mister pulse started; ON until 63772.29s, cooldown until 63776.29s"
63789.02,INFO,"Mister pulse started; ON until 63789.27s, cooldown until 63793.27s"
63806.02,INFO,"Mister pulse started; ON until 63806.27s, cooldown until 63810.27s"
63811.02,INFO,"Mister pulse started; ON until 63811.27s, cooldown until 63815.27s"
63825.03,INFO,"Mister pulse started; ON until 63825.28s, cooldown until 63829.28s"
63844.02,INFO,"Mister pulse started; ON until 63844.27s, cooldown until 63848.27s"
63861.00,INFO,"Mister pulse started; ON until 63861.25s, cooldown until 63865.25s"
63866.01,INFO,"Mister pulse started; ON until 63866.26s, cooldown until 63870.26s"
63890.01,INFO,"Mister pulse started; ON until 63890.26s, cooldown until 63894.26s"
63903.02,INFO,"Mister pulse started; ON until 63903.27s, cooldown until 63907.27s"
63913.03,INFO,"Mister pulse started; ON until 63913.28s, cooldown until 63917.28s"
63931.00,INFO,"Mister pulse started; ON until 63931.25s, cooldown until 63935.25s"
63948.04,INFO,"Mister pulse started; ON until 63948.29s, cooldown until 63952.29s"
63964.04,INFO,"Mister pulse started; ON until 63964.29s, cooldown until 63968.29s"
63983.03,INFO,"Mister pulse started; ON until 63983.28s, cooldown until 63987.28s"
63988.04,INFO,"Mister pulse started; ON until 63988.29s, cooldown until 63992.29s"
64012.00,INFO,"Mister pulse started; ON until 64012.25s, cooldown until 64016.25s"
64017.01,INFO,"Mister pulse started; ON until 64017.26s, cooldown until 64021.26s"
64036.01,INFO,"Mister pulse started; ON until 64036.26s, cooldown until 64040.26s"
64041.02,INFO,"Mister pulse started; ON until 64041.27s, cooldown until 64045.27s"
64058.05,INFO,"Mister pulse started; ON until 64058.30s, cooldown until 64062.30s"
64076.02,INFO,"Mister pulse started; ON until 64076.27s, cooldown until 64080.27s"
64081.03,INFO,"Mister pulse started; ON until 64081.28s, cooldown until 64085.28s"
64098.02,INFO,"Mister pulse started; ON until 64098.27s, cooldown until 64102.27s"
64113.04,INFO,"Mister pulse started; ON until 64113.29s, cooldown until 64117.29s"
64127.02,INFO,"Mister pulse started; ON until 64127.27s, cooldown until 64131.27s"
64140.04,INFO,"Mister pulse started; ON until 64140.29s, cooldown until 64144.29s"
64146.03,INFO,"Mister pulse started; ON until 64146.28s, cooldown until 64150.28s"
64167.04,INFO,"Mister pulse started; ON until 64167.29s, cooldown until 64171.29s"
64176.02,INFO,"Mister pulse started; ON until 64176.27s, cooldown until 64180.27s"
64196.00,INFO,"Mister pulse started; ON until 64196.25s, cooldown until 64200.25s"
64203.02,INFO,"Mister pulse started; ON until 64203.27s, cooldown until 64207.27s"
64214.02,INFO,"Mister pulse started; ON until 64214.27s, cooldown until 64218.27s"
64227.03,INFO,"Mister pulse started; ON until 64227.28s, cooldown until 64231.28s"
64232.04,INFO,"Mister pulse started; ON until 64232.29s, cooldown until 64236.29s"
64252.02,INFO,"Mister pulse started; ON until 64252.27s, cooldown until 64256.27s"
64258.01,INFO,"Mister pulse started; ON until 64258.26s, cooldown until 64262.26s"
64272.01,INFO,"Mister pulse started; ON until 64272.26s, cooldown until 64276.26s"
64289.04,INFO,"Mister pulse started; ON until 64289.29s, cooldown until 64293.29s"
64308.04,INFO,"Mister pulse started; ON until 64308.29s, cooldown until 64312.29s"
64313.05,INFO,"Mister pulse started; ON until 64313.30s, cooldown until 64317.30s"
64332.04,INFO,"Mister pulse started; ON until 64332.29s, cooldown until 64336.29s"
64339.01,INFO,"Mister pulse started; ON until 64339.26s, cooldown until 64343.26s"
64355.02,INFO,"Mister pulse started; ON until 64355.27s, cooldown until 64359.27s"
64361.01,INFO,"Mister pulse started; ON until 64361.26s, cooldown until 64365.26s"
64373.05,INFO,"Mister pulse started; ON until 64373.30s, cooldown until 64377.30s"
64387.04,INFO,"Mister pulse started; ON until 64387.29s, cooldown until 64391.29s"
64399.02,INFO,"Mister pulse started; ON until 64399.27s, cooldown until 64403.27s"
64417.04,INFO,"Mister pulse started; ON until 64417.29s, cooldown until 64421.29s"
64422.00,INFO,"Mister pulse started; ON until 64422.25s, cooldown until 64426.25s"
64444.05,INFO,"Mister pulse started; ON until 64444.30s, cooldown until 64448.30s"
64449.00,INFO,"Mister pulse started; ON until 64449.25s, cooldown until 64453.25s"
64469.03,INFO,"Mister pulse started; ON until 64469.28s, cooldown until 64473.28s"
64487.04,INFO,"Mister pulse started; ON until 64487.29s, cooldown until 64491.29s"
64492.05,INFO,"Mister pulse started; ON until 64492.30s, cooldown until 64496.30s"
64512.03,INFO,"Mister pulse started; ON until 64512.28s, cooldown until 64516.28s"
64520.03,INFO,"Mister pulse started; ON until 64520.28s, cooldown until 64524.28s"
64539.04,INFO,"Mister pulse started; ON until 64539.29s, cooldown until 64543.29s"
64558.04,INFO,"Mister pulse started; ON until 64558.29s, cooldown until 64562.29s"
64565.01,INFO,"Mister pulse started; ON until 64565.26s, cooldown until 64569.26s"
64578.02,INFO,"Mister pulse started; ON until 64578.27s, cooldown until 64582.27s"
64596.04,INFO,"Mister pulse started; ON until 64596.29s, cooldown until 64600.29s"
64601.00,INFO,"Mister pulse started; ON until 64601.25s, cooldown until 64605.25s"
64622.01,INFO,"Mister pulse started; ON until 64622.26s, cooldown until 64626.26s"
64633.01,INFO,"Mister pulse started; ON until 64633.26s, cooldown until 64637.26s"
64650.04,INFO,"Mister pulse started; ON until 64650.29s, cooldown until 64654.29s"
64667.03,INFO,"Mister pulse started; ON until 64667.28s, cooldown until 64671.28s"
64672.05,INFO,"Mister pulse started; ON until 64672.30s, cooldown until 64676.30s"
64693.01,INFO,"Mister pulse started; ON until 64693.26s, cooldown until 64697.26s"
64698.01,INFO,"Mister pulse started; ON until 64698.26s, cooldown until 64702.26s"
64713.04,INFO,"Mister pulse started; ON until 64713.29s, cooldown until 64717.29s"
64736.01,INFO,"Mister pulse started; ON until 64736.26s, cooldown until 64740.26s"
64753.04,INFO,"Mister pulse started; ON until 64753.29s, cooldown until 64757.29s"
64769.04,INFO,"Mister pulse started; ON until 64769.29s, cooldown until 64773.29s"
64790.05,INFO,"Mister pulse started; ON until 64790.30s, cooldown until 64794.30s"
64797.02,INFO,"Mister pulse started; ON until 64797.27s, cooldown until 64801.27s"
64815.03,INFO,"Mister pulse started; ON until 64815.28s, cooldown until 64819.28s"
64830.00,INFO,"Mister pulse started; ON until 64830.25s, cooldown until 64834.25s"
64847.04,INFO,"Mister pulse started; ON until 64847.29s, cooldown until 64851.29s"
64862.02,INFO,"Mister pulse started; ON until 64862.27s, cooldown until 64866.27s"
64874.05,INFO,"Mister pulse started; ON until 64874.30s, cooldown until 64878.30s"
64881.02,INFO,"Mister pulse started; ON until 64881.27s, cooldown until 64885.27s"
64888.04,INFO,"Mister pulse started; ON until 64888.29s, cooldown until 64892.29s"
64910.03,INFO,"Mister pulse started; ON until 64910.28s, cooldown until 64914.28s"
64926.04,INFO,"Mister pulse started; ON until 64926.29s, cooldown until 64930.29s"
64940.03,INFO,"Mister pulse started; ON until 64940.28s, cooldown until 64944.28s"
64951.02,INFO,"Mister pulse started; ON until 64951.27s, cooldown until 64955.27s"
64971.05,INFO,"Mister pulse started; ON until 64971.30s, cooldown until 64975.30s"
64976.00,INFO,"Mister pulse started; ON until 64976.25s, cooldown until 64980.25s"
64988.03,INFO,"Mister pulse started; ON until 64988.28s, cooldown until 64992.28s"
65000.01,INFO,"Mister pulse started; ON until 65000.26s, cooldown until 65004.26s"
65009.05,INFO,"Mister pulse started; ON until 65009.30s, cooldown until 65013.30s"
65017.05,INFO,"Mister pulse started; ON until 65017.30s, cooldown until 65021.30s"
65023.04,INFO,"Mister pulse started; ON until 65023.29s, cooldown until 65027.29s"
65045.04,INFO,"Mister pulse started; ON until 65045.29s, cooldown until 65049.29s"
65057.01,INFO,"Mister pulse started; ON until 65057.26s, cooldown until 65061.26s"
65067.02,INFO,"Mister pulse started; ON until 65067.27s, cooldown until 65071.27s"
65084.01,INFO,"Mister pulse started; ON until 65084.26s, cooldown until 65088.26s"
65098.00,INFO,"Mister pulse started; ON until 65098.25s, cooldown until 65102.25s"
65115.05,INFO,"Mister pulse started; ON until 65115.30s, cooldown until 65119.30s"
65129.04,INFO,"Mister pulse started; ON until 65129.29s, cooldown until 65133.29s"
65138.02,INFO,"Mister pulse started; ON until 65138.27s, cooldown until 65142.27s"
65153.04,INFO,"Mister pulse started; ON until 65153.29s, cooldown until 65157.29s"
65160.01,INFO,"Mister pulse started; ON until 65160.26s, cooldown until 65164.26s"
65175.04,INFO,"Mister pulse started; ON until 65175.29s, cooldown until 65179.29s"
65180.04,INFO,"Mister pulse started; ON until 65180.29s, cooldown until 65184.29s"
65199.04,INFO,"Mister pulse started; ON until 65199.29s, cooldown until 65203.29s"
65204.05,INFO,"Mister pulse started; ON until 65204.30s, cooldown until 65208.30s"
65221.02,INFO,"Mister pulse started; ON until 65221.27s, cooldown until 65225.27s"
65238.01,INFO,"Mister pulse started; ON until 65238.26s, cooldown until 65242.26s"
65243.02,INFO,"Mister pulse started; ON until 65243.27s, cooldown until 65247.27s"
65260.00,INFO,"Mister pulse started; ON until 65260.25s, cooldown until 65264.25s"
65279.00,INFO,"Mister pulse started; ON until 65279.25s, cooldown until 65283.25s"
65284.01,INFO,"Mister pulse started; ON until 65284.26s, cooldown until 65288.26s"
65310.03,INFO,"Mister pulse started; ON until 65310.28s, cooldown until 65314.28s"
65315.03,INFO,"Mister pulse started; ON until 65315.28s, cooldown until 65319.28s"
65334.03,INFO,"Mister pulse started; ON until 65334.28s, cooldown until 65338.28s"
65339.05,INFO,"Mister pulse started; ON until 65339.30s, cooldown until 65343.30s"
65360.01,INFO,"Mister pulse started; ON until 65360.26s, cooldown until 65364.26s"
65368.01,INFO,"Mister pulse started; ON until 65368.26s, cooldown until 65372.26s"
65385.04,INFO,"Mister pulse started; ON until 65385.29s, cooldown until 65389.29s"
65392.01,INFO,"Mister pulse started; ON until 65392.26s, cooldown until 65396.26s"
65410.03,INFO,"Mister pulse started; ON until 65410.28s, cooldown until 65414.28s"
65427.02,INFO,"Mister pulse started; ON until 65427.27s, cooldown until 65431.27s"
65446.02,INFO,"Mister pulse started; ON until 65446.27s, cooldown until 65450.27s"
65455.00,INFO,"Mister pulse started; ON until 65455.25s, cooldown until 65459.25s"
65467.02,INFO,"Mister pulse started; ON until 65467.27s, cooldown until 65471.27s"
65483.03,INFO,"Mister pulse started; ON until 65483.28s, cooldown until 65487.28s"
65503.01,INFO,"Mister pulse started; ON until 65503.26s, cooldown until 65507.26s"
65510.03,INFO,"Mister pulse started; ON until 65510.28s, cooldown until 65514.28s"
65528.05,INFO,"Mister pulse started; ON until 65528.30s, cooldown until 65532.30s"
65536.05,INFO,"Mister pulse started; ON until 65536.30s, cooldown until 65540.30s"
65554.02,INFO,"Mister pulse started; ON until 65554.27s, cooldown until 65558.27s"
65570.02,INFO,"Mister pulse started; ON until 65570.27s, cooldown until 65574.27s"
65588.04,INFO,"Mister pulse started; ON until 65588.29s, cooldown until 65592.29s"
65593.01,INFO,"Mister pulse started; ON until 65593.26s, cooldown until 65597.26s"
65616.03,INFO,"Mister pulse started; ON until 65616.28s, cooldown until 65620.28s"
65636.01,INFO,"Mister pulse started; ON until 65636.26s, cooldown until 65640.26s"
65641.01,INFO,"Mister pulse started; ON until 65641.26s, cooldown until 65645.26s"
65662.02,INFO,"Mister pulse started; ON until 65662.27s, cooldown until 65666.27s"
65670.02,INFO,"Mister pulse started; ON until 65670.27s, cooldown until 65674.27s"
65688.00,INFO,"Mister pulse started; ON until 65688.25s, cooldown until 65692.25s"
65706.02,INFO,"Mister pulse started; ON until 65706.27s, cooldown until 65710.27s"
65711.03,INFO,"Mister pulse started; ON until 65711.28s, cooldown until 65715.28s"
65729.04,INFO,"Mister pulse started; ON until 65729.29s, cooldown until 65733.29s"
65743.03,INFO,"Mister pulse started; ON until 65743.28s, cooldown until 65747.28s"
65756.04,INFO,"Mister pulse started; ON until 65756.29s, cooldown until 65760.29s"
65775.05,INFO,"Mister pulse started; ON until 65775.30s, cooldown until 65779.30s"
65789.03,INFO,"Mister pulse started; ON until 65789.28s, cooldown until 65793.28s"
65803.02,INFO,"Mister pulse started; ON until 65803.27s, cooldown until 65807.27s"
65809.01,INFO,"Mister pulse started; ON until 65809.26s, cooldown until 65813.26s"
65821.05,INFO,"Mister pulse started; ON until 65821.30s, cooldown until 65825.30s"
65835.04,INFO,"Mister pulse started; ON until 65835.29s, cooldown until 65839.29s"
65845.01,INFO,"Mister pulse started; ON until 65845.26s, cooldown until 65849.26s"
65863.02,INFO,"Mister pulse started; ON until 65863.27s, cooldown until 65867.27s"
65878.05,INFO,"Mister pulse started; ON until 65878.30s, cooldown until 65882.30s"
65893.01,INFO,"Mister pulse started; ON until 65893.26s, cooldown until 65897.26s"
65909.01,INFO,"Mister pulse started; ON until 65909.26s, cooldown until 65913.26s"
65924.04,INFO,"Mister pulse started; ON until 65924.29s, cooldown until 65928.29s"
65939.01,INFO,"Mister pulse started; ON until 65939.26s, cooldown until 65943.26s"
65950.01,INFO,"Mister pulse started; ON until 65950.26s, cooldown until 65954.26s"
65968.02,INFO,"Mister pulse started; ON until 65968.27s, cooldown until 65972.27s"
65973.03,INFO,"Mister pulse started; ON until 65973.28s, cooldown until 65977.28s"
65993.01,INFO,"Mister pulse started; ON until 65993.26s, cooldown until 65997.26s"
65998.02,INFO,"Mister pulse started; ON until 65998.27s, cooldown until 66002.27s"
66020.01,INFO,"Mister pulse started; ON until 66020.26s, cooldown until 66024.26s"
66034.01,INFO,"Mister pulse started; ON until 66034.26s, cooldown until 66038.26s"
66046.03,INFO,"Mister pulse started; ON until 66046.28s, cooldown until 66050.28s"
66065.02,INFO,"Mister pulse started; ON until 66065.27s, cooldown until 66069.27s"
66070.03,INFO,"Mister pulse started; ON until 66070.28s, cooldown until 66074.28s"
66092.03,INFO,"Mister pulse started; ON until 66092.28s, cooldown until 66096.28s"
66105.04,INFO,"Mister pulse started; ON until 66105.29s, cooldown until 66109.29s"
66112.01,INFO,"Mister pulse started; ON until 66112.26s, cooldown until 66116.26s"
66129.00,INFO,"Mister pulse started; ON until 66129.25s, cooldown until 66133.25s"
66142.01,INFO,"Mister pulse started; ON until 66142.26s, cooldown until 66146.26s"
66147.01,INFO,"Mister pulse started; ON until 66147.26s, cooldown until 66151.26s"
66165.04,INFO,"Mister pulse started; ON until 66165.29s, cooldown until 66169.29s"
66181.05,INFO,"Mister pulse started; ON until 66181.30s, cooldown until 66185.30s"
66198.03,INFO,"Mister pulse started; ON until 66198.28s, cooldown until 66202.28s"
66204.02,INFO,"Mister pulse started; ON until 66204.27s, cooldown until 66208.27s"
66225.04,INFO,"Mister pulse started; ON until 66225.29s, cooldown until 66229.29s"
66230.04,INFO,"Mister pulse started; ON until 66230.29s, cooldown until 66234.29s"
66245.02,INFO,"Mister pulse started; ON until 66245.27s, cooldown until 66249.27s"
66250.03,INFO,"Mister pulse started; ON until 66250.28s, cooldown until 66254.28s"
66273.00,INFO,"Mister pulse started; ON until 66273.25s, cooldown until 66277.25s"
66285.03,INFO,"Mister pulse started; ON until 66285.28s, cooldown until 66289.28s"
66290.04,INFO,"Mister pulse started; ON until 66290.29s, cooldown until 66294.29s"
66311.00,INFO,"Mister pulse started; ON until 66311.25s, cooldown until 66315.25s"
66323.03,INFO,"Mister pulse started; ON until 66323.28s, cooldown until 66327.28s"
66343.01,INFO,"Mister pulse started; ON until 66343.26s, cooldown until 66347.26s"
66348.01,INFO,"Mister pulse started; ON until 66348.26s, cooldown until 66352.26s"
66363.03,INFO,"Mister pulse started; ON until 66363.28s, cooldown until 66367.28s"
66384.05,INFO,"Mister pulse started; ON until 66384.30s, cooldown until 66388.30s"
66396.02,INFO,"Mister pulse started; ON until 66396.27s, cooldown until 66400.27s"
66401.03,INFO,"Mister pulse started; ON until 66401.28s, cooldown until 66405.28s"
66418.02,INFO,"Mister pulse started; ON until 66418.27s, cooldown until 66422.27s"
66438.04,INFO,"Mister pulse started; ON until 66438.29s, cooldown until 66442.29s"
66443.05,INFO,"Mister pulse started; ON until 66443.30s, cooldown until 66447.30s"
66468.03,INFO,"Mister pulse started; ON until 66468.28s, cooldown until 66472.28s"
66473.04,INFO,"Mister pulse started; ON until 66473.29s, cooldown until 66477.29s"
66492.03,INFO,"Mister pulse started; ON until 66492.28s, cooldown until 66496.28s"
66497.04,INFO,"Mister pulse started; ON until 66497.29s, cooldown until 66501.29s"
66516.04,INFO,"Mister pulse started; ON until 66516.29s, cooldown until 66520.29s"
66521.00,INFO,"Mister pulse started; ON until 66521.25s, cooldown until 66525.25s"
66541.03,INFO,"Mister pulse started; ON until 66541.28s, cooldown until 66545.28s"
66547.02,INFO,"Mister pulse started; ON until 66547.27s, cooldown until 66551.27s"
66557.03,INFO,"Mister pulse started; ON until 66557.28s, cooldown until 66561.28s"
66570.00,INFO,"Mister pulse started; ON until 66570.25s, cooldown until 66574.25s"
66575.01,INFO,"Mister pulse started; ON until 66575.26s, cooldown until 66579.26s"
66595.03,INFO,"Mister pulse started; ON until 66595.28s, cooldown until 66599.28s"
66600.05,INFO,"Mister pulse started; ON until 66600.30s, cooldown until 66604.30s"
66618.01,INFO,"Mister pulse started; ON until 66618.26s, cooldown until 66622.26s"
66623.02,INFO,"Mister pulse started; ON until 66623.27s, cooldown until 66627.27s"
66640.01,INFO,"Mister pulse started; ON until 66640.26s, cooldown until 66644.26s"
66659.01,INFO,"Mister pulse started; ON until 66659.26s, cooldown until 66663.26s"
66664.02,INFO,"Mister pulse started; ON until 66664.27s, cooldown until 66668.27s"
66686.01,INFO,"Mister pulse started; ON until 66686.26s, cooldown until 66690.26s"
66700.00,INFO,"Mister pulse started; ON until 66700.25s, cooldown until 66704.25s"
66718.02,INFO,"Mister pulse started; ON until 66718.27s, cooldown until 66722.27s"
66732.01,INFO,"Mister pulse started; ON until 66732.26s, cooldown until 66736.26s"
66743.02,INFO,"Mister pulse started; ON until 66743.27s, cooldown until 66747.27s"
66764.02,INFO,"Mister pulse started; ON until 66764.27s, cooldown until 66768.27s"
66771.04,INFO,"Mister pulse started; ON until 66771.29s, cooldown until 66775.29s"
66784.00,INFO,"Mister pulse started; ON until 66784.25s, cooldown until 66788.25s"
66789.02,INFO,"Mister pulse started; ON until 66789.27s, cooldown until 66793.27s"
66809.04,INFO,"Mister pulse started; ON until 66809.29s, cooldown until 66813.29s"
66814.01,INFO,"Mister pulse started; ON until 66814.26s, cooldown until 66818.26s"
66834.04,INFO,"Mister pulse started; ON until 66834.29s, cooldown until 66838.29s"
66839.05,INFO,"Mister pulse started; ON until 66839.30s, cooldown until 66843.30s"
66863.01,INFO,"Mister pulse started; ON until 66863.26s, cooldown until 66867.26s"
66868.03,INFO,"Mister pulse started; ON until 66868.28s, cooldown until 66872.28s"
66885.02,INFO,"Mister pulse started; ON until 66885.27s, cooldown until 66889.27s"
66903.03,INFO,"Mister pulse started; ON until 66903.28s, cooldown until 66907.28s"
66909.02,INFO,"Mister pulse started; ON until 66909.27s, cooldown until 66913.27s"
66930.04,INFO,"Mister pulse started; ON until 66930.29s, cooldown until 66934.29s"
66941.03,INFO,"Mister pulse started; ON until 66941.28s, cooldown until 66945.28s"
66959.04,INFO,"Mister pulse started; ON until 66959.29s, cooldown until 66963.29s"
66964.00,INFO,"Mister pulse started; ON until 66964.25s, cooldown until 66968.25s"
66985.02,INFO,"Mister pulse started; ON until 66985.27s, cooldown until 66989.27s"
66996.02,INFO,"Mister pulse started; ON until 66996.27s, cooldown until 67000.27s"
67021.05,INFO,"Mister pulse started; ON until 67021.30s, cooldown until 67025.30s"
67038.03,INFO,"Mister pulse started; ON until 67038.28s, cooldown until 67042.28s"
67043.04,INFO,"Mister pulse started; ON until 67043.29s, cooldown until 67047.29s"
67062.03,INFO,"Mister pulse started; ON until 67062.28s, cooldown until 67066.28s"
67067.04,INFO,"Mister pulse started; ON until 67067.29s, cooldown until 67071.29s"
67085.00,INFO,"Mister pulse started; ON until 67085.25s, cooldown until 67089.25s"
67090.01,INFO,"Mister pulse started; ON until 67090.26s, cooldown until 67094.26s"
67106.01,INFO,"Mister pulse started; ON until 67106.26s, cooldown until 67110.26s"
67124.03,INFO,"Mister pulse started; ON until 67124.28s, cooldown until 67128.28s"
67143.03,INFO,"Mister pulse started; ON until 67143.28s, cooldown until 67147.28s"
67155.01,INFO,"Mister pulse started; ON until 67155.26s, cooldown until 67159.26s"
67172.04,INFO,"Mister pulse started; ON until 67172.29s, cooldown until 67176.29s"
67190.01,INFO,"Mister pulse started; ON until 67190.26s, cooldown until 67194.26s"
67195.02,INFO,"Mister pulse started; ON until 67195.27s, cooldown until 67199.27s"
67217.01,INFO,"Mister pulse started; ON until 67217.26s, cooldown until 67221.26s"
67230.02,INFO,"Mister pulse started; ON until 67230.27s, cooldown until 67234.27s"
67237.04,INFO,"Mister pulse started; ON until 67237.29s, cooldown until 67241.29s"
67250.05,INFO,"Mister pulse started; ON until 67250.30s, cooldown until 67254.30s"
67265.02,INFO,"Mister pulse started; ON until 67265.27s, cooldown until 67269.27s"
67277.05,INFO,"Mister pulse started; ON until 67277.30s, cooldown until 67281.30s"
67282.01,INFO,"Mister pulse started; ON until 67282.26s, cooldown until 67286.26s"
67303.02,INFO,"Mister pulse started; ON until 67303.27s, cooldown until 67307.27s"
67313.04,INFO,"Mister pulse started; ON until 67313.29s, cooldown until 67317.29s"
67330.02,INFO,"Mister pulse started; ON until 67330.27s, cooldown until 67334.27s"
67349.02,INFO,"Mister pulse started; ON until 67349.27s, cooldown until 67353.27s"
67354.02,INFO,"Mister pulse started; ON until 67354.27s, cooldown until 67358.27s"
67377.00,INFO,"Mister pulse started; ON until 67377.25s, cooldown until 67381.25s"
67394.04,INFO,"Mister pulse started; ON until 67394.29s, cooldown until 67398.29s"
67410.04,INFO,"Mister pulse started; ON until 67410.29s, cooldown until 67414.29s"
67428.01,INFO,"Mister pulse started; ON until 67428.26s, cooldown until 67432.26s"
67434.00,INFO,"Mister pulse started; ON until 67434.25s, cooldown until 67438.25s"
67442.00,INFO,"Mister pulse started; ON until 67442.25s, cooldown until 67446.25s"
67453.05,INFO,"Mister pulse started; ON until 67453.30s, cooldown until 67457.30s"
67458.01,INFO,"Mister pulse started; ON until 67458.26s, cooldown until 67462.26s"
67472.00,INFO,"Mister pulse started; ON until 67472.25s, cooldown until 67476.25s"
67491.04,INFO,"Mister pulse started; ON until 67491.29s, cooldown until 67495.29s"
67496.01,INFO,"Mister pulse started; ON until 67496.26s, cooldown until 67500.26s"
67518.00,INFO,"Mister pulse started; ON until 67518.25s, cooldown until 67522.25s"
67531.01,INFO,"Mister pulse started; ON until 67531.26s, cooldown until 67535.26s"
67543.04,INFO,"Mister pulse started; ON until 67543.29s, cooldown until 67547.29s"
67559.05,INFO,"Mister pulse started; ON until 67559.30s, cooldown until 67563.30s"
67576.04,INFO,"Mister pulse started; ON until 67576.29s, cooldown until 67580.29s"
67592.04,INFO,"Mister pulse started; ON until 67592.29s, cooldown until 67596.29s"
67611.04,INFO,"Mister pulse started; ON until 67611.29s, cooldown until 67615.29s"
67616.05,INFO,"Mister pulse started; ON until 67616.30s, cooldown until 67620.30s"
67637.00,INFO,"Mister pulse started; ON until 67637.25s, cooldown until 67641.25s"
67651.04,INFO,"Mister pulse started; ON until 67651.29s, cooldown until 67655.29s"
67660.02,INFO,"Mister pulse started; ON until 67660.27s, cooldown until 67664.27s"
67676.02,INFO,"Mister pulse started; ON until 67676.27s, cooldown until 67680.27s"
67683.04,INFO,"Mister pulse started; ON until 67683.29s, cooldown until 67687.29s"
67699.04,INFO,"Mister pulse started; ON until 67699.29s, cooldown until 67703.29s"
67704.05,INFO,"Mister pulse started; ON until 67704.30s, cooldown until 67708.30s"
67726.04,INFO,"Mister pulse started; ON until 67726.29s, cooldown until 67730.29s"
67739.00,INFO,"Mister pulse started; ON until 67739.25s, cooldown until 67743.25s"
67750.00,INFO,"Mister pulse started; ON until 67750.25s, cooldown until 67754.25s"
67774.02,INFO,"Mister pulse started; ON until 67774.27s, cooldown until 67778.27s"
67790.02,INFO,"Mister pulse started; ON until 67790.27s, cooldown until 67794.27s"
67808.03,INFO,"Mister pulse started; ON until 67808.28s, cooldown until 67812.28s"
67813.04,INFO,"Mister pulse started; ON until 67813.29s, cooldown until 67817.29s"
67831.05,INFO,"Mister pulse started; ON until 67831.30s, cooldown until 67835.30s"
67849.01,INFO,"Mister pulse started; ON until 67849.26s, cooldown until 67853.26s"
67854.02,INFO,"Mister pulse started; ON until 67854.27s, cooldown until 67858.27s"
67876.01,INFO,"Mister pulse started; ON until 67876.26s, cooldown until 67880.26s"
67887.01,INFO,"Mister pulse started; ON until 67887.26s, cooldown until 67891.26s"
67892.01,INFO,"Mister pulse started; ON until 67892.26s, cooldown until 67896.26s"
67914.01,INFO,"Mister pulse started; ON until 67914.26s, cooldown until 67918.26s"
67921.03,INFO,"Mister pulse started; ON until 67921.28s, cooldown until 67925.28s"
67935.02,INFO,"Mister pulse started; ON until 67935.27s, cooldown until 67939.27s"
67940.03,INFO,"Mister pulse started; ON until 67940.28s, cooldown until 67944.28s"
67959.03,INFO,"Mister pulse started; ON until 67959.28s, cooldown until 67963.28s"
67964.03,INFO,"Mister pulse started; ON until 67964.28s, cooldown until 67968.28s"
67984.01,INFO,"Mister pulse started; ON until 67984.26s, cooldown until 67988.26s"
67989.02,INFO,"Mister pulse started; ON until 67989.27s, cooldown until 67993.27s"
68012.05,INFO,"Mister pulse started; ON until 68012.30s, cooldown until 68016.30s"
68026.04,INFO,"Mister pulse started; ON until 68026.29s, cooldown until 68030.29s"
68040.03,INFO,"Mister pulse started; ON until 68040.28s, cooldown until 68044.28s"
68045.04,INFO,"Mister pulse started; ON until 68045.29s, cooldown until 68049.29s"
68070.03,INFO,"Mister pulse started; ON until 68070.28s, cooldown until 68074.28s"
68075.04,INFO,"Mister pulse started; ON until 68075.29s, cooldown until 68079.29s"
68092.04,INFO,"Mister pulse started; ON until 68092.29s, cooldown until 68096.29s"
68112.01,INFO,"Mister pulse started; ON until 68112.26s, cooldown until 68116.26s"
68124.03,INFO,"Mister pulse started; ON until 68124.28s, cooldown until 68128.28s"
68139.01,INFO,"Mister pulse started; ON until 68139.26s, cooldown until 68143.26s"
68156.04,INFO,"Mister pulse started; ON until 68156.29s, cooldown until 68160.29s"
68175.04,INFO,"Mister pulse started; ON until 68175.29s, cooldown until 68179.29s"
68180.05,INFO,"Mister pulse started; ON until 68180.30s, cooldown until 68184.30s"
68201.01,INFO,"Mister pulse started; ON until 68201.26s, cooldown until 68205.26s"
68215.00,INFO,"Mister pulse started; ON until 68215.25s, cooldown until 68219.25s"
68229.04,INFO,"Mister pulse started; ON until 68229.29s, cooldown until 68233.29s"
68234.00,INFO,"Mister pulse started; ON until 68234.25s, cooldown until 68238.25s"
68257.03,INFO,"Mister pulse started; ON until 68257.28s, cooldown until 68261.28s"
68271.01,INFO,"Mister pulse started; ON until 68271.26s, cooldown until 68275.26s"
68284.03,INFO,"Mister pulse started; ON until 68284.28s, cooldown until 68288.28s"
68291.05,INFO,"Mister pulse started; ON until 68291.30s, cooldown until 68295.30s"
68309.02,INFO,"Mister pulse started; ON until 68309.27s, cooldown until 68313.27s"
68317.02,INFO,"Mister pulse started; ON until 68317.27s, cooldown until 68321.27s"
68328.02,INFO,"Mister pulse started; ON until 68328.27s, cooldown until 68332.27s"
68347.02,INFO,"Mister pulse started; ON until 68347.27s, cooldown until 68351.27s"
68352.03,INFO,"Mister pulse started; ON until 68352.28s, cooldown until 68356.28s"
68369.02,INFO,"Mister pulse started; ON until 68369.27s, cooldown until 68373.27s"
68386.00,INFO,"Mister pulse started; ON until 68386.25s, cooldown until 68390.25s"
68391.01,INFO,"Mister pulse started; ON until 68391.26s, cooldown until 68395.26s"
68410.01,INFO,"Mister pulse started; ON until 68410.26s, cooldown until 68414.26s"
68415.02,INFO,"Mister pulse started; ON until 68415.27s, cooldown until 68419.27s"
68434.02,INFO,"Mister pulse started; ON until 68434.27s, cooldown until 68438.27s"
68439.03,INFO,"Mister pulse started; ON until 68439.28s, cooldown until 68443.28s"
68454.01,INFO,"Mister pulse started; ON until 68454.26s, cooldown until 68458.26s"
68471.00,INFO,"Mister pulse started; ON until 68471.25s, cooldown until 68475.25s"
68487.01,INFO,"Mister pulse started; ON until 68487.26s, cooldown until 68491.26s"
68502.03,INFO,"Mister pulse started; ON until 68502.28s, cooldown until 68506.28s"
68519.02,INFO,"Mister pulse started; ON until 68519.27s, cooldown until 68523.27s"
68536.05,INFO,"Mister pulse started; ON until 68536.30s, cooldown until 68540.30s"
68550.03,INFO,"Mister pulse started; ON until 68550.28s, cooldown until 68554.28s"
68570.01,INFO,"Mister pulse started; ON until 68570.26s, cooldown until 68574.26s"
68576.04,INFO,"Mister pulse started; ON until 68576.29s, cooldown until 68580.29s"
68598.04,INFO,"Mister pulse started; ON until 68598.29s, cooldown until 68602.29s"
68611.00,INFO,"Mister pulse started; ON until 68611.25s, cooldown until 68615.25s"
68623.03,INFO,"Mister pulse started; ON until 68623.28s, cooldown until 68627.28s"
68641.04,INFO,"Mister pulse started; ON until 68641.29s, cooldown until 68645.29s"
68646.00,INFO,"Mister pulse started; ON until 68646.25s, cooldown until 68650.25s"
68666.03,INFO,"Mister pulse started; ON until 68666.28s, cooldown until 68670.28s"
68671.04,INFO,"Mister pulse started; ON until 68671.29s, cooldown until 68675.29s"
68692.00,INFO,"Mister pulse started; ON until 68692.25s, cooldown until 68696.25s"
68707.02,INFO,"Mister pulse started; ON until 68707.27s, cooldown until 68711.27s"
68719.00,INFO,"Mister pulse started; ON until 68719.25s, cooldown until 68723.25s"
68725.04,INFO,"Mister pulse started; ON until 68725.29s, cooldown until 68729.29s"
68743.01,INFO,"Mister pulse started; ON until 68743.26s, cooldown until 68747.26s"
68749.05,INFO,"Mister pulse started; ON until 68749.30s, cooldown until 68753.30s"
68766.04,INFO,"Mister pulse started; ON until 68766.29s, cooldown until 68770.29s"
68781.01,INFO,"Mister pulse started; ON until 68781.26s, cooldown until 68785.26s"
68798.04,INFO,"Mister pulse started; ON until 68798.29s, cooldown until 68802.29s"
68818.02,INFO,"Mister pulse started; ON until 68818.27s, cooldown until 68822.27s"
68823.03,INFO,"Mister pulse started; ON until 68823.28s, cooldown until 68827.28s"
68833.04,INFO,"Mister pulse started; ON until 68833.29s, cooldown until 68837.29s"
68848.01,INFO,"Mister pulse started; ON until 68848.26s, cooldown until 68852.26s"
68858.03,INFO,"Mister pulse started; ON until 68858.28s, cooldown until 68862.28s"
68870.00,INFO,"Mister pulse started; ON until 68870.25s, cooldown until 68874.25s"
68875.01,INFO,"Mister pulse started; ON until 68875.26s, cooldown until 68879.26s"
68893.03,INFO,"Mister pulse started; ON until 68893.28s, cooldown until 68897.28s"
68911.00,INFO,"Mister pulse started; ON until 68911.25s, cooldown until 68915.25s"
68918.02,INFO,"Mister pulse started; ON until 68918.27s, cooldown until 68922.27s"
68927.01,INFO,"Mister pulse started; ON until 68927.26s, cooldown until 68931.26s"
68944.05,INFO,"Mister pulse started; ON until 68944.30s, cooldown until 68948.30s"
68949.05,INFO,"Mister pulse started; ON until 68949.30s, cooldown until 68953.30s"
68972.03,INFO,"Mister pulse started; ON until 68972.28s, cooldown until 68976.28s"
68989.01,INFO,"Mister pulse started; ON until 68989.26s, cooldown until 68993.26s"
68994.02,INFO,"Mister pulse started; ON until 68994.27s, cooldown until 68998.27s"
69012.05,INFO,"Mister pulse started; ON until 69012.30s, cooldown until 69016.30s"
69030.01,INFO,"Mister pulse started; ON until 69030.26s, cooldown until 69034.26s"
69035.02,INFO,"Mister pulse started; ON until 69035.27s, cooldown until 69039.27s"
69056.03,INFO,"Mister pulse started; ON until 69056.28s, cooldown until 69060.28s"
69071.05,INFO,"Mister pulse started; ON until 69071.30s, cooldown until 69075.30s"
69076.00,INFO,"Mister pulse started; ON until 69076.25s, cooldown until 69080.25s"
69084.00,INFO,"Mister pulse started; ON until 69084.25s, cooldown until 69088.25s"
69093.04,INFO,"Mister pulse started; ON until 69093.29s, cooldown until 69097.29s"
69105.02,INFO,"Mister pulse started; ON until 69105.27s, cooldown until 69109.27s"
69119.01,INFO,"Mister pulse started; ON until 69119.26s, cooldown until 69123.26s"
69126.03,INFO,"Mister pulse started; ON until 69126.28s, cooldown until 69130.28s"
69139.04,INFO,"Mister pulse started; ON until 69139.29s, cooldown until 69143.29s"
69152.05,INFO,"Mister pulse started; ON until 69152.30s, cooldown until 69156.30s"
69164.03,INFO,"Mister pulse started; ON until 69164.28s, cooldown until 69168.28s"
69183.03,INFO,"Mister pulse started; ON until 69183.28s, cooldown until 69187.28s"
69189.02,INFO,"Mister pulse started; ON until 69189.27s, cooldown until 69193.27s"
69199.04,INFO,"Mister pulse started; ON until 69199.29s, cooldown until 69203.29s"
69204.05,INFO,"Mister pulse started; ON until 69204.30s, cooldown until 69208.30s"
69235.01,INFO,"Mister pulse started; ON until 69235.26s, cooldown until 69239.26s"
69251.01,INFO,"Mister pulse started; ON until 69251.26s, cooldown until 69255.26s"
69270.01,INFO,"Mister pulse started; ON until 69270.26s, cooldown until 69274.26s"
69281.01,INFO,"Mister pulse started; ON until 69281.26s, cooldown until 69285.26s"
69295.05,INFO,"Mister pulse started; ON until 69295.30s, cooldown until 69299.30s"
69306.05,INFO,"Mister pulse started; ON until 69306.30s, cooldown until 69310.30s"
69325.04,INFO,"Mister pulse started; ON until 69325.29s, cooldown until 69329.29s"
69331.04,INFO,"Mister pulse started; ON until 69331.29s, cooldown until 69335.29s"
69353.04,INFO,"Mister pulse started; ON until 69353.29s, cooldown until 69357.29s"
69370.03,INFO,"Mister pulse started; ON until 69370.28s, cooldown until 69374.28s"
69389.03,INFO,"Mister pulse started; ON until 69389.28s, cooldown until 69393.28s"
69397.03,INFO,"Mister pulse started; ON until 69397.28s, cooldown until 69401.28s"
69413.04,INFO,"Mister pulse started; ON until 69413.29s, cooldown until 69417.29s"
69423.01,INFO,"Mister pulse started; ON until 69423.26s, cooldown until 69427.26s"
69442.01,INFO,"Mister pulse started; ON until 69442.26s, cooldown until 69446.26s"
69447.02,INFO,"Mister pulse started; ON until 69447.27s, cooldown until 69451.27s"
69463.03,INFO,"Mister pulse started; ON until 69463.28s, cooldown until 69467.28s"
69480.01,INFO,"Mister pulse started; ON until 69480.26s, cooldown until 69484.26s"
69502.01,INFO,"Mister pulse started; ON until 69502.26s, cooldown until 69506.26s"
69516.05,INFO,"Mister pulse started; ON until 69516.30s, cooldown until 69520.30s"
69522.04,INFO,"Mister pulse started; ON until 69522.29s, cooldown until 69526.29s"
69534.02,INFO,"Mister pulse started; ON until 69534.27s, cooldown until 69538.27s"
69553.01,INFO,"Mister pulse started; ON until 69553.26s, cooldown until 69557.26s"
69558.02,INFO,"Mister pulse started; ON until 69558.27s, cooldown until 69562.27s"
69578.04,INFO,"Mister pulse started; ON until 69578.29s, cooldown until 69582.29s"
69583.00,INFO,"Mister pulse started; ON until 69583.25s, cooldown until 69587.25s"
69605.04,INFO,"Mister pulse started; ON until 69605.29s, cooldown until 69609.29s"
69618.05,INFO,"Mister pulse started; ON until 69618.30s, cooldown until 69622.30s"
69623.01,INFO,"Mister pulse started; ON until 69623.26s, cooldown until 69627.26s"
69646.03,INFO,"Mister pulse started; ON until 69646.28s, cooldown until 69650.28s"
69659.04,INFO,"Mister pulse started; ON until 69659.29s, cooldown until 69663.29s"
69666.01,INFO,"Mister pulse started; ON until 69666.26s, cooldown until 69670.26s"
69681.03,INFO,"Mister pulse started; ON until 69681.28s, cooldown until 69685.28s"
69686.04,INFO,"Mister pulse started; ON until 69686.29s, cooldown until 69690.29s"
69703.02,INFO,"Mister pulse started; ON until 69703.27s, cooldown until 69707.27s"
69727.03,INFO,"Mister pulse started; ON until 69727.28s, cooldown until 69731.28s"
69744.01,INFO,"Mister pulse started; ON until 69744.26s, cooldown until 69748.26s"
69749.02,INFO,"Mister pulse started; ON until 69749.27s, cooldown until 69753.27s"
69769.05,INFO,"Mister pulse started; ON until 69769.30s, cooldown until 69773.30s"
69774.01,INFO,"Mister pulse started; ON until 69774.26s, cooldown until 69778.26s"
69797.03,INFO,"Mister pulse started; ON until 69797.28s, cooldown until 69801.28s"
69810.04,INFO,"Mister pulse started; ON until 69810.29s, cooldown until 69814.29s"
69818.04,INFO,"Mister pulse started; ON until 69818.29s, cooldown until 69822.29s"
69832.03,INFO,"Mister pulse started; ON until 69832.28s, cooldown until 69836.28s"
69837.04,INFO,"Mister pulse started; ON until 69837.29s, cooldown until 69841.29s"
69860.01,INFO,"Mister pulse started; ON until 69860.26s, cooldown until 69864.26s"
69875.03,INFO,"Mister pulse started; ON until 69875.28s, cooldown until 69879.28s"
69893.00,INFO,"Mister pulse started; ON until 69893.25s, cooldown until 69897.25s"
69910.03,INFO,"Mister pulse started; ON until 69910.28s, cooldown until 69914.28s"
69927.02,INFO,"Mister pulse started; ON until 69927.27s, cooldown until 69931.27s"
69934.04,INFO,"Mister pulse started; ON until 69934.29s, cooldown until 69938.29s"
69957.03,INFO,"Mister pulse started; ON until 69957.28s, cooldown until 69961.28s"
69971.01,INFO,"Mister pulse started; ON until 69971.26s, cooldown until 69975.26s"
69986.05,INFO,"Mister pulse started; ON until 69986.30s, cooldown until 69990.30s"
70005.05,INFO,"Mister pulse started; ON until 70005.30s, cooldown until 70009.30s"
70023.02,INFO,"Mister pulse started; ON until 70023.27s, cooldown until 70027.27s"
70028.03,INFO,"Mister pulse started; ON until 70028.28s, cooldown until 70032.28s"
70050.03,INFO,"Mister pulse started; ON until 70050.28s, cooldown until 70054.28s"
70066.03,INFO,"Mister pulse started; ON until 70066.28s, cooldown until 70070.28s"
70086.00,INFO,"Mister pulse started; ON until 70086.25s, cooldown until 70090.25s"
70091.02,INFO,"Mister pulse started; ON until 70091.27s, cooldown until 70095.27s"
70113.00,INFO,"Mister pulse started; ON until 70113.25s, cooldown until 70117.25s"
70129.01,INFO,"Mister pulse started; ON until 70129.26s, cooldown until 70133.26s"
70144.03,INFO,"Mister pulse started; ON until 70144.28s, cooldown until 70148.28s"
70158.02,INFO,"Mister pulse started; ON until 70158.27s, cooldown until 70162.27s"
70170.00,INFO,"Mister pulse started; ON until 70170.25s, cooldown until 70174.25s"
70189.00,INFO,"Mister pulse started; ON until 70189.25s, cooldown until 70193.25s"
70199.02,INFO,"Mister pulse started; ON until 70199.27s, cooldown until 70203.27s"
70213.01,INFO,"Mister pulse started; ON until 70213.26s, cooldown until 70217.26s"
70219.05,INFO,"Mister pulse started; ON until 70219.30s, cooldown until 70223.30s"
70242.04,INFO,"Mister pulse started; ON until 70242.29s, cooldown until 70246.29s"
70259.02,INFO,"Mister pulse started; ON until 70259.27s, cooldown until 70263.27s"
70264.03,INFO,"Mister pulse started; ON until 70264.28s, cooldown until 70268.28s"
70282.05,INFO,"Mister pulse started; ON until 70282.30s, cooldown until 70286.30s"
70301.05,INFO,"Mister pulse started; ON until 70301.30s, cooldown until 70305.30s"
70306.00,INFO,"Mister pulse started; ON until 70306.25s, cooldown until 70310.25s"
70324.02,INFO,"Mister pulse started; ON until 70324.27s, cooldown until 70328.27s"
70329.03,INFO,"Mister pulse started; ON until 70329.28s, cooldown until 70333.28s"
70355.05,INFO,"Mister pulse started; ON until 70355.30s, cooldown until 70359.30s"
70360.01,INFO,"Mister pulse started; ON until 70360.26s, cooldown until 70364.26s"
70386.03,INFO,"Mister pulse started; ON until 70386.28s, cooldown until 70390.28s"
70391.04,INFO,"Mister pulse started; ON until 70391.29s, cooldown until 70395.29s"
70407.04,INFO,"Mister pulse started; ON until 70407.29s, cooldown until 70411.29s"
70422.01,INFO,"Mister pulse started; ON until 70422.26s, cooldown until 70426.26s"
70438.02,INFO,"Mister pulse started; ON until 70438.27s, cooldown until 70442.27s"
70452.01,INFO,"Mister pulse started; ON until 70452.26s, cooldown until 70456.26s"
70465.02,INFO,"Mister pulse started; ON until 70465.27s, cooldown until 70469.27s"
70470.03,INFO,"Mister pulse started; ON until 70470.28s, cooldown until 70474.28s"
70491.04,INFO,"Mister pulse started; ON until 70491.29s, cooldown until 70495.29s"
70498.01,INFO,"Mister pulse started; ON until 70498.26s, cooldown until 70502.26s"
70510.04,INFO,"Mister pulse started; ON until 70510.29s, cooldown until 70514.29s"
70530.03,INFO,"Mister pulse started; ON until 70530.28s, cooldown until 70534.28s"
70535.03,INFO,"Mister pulse started; ON until 70535.28s, cooldown until 70539.28s"
70559.04,INFO,"Mister pulse started; ON until 70559.29s, cooldown until 70563.29s"
70576.01,INFO,"Mister pulse started; ON until 70576.26s, cooldown until 70580.26s"
70582.01,INFO,"Mister pulse started; ON until 70582.26s, cooldown until 70586.26s"
70602.04,INFO,"Mister pulse started; ON until 70602.29s, cooldown until 70606.29s"
70609.01,INFO,"Mister pulse started; ON until 70609.26s, cooldown until 70613.26s"
70625.01,INFO,"Mister pulse started; ON until 70625.26s, cooldown until 70629.26s"
70630.02,INFO,"Mister pulse started; ON until 70630.27s, cooldown until 70634.27s"
70653.05,INFO,"Mister pulse started; ON until 70653.30s, cooldown until 70657.30s"
70668.02,INFO,"Mister pulse started; ON until 70668.27s, cooldown until 70672.27s"
70684.02,INFO,"Mister pulse started; ON until 70684.27s, cooldown until 70688.27s"
70699.05,INFO,"Mister pulse started; ON until 70699.30s, cooldown until 70703.30s"
70710.05,INFO,"Mister pulse started; ON until 70710.30s, cooldown until 70714.30s"
70729.04,INFO,"Mister pulse started; ON until 70729.29s, cooldown until 70733.29s"
70735.03,INFO,"Mister pulse started; ON until 70735.28s, cooldown until 70739.28s"
70747.01,INFO,"Mister pulse started; ON until 70747.26s, cooldown until 70751.26s"
70768.03,INFO,"Mister pulse started; ON until 70768.28s, cooldown until 70772.28s"
70774.01,INFO,"Mister pulse started; ON until 70774.26s, cooldown until 70778.26s"
70786.04,INFO,"Mister pulse started; ON until 70786.29s, cooldown until 70790.29s"
70799.04,INFO,"Mister pulse started; ON until 70799.29s, cooldown until 70803.29s"
70805.03,INFO,"Mister pulse started; ON until 70805.28s, cooldown until 70809.28s"
70827.03,INFO,"Mister pulse started; ON until 70827.28s, cooldown until 70831.28s"
70842.05,INFO,"Mister pulse started; ON until 70842.30s, cooldown until 70846.30s"
70850.05,INFO,"Mister pulse started; ON until 70850.30s, cooldown until 70854.30s"
70867.03,INFO,"Mister pulse started; ON until 70867.28s, cooldown until 70871.28s"
70883.03,INFO,"Mister pulse started; ON until 70883.28s, cooldown until 70887.28s"
70889.02,INFO,"Mister pulse started; ON until 70889.27s, cooldown until 70893.27s"
70910.03,INFO,"Mister pulse started; ON until 70910.28s, cooldown until 70914.28s"
70916.03,INFO,"Mister pulse started; ON until 70916.28s, cooldown until 70920.28s"
70935.02,INFO,"Mister pulse started; ON until 70935.27s, cooldown until 70939.27s"
70941.01,INFO,"Mister pulse started; ON until 70941.26s, cooldown until 70945.26s"
70952.00,INFO,"Mister pulse started; ON until 70952.25s, cooldown until 70956.25s"
70964.04,INFO,"Mister pulse started; ON until 70964.29s, cooldown until 70968.29s"
70985.05,INFO,"Mister pulse started; ON until 70985.30s, cooldown until 70989.30s"
70992.02,INFO,"Mister pulse started; ON until 70992.27s, cooldown until 70996.27s"
71011.02,INFO,"Mister pulse started; ON until 71011.27s, cooldown until 71015.27s"
71026.04,INFO,"Mister pulse started; ON until 71026.29s, cooldown until 71030.29s"
71039.04,INFO,"Mister pulse started; ON until 71039.29s, cooldown until 71043.29s"
71047.05,INFO,"Mister pulse started; ON until 71047.30s, cooldown until 71051.30s"
71058.04,INFO,"Mister pulse started; ON until 71058.29s, cooldown until 71062.29s"
71076.00,INFO,"Mister pulse started; ON until 71076.25s, cooldown until 71080.25s"
71081.02,INFO,"Mister pulse started; ON until 71081.27s, cooldown until 71085.27s"
71098.05,INFO,"Mister pulse started; ON until 71098.30s, cooldown until 71102.30s"
71108.01,INFO,"Mister pulse started; ON until 71108.26s, cooldown until 71112.26s"
71118.03,INFO,"Mister pulse started; ON until 71118.28s, cooldown until 71122.28s"
71125.05,INFO,"Mister pulse started; ON until 71125.30s, cooldown until 71129.30s"
71137.03,INFO,"Mister pulse started; ON until 71137.28s, cooldown until 71141.28s"
71151.02,INFO,"Mister pulse started; ON until 71151.27s, cooldown until 71155.27s"
71164.02,INFO,"Mister pulse started; ON until 71164.27s, cooldown until 71168.27s"
71169.03,INFO,"Mister pulse started; ON until 71169.28s, cooldown until 71173.28s"
71188.02,INFO,"Mister pulse started; ON until 71188.27s, cooldown until 71192.27s"
71193.03,INFO,"Mister pulse started; ON until 71193.28s, cooldown until 71197.28s"
71210.02,INFO,"Mister pulse started; ON until 71210.27s, cooldown until 71214.27s"
71226.02,INFO,"Mister pulse started; ON until 71226.27s, cooldown until 71230.27s"
71245.02,INFO,"Mister pulse started; ON until 71245.27s, cooldown until 71249.27s"
71251.01,INFO,"Mister pulse started; ON until 71251.26s, cooldown until 71255.26s"
71263.03,INFO,"Mister pulse started; ON until 71263.28s, cooldown until 71267.28s"
71278.01,INFO,"Mister pulse started; ON until 71278.26s, cooldown until 71282.26s"
71284.05,INFO,"Mister pulse started; ON until 71284.30s, cooldown until 71288.30s"
71296.03,INFO,"Mister pulse started; ON until 71296.28s, cooldown until 71300.28s"
71311.00,INFO,"Mister pulse started; ON until 71311.25s, cooldown until 71315.25s"
71327.02,INFO,"Mister pulse started; ON until 71327.27s, cooldown until 71331.27s"
71342.03,INFO,"Mister pulse started; ON until 71342.28s, cooldown until 71346.28s"
71352.01,INFO,"Mister pulse started; ON until 71352.26s, cooldown until 71356.26s"
71372.04,INFO,"Mister pulse started; ON until 71372.29s, cooldown until 71376.29s"
71377.05,INFO,"Mister pulse started; ON until 71377.30s, cooldown until 71381.30s"
71401.00,INFO,"Mister pulse started; ON until 71401.25s, cooldown until 71405.25s"
71406.01,INFO,"Mister pulse started; ON until 71406.26s, cooldown until 71410.26s"
71422.02,INFO,"Mister pulse started; ON until 71422.27s, cooldown until 71426.27s"
71437.04,INFO,"Mister pulse started; ON until 71437.29s, cooldown until 71441.29s"
71445.04,INFO,"Mister pulse started; ON until 71445.29s, cooldown until 71449.29s"
71461.00,INFO,"Mister pulse started; ON until 71461.25s, cooldown until 71465.25s"
71477.01,INFO,"Mister pulse started; ON until 71477.26s, cooldown until 71481.26s"
71496.05,INFO,"Mister pulse started; ON until 71496.30s, cooldown until 71500.30s"
71513.03,INFO,"Mister pulse started; ON until 71513.28s, cooldown until 71517.28s"
71518.03,INFO,"Mister pulse started; ON until 71518.28s, cooldown until 71522.28s"
71543.01,INFO,"Mister pulse started; ON until 71543.26s, cooldown until 71547.26s"
71560.05,INFO,"Mister pulse started; ON until 71560.30s, cooldown until 71564.30s"
71577.02,INFO,"Mister pulse started; ON until 71577.27s, cooldown until 71581.27s"
71582.04,INFO,"Mister pulse started; ON until 71582.29s, cooldown until 71586.29s"
71602.01,INFO,"Mister pulse started; ON until 71602.26s, cooldown until 71606.26s"
71607.02,INFO,"Mister pulse started; ON until 71607.27s, cooldown until 71611.27s"
71628.04,INFO,"Mister pulse started; ON until 71628.29s, cooldown until 71632.29s"
71636.04,INFO,"Mister pulse started; ON until 71636.29s, cooldown until 71640.29s"
71654.01,INFO,"Mister pulse started; ON until 71654.26s, cooldown until 71658.26s"
71670.01,INFO,"Mister pulse started; ON until 71670.26s, cooldown until 71674.26s"
71692.00,INFO,"Mister pulse started; ON until 71692.25s, cooldown until 71696.25s"
71703.05,INFO,"Mister pulse started; ON until 71703.30s, cooldown until 71707.30s"
71721.01,INFO,"Mister pulse started; ON until 71721.26s, cooldown until 71725.26s"
71726.02,INFO,"Mister pulse started; ON until 71726.27s, cooldown until 71730.27s"
71748.01,INFO,"Mister pulse started; ON until 71748.26s, cooldown until 71752.26s"
71762.05,INFO,"Mister pulse started; ON until 71762.30s, cooldown until 71766.30s"
71767.00,INFO,"Mister pulse started; ON until 71767.25s, cooldown until 71771.25s"
71779.03,INFO,"Mister pulse started; ON until 71779.28s, cooldown until 71783.28s"
71794.05,INFO,"Mister pulse started; ON until 71794.30s, cooldown until 71798.30s"
71799.00,INFO,"Mister pulse started; ON until 71799.25s, cooldown until 71803.25s"
71807.01,INFO,"Mister pulse started; ON until 71807.26s, cooldown until 71811.26s"
71818.00,INFO,"Mister pulse started; ON until 71818.25s, cooldown until 71822.25s"
71828.02,INFO,"Mister pulse started; ON until 71828.27s, cooldown until 71832.27s"
71846.04,INFO,"Mister pulse started; ON until 71846.29s, cooldown until 71850.29s"
71865.03,INFO,"Mister pulse started; ON until 71865.28s, cooldown until 71869.28s"
71872.05,INFO,"Mister pulse started; ON until 71872.30s, cooldown until 71876.30s"
71879.02,INFO,"Mister pulse started; ON until 71879.27s, cooldown until 71883.27s"
71888.01,INFO,"Mister pulse started; ON until 71888.26s, cooldown until 71892.26s"
71899.01,INFO,"Mister pulse started; ON until 71899.26s, cooldown until 71903.26s"
71916.00,INFO,"Mister pulse started; ON until 71916.25s, cooldown until 71920.25s"
71935.05,INFO,"Mister pulse started; ON until 71935.30s, cooldown until 71939.30s"
71940.01,INFO,"Mister pulse started; ON until 71940.26s, cooldown until 71944.26s"
71959.05,INFO,"Mister pulse started; ON until 71959.30s, cooldown until 71963.30s"
71964.01,INFO,"Mister pulse started; ON until 71964.26s, cooldown until 71968.26s"
71983.00,INFO,"Mister pulse started; ON until 71983.25s, cooldown until 71987.25s"
71989.04,INFO,"Mister pulse started; ON until 71989.29s, cooldown until 71993.29s"
72009.02,INFO,"Mister pulse started; ON until 72009.27s, cooldown until 72013.27s"
72016.04,INFO,"Mister pulse started; ON until 72016.29s, cooldown until 72020.29s"
72028.02,INFO,"Mister pulse started; ON until 72028.27s, cooldown until 72032.27s"
72049.03,INFO,"Mister pulse started; ON until 72049.28s, cooldown until 72053.28s"
72056.04,INFO,"Mister pulse started; ON until 72056.29s, cooldown until 72060.29s"
72070.03,INFO,"Mister pulse started; ON until 72070.28s, cooldown until 72074.28s"
72075.04,INFO,"Mister pulse started; ON until 72075.29s, cooldown until 72079.29s"
72094.03,INFO,"Mister pulse started; ON until 72094.28s, cooldown until 72098.28s"
72099.04,INFO,"Mister pulse started; ON until 72099.29s, cooldown until 72103.29s"
72115.05,INFO,"Mister pulse started; ON until 72115.30s, cooldown until 72119.30s"
72129.04,INFO,"Mister pulse started; ON until 72129.29s, cooldown until 72133.29s"
72136.01,INFO,"Mister pulse started; ON until 72136.26s, cooldown until 72140.26s"
72154.03,INFO,"Mister pulse started; ON until 72154.28s, cooldown until 72158.28s"
72166.01,INFO,"Mister pulse started; ON until 72166.26s, cooldown until 72170.26s"
72181.04,INFO,"Mister pulse started; ON until 72181.29s, cooldown until 72185.29s"
72187.03,INFO,"Mister pulse started; ON until 72187.28s, cooldown until 72191.28s"
72209.02,INFO,"Mister pulse started; ON until 72209.27s, cooldown until 72213.27s"
72216.05,INFO,"Mister pulse started; ON until 72216.30s, cooldown until 72220.30s"
72233.03,INFO,"Mister pulse started; ON until 72233.28s, cooldown until 72237.28s"
72247.02,INFO,"Mister pulse started; ON until 72247.27s, cooldown until 72251.27s"
72258.01,INFO,"Mister pulse started; ON until 72258.26s, cooldown until 72262.26s"
72275.05,INFO,"Mister pulse started; ON until 72275.30s, cooldown until 72279.30s"
72289.04,INFO,"Mister pulse started; ON until 72289.29s, cooldown until 72293.29s"
72307.01,INFO,"Mister pulse started; ON until 72307.26s, cooldown until 72311.26s"
72312.02,INFO,"Mister pulse started; ON until 72312.27s, cooldown until 72316.27s"
72328.03,INFO,"Mister pulse started; ON until 72328.28s, cooldown until 72332.28s"
72346.05,INFO,"Mister pulse started; ON until 72346.30s, cooldown until 72350.30s"
72356.01,INFO,"Mister pulse started; ON until 72356.26s, cooldown until 72360.26s"
72369.02,INFO,"Mister pulse started; ON until 72369.27s, cooldown until 72373.27s"
72386.05,INFO,"Mister pulse started; ON until 72386.30s, cooldown until 72390.30s"
72402.00,INFO,"Mister pulse started; ON until 72402.25s, cooldown until 72406.25s"
72407.01,INFO,"Mister pulse started; ON until 72407.26s, cooldown until 72411.26s"
72425.03,INFO,"Mister pulse started; ON until 72425.28s, cooldown until 72429.28s"
72440.05,INFO,"Mister pulse started; ON until 72440.30s, cooldown until 72444.30s"
72454.03,INFO,"Mister pulse started; ON until 72454.28s, cooldown until 72458.28s"
72464.05,INFO,"Mister pulse started; ON until 72464.30s, cooldown until 72468.30s"
72481.03,INFO,"Mister pulse started; ON until 72481.28s, cooldown until 72485.28s"
72495.03,INFO,"Mister pulse started; ON until 72495.28s, cooldown until 72499.28s"
72509.02,INFO,"Mister pulse started; ON until 72509.27s, cooldown until 72513.27s"
72523.01,INFO,"Mister pulse started; ON until 72523.26s, cooldown until 72527.26s"
72529.05,INFO,"Mister pulse started; ON until 72529.30s, cooldown until 72533.30s"
72548.00,INFO,"Mister pulse started; ON until 72548.25s, cooldown until 72552.25s"
72555.02,INFO,"Mister pulse started; ON until 72555.27s, cooldown until 72559.27s"
72571.02,INFO,"Mister pulse started; ON until 72571.27s, cooldown until 72575.27s"
72576.03,INFO,"Mister pulse started; ON until 72576.28s, cooldown until 72580.28s"
72597.04,INFO,"Mister pulse started; ON until 72597.29s, cooldown until 72601.29s"
72605.04,INFO,"Mister pulse started; ON until 72605.29s, cooldown until 72609.29s"
72621.04,INFO,"Mister pulse started; ON until 72621.29s, cooldown until 72625.29s"
72632.04,INFO,"Mister pulse started; ON until 72632.29s, cooldown until 72636.29s"
72651.04,INFO,"Mister pulse started; ON until 72651.29s, cooldown until 72655.29s"
72656.05,INFO,"Mister pulse started; ON until 72656.30s, cooldown until 72660.30s"
72678.04,INFO,"Mister pulse started; ON until 72678.29s, cooldown until 72682.29s"
72684.03,INFO,"Mister pulse started; ON until 72684.28s, cooldown until 72688.28s"
72700.03,INFO,"Mister pulse started; ON until 72700.28s, cooldown until 72704.28s"
72712.01,INFO,"Mister pulse started; ON until 72712.26s, cooldown until 72716.26s"
72719.03,INFO,"Mister pulse started; ON until 72719.28s, cooldown until 72723.28s"
72738.02,INFO,"Mister pulse started; ON until 72738.27s, cooldown until 72742.27s"
72744.01,INFO,"Mister pulse started; ON until 72744.26s, cooldown until 72748.26s"
72755.01,INFO,"Mister pulse started; ON until 72755.26s, cooldown until 72759.26s"
72767.04,INFO,"Mister pulse started; ON until 72767.29s, cooldown until 72771.29s"
72785.05,INFO,"Mister pulse started; ON until 72785.30s, cooldown until 72789.30s"
72790.02,INFO,"Mister pulse started; ON until 72790.27s, cooldown until 72794.27s"
72812.01,INFO,"Mister pulse started; ON until 72812.26s, cooldown until 72816.26s"
72825.02,INFO,"Mister pulse started; ON until 72825.27s, cooldown until 72829.27s"
72831.01,INFO,"Mister pulse started; ON until 72831.26s, cooldown until 72835.26s"
72841.03,INFO,"Mister pulse started; ON until 72841.28s, cooldown until 72845.28s"
72852.02,INFO,"Mister pulse started; ON until 72852.27s, cooldown until 72856.27s"
72869.01,INFO,"Mister pulse started; ON until 72869.26s, cooldown until 72873.26s"
72883.05,INFO,"Mister pulse started; ON until 72883.30s, cooldown until 72887.30s"
72888.00,INFO,"Mister pulse started; ON until 72888.25s, cooldown until 72892.25s"
72906.02,INFO,"Mister pulse started; ON until 72906.27s, cooldown until 72910.27s"
72914.02,INFO,"Mister pulse started; ON until 72914.27s, cooldown until 72918.27s"
72929.05,INFO,"Mister pulse started; ON until 72929.30s, cooldown until 72933.30s"
72934.01,INFO,"Mister pulse started; ON until 72934.26s, cooldown until 72938.26s"
72944.03,INFO,"Mister pulse started; ON until 72944.28s, cooldown until 72948.28s"
72954.04,INFO,"Mister pulse started; ON until 72954.29s, cooldown until 72958.29s"
72969.01,INFO,"Mister pulse started; ON until 72969.26s, cooldown until 72973.26s"
72974.02,INFO,"Mister pulse started; ON until 72974.27s, cooldown until 72978.27s"
72987.03,INFO,"Mister pulse started; ON until 72987.28s, cooldown until 72991.28s"
73000.04,INFO,"Mister pulse started; ON until 73000.29s, cooldown until 73004.29s"
73006.03,INFO,"Mister pulse started; ON until 73006.28s, cooldown until 73010.28s"
73017.03,INFO,"Mister pulse started; ON until 73017.28s, cooldown until 73021.28s"
73030.05,INFO,"Mister pulse started; ON until 73030.30s, cooldown until 73034.30s"
73035.01,INFO,"Mister pulse started; ON until 73035.26s, cooldown until 73039.26s"
73054.00,INFO,"Mister pulse started; ON until 73054.25s, cooldown until 73058.25s"
73060.04,INFO,"Mister pulse started; ON until 73060.29s, cooldown until 73064.29s"
73080.02,INFO,"Mister pulse started; ON until 73080.27s, cooldown until 73084.27s"
73086.00,INFO,"Mister pulse started; ON until 73086.25s, cooldown until 73090.25s"
73100.05,INFO,"Mister pulse started; ON until 73100.30s, cooldown until 73104.30s"
73117.03,INFO,"Mister pulse started; ON until 73117.28s, cooldown until 73121.28s"
73122.04,INFO,"Mister pulse started; ON until 73122.29s, cooldown until 73126.29s"
73136.03,INFO,"Mister pulse started; ON until 73136.28s, cooldown until 73140.28s"
73151.05,INFO,"Mister pulse started; ON until 73151.30s, cooldown until 73155.30s"
73156.01,INFO,"Mister pulse started; ON until 73156.26s, cooldown until 73160.26s"
73167.00,INFO,"Mister pulse started; ON until 73167.25s, cooldown until 73171.25s"
73177.02,INFO,"Mister pulse started; ON until 73177.27s, cooldown until 73181.27s"
73193.02,INFO,"Mister pulse started; ON until 73193.27s, cooldown until 73197.27s"
73205.04,INFO,"Mister pulse started; ON until 73205.29s, cooldown until 73209.29s"
73211.03,INFO,"Mister pulse started; ON until 73211.28s, cooldown until 73215.28s"
73230.02,INFO,"Mister pulse started; ON until 73230.27s, cooldown until 73234.27s"
73235.03,INFO,"Mister pulse started; ON until 73235.28s, cooldown until 73239.28s"
73256.05,INFO,"Mister pulse started; ON until 73256.30s, cooldown until 73260.30s"
73265.03,INFO,"Mister pulse started; ON until 73265.28s, cooldown until 73269.28s"
73282.02,INFO,"Mister pulse started; ON until 73282.27s, cooldown until 73286.27s"
73301.01,INFO,"Mister pulse started; ON until 73301.26s, cooldown until 73305.26s"
73306.02,INFO,"Mister pulse started; ON until 73306.27s, cooldown until 73310.27s"
73328.02,INFO,"Mister pulse started; ON until 73328.27s, cooldown until 73332.27s"
73340.05,INFO,"Mister pulse started; ON until 73340.30s, cooldown until 73344.30s"
73345.01,INFO,"Mister pulse started; ON until 73345.26s, cooldown until 73349.26s"
73364.01,INFO,"Mister pulse started; ON until 73364.26s, cooldown until 73368.26s"
73369.02,INFO,"Mister pulse started; ON until 73369.27s, cooldown until 73373.27s"
73387.04,INFO,"Mister pulse started; ON until 73387.29s, cooldown until 73391.29s"
73392.05,INFO,"Mister pulse started; ON until 73392.30s, cooldown until 73396.30s"
73411.04,INFO,"Mister pulse started; ON until 73411.29s, cooldown until 73415.29s"
73416.00,INFO,"Mister pulse started; ON until 73416.25s, cooldown until 73420.25s"
73435.05,INFO,"Mister pulse started; ON until 73435.30s, cooldown until 73439.30s"
73440.01,INFO,"Mister pulse started; ON until 73440.26s, cooldown until 73444.26s"
73459.01,INFO,"Mister pulse started; ON until 73459.26s, cooldown until 73463.26s"
73464.02,INFO,"Mister pulse started; ON until 73464.27s, cooldown until 73468.27s"
73486.01,INFO,"Mister pulse started; ON until 73486.26s, cooldown until 73490.26s"
73496.04,INFO,"Mister pulse started; ON until 73496.29s, cooldown until 73500.29s"
73513.03,INFO,"Mister pulse started; ON until 73513.28s, cooldown until 73517.28s"
73518.04,INFO,"Mister pulse started; ON until 73518.29s, cooldown until 73522.29s"
73534.04,INFO,"Mister pulse started; ON until 73534.29s, cooldown until 73538.29s"
73541.01,INFO,"Mister pulse started; ON until 73541.26s, cooldown until 73545.26s"
73559.03,INFO,"Mister pulse started; ON until 73559.28s, cooldown until 73563.28s"
73576.01,INFO,"Mister pulse started; ON until 73576.26s, cooldown until 73580.26s"
73581.02,INFO,"Mister pulse started; ON until 73581.27s, cooldown until 73585.27s"
73595.01,INFO,"Mister pulse started; ON until 73595.26s, cooldown until 73599.26s"
73607.04,INFO,"Mister pulse started; ON until 73607.29s, cooldown until 73611.29s"
73623.05,INFO,"Mister pulse started; ON until 73623.30s, cooldown until 73627.30s"
73640.03,INFO,"Mister pulse started; ON until 73640.28s, cooldown until 73644.28s"
73645.04,INFO,"Mister pulse started; ON until 73645.29s, cooldown until 73649.29s"
73657.02,INFO,"Mister pulse started; ON until 73657.27s, cooldown until 73661.27s"
73672.04,INFO,"Mister pulse started; ON until 73672.29s, cooldown until 73676.29s"
73677.05,INFO,"Mister pulse started; ON until 73677.30s, cooldown until 73681.30s"
73695.01,INFO,"Mister pulse started; ON until 73695.26s, cooldown until 73699.26s"
73700.02,INFO,"Mister pulse started; ON until 73700.27s, cooldown until 73704.27s"
73721.04,INFO,"Mister pulse started; ON until 73721.29s, cooldown until 73725.29s"
73726.05,INFO,"Mister pulse started; ON until 73726.30s, cooldown until 73730.30s"
73745.04,INFO,"Mister pulse started; ON until 73745.29s, cooldown until 73749.29s"
73753.05,INFO,"Mister pulse started; ON until 73753.30s, cooldown until 73757.30s"
73770.04,INFO,"Mister pulse started; ON until 73770.29s, cooldown until 73774.29s"
73776.03,INFO,"Mister pulse started; ON until 73776.28s, cooldown until 73780.28s"
73792.04,INFO,"Mister pulse started; ON until 73792.29s, cooldown until 73796.29s"
73797.05,INFO,"Mister pulse started; ON until 73797.30s, cooldown until 73801.30s"
73819.05,INFO,"Mister pulse started; ON until 73819.30s, cooldown until 73823.30s"
73831.02,INFO,"Mister pulse started; ON until 73831.27s, cooldown until 73835.27s"
73836.03,INFO,"Mister pulse started; ON until 73836.28s, cooldown until 73840.28s"
73854.04,INFO,"Mister pulse started; ON until 73854.29s, cooldown until 73858.29s"
73859.05,INFO,"Mister pulse started; ON until 73859.30s, cooldown until 73863.30s"
73878.05,INFO,"Mister pulse started; ON until 73878.30s, cooldown until 73882.30s"
73883.01,INFO,"Mister pulse started; ON until 73883.26s, cooldown until 73887.26s"
73902.01,INFO,"Mister pulse started; ON until 73902.26s, cooldown until 73906.26s"
73909.03,INFO,"Mister pulse started; ON until 73909.28s, cooldown until 73913.28s"
73916.00,INFO,"Mister pulse started; ON until 73916.25s, cooldown until 73920.25s"
73923.03,INFO,"Mister pulse started; ON until 73923.28s, cooldown until 73927.28s"
73943.05,INFO,"Mister pulse started; ON until 73943.30s, cooldown until 73947.30s"
73948.01,INFO,"Mister pulse started; ON until 73948.26s, cooldown until 73952.26s"
73957.04,INFO,"Mister pulse started; ON until 73957.29s, cooldown until 73961.29s"
73965.04,INFO,"Mister pulse started; ON until 73965.29s, cooldown until 73969.29s"
73971.03,INFO,"Mister pulse started; ON until 73971.28s, cooldown until 73975.28s"
73992.04,INFO,"Mister pulse started; ON until 73992.29s, cooldown until 73996.29s"
73998.02,INFO,"Mister pulse started; ON until 73998.27s, cooldown until 74002.27s"
74013.05,INFO,"Mister pulse started; ON until 74013.30s, cooldown until 74017.30s"
74018.00,INFO,"Mister pulse started; ON until 74018.25s, cooldown until 74022.25s"
74034.01,INFO,"Mister pulse started; ON until 74034.26s, cooldown until 74038.26s"
74050.01,INFO,"Mister pulse started; ON until 74050.26s, cooldown until 74054.26s"
74064.05,INFO,"Mister pulse started; ON until 74064.30s, cooldown until 74068.30s"
74072.05,INFO,"Mister pulse started; ON until 74072.30s, cooldown until 74076.30s"
74086.04,INFO,"Mister pulse started; ON until 74086.29s, cooldown until 74090.29s"
74092.02,INFO,"Mister pulse started; ON until 74092.27s, cooldown until 74096.27s"
74101.01,INFO,"Mister pulse started; ON until 74101.26s, cooldown until 74105.26s"
74112.01,INFO,"Mister pulse started; ON until 74112.26s, cooldown until 74116.26s"
74126.00,INFO,"Mister pulse started; ON until 74126.25s, cooldown until 74130.25s"
74141.02,INFO,"Mister pulse started; ON until 74141.27s, cooldown until 74145.27s"
74146.04,INFO,"Mister pulse started; ON until 74146.29s, cooldown until 74150.29s"
74164.01,INFO,"Mister pulse started; ON until 74164.26s, cooldown until 74168.26s"
74178.05,INFO,"Mister pulse started; ON until 74178.30s, cooldown until 74182.30s"
74192.04,INFO,"Mister pulse started; ON until 74192.29s, cooldown until 74196.29s"
74208.05,INFO,"Mister pulse started; ON until 74208.30s, cooldown until 74212.30s"
74220.02,INFO,"Mister pulse started; ON until 74220.27s, cooldown until 74224.27s"
74229.00,INFO,"Mister pulse started; ON until 74229.25s, cooldown until 74233.25s"
74241.03,INFO,"Mister pulse started; ON until 74241.28s, cooldown until 74245.28s"
74260.03,INFO,"Mister pulse started; ON until 74260.28s, cooldown until 74264.28s"
74265.04,INFO,"Mister pulse started; ON until 74265.29s, cooldown until 74269.29s"
74286.04,INFO,"Mister pulse started; ON until 74286.29s, cooldown until 74290.29s"
74291.05,INFO,"Mister pulse started; ON until 74291.30s, cooldown until 74295.30s"
74302.04,INFO,"Mister pulse started; ON until 74302.29s, cooldown until 74306.29s"
74315.00,INFO,"Mister pulse started; ON until 74315.25s, cooldown until 74319.25s"
74320.01,INFO,"Mister pulse started; ON until 74320.26s, cooldown until 74324.26s"
74341.02,INFO,"Mister pulse started; ON until 74341.27s, cooldown until 74345.27s"
74348.05,INFO,"Mister pulse started; ON until 74348.30s, cooldown until 74352.30s"
74361.00,INFO,"Mister pulse started; ON until 74361.25s, cooldown until 74365.25s"
74366.01,INFO,"Mister pulse started; ON until 74366.26s, cooldown until 74370.26s"
74384.03,INFO,"Mister pulse started; ON until 74384.28s, cooldown until 74388.28s"
74391.05,INFO,"Mister pulse started; ON until 74391.30s, cooldown until 74395.30s"
74412.01,INFO,"Mister pulse started; ON until 74412.26s, cooldown until 74416.26s"
74417.02,INFO,"Mister pulse started; ON until 74417.27s, cooldown until 74421.27s"
74431.01,INFO,"Mister pulse started; ON until 74431.26s, cooldown until 74435.26s"
74450.00,INFO,"Mister pulse started; ON until 74450.25s, cooldown until 74454.25s"
74455.02,INFO,"Mister pulse started; ON until 74455.27s, cooldown until 74459.27s"
74473.03,INFO,"Mister pulse started; ON until 74473.28s, cooldown until 74477.28s"
74478.03,INFO,"Mister pulse started; ON until 74478.28s, cooldown until 74482.28s"
74494.03,INFO,"Mister pulse started; ON until 74494.28s, cooldown until 74498.28s"
74506.01,INFO,"Mister pulse started; ON until 74506.26s, cooldown until 74510.26s"
74512.05,INFO,"Mister pulse started; ON until 74512.30s, cooldown until 74516.30s"
74532.03,INFO,"Mister pulse started; ON until 74532.28s, cooldown until 74536.28s"
74537.04,INFO,"Mister pulse started; ON until 74537.29s, cooldown until 74541.29s"
74549.02,INFO,"Mister pulse started; ON until 74549.27s, cooldown until 74553.27s"
74563.02,INFO,"Mister pulse started; ON until 74563.27s, cooldown until 74567.27s"
74568.02,INFO,"Mister pulse started; ON until 74568.27s, cooldown until 74572.27s"
74581.04,INFO,"Mister pulse started; ON until 74581.29s, cooldown until 74585.29s"
74592.03,INFO,"Mister pulse started; ON until 74592.28s, cooldown until 74596.28s"
74600.03,INFO,"Mister pulse started; ON until 74600.28s, cooldown until 74604.28s"
74605.04,INFO,"Mister pulse started; ON until 74605.29s, cooldown until 74609.29s"
74623.00,INFO,"Mister pulse started; ON until 74623.25s, cooldown until 74627.25s"
74628.01,INFO,"Mister pulse started; ON until 74628.26s, cooldown until 74632.26s"
74645.00,INFO,"Mister pulse started; ON until 74645.25s, cooldown until 74649.25s"
74661.01,INFO,"Mister pulse started; ON until 74661.26s, cooldown until 74665.26s"
74673.04,INFO,"Mister pulse started; ON until 74673.29s, cooldown until 74677.29s"
74680.01,INFO,"Mister pulse started; ON until 74680.26s, cooldown until 74684.26s"
74694.05,INFO,"Mister pulse started; ON until 74694.30s, cooldown until 74698.30s"
74711.04,INFO,"Mister pulse started; ON until 74711.29s, cooldown until 74715.29s"
74716.05,INFO,"Mister pulse started; ON until 74716.30s, cooldown until 74720.30s"
74729.01,INFO,"Mister pulse started; ON until 74729.26s, cooldown until 74733.26s"
74746.04,INFO,"Mister pulse started; ON until 74746.29s, cooldown until 74750.29s"
74753.01,INFO,"Mister pulse started; ON until 74753.26s, cooldown until 74757.26s"
74768.03,INFO,"Mister pulse started; ON until 74768.28s, cooldown until 74772.28s"
74773.04,INFO,"Mister pulse started; ON until 74773.29s, cooldown until 74777.29s"
74794.05,INFO,"Mister pulse started; ON until 74794.30s, cooldown until 74798.30s"
74802.05,INFO,"Mister pulse started; ON until 74802.30s, cooldown until 74806.30s"
74816.03,INFO,"Mister pulse started; ON until 74816.28s, cooldown until 74820.28s"
74821.04,INFO,"Mister pulse started; ON until 74821.29s, cooldown until 74825.29s"
74842.05,INFO,"Mister pulse started; ON until 74842.30s, cooldown until 74846.30s"
74848.03,INFO,"Mister pulse started; ON until 74848.28s, cooldown until 74852.28s"
74861.05,INFO,"Mister pulse started; ON until 74861.30s, cooldown until 74865.30s"
74879.01,INFO,"Mister pulse started; ON until 74879.26s, cooldown until 74883.26s"
74885.00,INFO,"Mister pulse started; ON until 74885.25s, cooldown until 74889.25s"
74895.02,INFO,"Mister pulse started; ON until 74895.27s, cooldown until 74899.27s"
74905.03,INFO,"Mister pulse started; ON until 74905.28s, cooldown until 74909.28s"
74917.01,INFO,"Mister pulse started; ON until 74917.26s, cooldown until 74921.26s"
74922.01,INFO,"Mister pulse started; ON until 74922.26s, cooldown until 74926.26s"
74938.01,INFO,"Mister pulse started; ON until 74938.26s, cooldown until 74942.26s"
74949.01,INFO,"Mister pulse started; ON until 74949.26s, cooldown until 74953.26s"
74954.02,INFO,"Mister pulse started; ON until 74954.27s, cooldown until 74958.27s"
74972.04,INFO,"Mister pulse started; ON until 74972.29s, cooldown until 74976.29s"
74987.01,INFO,"Mister pulse started; ON until 74987.26s, cooldown until 74991.26s"
75002.03,INFO,"Mister pulse started; ON until 75002.28s, cooldown until 75006.28s"
75014.01,INFO,"Mister pulse started; ON until 75014.26s, cooldown until 75018.26s"
75020.05,INFO,"Mister pulse started; ON until 75020.30s, cooldown until 75024.30s"
75038.01,INFO,"Mister pulse started; ON until 75038.26s, cooldown until 75042.26s"
75043.02,INFO,"Mister pulse started; ON until 75043.27s, cooldown until 75047.27s"
75061.04,INFO,"Mister pulse started; ON until 75061.29s, cooldown until 75065.29s"
75066.04,INFO,"Mister pulse started; ON until 75066.29s, cooldown until 75070.29s"
75082.05,INFO,"Mister pulse started; ON until 75082.30s, cooldown until 75086.30s"
75087.01,INFO,"Mister pulse started; ON until 75087.26s, cooldown until 75091.26s"
75105.03,INFO,"Mister pulse started; ON until 75105.28s, cooldown until 75109.28s"
75112.05,INFO,"Mister pulse started; ON until 75112.30s, cooldown until 75116.30s"
75128.05,INFO,"Mister pulse started; ON until 75128.30s, cooldown until 75132.30s"
75136.00,INFO,"Mister pulse started; ON until 75136.25s, cooldown until 75140.25s"
75154.02,INFO,"Mister pulse started; ON until 75154.27s, cooldown until 75158.27s"
75161.04,INFO,"Mister pulse started; ON until 75161.29s, cooldown until 75165.29s"
75188.04,INFO,"Mister pulse started; ON until 75188.29s, cooldown until 75192.29s"
75193.00,INFO,"Mister pulse started; ON until 75193.25s, cooldown until 75197.25s"
75209.01,INFO,"Mister pulse started; ON until 75209.26s, cooldown until 75213.26s"
75224.03,INFO,"Mister pulse started; ON until 75224.28s, cooldown until 75228.28s"
75237.04,INFO,"Mister pulse started; ON until 75237.29s, cooldown until 75241.29s"
75242.05,INFO,"Mister pulse started; ON until 75242.30s, cooldown until 75246.30s"
75262.03,INFO,"Mister pulse started; ON until 75262.28s, cooldown until 75266.28s"
75269.05,INFO,"Mister pulse started; ON until 75269.30s, cooldown until 75273.30s"
75281.03,INFO,"Mister pulse started; ON until 75281.28s, cooldown until 75285.28s"
75299.04,INFO,"Mister pulse started; ON until 75299.29s, cooldown until 75303.29s"
75304.05,INFO,"Mister pulse started; ON until 75304.30s, cooldown until 75308.30s"
75318.04,INFO,"Mister pulse started; ON until 75318.29s, cooldown until 75322.29s"
75328.00,INFO,"Mister pulse started; ON until 75328.25s, cooldown until 75332.25s"
75346.02,INFO,"Mister pulse started; ON until 75346.27s, cooldown until 75350.27s"
75351.03,INFO,"Mister pulse started; ON until 75351.28s, cooldown until 75355.28s"
75364.03,INFO,"Mister pulse started; ON until 75364.28s, cooldown until 75368.28s"
75371.00,INFO,"Mister pulse started; ON until 75371.25s, cooldown until 75375.25s"
75382.00,INFO,"Mister pulse started; ON until 75382.25s, cooldown until 75386.25s"
75399.03,INFO,"Mister pulse started; ON until 75399.28s, cooldown until 75403.28s"
75414.05,INFO,"Mister pulse started; ON until 75414.30s, cooldown until 75418.30s"
75419.01,INFO,"Mister pulse started; ON until 75419.26s, cooldown until 75423.26s"
75432.02,INFO,"Mister pulse started; ON until 75432.27s, cooldown until 75436.27s"
75452.04,INFO,"Mister pulse started; ON until 75452.29s, cooldown until 75456.29s"
75457.05,INFO,"Mister pulse started; ON until 75457.30s, cooldown until 75461.30s"
75474.04,INFO,"Mister pulse started; ON until 75474.29s, cooldown until 75478.29s"
75479.05,INFO,"Mister pulse started; ON until 75479.30s, cooldown until 75483.30s"
75495.01,INFO,"Mister pulse started; ON until 75495.26s, cooldown until 75499.26s"
75508.02,INFO,"Mister pulse started; ON until 75508.27s, cooldown until 75512.27s"
75520.05,INFO,"Mister pulse started; ON until 75520.30s, cooldown until 75524.30s"
75537.03,INFO,"Mister pulse started; ON until 75537.28s, cooldown until 75541.28s"
75542.04,INFO,"Mister pulse started; ON until 75542.29s, cooldown until 75546.29s"
75557.01,INFO,"Mister pulse started; ON until 75557.26s, cooldown until 75561.26s"
75571.05,INFO,"Mister pulse started; ON until 75571.30s, cooldown until 75575.30s"
75576.01,INFO,"Mister pulse started; ON until 75576.26s, cooldown until 75580.26s"
75586.02,INFO,"Mister pulse started; ON until 75586.27s, cooldown until 75590.27s"
75593.04,INFO,"Mister pulse started; ON until 75593.29s, cooldown until 75597.29s"
75603.00,INFO,"Mister pulse started; ON until 75603.25s, cooldown until 75607.25s"
75613.02,INFO,"Mister pulse started; ON until 75613.27s, cooldown until 75617.27s"
75630.01,INFO,"Mister pulse started; ON until 75630.26s, cooldown until 75634.26s"
75644.05,INFO,"Mister pulse started; ON until 75644.30s, cooldown until 75648.30s"
75653.04,INFO,"Mister pulse started; ON until 75653.29s, cooldown until 75657.29s"
75669.05,INFO,"Mister pulse started; ON until 75669.30s, cooldown until 75673.30s"
75682.01,INFO,"Mister pulse started; ON until 75682.26s, cooldown until 75686.26s"
75692.03,INFO,"Mister pulse started; ON until 75692.28s, cooldown until 75696.28s"
75709.01,INFO,"Mister pulse started; ON until 75709.26s, cooldown until 75713.26s"
75722.03,INFO,"Mister pulse started; ON until 75722.28s, cooldown until 75726.28s"
75735.04,INFO,"Mister pulse started; ON until 75735.29s, cooldown until 75739.29s"
75740.05,INFO,"Mister pulse started; ON until 75740.30s, cooldown until 75744.30s"
75758.01,INFO,"Mister pulse started; ON until 75758.26s, cooldown until 75762.26s"
75763.02,INFO,"Mister pulse started; ON until 75763.27s, cooldown until 75767.27s"
75779.02,INFO,"Mister pulse started; ON until 75779.27s, cooldown until 75783.27s"
75792.03,INFO,"Mister pulse started; ON until 75792.28s, cooldown until 75796.28s"
75797.04,INFO,"Mister pulse started; ON until 75797.29s, cooldown until 75801.29s"
75818.05,INFO,"Mister pulse started; ON until 75818.30s, cooldown until 75822.30s"
75829.05,INFO,"Mister pulse started; ON until 75829.30s, cooldown until 75833.30s"
75846.03,INFO,"Mister pulse started; ON until 75846.28s, cooldown until 75850.28s"
75851.03,INFO,"Mister pulse started; ON until 75851.28s, cooldown until 75855.28s"
75867.03,INFO,"Mister pulse started; ON until 75867.28s, cooldown until 75871.28s"
75877.05,INFO,"Mister pulse started; ON until 75877.30s, cooldown until 75881.30s"
75899.05,INFO,"Mister pulse started; ON until 75899.30s, cooldown until 75903.30s"
75909.01,INFO,"Mister pulse started; ON until 75909.26s, cooldown until 75913.26s"
75914.02,INFO,"Mister pulse started; ON until 75914.27s, cooldown until 75918.27s"
75932.04,INFO,"Mister pulse started; ON until 75932.29s, cooldown until 75936.29s"
75946.03,INFO,"Mister pulse started; ON until 75946.28s, cooldown until 75950.28s"
75956.05,INFO,"Mister pulse started; ON until 75956.30s, cooldown until 75960.30s"
75976.04,INFO,"Mister pulse started; ON until 75976.29s, cooldown until 75980.29s"
75981.04,INFO,"Mister pulse started; ON until 75981.29s, cooldown until 75985.29s"
75993.02,INFO,"Mister pulse started; ON until 75993.27s, cooldown until 75997.27s"
76008.04,INFO,"Mister pulse started; ON until 76008.29s, cooldown until 76012.29s"
76017.02,INFO,"Mister pulse started; ON until 76017.27s, cooldown until 76021.27s"
76034.01,INFO,"Mister pulse started; ON until 76034.26s, cooldown until 76038.26s"
76048.01,INFO,"Mister pulse started; ON until 76048.26s, cooldown until 76052.26s"
76064.01,INFO,"Mister pulse started; ON until 76064.26s, cooldown until 76068.26s"
76076.04,INFO,"Mister pulse started; ON until 76076.29s, cooldown until 76080.29s"
76081.05,INFO,"Mister pulse started; ON until 76081.30s, cooldown until 76085.30s"
76097.00,INFO,"Mister pulse started; ON until 76097.25s, cooldown until 76101.25s"
76110.01,INFO,"Mister pulse started; ON until 76110.26s, cooldown until 76114.26s"
76121.01,INFO,"Mister pulse started; ON until 76121.26s, cooldown until 76125.26s"
76138.05,INFO,"Mister pulse started; ON until 76138.30s, cooldown until 76142.30s"
76152.04,INFO,"Mister pulse started; ON until 76152.29s, cooldown until 76156.29s"
76164.02,INFO,"Mister pulse started; ON until 76164.27s, cooldown until 76168.27s"
76172.02,INFO,"Mister pulse started; ON until 76172.27s, cooldown until 76176.27s"
76183.02,INFO,"Mister pulse started; ON until 76183.27s, cooldown until 76187.27s"
76200.01,INFO,"Mister pulse started; ON until 76200.26s, cooldown until 76204.26s"
76212.03,INFO,"Mister pulse started; ON until 76212.28s, cooldown until 76216.28s"
76218.02,INFO,"Mister pulse started; ON until 76218.27s, cooldown until 76222.27s"
76231.03,INFO,"Mister pulse started; ON until 76231.28s, cooldown until 76235.28s"
76245.03,INFO,"Mister pulse started; ON until 76245.28s, cooldown until 76249.28s"
76252.00,INFO,"Mister pulse started; ON until 76252.25s, cooldown until 76256.25s"
76266.05,INFO,"Mister pulse started; ON until 76266.30s, cooldown until 76270.30s"
76271.00,INFO,"Mister pulse started; ON until 76271.25s, cooldown until 76275.25s"
76289.01,INFO,"Mister pulse started; ON until 76289.26s, cooldown until 76293.26s"
76294.02,INFO,"Mister pulse started; ON until 76294.27s, cooldown until 76298.27s"
76310.03,INFO,"Mister pulse started; ON until 76310.28s, cooldown until 76314.28s"
76327.03,INFO,"Mister pulse started; ON until 76327.28s, cooldown until 76331.28s"
76341.02,INFO,"Mister pulse started; ON until 76341.27s, cooldown until 76345.27s"
76357.03,INFO,"Mister pulse started; ON until 76357.28s, cooldown until 76361.28s"
76367.04,INFO,"Mister pulse started; ON until 76367.29s, cooldown until 76371.29s"
76384.03,INFO,"Mister pulse started; ON until 76384.28s, cooldown until 76388.28s"
76389.04,INFO,"Mister pulse started; ON until 76389.29s, cooldown until 76393.29s"
76407.05,INFO,"Mister pulse started; ON until 76407.30s, cooldown until 76411.30s"
76421.04,INFO,"Mister pulse started; ON until 76421.29s, cooldown until 76425.29s"
76435.03,INFO,"Mister pulse started; ON until 76435.28s, cooldown until 76439.28s"
76440.03,INFO,"Mister pulse started; ON until 76440.28s, cooldown until 76444.28s"
76451.02,INFO,"Mister pulse started; ON until 76451.27s, cooldown until 76455.27s"
76461.03,INFO,"Mister pulse started; ON until 76461.28s, cooldown until 76465.28s"
76480.02,INFO,"Mister pulse started; ON until 76480.27s, cooldown until 76484.27s"
76485.03,INFO,"Mister pulse started; ON until 76485.28s, cooldown until 76489.28s"
76498.04,INFO,"Mister pulse started; ON until 76498.29s, cooldown until 76502.29s"
76511.05,INFO,"Mister pulse started; ON until 76511.30s, cooldown until 76515.30s"
76527.05,INFO,"Mister pulse started; ON until 76527.30s, cooldown until 76531.30s"
76542.02,INFO,"Mister pulse started; ON until 76542.27s, cooldown until 76546.27s"
76558.02,INFO,"Mister pulse started; ON until 76558.27s, cooldown until 76562.27s"
76573.04,INFO,"Mister pulse started; ON until 76573.29s, cooldown until 76577.29s"
76588.01,INFO,"Mister pulse started; ON until 76588.26s, cooldown until 76592.26s"
76602.01,INFO,"Mister pulse started; ON until 76602.26s, cooldown until 76606.26s"
76608.05,INFO,"Mister pulse started; ON until 76608.30s, cooldown until 76612.30s"
76623.01,INFO,"Mister pulse started; ON until 76623.26s, cooldown until 76627.26s"
76628.02,INFO,"Mister pulse started; ON until 76628.27s, cooldown until 76632.27s"
76642.02,INFO,"Mister pulse started; ON until 76642.27s, cooldown until 76646.27s"
76655.03,INFO,"Mister pulse started; ON until 76655.28s, cooldown until 76659.28s"
76660.04,INFO,"Mister pulse started; ON until 76660.29s, cooldown until 76664.29s"
76678.00,INFO,"Mister pulse started; ON until 76678.25s, cooldown until 76682.25s"
76683.01,INFO,"Mister pulse started; ON until 76683.26s, cooldown until 76687.26s"
76698.03,INFO,"Mister pulse started; ON until 76698.28s, cooldown until 76702.28s"
76708.04,INFO,"Mister pulse started; ON until 76708.29s, cooldown until 76712.29s"
76726.01,INFO,"Mister pulse started; ON until 76726.26s, cooldown until 76730.26s"
76731.02,INFO,"Mister pulse started; ON until 76731.27s, cooldown until 76735.27s"
76745.01,INFO,"Mister pulse started; ON until 76745.26s, cooldown until 76749.26s"
76760.03,INFO,"Mister pulse started; ON until 76760.28s, cooldown until 76764.28s"
76766.02,INFO,"Mister pulse started; ON until 76766.27s, cooldown until 76770.27s"
76773.00,INFO,"Mister pulse started; ON until 76773.25s, cooldown until 76777.25s"
76781.00,INFO,"Mister pulse started; ON until 76781.25s, cooldown until 76785.25s"
76786.01,INFO,"Mister pulse started; ON until 76786.26s, cooldown until 76790.26s"
76804.03,INFO,"Mister pulse started; ON until 76804.28s, cooldown until 76808.28s"
76820.03,INFO,"Mister pulse started; ON until 76820.28s, cooldown until 76824.28s"
76838.04,INFO,"Mister pulse started; ON until 76838.29s, cooldown until 76842.29s"
76843.00,INFO,"Mister pulse started; ON until 76843.25s, cooldown until 76847.25s"
76860.04,INFO,"Mister pulse started; ON until 76860.29s, cooldown until 76864.29s"
76875.01,INFO,"Mister pulse started; ON until 76875.26s, cooldown until 76879.26s"
76892.05,INFO,"Mister pulse started; ON until 76892.30s, cooldown until 76896.30s"
76906.04,INFO,"Mister pulse started; ON until 76906.29s, cooldown until 76910.29s"
76920.03,INFO,"Mister pulse started; ON until 76920.28s, cooldown until 76924.28s"
76926.02,INFO,"Mister pulse started; ON until 76926.27s, cooldown until 76930.27s"
76940.01,INFO,"Mister pulse started; ON until 76940.26s, cooldown until 76944.26s"
76946.02,INFO,"Mister pulse started; ON until 76946.27s, cooldown until 76950.27s"
76966.04,INFO,"Mister pulse started; ON until 76966.29s, cooldown until 76970.29s"
76971.05,INFO,"Mister pulse started; ON until 76971.30s, cooldown until 76975.30s"
76990.05,INFO,"Mister pulse started; ON until 76990.30s, cooldown until 76994.30s"
76995.01,INFO,"Mister pulse started; ON until 76995.26s, cooldown until 76999.26s"
77003.01,INFO,"Mister pulse started; ON until 77003.26s, cooldown until 77007.26s"
77011.02,INFO,"Mister pulse started; ON until 77011.27s, cooldown until 77015.27s"
77017.01,INFO,"Mister pulse started; ON until 77017.26s, cooldown until 77021.26s"
77038.02,INFO,"Mister pulse started; ON until 77038.27s, cooldown until 77042.27s"
77044.01,INFO,"Mister pulse started; ON until 77044.26s, cooldown until 77048.26s"
77057.01,INFO,"Mister pulse started; ON until 77057.26s, cooldown until 77061.26s"
77074.05,INFO,"Mister pulse started; ON until 77074.30s, cooldown until 77078.30s"
77087.05,INFO,"Mister pulse started; ON until 77087.30s, cooldown until 77091.30s"
77097.01,INFO,"Mister pulse started; ON until 77097.26s, cooldown until 77101.26s"
77118.03,INFO,"Mister pulse started; ON until 77118.28s, cooldown until 77122.28s"
77124.01,INFO,"Mister pulse started; ON until 77124.26s, cooldown until 77128.26s"
77139.04,INFO,"Mister pulse started; ON until 77139.29s, cooldown until 77143.29s"
77144.00,INFO,"Mister pulse started; ON until 77144.25s, cooldown until 77148.25s"
77161.04,INFO,"Mister pulse started; ON until 77161.29s, cooldown until 77165.29s"
77178.02,INFO,"Mister pulse started; ON until 77178.27s, cooldown until 77182.27s"
77183.03,INFO,"Mister pulse started; ON until 77183.28s, cooldown until 77187.28s"
77201.05,INFO,"Mister pulse started; ON until 77201.30s, cooldown until 77205.30s"
77214.00,INFO,"Mister pulse started; ON until 77214.25s, cooldown until 77218.25s"
77227.01,INFO,"Mister pulse started; ON until 77227.26s, cooldown until 77231.26s"
77237.03,INFO,"Mister pulse started; ON until 77237.28s, cooldown until 77241.28s"
77251.02,INFO,"Mister pulse started; ON until 77251.27s, cooldown until 77255.27s"
77256.03,INFO,"Mister pulse started; ON until 77256.28s, cooldown until 77260.28s"
77278.03,INFO,"Mister pulse started; ON until 77278.28s, cooldown until 77282.28s"
77289.02,INFO,"Mister pulse started; ON until 77289.27s, cooldown until 77293.27s"
77296.05,INFO,"Mister pulse started; ON until 77296.30s, cooldown until 77300.30s"
77314.02,INFO,"Mister pulse started; ON until 77314.27s, cooldown until 77318.27s"
77320.01,INFO,"Mister pulse started; ON until 77320.26s, cooldown until 77324.26s"
77325.02,INFO,"Mister pulse started; ON until 77325.27s, cooldown until 77329.27s"
77346.02,INFO,"Mister pulse started; ON until 77346.27s, cooldown until 77350.27s"
77351.03,INFO,"Mister pulse started; ON until 77351.28s, cooldown until 77355.28s"
77367.03,INFO,"Mister pulse started; ON until 77367.28s, cooldown until 77371.28s"
77388.03,INFO,"Mister pulse started; ON until 77388.28s, cooldown until 77392.28s"
77393.04,INFO,"Mister pulse started; ON until 77393.29s, cooldown until 77397.29s"
77404.03,INFO,"Mister pulse started; ON until 77404.28s, cooldown until 77408.28s"
77411.01,INFO,"Mister pulse started; ON until 77411.26s, cooldown until 77415.26s"
77424.02,INFO,"Mister pulse started; ON until 77424.27s, cooldown until 77428.27s"
77431.04,INFO,"Mister pulse started; ON until 77431.29s, cooldown until 77435.29s"
77450.04,INFO,"Mister pulse started; ON until 77450.29s, cooldown until 77454.29s"
77455.00,INFO,"Mister pulse started; ON until 77455.25s, cooldown until 77459.25s"
77463.00,INFO,"Mister pulse started; ON until 77463.25s, cooldown until 77467.25s"
77472.04,INFO,"Mister pulse started; ON until 77472.29s, cooldown until 77476.29s"
77477.05,INFO,"Mister pulse started; ON until 77477.30s, cooldown until 77481.30s"
77499.05,INFO,"Mister pulse started; ON until 77499.30s, cooldown until 77503.30s"
77505.03,INFO,"Mister pulse started; ON until 77505.28s, cooldown until 77509.28s"
77519.03,INFO,"Mister pulse started; ON until 77519.28s, cooldown until 77523.28s"
77524.03,INFO,"Mister pulse started; ON until 77524.28s, cooldown until 77528.28s"
77543.03,INFO,"Mister pulse started; ON until 77543.28s, cooldown until 77547.28s"
77548.04,INFO,"Mister pulse started; ON until 77548.29s, cooldown until 77552.29s"
77563.01,INFO,"Mister pulse started; ON until 77563.26s, cooldown until 77567.26s"
77575.04,INFO,"Mister pulse started; ON until 77575.29s, cooldown until 77579.29s"
77580.00,INFO,"Mister pulse started; ON until 77580.25s, cooldown until 77584.25s"
77598.02,INFO,"Mister pulse started; ON until 77598.27s, cooldown until 77602.27s"
77603.03,INFO,"Mister pulse started; ON until 77603.28s, cooldown until 77607.28s"
77617.02,INFO,"Mister pulse started; ON until 77617.27s, cooldown until 77621.27s"
77633.02,INFO,"Mister pulse started; ON until 77633.27s, cooldown until 77637.27s"
77644.02,INFO,"Mister pulse started; ON until 77644.27s, cooldown until 77648.27s"
77661.05,INFO,"Mister pulse started; ON until 77661.30s, cooldown until 77665.30s"
77676.02,INFO,"Mister pulse started; ON until 77676.27s, cooldown until 77680.27s"
77695.02,INFO,"Mister pulse started; ON until 77695.27s, cooldown until 77699.27s"
77702.04,INFO,"Mister pulse started; ON until 77702.29s, cooldown until 77706.29s"
77712.01,INFO,"Mister pulse started; ON until 77712.26s, cooldown until 77716.26s"
77728.01,INFO,"Mister pulse started; ON until 77728.26s, cooldown until 77732.26s"
77741.02,INFO,"Mister pulse started; ON until 77741.27s, cooldown until 77745.27s"
77746.04,INFO,"Mister pulse started; ON until 77746.29s, cooldown until 77750.29s"
77764.05,INFO,"Mister pulse started; ON until 77764.30s, cooldown until 77768.30s"
77780.00,INFO,"Mister pulse started; ON until 77780.25s, cooldown until 77784.25s"
77785.01,INFO,"Mister pulse started; ON until 77785.26s, cooldown until 77789.26s"
77799.01,INFO,"Mister pulse started; ON until 77799.26s, cooldown until 77803.26s"
77811.05,INFO,"Mister pulse started; ON until 77811.30s, cooldown until 77815.30s"
77827.05,INFO,"Mister pulse started; ON until 77827.30s, cooldown until 77831.30s"
77841.04,INFO,"Mister pulse started; ON until 77841.29s, cooldown until 77845.29s"
77854.04,INFO,"Mister pulse started; ON until 77854.29s, cooldown until 77858.29s"
77860.04,INFO,"Mister pulse started; ON until 77860.29s, cooldown until 77864.29s"
77872.01,INFO,"Mister pulse started; ON until 77872.26s, cooldown until 77876.26s"
77887.04,INFO,"Mister pulse started; ON until 77887.29s, cooldown until 77891.29s"
77896.01,INFO,"Mister pulse started; ON until 77896.26s, cooldown until 77900.26s"
77914.03,INFO,"Mister pulse started; ON until 77914.28s, cooldown until 77918.28s"
77919.04,INFO,"Mister pulse started; ON until 77919.29s, cooldown until 77923.29s"
77939.02,INFO,"Mister pulse started; ON until 77939.27s, cooldown until 77943.27s"
77944.03,INFO,"Mister pulse started; ON until 77944.28s, cooldown until 77948.28s"
77962.05,INFO,"Mister pulse started; ON until 77962.30s, cooldown until 77966.30s"
77975.00,INFO,"Mister pulse started; ON until 77975.25s, cooldown until 77979.25s"
77988.01,INFO,"Mister pulse started; ON until 77988.26s, cooldown until 77992.26s"
77998.02,INFO,"Mister pulse started; ON until 77998.27s, cooldown until 78002.27s"
78008.04,INFO,"Mister pulse started; ON until 78008.29s, cooldown until 78012.29s"
78021.00,INFO,"Mister pulse started; ON until 78021.25s, cooldown until 78025.25s"
78034.02,INFO,"Mister pulse started; ON until 78034.27s, cooldown until 78038.27s"
78039.02,INFO,"Mister pulse started; ON until 78039.27s, cooldown until 78043.27s"
78055.03,INFO,"Mister pulse started; ON until 78055.28s, cooldown until 78059.28s"
78067.01,INFO,"Mister pulse started; ON until 78067.26s, cooldown until 78071.26s"
78073.04,INFO,"Mister pulse started; ON until 78073.29s, cooldown until 78077.29s"
78094.00,INFO,"Mister pulse started; ON until 78094.25s, cooldown until 78098.25s"
78100.04,INFO,"Mister pulse started; ON until 78100.29s, cooldown until 78104.29s"
78117.03,INFO,"Mister pulse started; ON until 78117.28s, cooldown until 78121.28s"
78123.01,INFO,"Mister pulse started; ON until 78123.26s, cooldown until 78127.26s"
78139.02,INFO,"Mister pulse started; ON until 78139.27s, cooldown until 78143.27s"
78144.03,INFO,"Mister pulse started; ON until 78144.28s, cooldown until 78148.28s"
78163.04,INFO,"Mister pulse started; ON until 78163.29s, cooldown until 78167.29s"
78169.02,INFO,"Mister pulse started; ON until 78169.27s, cooldown until 78173.27s"
78180.02,INFO,"Mister pulse started; ON until 78180.27s, cooldown until 78184.27s"
78194.00,INFO,"Mister pulse started; ON until 78194.25s, cooldown until 78198.25s"
78199.02,INFO,"Mister pulse started; ON until 78199.27s, cooldown until 78203.27s"
78219.04,INFO,"Mister pulse started; ON until 78219.29s, cooldown until 78223.29s"
78225.03,INFO,"Mister pulse started; ON until 78225.28s, cooldown until 78229.28s"
78236.03,INFO,"Mister pulse started; ON until 78236.28s, cooldown until 78240.28s"
78249.05,INFO,"Mister pulse started; ON until 78249.30s, cooldown until 78253.30s"
78254.01,INFO,"Mister pulse started; ON until 78254.26s, cooldown until 78258.26s"
78274.03,INFO,"Mister pulse started; ON until 78274.28s, cooldown until 78278.28s"
78279.04,INFO,"Mister pulse started; ON until 78279.29s, cooldown until 78283.29s"
78298.05,INFO,"Mister pulse started; ON until 78298.30s, cooldown until 78302.30s"
78303.00,INFO,"Mister pulse started; ON until 78303.25s, cooldown until 78307.25s"
78312.03,INFO,"Mister pulse started; ON until 78312.28s, cooldown until 78316.28s"
78322.05,INFO,"Mister pulse started; ON until 78322.30s, cooldown until 78326.30s"
78333.04,INFO,"Mister pulse started; ON until 78333.29s, cooldown until 78337.29s"
78348.02,INFO,"Mister pulse started; ON until 78348.27s, cooldown until 78352.27s"
78362.01,INFO,"Mister pulse started; ON until 78362.26s, cooldown until 78366.26s"
78368.00,INFO,"Mister pulse started; ON until 78368.25s, cooldown until 78372.25s"
78383.02,INFO,"Mister pulse started; ON until 78383.27s, cooldown until 78387.27s"
78388.03,INFO,"Mister pulse started; ON until 78388.28s, cooldown until 78392.28s"
78405.02,INFO,"Mister pulse started; ON until 78405.27s, cooldown until 78409.27s"
78420.04,INFO,"Mister pulse started; ON until 78420.29s, cooldown until 78424.29s"
78433.05,INFO,"Mister pulse started; ON until 78433.30s, cooldown until 78437.30s"
78438.01,INFO,"Mister pulse started; ON until 78438.26s, cooldown until 78442.26s"
78450.03,INFO,"Mister pulse started; ON until 78450.28s, cooldown until 78454.28s"
78465.05,INFO,"Mister pulse started; ON until 78465.30s, cooldown until 78469.30s"
78473.05,INFO,"Mister pulse started; ON until 78473.30s, cooldown until 78477.30s"
78486.01,INFO,"Mister pulse started; ON until 78486.26s, cooldown until 78490.26s"
78491.02,INFO,"Mister pulse started; ON until 78491.27s, cooldown until 78495.27s"
78508.00,INFO,"Mister pulse started; ON until 78508.25s, cooldown until 78512.25s"
78525.05,INFO,"Mister pulse started; ON until 78525.30s, cooldown until 78529.30s"
78541.00,INFO,"Mister pulse started; ON until 78541.25s, cooldown until 78545.25s"
78546.01,INFO,"Mister pulse started; ON until 78546.26s, cooldown until 78550.26s"
78563.05,INFO,"Mister pulse started; ON until 78563.30s, cooldown until 78567.30s"
78574.04,INFO,"Mister pulse started; ON until 78574.29s, cooldown until 78578.29s"
78582.04,INFO,"Mister pulse started; ON until 78582.29s, cooldown until 78586.29s"
78587.01,INFO,"Mister pulse started; ON until 78587.26s, cooldown until 78591.26s"
78606.05,INFO,"Mister pulse started; ON until 78606.30s, cooldown until 78610.30s"
78611.01,INFO,"Mister pulse started; ON until 78611.26s, cooldown until 78615.26s"
78631.04,INFO,"Mister pulse started; ON until 78631.29s, cooldown until 78635.29s"
78636.05,INFO,"Mister pulse started; ON until 78636.30s, cooldown until 78640.30s"
78655.04,INFO,"Mister pulse started; ON until 78655.29s, cooldown until 78659.29s"
78667.02,INFO,"Mister pulse started; ON until 78667.27s, cooldown until 78671.27s"
78685.03,INFO,"Mister pulse started; ON until 78685.28s, cooldown until 78689.28s"
78690.04,INFO,"Mister pulse started; ON until 78690.29s, cooldown until 78694.29s"
78707.04,INFO,"Mister pulse started; ON until 78707.29s, cooldown until 78711.29s"
78722.01,INFO,"Mister pulse started; ON until 78722.26s, cooldown until 78726.26s"
78738.02,INFO,"Mister pulse started; ON until 78738.27s, cooldown until 78742.27s"
78752.02,INFO,"Mister pulse started; ON until 78752.27s, cooldown until 78756.27s"
78766.01,INFO,"Mister pulse started; ON until 78766.26s, cooldown until 78770.26s"
78779.01,INFO,"Mister pulse started; ON until 78779.26s, cooldown until 78783.26s"
78784.02,INFO,"Mister pulse started; ON until 78784.27s, cooldown until 78788.27s"
78804.00,INFO,"Mister pulse started; ON until 78804.25s, cooldown until 78808.25s"
78809.02,INFO,"Mister pulse started; ON until 78809.27s, cooldown until 78813.27s"
78829.00,INFO,"Mister pulse started; ON until 78829.25s, cooldown until 78833.25s"
78836.03,INFO,"Mister pulse started; ON until 78836.28s, cooldown until 78840.28s"
78849.04,INFO,"Mister pulse started; ON until 78849.29s, cooldown until 78853.29s"
78866.01,INFO,"Mister pulse started; ON until 78866.26s, cooldown until 78870.26s"
78871.02,INFO,"Mister pulse started; ON until 78871.27s, cooldown until 78875.27s"
78886.04,INFO,"Mister pulse started; ON until 78886.29s, cooldown until 78890.29s"
78893.01,INFO,"Mister pulse started; ON until 78893.26s, cooldown until 78897.26s"
78907.00,INFO,"Mister pulse started; ON until 78907.25s, cooldown until 78911.25s"
78914.03,INFO,"Mister pulse started; ON until 78914.28s, cooldown until 78918.28s"
78923.01,INFO,"Mister pulse started; ON until 78923.26s, cooldown until 78927.26s"
78934.01,INFO,"Mister pulse started; ON until 78934.26s, cooldown until 78938.26s"
78949.03,INFO,"Mister pulse started; ON until 78949.28s, cooldown until 78953.28s"
78961.01,INFO,"Mister pulse started; ON until 78961.26s, cooldown until 78965.26s"
78967.05,INFO,"Mister pulse started; ON until 78967.30s, cooldown until 78971.30s"
78986.04,INFO,"Mister pulse started; ON until 78986.29s, cooldown until 78990.29s"
78991.00,INFO,"Mister pulse started; ON until 78991.25s, cooldown until 78995.25s"
79009.02,INFO,"Mister pulse started; ON until 79009.27s, cooldown until 79013.27s"
79014.03,INFO,"Mister pulse started; ON until 79014.28s, cooldown until 79018.28s"
79034.01,INFO,"Mister pulse started; ON until 79034.26s, cooldown until 79038.26s"
79039.02,INFO,"Mister pulse started; ON until 79039.27s, cooldown until 79043.27s"
79060.03,INFO,"Mister pulse started; ON until 79060.28s, cooldown until 79064.28s"
79067.05,INFO,"Mister pulse started; ON until 79067.30s, cooldown until 79071.30s"
79080.01,INFO,"Mister pulse started; ON until 79080.26s, cooldown until 79084.26s"
79085.02,INFO,"Mister pulse started; ON until 79085.27s, cooldown until 79089.27s"
79103.04,INFO,"Mister pulse started; ON until 79103.29s, cooldown until 79107.29s"
79117.02,INFO,"Mister pulse started; ON until 79117.27s, cooldown until 79121.27s"
79131.01,INFO,"Mister pulse started; ON until 79131.26s, cooldown until 79135.26s"
79142.01,INFO,"Mister pulse started; ON until 79142.26s, cooldown until 79146.26s"
79158.02,INFO,"Mister pulse started; ON until 79158.27s, cooldown until 79162.27s"
79175.01,INFO,"Mister pulse started; ON until 79175.26s, cooldown until 79179.26s"
79180.02,INFO,"Mister pulse started; ON until 79180.27s, cooldown until 79184.27s"
79198.03,INFO,"Mister pulse started; ON until 79198.28s, cooldown until 79202.28s"
79214.03,INFO,"Mister pulse started; ON until 79214.28s, cooldown until 79218.28s"
79229.01,INFO,"Mister pulse started; ON until 79229.26s, cooldown until 79233.26s"
79243.00,INFO,"Mister pulse started; ON until 79243.25s, cooldown until 79247.25s"
79259.01,INFO,"Mister pulse started; ON until 79259.26s, cooldown until 79263.26s"
79272.02,INFO,"Mister pulse started; ON until 79272.27s, cooldown until 79276.27s"
79278.01,INFO,"Mister pulse started; ON until 79278.26s, cooldown until 79282.26s"
79289.01,INFO,"Mister pulse started; ON until 79289.26s, cooldown until 79293.26s"
79300.01,INFO,"Mister pulse started; ON until 79300.26s, cooldown until 79304.26s"
79318.03,INFO,"Mister pulse started; ON until 79318.28s, cooldown until 79322.28s"
79323.04,INFO,"Mister pulse started; ON until 79323.29s, cooldown until 79327.29s"
79343.01,INFO,"Mister pulse started; ON until 79343.26s, cooldown until 79347.26s"
79348.02,INFO,"Mister pulse started; ON until 79348.27s, cooldown until 79352.27s"
79367.02,INFO,"Mister pulse started; ON until 79367.27s, cooldown until 79371.27s"
79372.03,INFO,"Mister pulse started; ON until 79372.28s, cooldown until 79376.28s"
79395.01,INFO,"Mister pulse started; ON until 79395.26s, cooldown until 79399.26s"
79412.04,INFO,"Mister pulse started; ON until 79412.29s, cooldown until 79416.29s"
79429.02,INFO,"Mister pulse started; ON until 79429.27s, cooldown until 79433.27s"
79434.03,INFO,"Mister pulse started; ON until 79434.28s, cooldown until 79438.28s"
79451.01,INFO,"Mister pulse started; ON until 79451.26s, cooldown until 79455.26s"
79469.03,INFO,"Mister pulse started; ON until 79469.28s, cooldown until 79473.28s"
79474.03,INFO,"Mister pulse started; ON until 79474.28s, cooldown until 79478.28s"
79490.04,INFO,"Mister pulse started; ON until 79490.29s, cooldown until 79494.29s"
79498.05,INFO,"Mister pulse started; ON until 79498.30s, cooldown until 79502.30s"
79516.01,INFO,"Mister pulse started; ON until 79516.26s, cooldown until 79520.26s"
79521.02,INFO,"Mister pulse started; ON until 79521.27s, cooldown until 79525.27s"
79541.04,INFO,"Mister pulse started; ON until 79541.29s, cooldown until 79545.29s"
79546.01,INFO,"Mister pulse started; ON until 79546.26s, cooldown until 79550.26s"
79565.05,INFO,"Mister pulse started; ON until 79565.30s, cooldown until 79569.30s"
79570.01,INFO,"Mister pulse started; ON until 79570.26s, cooldown until 79574.26s"
79589.01,INFO,"Mister pulse started; ON until 79589.26s, cooldown until 79593.26s"
79594.01,INFO,"Mister pulse started; ON until 79594.26s, cooldown until 79598.26s"
79617.04,INFO,"Mister pulse started; ON until 79617.29s, cooldown until 79621.29s"
79629.02,INFO,"Mister pulse started; ON until 79629.27s, cooldown until 79633.27s"
79636.04,INFO,"Mister pulse started; ON until 79636.29s, cooldown until 79640.29s"
79647.04,INFO,"Mister pulse started; ON until 79647.29s, cooldown until 79651.29s"
79660.00,INFO,"Mister pulse started; ON until 79660.25s, cooldown until 79664.25s"
79668.00,INFO,"Mister pulse started; ON until 79668.25s, cooldown until 79672.25s"
79682.05,INFO,"Mister pulse started; ON until 79682.30s, cooldown until 79686.30s"
79699.03,INFO,"Mister pulse started; ON until 79699.28s, cooldown until 79703.28s"
79704.04,INFO,"Mister pulse started; ON until 79704.29s, cooldown until 79708.29s"
79722.00,INFO,"Mister pulse started; ON until 79722.25s, cooldown until 79726.25s"
79727.01,INFO,"Mister pulse started; ON until 79727.26s, cooldown until 79731.26s"
79743.02,INFO,"Mister pulse started; ON until 79743.27s, cooldown until 79747.27s"
79758.04,INFO,"Mister pulse started; ON until 79758.29s, cooldown until 79762.29s"
79771.04,INFO,"Mister pulse started; ON until 79771.29s, cooldown until 79775.29s"
79776.00,INFO,"Mister pulse started; ON until 79776.25s, cooldown until 79780.25s"
79797.01,INFO,"Mister pulse started; ON until 79797.26s, cooldown until 79801.26s"
79809.04,INFO,"Mister pulse started; ON until 79809.29s, cooldown until 79813.29s"
79830.04,INFO,"Mister pulse started; ON until 79830.29s, cooldown until 79834.29s"
79835.00,INFO,"Mister pulse started; ON until 79835.25s, cooldown until 79839.25s"
79850.02,INFO,"Mister pulse started; ON until 79850.27s, cooldown until 79854.27s"
79856.01,INFO,"Mister pulse started; ON until 79856.26s, cooldown until 79860.26s"
79877.02,INFO,"Mister pulse started; ON until 79877.27s, cooldown until 79881.27s"
79887.04,INFO,"Mister pulse started; ON until 79887.29s, cooldown until 79891.29s"
79902.00,INFO,"Mister pulse started; ON until 79902.25s, cooldown until 79906.25s"
79918.01,INFO,"Mister pulse started; ON until 79918.26s, cooldown until 79922.26s"
79926.01,INFO,"Mister pulse started; ON until 79926.26s, cooldown until 79930.26s"
79946.04,INFO,"Mister pulse started; ON until 79946.29s, cooldown until 79950.29s"
79951.04,INFO,"Mister pulse started; ON until 79951.29s, cooldown until 79955.29s"
79965.03,INFO,"Mister pulse started; ON until 79965.28s, cooldown until 79969.28s"
79977.01,INFO,"Mister pulse started; ON until 79977.26s, cooldown until 79981.26s"
79982.01,INFO,"Mister pulse started; ON until 79982.26s, cooldown until 79986.26s"
79999.05,INFO,"Mister pulse started; ON until 79999.30s, cooldown until 80003.30s"
80014.03,INFO,"Mister pulse started; ON until 80014.28s, cooldown until 80018.28s"
80028.01,INFO,"Mister pulse started; ON until 80028.26s, cooldown until 80032.26s"
80042.05,INFO,"Mister pulse started; ON until 80042.30s, cooldown until 80046.30s"
80047.01,INFO,"Mister pulse started; ON until 80047.26s, cooldown until 80051.26s"
80065.02,INFO,"Mister pulse started; ON until 80065.27s, cooldown until 80069.27s"
80070.03,INFO,"Mister pulse started; ON until 80070.28s, cooldown until 80074.28s"
80089.02,INFO,"Mister pulse started; ON until 80089.27s, cooldown until 80093.27s"
80094.03,INFO,"Mister pulse started; ON until 80094.28s, cooldown until 80098.28s"
80111.02,INFO,"Mister pulse started; ON until 80111.27s, cooldown until 80115.27s"
80125.01,INFO,"Mister pulse started; ON until 80125.26s, cooldown until 80129.26s"
80141.01,INFO,"Mister pulse started; ON until 80141.26s, cooldown until 80145.26s"
80156.03,INFO,"Mister pulse started; ON until 80156.28s, cooldown until 80160.28s"
80164.03,INFO,"Mister pulse started; ON until 80164.28s, cooldown until 80168.28s"
80180.04,INFO,"Mister pulse started; ON until 80180.29s, cooldown until 80184.29s"
80187.01,INFO,"Mister pulse started; ON until 80187.26s, cooldown until 80191.26s"
80204.01,INFO,"Mister pulse started; ON until 80204.26s, cooldown until 80208.26s"
80210.05,INFO,"Mister pulse started; ON until 80210.30s, cooldown until 80214.30s"
80225.02,INFO,"Mister pulse started; ON until 80225.27s, cooldown until 80229.27s"
80232.04,INFO,"Mister pulse started; ON until 80232.29s, cooldown until 80236.29s"
80244.03,INFO,"Mister pulse started; ON until 80244.28s, cooldown until 80248.28s"
80260.03,INFO,"Mister pulse started; ON until 80260.28s, cooldown until 80264.28s"
80275.01,INFO,"Mister pulse started; ON until 80275.26s, cooldown until 80279.26s"
80289.05,INFO,"Mister pulse started; ON until 80289.30s, cooldown until 80293.30s"
80296.02,INFO,"Mister pulse started; ON until 80296.27s, cooldown until 80300.27s"
80311.04,INFO,"Mister pulse started; ON until 80311.29s, cooldown until 80315.29s"
80316.00,INFO,"Mister pulse started; ON until 80316.25s, cooldown until 80320.25s"
80335.05,INFO,"Mister pulse started; ON until 80335.30s, cooldown until 80339.30s"
80340.01,INFO,"Mister pulse started; ON until 80340.26s, cooldown until 80344.26s"
80361.02,INFO,"Mister pulse started; ON until 80361.27s, cooldown until 80365.27s"
80369.03,INFO,"Mister pulse started; ON until 80369.28s, cooldown until 80373.28s"
80385.04,INFO,"Mister pulse started; ON until 80385.29s, cooldown until 80389.29s"
80397.01,INFO,"Mister pulse started; ON until 80397.26s, cooldown until 80401.26s"
80402.02,INFO,"Mister pulse started; ON until 80402.27s, cooldown until 80406.27s"
80421.02,INFO,"Mister pulse started; ON until 80421.27s, cooldown until 80425.27s"
80426.03,INFO,"Mister pulse started; ON until 80426.28s, cooldown until 80430.28s"
80444.04,INFO,"Mister pulse started; ON until 80444.29s, cooldown until 80448.29s"
80459.02,INFO,"Mister pulse started; ON until 80459.27s, cooldown until 80463.27s"
80472.03,INFO,"Mister pulse started; ON until 80472.28s, cooldown until 80476.28s"
80487.00,INFO,"Mister pulse started; ON until 80487.25s, cooldown until 80491.25s"
80496.04,INFO,"Mister pulse started; ON until 80496.29s, cooldown until 80500.29s"
80510.03,INFO,"Mister pulse started; ON until 80510.28s, cooldown until 80514.28s"
80515.04,INFO,"Mister pulse started; ON until 80515.29s, cooldown until 80519.29s"
80540.03,INFO,"Mister pulse started; ON until 80540.28s, cooldown until 80544.28s"
80545.04,INFO,"Mister pulse started; ON until 80545.29s, cooldown until 80549.29s"
80560.01,INFO,"Mister pulse started; ON until 80560.26s, cooldown until 80564.26s"
80574.00,INFO,"Mister pulse started; ON until 80574.25s, cooldown until 80578.25s"
80586.03,INFO,"Mister pulse started; ON until 80586.28s, cooldown until 80590.28s"
80604.00,INFO,"Mister pulse started; ON until 80604.25s, cooldown until 80608.25s"
80610.04,INFO,"Mister pulse started; ON until 80610.29s, cooldown until 80614.29s"
80631.00,INFO,"Mister pulse started; ON until 80631.25s, cooldown until 80635.25s"
80646.02,INFO,"Mister pulse started; ON until 80646.27s, cooldown until 80650.27s"
80655.00,INFO,"Mister pulse started; ON until 80655.25s, cooldown until 80659.25s"
80673.03,INFO,"Mister pulse started; ON until 80673.28s, cooldown until 80677.28s"
80688.00,INFO,"Mister pulse started; ON until 80688.25s, cooldown until 80692.25s"
80704.01,INFO,"Mister pulse started; ON until 80704.26s, cooldown until 80708.26s"
80726.00,INFO,"Mister pulse started; ON until 80726.25s, cooldown until 80730.25s"
80741.02,INFO,"Mister pulse started; ON until 80741.27s, cooldown until 80745.27s"
80749.03,INFO,"Mister pulse started; ON until 80749.28s, cooldown until 80753.28s"
80765.03,INFO,"Mister pulse started; ON until 80765.28s, cooldown until 80769.28s"
80778.04,INFO,"Mister pulse started; ON until 80778.29s, cooldown until 80782.29s"
80783.01,INFO,"Mister pulse started; ON until 80783.26s, cooldown until 80787.26s"
80804.02,INFO,"Mister pulse started; ON until 80804.27s, cooldown until 80808.27s"
80810.00,INFO,"Mister pulse started; ON until 80810.25s, cooldown until 80814.25s"
80826.01,INFO,"Mister pulse started; ON until 80826.26s, cooldown until 80830.26s"
80831.02,INFO,"Mister pulse started; ON until 80831.27s, cooldown until 80835.27s"
80853.02,INFO,"Mister pulse started; ON until 80853.27s, cooldown until 80857.27s"
80865.04,INFO,"Mister pulse started; ON until 80865.29s, cooldown until 80869.29s"
80870.00,INFO,"Mister pulse started; ON until 80870.25s, cooldown until 80874.25s"
80891.00,INFO,"Mister pulse started; ON until 80891.25s, cooldown until 80895.25s"
80898.02,INFO,"Mister pulse started; ON until 80898.27s, cooldown until 80902.27s"
80913.05,INFO,"Mister pulse started; ON until 80913.30s, cooldown until 80917.30s"
80918.01,INFO,"Mister pulse started; ON until 80918.26s, cooldown until 80922.26s"
80940.05,INFO,"Mister pulse started; ON until 80940.30s, cooldown until 80944.30s"
80948.05,INFO,"Mister pulse started; ON until 80948.30s, cooldown until 80952.30s"
80963.02,INFO,"Mister pulse started; ON until 80963.27s, cooldown until 80967.27s"
80976.03,INFO,"Mister pulse started; ON until 80976.28s, cooldown until 80980.28s"
80982.02,INFO,"Mister pulse started; ON until 80982.27s, cooldown until 80986.27s"
81002.04,INFO,"Mister pulse started; ON until 81002.29s, cooldown until 81006.29s"
81007.05,INFO,"Mister pulse started; ON until 81007.30s, cooldown until 81011.30s"
81031.01,INFO,"Mister pulse started; ON until 81031.26s, cooldown until 81035.26s"
81036.02,INFO,"Mister pulse started; ON until 81036.27s, cooldown until 81040.27s"
81051.04,INFO,"Mister pulse started; ON until 81051.29s, cooldown until 81055.29s"
81060.03,INFO,"Mister pulse started; ON until 81060.28s, cooldown until 81064.28s"
81077.01,INFO,"Mister pulse started; ON until 81077.26s, cooldown until 81081.26s"
81095.03,INFO,"Mister pulse started; ON until 81095.28s, cooldown until 81099.28s"
81100.04,INFO,"Mister pulse started; ON until 81100.29s, cooldown until 81104.29s"
81117.03,INFO,"Mister pulse started; ON until 81117.28s, cooldown until 81121.28s"
81133.03,INFO,"Mister pulse started; ON until 81133.28s, cooldown until 81137.28s"
81149.03,INFO,"Mister pulse started; ON until 81149.28s, cooldown until 81153.28s"
81164.01,INFO,"Mister pulse started; ON until 81164.26s, cooldown until 81168.26s"
81181.05,INFO,"Mister pulse started; ON until 81181.30s, cooldown until 81185.30s"
81197.05,INFO,"Mister pulse started; ON until 81197.30s, cooldown until 81201.30s"
81217.03,INFO,"Mister pulse started; ON until 81217.28s, cooldown until 81221.28s"
81223.02,INFO,"Mister pulse started; ON until 81223.27s, cooldown until 81227.27s"
81239.02,INFO,"Mister pulse started; ON until 81239.27s, cooldown until 81243.27s"
81250.02,INFO,"Mister pulse started; ON until 81250.27s, cooldown until 81254.27s"
81266.02,INFO,"Mister pulse started; ON until 81266.27s, cooldown until 81270.27s"
81282.03,INFO,"Mister pulse started; ON until 81282.28s, cooldown until 81286.28s"
81301.03,INFO,"Mister pulse started; ON until 81301.28s, cooldown until 81305.28s"
81307.02,INFO,"Mister pulse started; ON until 81307.27s, cooldown until 81311.27s"
81328.03,INFO,"Mister pulse started; ON until 81328.28s, cooldown until 81332.28s"
81336.03,INFO,"Mister pulse started; ON until 81336.28s, cooldown until 81340.28s"
81354.04,INFO,"Mister pulse started; ON until 81354.29s, cooldown until 81358.29s"
81367.01,INFO,"Mister pulse started; ON until 81367.26s, cooldown until 81371.26s"
81380.01,INFO,"Mister pulse started; ON until 81380.26s, cooldown until 81384.26s"
81385.02,INFO,"Mister pulse started; ON until 81385.27s, cooldown until 81389.27s"
81406.03,INFO,"Mister pulse started; ON until 81406.28s, cooldown until 81410.28s"
81412.02,INFO,"Mister pulse started; ON until 81412.27s, cooldown until 81416.27s"
81422.04,INFO,"Mister pulse started; ON until 81422.29s, cooldown until 81426.29s"
81430.04,INFO,"Mister pulse started; ON until 81430.29s, cooldown until 81434.29s"
81450.03,INFO,"Mister pulse started; ON until 81450.28s, cooldown until 81454.28s"
81468.00,INFO,"Mister pulse started; ON until 81468.25s, cooldown until 81472.25s"
81476.00,INFO,"Mister pulse started; ON until 81476.25s, cooldown until 81480.25s"
81492.01,INFO,"Mister pulse started; ON until 81492.26s, cooldown until 81496.26s"
81498.01,INFO,"Mister pulse started; ON until 81498.26s, cooldown until 81502.26s"
81510.03,INFO,"Mister pulse started; ON until 81510.28s, cooldown until 81514.28s"
81522.00,INFO,"Mister pulse started; ON until 81522.25s, cooldown until 81526.25s"
81527.02,INFO,"Mister pulse started; ON until 81527.27s, cooldown until 81531.27s"
81548.03,INFO,"Mister pulse started; ON until 81548.28s, cooldown until 81552.28s"
81553.05,INFO,"Mister pulse started; ON until 81553.30s, cooldown until 81557.30s"
81576.02,INFO,"Mister pulse started; ON until 81576.27s, cooldown until 81580.27s"
81597.03,INFO,"Mister pulse started; ON until 81597.28s, cooldown until 81601.28s"
81607.04,INFO,"Mister pulse started; ON until 81607.29s, cooldown until 81611.29s"
81621.03,INFO,"Mister pulse started; ON until 81621.28s, cooldown until 81625.28s"
81640.03,INFO,"Mister pulse started; ON until 81640.28s, cooldown until 81644.28s"
81657.01,INFO,"Mister pulse started; ON until 81657.26s, cooldown until 81661.26s"
81662.02,INFO,"Mister pulse started; ON until 81662.27s, cooldown until 81666.27s"
81680.04,INFO,"Mister pulse started; ON until 81680.29s, cooldown until 81684.29s"
81697.02,INFO,"Mister pulse started; ON until 81697.27s, cooldown until 81701.27s"
81702.03,INFO,"Mister pulse started; ON until 81702.28s, cooldown until 81706.28s"
81723.04,INFO,"Mister pulse started; ON until 81723.29s, cooldown until 81727.29s"
81728.05,INFO,"Mister pulse started; ON until 81728.30s, cooldown until 81732.30s"
81752.05,INFO,"Mister pulse started; ON until 81752.30s, cooldown until 81756.30s"
81770.01,INFO,"Mister pulse started; ON until 81770.26s, cooldown until 81774.26s"
81775.02,INFO,"Mister pulse started; ON until 81775.27s, cooldown until 81779.27s"
81796.03,INFO,"Mister pulse started; ON until 81796.28s, cooldown until 81800.28s"
81809.04,INFO,"Mister pulse started; ON until 81809.29s, cooldown until 81813.29s"
81814.05,INFO,"Mister pulse started; ON until 81814.30s, cooldown until 81818.30s"
81835.05,INFO,"Mister pulse started; ON until 81835.30s, cooldown until 81839.30s"
81840.01,INFO,"Mister pulse started; ON until 81840.26s, cooldown until 81844.26s"
81849.04,INFO,"Mister pulse started; ON until 81849.29s, cooldown until 81853.29s"
81858.03,INFO,"Mister pulse started; ON until 81858.28s, cooldown until 81862.28s"
81873.05,INFO,"Mister pulse started; ON until 81873.30s, cooldown until 81877.30s"
81878.01,INFO,"Mister pulse started; ON until 81878.26s, cooldown until 81882.26s"
81898.03,INFO,"Mister pulse started; ON until 81898.28s, cooldown until 81902.28s"
81904.02,INFO,"Mister pulse started; ON until 81904.27s, cooldown until 81908.27s"
81917.03,INFO,"Mister pulse started; ON until 81917.28s, cooldown until 81921.28s"
81931.02,INFO,"Mister pulse started; ON until 81931.27s, cooldown until 81935.27s"
81943.00,INFO,"Mister pulse started; ON until 81943.25s, cooldown until 81947.25s"
81950.02,INFO,"Mister pulse started; ON until 81950.27s, cooldown until 81954.27s"
81969.02,INFO,"Mister pulse started; ON until 81969.27s, cooldown until 81973.27s"
81975.01,INFO,"Mister pulse started; ON until 81975.26s, cooldown until 81979.26s"
81986.01,INFO,"Mister pulse started; ON until 81986.26s, cooldown until 81990.26s"
82002.02,INFO,"Mister pulse started; ON until 82002.27s, cooldown until 82006.27s"
82016.03,INFO,"Mister pulse started; ON until 82016.28s, cooldown until 82020.28s"
82022.01,INFO,"Mister pulse started; ON until 82022.26s, cooldown until 82026.26s"
82033.02,INFO,"Mister pulse started; ON until 82033.27s, cooldown until 82037.27s"
82046.03,INFO,"Mister pulse started; ON until 82046.28s, cooldown until 82050.28s"
82051.04,INFO,"Mister pulse started; ON until 82051.29s, cooldown until 82055.29s"
82072.05,INFO,"Mister pulse started; ON until 82072.30s, cooldown until 82076.30s"
82077.01,INFO,"Mister pulse started; ON until 82077.26s, cooldown until 82081.26s"
82090.02,INFO,"Mister pulse started; ON until 82090.27s, cooldown until 82094.27s"
82106.01,INFO,"Mister pulse started; ON until 82106.26s, cooldown until 82110.26s"
82121.04,INFO,"Mister pulse started; ON until 82121.29s, cooldown until 82125.29s"
82133.01,INFO,"Mister pulse started; ON until 82133.26s, cooldown until 82137.26s"
82138.02,INFO,"Mister pulse started; ON until 82138.27s, cooldown until 82142.27s"
82157.02,INFO,"Mister pulse started; ON until 82157.27s, cooldown until 82161.27s"
82162.03,INFO,"Mister pulse started; ON until 82162.28s, cooldown until 82166.28s"
82179.02,INFO,"Mister pulse started; ON until 82179.27s, cooldown until 82183.27s"
82198.02,INFO,"Mister pulse started; ON until 82198.27s, cooldown until 82202.27s"
82204.01,INFO,"Mister pulse started; ON until 82204.26s, cooldown until 82208.26s"
82218.05,INFO,"Mister pulse started; ON until 82218.30s, cooldown until 82222.30s"
82237.05,INFO,"Mister pulse started; ON until 82237.30s, cooldown until 82241.30s"
82242.01,INFO,"Mister pulse started; ON until 82242.26s, cooldown until 82246.26s"
82262.03,INFO,"Mister pulse started; ON until 82262.28s, cooldown until 82266.28s"
82267.04,INFO,"Mister pulse started; ON until 82267.29s, cooldown until 82271.29s"
82289.03,INFO,"Mister pulse started; ON until 82289.28s, cooldown until 82293.28s"
82301.00,INFO,"Mister pulse started; ON until 82301.25s, cooldown until 82305.25s"
82313.03,INFO,"Mister pulse started; ON until 82313.28s, cooldown until 82317.28s"
82334.04,INFO,"Mister pulse started; ON until 82334.29s, cooldown until 82338.29s"
82344.02,INFO,"Mister pulse started; ON until 82344.27s, cooldown until 82348.27s"
82360.02,INFO,"Mister pulse started; ON until 82360.27s, cooldown until 82364.27s"
82374.02,INFO,"Mister pulse started; ON until 82374.27s, cooldown until 82378.27s"
82383.01,INFO,"Mister pulse started; ON until 82383.26s, cooldown until 82387.26s"
82403.03,INFO,"Mister pulse started; ON until 82403.28s, cooldown until 82407.28s"
82408.04,INFO,"Mister pulse started; ON until 82408.29s, cooldown until 82412.29s"
82431.01,INFO,"Mister pulse started; ON until 82431.26s, cooldown until 82435.26s"
82445.00,INFO,"Mister pulse started; ON until 82445.25s, cooldown until 82449.25s"
82457.03,INFO,"Mister pulse started; ON until 82457.28s, cooldown until 82461.28s"
82474.01,INFO,"Mister pulse started; ON until 82474.26s, cooldown until 82478.26s"
82480.00,INFO,"Mister pulse started; ON until 82480.25s, cooldown until 82484.25s"
82507.05,INFO,"Mister pulse started; ON until 82507.30s, cooldown until 82511.30s"
82513.04,INFO,"Mister pulse started; ON until 82513.29s, cooldown until 82517.29s"
82540.03,INFO,"Mister pulse started; ON until 82540.28s, cooldown until 82544.28s"
82551.03,INFO,"Mister pulse started; ON until 82551.28s, cooldown until 82555.28s"
82569.04,INFO,"Mister pulse started; ON until 82569.29s, cooldown until 82573.29s"
82588.03,INFO,"Mister pulse started; ON until 82588.28s, cooldown until 82592.28s"
82596.04,INFO,"Mister pulse started; ON until 82596.29s, cooldown until 82600.29s"
82614.05,INFO,"Mister pulse started; ON until 82614.30s, cooldown until 82618.30s"
82628.04,INFO,"Mister pulse started; ON until 82628.29s, cooldown until 82632.29s"
82638.02,INFO,"Mister pulse started; ON until 82638.27s, cooldown until 82642.27s"
82655.00,INFO,"Mister pulse started; ON until 82655.25s, cooldown until 82659.25s"
82675.02,INFO,"Mister pulse started; ON until 82675.27s, cooldown until 82679.27s"
82680.03,INFO,"Mister pulse started; ON until 82680.28s, cooldown until 82684.28s"
82705.02,INFO,"Mister pulse started; ON until 82705.27s, cooldown until 82709.27s"
82710.02,INFO,"Mister pulse started; ON until 82710.27s, cooldown until 82714.27s"
82733.01,INFO,"Mister pulse started; ON until 82733.26s, cooldown until 82737.26s"
82748.03,INFO,"Mister pulse started; ON until 82748.28s, cooldown until 82752.28s"
82757.01,INFO,"Mister pulse started; ON until 82757.26s, cooldown until 82761.26s"
82780.04,INFO,"Mister pulse started; ON until 82780.29s, cooldown until 82784.29s"
82786.02,INFO,"Mister pulse started; ON until 82786.27s, cooldown until 82790.27s"
82807.04,INFO,"Mister pulse started; ON until 82807.29s, cooldown until 82811.29s"
82826.04,INFO,"Mister pulse started; ON until 82826.29s, cooldown until 82830.29s"
82834.04,INFO,"Mister pulse started; ON until 82834.29s, cooldown until 82838.29s"
82851.04,INFO,"Mister pulse started; ON until 82851.29s, cooldown until 82855.29s"
82862.03,INFO,"Mister pulse started; ON until 82862.28s, cooldown until 82866.28s"
82884.03,INFO,"Mister pulse started; ON until 82884.28s, cooldown until 82888.28s"
82901.02,INFO,"Mister pulse started; ON until 82901.27s, cooldown until 82905.27s"
82922.03,INFO,"Mister pulse started; ON until 82922.28s, cooldown until 82926.28s"
82929.05,INFO,"Mister pulse started; ON until 82929.30s, cooldown until 82933.30s"
82946.03,INFO,"Mister pulse started; ON until 82946.28s, cooldown until 82950.28s"
82961.04,INFO,"Mister pulse started; ON until 82961.29s, cooldown until 82965.29s"
82973.04,INFO,"Mister pulse started; ON until 82973.29s, cooldown until 82977.29s"
82994.05,INFO,"Mister pulse started; ON until 82994.30s, cooldown until 82998.30s"
83006.03,INFO,"Mister pulse started; ON until 83006.28s, cooldown until 83010.28s"
83011.04,INFO,"Mister pulse started; ON until 83011.29s, cooldown until 83015.29s"
83029.05,INFO,"Mister pulse started; ON until 83029.30s, cooldown until 83033.30s"
83050.01,INFO,"Mister pulse started; ON until 83050.26s, cooldown until 83054.26s"
83066.02,INFO,"Mister pulse started; ON until 83066.27s, cooldown until 83070.27s"
83086.05,INFO,"Mister pulse started; ON until 83086.30s, cooldown until 83090.30s"
83091.01,INFO,"Mister pulse started; ON until 83091.26s, cooldown until 83095.26s"
83112.02,INFO,"Mister pulse started; ON until 83112.27s, cooldown until 83116.27s"
83125.03,INFO,"Mister pulse started; ON until 83125.28s, cooldown until 83129.28s"
83130.04,INFO,"Mister pulse started; ON until 83130.29s, cooldown until 83134.29s"
83149.03,INFO,"Mister pulse started; ON until 83149.28s, cooldown until 83153.28s"
83154.04,INFO,"Mister pulse started; ON until 83154.29s, cooldown until 83158.29s"
83176.03,INFO,"Mister pulse started; ON until 83176.28s, cooldown until 83180.28s"
83190.02,INFO,"Mister pulse started; ON until 83190.27s, cooldown until 83194.27s"
83198.02,INFO,"Mister pulse started; ON until 83198.27s, cooldown until 83202.27s"
83214.03,INFO,"Mister pulse started; ON until 83214.28s, cooldown until 83218.28s"
83225.02,INFO,"Mister pulse started; ON until 83225.27s, cooldown until 83229.27s"
83242.00,INFO,"Mister pulse started; ON until 83242.25s, cooldown until 83246.25s"
83261.05,INFO,"Mister pulse started; ON until 83261.30s, cooldown until 83265.30s"
83267.04,INFO,"Mister pulse started; ON until 83267.29s, cooldown until 83271.29s"
83289.03,INFO,"Mister pulse started; ON until 83289.28s, cooldown until 83293.28s"
83304.00,INFO,"Mister pulse started; ON until 83304.25s, cooldown until 83308.25s"
83321.04,INFO,"Mister pulse started; ON until 83321.29s, cooldown until 83325.29s"
83340.04,INFO,"Mister pulse started; ON until 83340.29s, cooldown until 83344.29s"
83345.00,INFO,"Mister pulse started; ON until 83345.25s, cooldown until 83349.25s"
83372.05,INFO,"Mister pulse started; ON until 83372.30s, cooldown until 83376.30s"
83377.01,INFO,"Mister pulse started; ON until 83377.26s, cooldown until 83381.26s"
83400.03,INFO,"Mister pulse started; ON until 83400.28s, cooldown until 83404.28s"
83415.00,INFO,"Mister pulse started; ON until 83415.25s, cooldown until 83419.25s"
83435.03,INFO,"Mister pulse started; ON until 83435.28s, cooldown until 83439.28s"
83440.04,INFO,"Mister pulse started; ON until 83440.29s, cooldown until 83444.29s"
83461.01,INFO,"Mister pulse started; ON until 83461.26s, cooldown until 83465.26s"
83470.05,INFO,"Mister pulse started; ON until 83470.30s, cooldown until 83474.30s"
83486.05,INFO,"Mister pulse started; ON until 83486.30s, cooldown until 83490.30s"
83500.04,INFO,"Mister pulse started; ON until 83500.29s, cooldown until 83504.29s"
83510.01,INFO,"Mister pulse started; ON until 83510.26s, cooldown until 83514.26s"
83529.01,INFO,"Mister pulse started; ON until 83529.26s, cooldown until 83533.26s"
83534.02,INFO,"Mister pulse started; ON until 83534.27s, cooldown until 83538.27s"
83554.04,INFO,"Mister pulse started; ON until 83554.29s, cooldown until 83558.29s"
83559.00,INFO,"Mister pulse started; ON until 83559.25s, cooldown until 83563.25s"
83583.01,INFO,"Mister pulse started; ON until 83583.26s, cooldown until 83587.26s"
83600.04,INFO,"Mister pulse started; ON until 83600.29s, cooldown until 83604.29s"
83618.00,INFO,"Mister pulse started; ON until 83618.25s, cooldown until 83622.25s"
83625.02,INFO,"Mister pulse started; ON until 83625.27s, cooldown until 83629.27s"
83638.04,INFO,"Mister pulse started; ON until 83638.29s, cooldown until 83642.29s"
83660.02,INFO,"Mister pulse started; ON until 83660.27s, cooldown until 83664.27s"
83673.03,INFO,"Mister pulse started; ON until 83673.28s, cooldown until 83677.28s"
83678.04,INFO,"Mister pulse started; ON until 83678.29s, cooldown until 83682.29s"
83699.00,INFO,"Mister pulse started; ON until 83699.25s, cooldown until 83703.25s"
83713.04,INFO,"Mister pulse started; ON until 83713.29s, cooldown until 83717.29s"
83718.01,INFO,"Mister pulse started; ON until 83718.26s, cooldown until 83722.26s"
83743.05,INFO,"Mister pulse started; ON until 83743.30s, cooldown until 83747.30s"
83762.04,INFO,"Mister pulse started; ON until 83762.29s, cooldown until 83766.29s"
83767.00,INFO,"Mister pulse started; ON until 83767.25s, cooldown until 83771.25s"
83782.04,INFO,"Mister pulse started; ON until 83782.29s, cooldown until 83786.29s"
83804.02,INFO,"Mister pulse started; ON until 83804.27s, cooldown until 83808.27s"
83817.03,INFO,"Mister pulse started; ON until 83817.28s, cooldown until 83821.28s"
83830.05,INFO,"Mister pulse started; ON until 83830.30s, cooldown until 83834.30s"
83847.03,INFO,"Mister pulse started; ON until 83847.28s, cooldown until 83851.28s"
83852.00,INFO,"Mister pulse started; ON until 83852.25s, cooldown until 83856.25s"
83879.00,INFO,"Mister pulse started; ON until 83879.25s, cooldown until 83883.25s"
83884.02,INFO,"Mister pulse started; ON until 83884.27s, cooldown until 83888.27s"
83912.05,INFO,"Mister pulse started; ON until 83912.30s, cooldown until 83916.30s"
83917.01,INFO,"Mister pulse started; ON until 83917.26s, cooldown until 83921.26s"
83930.01,INFO,"Mister pulse started; ON until 83930.26s, cooldown until 83934.26s"
83948.04,INFO,"Mister pulse started; ON until 83948.29s, cooldown until 83952.29s"
83968.01,INFO,"Mister pulse started; ON until 83968.26s, cooldown until 83972.26s"
83979.02,INFO,"Mister pulse started; ON until 83979.27s, cooldown until 83983.27s"
84001.01,INFO,"Mister pulse started; ON until 84001.26s, cooldown until 84005.26s"
84019.03,INFO,"Mister pulse started; ON until 84019.28s, cooldown until 84023.28s"
84038.03,INFO,"Mister pulse started; ON until 84038.28s, cooldown until 84042.28s"
84043.04,INFO,"Mister pulse started; ON until 84043.29s, cooldown until 84047.29s"
84068.02,INFO,"Mister pulse started; ON until 84068.27s, cooldown until 84072.27s"
84073.03,INFO,"Mister pulse started; ON until 84073.28s, cooldown until 84077.28s"
84092.03,INFO,"Mister pulse started; ON until 84092.28s, cooldown until 84096.28s"
84097.04,INFO,"Mister pulse started; ON until 84097.29s, cooldown until 84101.29s"
84118.05,INFO,"Mister pulse started; ON until 84118.30s, cooldown until 84122.30s"
84125.02,INFO,"Mister pulse started; ON until 84125.27s, cooldown until 84129.27s"
84142.05,INFO,"Mister pulse started; ON until 84142.30s, cooldown until 84146.30s"
84153.04,INFO,"Mister pulse started; ON until 84153.29s, cooldown until 84157.29s"
84173.02,INFO,"Mister pulse started; ON until 84173.27s, cooldown until 84177.27s"
84179.01,INFO,"Mister pulse started; ON until 84179.26s, cooldown until 84183.26s"
84191.04,INFO,"Mister pulse started; ON until 84191.29s, cooldown until 84195.29s"
84207.00,INFO,"Mister pulse started; ON until 84207.25s, cooldown until 84211.25s"
84224.04,INFO,"Mister pulse started; ON until 84224.29s, cooldown until 84228.29s"
84243.03,INFO,"Mister pulse started; ON until 84243.28s, cooldown until 84247.28s"
84248.05,INFO,"Mister pulse started; ON until 84248.30s, cooldown until 84252.30s"
84268.02,INFO,"Mister pulse started; ON until 84268.27s, cooldown until 84272.27s"
84273.03,INFO,"Mister pulse started; ON until 84273.28s, cooldown until 84277.28s"
84296.00,INFO,"Mister pulse started; ON until 84296.25s, cooldown until 84300.25s"
84313.05,INFO,"Mister pulse started; ON until 84313.30s, cooldown until 84317.30s"
84335.05,INFO,"Mister pulse started; ON until 84335.30s, cooldown until 84339.30s"
84349.04,INFO,"Mister pulse started; ON until 84349.29s, cooldown until 84353.29s"
84362.00,INFO,"Mister pulse started; ON until 84362.25s, cooldown until 84366.25s"
84368.05,INFO,"Mister pulse started; ON until 84368.30s, cooldown until 84372.30s"
84393.03,INFO,"Mister pulse started; ON until 84393.28s, cooldown until 84397.28s"
84398.04,INFO,"Mister pulse started; ON until 84398.29s, cooldown until 84402.29s"
84416.00,INFO,"Mister pulse started; ON until 84416.25s, cooldown until 84420.25s"
84421.01,INFO,"Mister pulse started; ON until 84421.26s, cooldown until 84425.26s"
84442.03,INFO,"Mister pulse started; ON until 84442.28s, cooldown until 84446.28s"
84449.05,INFO,"Mister pulse started; ON until 84449.30s, cooldown until 84453.30s"
84462.02,INFO,"Mister pulse started; ON until 84462.27s, cooldown until 84466.27s"
84483.02,INFO,"Mister pulse started; ON until 84483.27s, cooldown until 84487.27s"
84491.03,INFO,"Mister pulse started; ON until 84491.28s, cooldown until 84495.28s"
84510.03,INFO,"Mister pulse started; ON until 84510.28s, cooldown until 84514.28s"
84529.03,INFO,"Mister pulse started; ON until 84529.28s, cooldown until 84533.28s"
84534.05,INFO,"Mister pulse started; ON until 84534.30s, cooldown until 84538.30s"
84557.02,INFO,"Mister pulse started; ON until 84557.27s, cooldown until 84561.27s"
84574.05,INFO,"Mister pulse started; ON until 84574.30s, cooldown until 84578.30s"
84593.04,INFO,"Mister pulse started; ON until 84593.29s, cooldown until 84597.29s"
84598.05,INFO,"Mister pulse started; ON until 84598.30s, cooldown until 84602.30s"
84621.03,INFO,"Mister pulse started; ON until 84621.28s, cooldown until 84625.28s"
84636.00,INFO,"Mister pulse started; ON until 84636.25s, cooldown until 84640.25s"
84654.01,INFO,"Mister pulse started; ON until 84654.26s, cooldown until 84658.26s"
84659.03,INFO,"Mister pulse started; ON until 84659.28s, cooldown until 84663.28s"
84681.02,INFO,"Mister pulse started; ON until 84681.27s, cooldown until 84685.27s"
84692.02,INFO,"Mister pulse started; ON until 84692.27s, cooldown until 84696.27s"
84713.02,INFO,"Mister pulse started; ON until 84713.27s, cooldown until 84717.27s"
84729.03,INFO,"Mister pulse started; ON until 84729.28s, cooldown until 84733.28s"
84744.01,INFO,"Mister pulse started; ON until 84744.26s, cooldown until 84748.26s"
84758.04,INFO,"Mister pulse started; ON until 84758.29s, cooldown until 84762.29s"
84765.02,INFO,"Mister pulse started; ON until 84765.27s, cooldown until 84769.27s"
84776.02,INFO,"Mister pulse started; ON until 84776.27s, cooldown until 84780.27s"
84792.03,INFO,"Mister pulse started; ON until 84792.28s, cooldown until 84796.28s"
84804.01,INFO,"Mister pulse started; ON until 84804.26s, cooldown until 84808.26s"
84811.04,INFO,"Mister pulse started; ON until 84811.29s, cooldown until 84815.29s"
84836.03,INFO,"Mister pulse started; ON until 84836.28s, cooldown until 84840.28s"
84842.03,INFO,"Mister pulse started; ON until 84842.28s, cooldown until 84846.28s"
84861.02,INFO,"Mister pulse started; ON until 84861.27s, cooldown until 84865.27s"
84872.02,INFO,"Mister pulse started; ON until 84872.27s, cooldown until 84876.27s"
84890.05,INFO,"Mister pulse started; ON until 84890.30s, cooldown until 84894.30s"
84911.01,INFO,"Mister pulse started; ON until 84911.26s, cooldown until 84915.26s"
84925.05,INFO,"Mister pulse started; ON until 84925.30s, cooldown until 84929.30s"
84937.03,INFO,"Mister pulse started; ON until 84937.28s, cooldown until 84941.28s"
84960.01,INFO,"Mister pulse started; ON until 84960.26s, cooldown until 84964.26s"
84978.02,INFO,"Mister pulse started; ON until 84978.27s, cooldown until 84982.27s"
84983.03,INFO,"Mister pulse started; ON until 84983.28s, cooldown until 84987.28s"
85005.03,INFO,"Mister pulse started; ON until 85005.28s, cooldown until 85009.28s"
85019.02,INFO,"Mister pulse started; ON until 85019.27s, cooldown until 85023.27s"
85029.03,INFO,"Mister pulse started; ON until 85029.28s, cooldown until 85033.28s"
85046.02,INFO,"Mister pulse started; ON until 85046.27s, cooldown until 85050.27s"
85065.02,INFO,"Mister pulse started; ON until 85065.27s, cooldown until 85069.27s"
85071.01,INFO,"Mister pulse started; ON until 85071.26s, cooldown until 85075.26s"
85091.04,INFO,"Mister pulse started; ON until 85091.29s, cooldown until 85095.29s"
85102.04,INFO,"Mister pulse started; ON until 85102.29s, cooldown until 85106.29s"
85122.02,INFO,"Mister pulse started; ON until 85122.27s, cooldown until 85126.27s"
85131.01,INFO,"Mister pulse started; ON until 85131.26s, cooldown until 85135.26s"
85148.05,INFO,"Mister pulse started; ON until 85148.30s, cooldown until 85152.30s"
85160.02,INFO,"Mister pulse started; ON until 85160.27s, cooldown until 85164.27s"
85166.01,INFO,"Mister pulse started; ON until 85166.26s, cooldown until 85170.26s"
85189.03,INFO,"Mister pulse started; ON until 85189.28s, cooldown until 85193.28s"
85207.05,INFO,"Mister pulse started; ON until 85207.30s, cooldown until 85211.30s"
85224.03,INFO,"Mister pulse started; ON until 85224.28s, cooldown until 85228.28s"
85230.02,INFO,"Mister pulse started; ON until 85230.27s, cooldown until 85234.27s"
85253.04,INFO,"Mister pulse started; ON until 85253.29s, cooldown until 85257.29s"
85268.01,INFO,"Mister pulse started; ON until 85268.26s, cooldown until 85272.26s"
85283.03,INFO,"Mister pulse started; ON until 85283.28s, cooldown until 85287.28s"
85295.01,INFO,"Mister pulse started; ON until 85295.26s, cooldown until 85299.26s"
85302.03,INFO,"Mister pulse started; ON until 85302.28s, cooldown until 85306.28s"
85328.04,INFO,"Mister pulse started; ON until 85328.29s, cooldown until 85332.29s"
85333.05,INFO,"Mister pulse started; ON until 85333.30s, cooldown until 85337.30s"
85351.01,INFO,"Mister pulse started; ON until 85351.26s, cooldown until 85355.26s"
85356.03,INFO,"Mister pulse started; ON until 85356.28s, cooldown until 85360.28s"
85379.01,INFO,"Mister pulse started; ON until 85379.26s, cooldown until 85383.26s"
85394.04,INFO,"Mister pulse started; ON until 85394.29s, cooldown until 85398.29s"
85408.03,INFO,"Mister pulse started; ON until 85408.28s, cooldown until 85412.28s"
85417.01,INFO,"Mister pulse started; ON until 85417.26s, cooldown until 85421.26s"
85434.05,INFO,"Mister pulse started; ON until 85434.30s, cooldown until 85438.30s"
85447.01,INFO,"Mister pulse started; ON until 85447.26s, cooldown until 85451.26s"
85455.00,INFO,"Mister pulse started; ON until 85455.25s, cooldown until 85459.25s"
85472.05,INFO,"Mister pulse started; ON until 85472.30s, cooldown until 85476.30s"
85479.02,INFO,"Mister pulse started; ON until 85479.27s, cooldown until 85483.27s"
85494.04,INFO,"Mister pulse started; ON until 85494.29s, cooldown until 85498.29s"
85502.04,INFO,"Mister pulse started; ON until 85502.29s, cooldown until 85506.29s"
85509.01,INFO,"Mister pulse started; ON until 85509.26s, cooldown until 85513.26s"
85522.03,INFO,"Mister pulse started; ON until 85522.28s, cooldown until 85526.28s"
85540.04,INFO,"Mister pulse started; ON until 85540.29s, cooldown until 85544.29s"
85560.03,INFO,"Mister pulse started; ON until 85560.28s, cooldown until 85564.28s"
85573.04,INFO,"Mister pulse started; ON until 85573.29s, cooldown until 85577.29s"
85578.04,INFO,"Mister pulse started; ON until 85578.29s, cooldown until 85582.29s"
85603.03,INFO,"Mister pulse started; ON until 85603.28s, cooldown until 85607.28s"
85622.03,INFO,"Mister pulse started; ON until 85622.28s, cooldown until 85626.28s"
85627.04,INFO,"Mister pulse started; ON until 85627.29s, cooldown until 85631.29s"
85651.04,INFO,"Mister pulse started; ON until 85651.29s, cooldown until 85655.29s"
85669.01,INFO,"Mister pulse started; ON until 85669.26s, cooldown until 85673.26s"
85675.05,INFO,"Mister pulse started; ON until 85675.30s, cooldown until 85679.30s"
85700.03,INFO,"Mister pulse started; ON until 85700.28s, cooldown until 85704.28s"
85705.04,INFO,"Mister pulse started; ON until 85705.29s, cooldown until 85709.29s"
85725.03,INFO,"Mister pulse started; ON until 85725.28s, cooldown until 85729.28s"
85735.04,INFO,"Mister pulse started; ON until 85735.29s, cooldown until 85739.29s"
85749.03,INFO,"Mister pulse started; ON until 85749.28s, cooldown until 85753.28s"
85762.04,INFO,"Mister pulse started; ON until 85762.29s, cooldown until 85766.29s"
85783.00,INFO,"Mister pulse started; ON until 85783.25s, cooldown until 85787.25s"
85798.02,INFO,"Mister pulse started; ON until 85798.27s, cooldown until 85802.27s"
85811.03,INFO,"Mister pulse started; ON until 85811.28s, cooldown until 85815.28s"
85816.04,INFO,"Mister pulse started; ON until 85816.29s, cooldown until 85820.29s"
85837.05,INFO,"Mister pulse started; ON until 85837.30s, cooldown until 85841.30s"
85842.00,INFO,"Mister pulse started; ON until 85842.25s, cooldown until 85846.25s"
85857.03,INFO,"Mister pulse started; ON until 85857.28s, cooldown until 85861.28s"
85875.05,INFO,"Mister pulse started; ON until 85875.30s, cooldown until 85879.30s"
85881.04,INFO,"Mister pulse started; ON until 85881.29s, cooldown until 85885.29s"
85902.00,INFO,"Mister pulse started; ON until 85902.25s, cooldown until 85906.25s"
85916.05,INFO,"Mister pulse started; ON until 85916.30s, cooldown until 85920.30s"
85925.03,INFO,"Mister pulse started; ON until 85925.28s, cooldown until 85929.28s"
85943.05,INFO,"Mister pulse started; ON until 85943.30s, cooldown until 85947.30s"
85959.00,INFO,"Mister pulse started; ON until 85959.25s, cooldown until 85963.25s"
85978.05,INFO,"Mister pulse started; ON until 85978.30s, cooldown until 85982.30s"
85983.01,INFO,"Mister pulse started; ON until 85983.26s, cooldown until 85987.26s"
86002.05,INFO,"Mister pulse started; ON until 86002.30s, cooldown until 86006.30s"
86009.02,INFO,"Mister pulse started; ON until 86009.27s, cooldown until 86013.27s"
86017.02,INFO,"Mister pulse started; ON until 86017.27s, cooldown until 86021.27s"
86027.03,INFO,"Mister pulse started; ON until 86027.28s, cooldown until 86031.28s"
86036.02,INFO,"Mister pulse started; ON until 86036.27s, cooldown until 86040.27s"
86056.05,INFO,"Mister pulse started; ON until 86056.30s, cooldown until 86060.30s"
86072.05,INFO,"Mister pulse started; ON until 86072.30s, cooldown until 86076.30s"
86093.02,INFO,"Mister pulse started; ON until 86093.27s, cooldown until 86097.27s"
86110.01,INFO,"Mister pulse started; ON until 86110.26s, cooldown until 86114.26s"
86128.03,INFO,"Mister pulse started; ON until 86128.28s, cooldown until 86132.28s"
86133.04,INFO,"Mister pulse started; ON until 86133.29s, cooldown until 86137.29s"
86154.05,INFO,"Mister pulse started; ON until 86154.30s, cooldown until 86158.30s"
86159.01,INFO,"Mister pulse started; ON until 86159.26s, cooldown until 86163.26s"
86171.03,INFO,"Mister pulse started; ON until 86171.28s, cooldown until 86175.28s"
86185.02,INFO,"Mister pulse started; ON until 86185.27s, cooldown until 86189.27s"
86194.01,INFO,"Mister pulse started; ON until 86194.26s, cooldown until 86198.26s"
86211.05,INFO,"Mister pulse started; ON until 86211.30s, cooldown until 86215.30s"
86224.05,INFO,"Mister pulse started; ON until 86224.30s, cooldown until 86228.30s"
86229.01,INFO,"Mister pulse started; ON until 86229.26s, cooldown until 86233.26s"
86250.02,INFO,"Mister pulse started; ON until 86250.27s, cooldown until 86254.27s"
86264.01,INFO,"Mister pulse started; ON until 86264.26s, cooldown until 86268.26s"
86275.01,INFO,"Mister pulse started; ON until 86275.26s, cooldown until 86279.26s"
86291.01,INFO,"Mister pulse started; ON until 86291.26s, cooldown until 86295.26s"
86308.04,INFO,"Mister pulse started; ON until 86308.29s, cooldown until 86312.29s"
86320.03,INFO,"Mister pulse started; ON until 86320.28s, cooldown until 86324.28s"
86333.05,INFO,"Mister pulse started; ON until 86333.30s, cooldown until 86337.30s"
86356.02,WARN,Slow log write/fsync: 3.63s
86359.71,INFO,"Mister pulse started; ON until 86359.96s, cooldown until 86363.96s"
86359.71,ERROR,Watchdog tripped before output apply; outputs forced OFF
