time_from_start_s,level,message
0.00,INFO,"Mister pulse started; ON until 0.25s, cooldown until 4.25s"
5.02,INFO,"Mister pulse started; ON until 5.27s, cooldown until 9.27s"
10.03,INFO,"Mister pulse started; ON until 10.28s, cooldown until 14.28s"
15.04,INFO,"Mister pulse started; ON until 15.29s, cooldown until 19.29s"
20.00,INFO,"Mister pulse started; ON until 20.25s, cooldown until 24.25s"
25.01,INFO,"Mister pulse started; ON until 25.26s, cooldown until 29.26s"
30.02,INFO,"Mister pulse started; ON until 30.27s, cooldown until 34.27s"
35.03,INFO,"Mister pulse started; ON until 35.28s, cooldown until 39.28s"
40.00,INFO,"Mister pulse started; ON until 40.25s, cooldown until 44.25s"
45.01,INFO,"Mister pulse started; ON until 45.26s, cooldown until 49.26s"
50.03,INFO,"Mister pulse started; ON until 50.28s, cooldown until 54.28s"
55.03,INFO,"Mister pulse started; ON until 55.28s, cooldown until 59.28s"
60.05,INFO,"Mister pulse started; ON until 60.30s, cooldown until 64.30s"
65.01,INFO,"Mister pulse started; ON until 65.26s, cooldown until 69.26s"
70.02,INFO,"Mister pulse started; ON until 70.27s, cooldown until 74.27s"
75.03,INFO,"Mister pulse started; ON until 75.28s, cooldown until 79.28s"
80.04,INFO,"Mister pulse started; ON until 80.29s, cooldown until 84.29s"
85.05,INFO,"Mister pulse started; ON until 85.30s, cooldown until 89.30s"
90.01,INFO,"Mister pulse started; ON until 90.26s, cooldown until 94.26s"
95.02,INFO,"Mister pulse started; ON until 95.27s, cooldown until 99.27s"
100.03,INFO,"Mister pulse started; ON until 100.28s, cooldown until 104.28s"
105.00,INFO,"Mister pulse started; ON until 105.25s, cooldown until 109.25s"
110.01,INFO,"Mister pulse started; ON until 110.26s, cooldown until 114.26s"
115.02,INFO,"Mister pulse started; ON until 115.27s, cooldown until 119.27s"
120.00,INFO,"Mister pulse started; ON until 120.25s, cooldown until 124.25s"
125.01,INFO,"Mister pulse started; ON until 125.26s, cooldown until 129.26s"
130.03,INFO,"Mister pulse started; ON until 130.28s, cooldown until 134.28s"
135.03,INFO,"Mister pulse started; ON until 135.28s, cooldown until 139.28s"
140.04,INFO,"Mister pulse started; ON until 140.29s, cooldown until 144.29s"
145.00,INFO,"Mister pulse started; ON until 145.25s, cooldown until 149.25s"
150.01,INFO,"Mister pulse started; ON until 150.26s, cooldown until 154.26s"
155.02,INFO,"Mister pulse started; ON until 155.27s, cooldown until 159.27s"
160.03,INFO,"Mister pulse started; ON until 160.28s, cooldown until 164.28s"
165.03,INFO,"Mister pulse started; ON until 165.28s, cooldown until 169.28s"
170.05,INFO,"Mister pulse started; ON until 170.30s, cooldown until 174.30s"
175.02,INFO,"Mister pulse started; ON until 175.27s, cooldown until 179.27s"
180.03,INFO,"Mister pulse started; ON until 180.28s, cooldown until 184.28s"
197.01,INFO,"Mister pulse started; ON until 197.26s, cooldown until 201.26s"
206.00,INFO,"Mister pulse started; ON until 206.25s, cooldown until 210.25s"
218.04,INFO,"Mister pulse started; ON until 218.29s, cooldown until 222.29s"
223.05,INFO,"Mister pulse started; ON until 223.30s, cooldown until 227.30s"
238.02,INFO,"Mister pulse started; ON until 238.27s, cooldown until 242.27s"
251.03,INFO,"Mister pulse started; ON until 251.28s, cooldown until 255.28s"
256.05,INFO,"Mister pulse started; ON until 256.30s, cooldown until 260.30s"
272.01,INFO,"Mister pulse started; ON until 272.26s, cooldown until 276.26s"
277.02,INFO,"Mister pulse started; ON until 277.27s, cooldown until 281.27s"
291.02,INFO,"Mister pulse started; ON until 291.27s, cooldown until 295.27s"
300.01,INFO,"Mister pulse started; ON until 300.26s, cooldown until 304.26s"
313.01,INFO,"Mister pulse started; ON until 313.26s, cooldown until 317.26s"
318.02,INFO,"Mister pulse started; ON until 318.27s, cooldown until 322.27s"
335.01,INFO,"Mister pulse started; ON until 335.26s, cooldown until 339.26s"
340.02,INFO,"Mister pulse started; ON until 340.27s, cooldown until 344.27s"
353.03,INFO,"Mister pulse started; ON until 353.28s, cooldown until 357.28s"
358.04,INFO,"Mister pulse started; ON until 358.29s, cooldown until 362.29s"
375.03,INFO,"Mister pulse started; ON until 375.28s, cooldown until 379.28s"
380.04,INFO,"Mister pulse started; ON until 380.29s, cooldown until 384.29s"
392.02,INFO,"Mister pulse started; ON until 392.27s, cooldown until 396.27s"
399.04,INFO,"Mister pulse started; ON until 399.29s, cooldown until 403.29s"
407.05,INFO,"Mister pulse started; ON until 407.30s, cooldown until 411.30s"
412.01,INFO,"Mister pulse started; ON until 412.26s, cooldown until 416.26s"
427.03,INFO,"Mister pulse started; ON until 427.28s, cooldown until 431.28s"
439.01,INFO,"Mister pulse started; ON until 439.26s, cooldown until 443.26s"
444.02,INFO,"Mister pulse started; ON until 444.27s, cooldown until 448.27s"
460.04,INFO,"Mister pulse started; ON until 460.29s, cooldown until 464.29s"
473.00,INFO,"Mister pulse started; ON until 473.25s, cooldown until 477.25s"
485.03,INFO,"Mister pulse started; ON until 485.28s, cooldown until 489.28s"
490.00,INFO,"Mister pulse started; ON until 490.25s, cooldown until 494.25s"
506.01,INFO,"Mister pulse started; ON until 506.26s, cooldown until 510.26s"
519.02,INFO,"Mister pulse started; ON until 519.27s, cooldown until 523.27s"
530.02,INFO,"Mister pulse started; ON until 530.27s, cooldown until 534.27s"
542.00,INFO,"Mister pulse started; ON until 542.25s, cooldown until 546.25s"
552.02,INFO,"Mister pulse started; ON until 552.27s, cooldown until 556.27s"
565.00,INFO,"Mister pulse started; ON until 565.25s, cooldown until 569.25s"
574.04,INFO,"Mister pulse started; ON until 574.29s, cooldown until 578.29s"
583.03,INFO,"Mister pulse started; ON until 583.28s, cooldown until 587.28s"
596.04,INFO,"Mister pulse started; ON until 596.29s, cooldown until 600.29s"
604.04,INFO,"Mister pulse started; ON until 604.29s, cooldown until 608.29s"
613.03,INFO,"Mister pulse started; ON until 613.28s, cooldown until 617.28s"
618.04,INFO,"Mister pulse started; ON until 618.29s, cooldown until 622.29s"
629.04,INFO,"Mister pulse started; ON until 629.29s, cooldown until 633.29s"
638.03,INFO,"Mister pulse started; ON until 638.28s, cooldown until 642.28s"
650.01,INFO,"Mister pulse started; ON until 650.26s, cooldown until 654.26s"
658.02,INFO,"Mister pulse started; ON until 658.27s, cooldown until 662.27s"
667.05,INFO,"Mister pulse started; ON until 667.30s, cooldown until 671.30s"
672.01,INFO,"Mister pulse started; ON until 672.26s, cooldown until 676.26s"
681.05,INFO,"Mister pulse started; ON until 681.30s, cooldown until 685.30s"
686.01,INFO,"Mister pulse started; ON until 686.26s, cooldown until 690.26s"
702.02,INFO,"Mister pulse started; ON until 702.27s, cooldown until 706.27s"
715.03,INFO,"Mister pulse started; ON until 715.28s, cooldown until 719.28s"
723.04,INFO,"Mister pulse started; ON until 723.29s, cooldown until 727.29s"
733.00,INFO,"Mister pulse started; ON until 733.25s, cooldown until 737.25s"
748.03,INFO,"Mister pulse started; ON until 748.28s, cooldown until 752.28s"
760.01,INFO,"Mister pulse started; ON until 760.26s, cooldown until 764.26s"
765.02,INFO,"Mister pulse started; ON until 765.27s, cooldown until 769.27s"
781.03,INFO,"Mister pulse started; ON until 781.28s, cooldown until 785.28s"
794.05,INFO,"Mister pulse started; ON until 794.30s, cooldown until 798.30s"
799.01,INFO,"Mister pulse started; ON until 799.26s, cooldown until 803.26s"
813.05,INFO,"Mister pulse started; ON until 813.30s, cooldown until 817.30s"
828.03,INFO,"Mister pulse started; ON until 828.28s, cooldown until 832.28s"
842.02,INFO,"Mister pulse started; ON until 842.27s, cooldown until 846.27s"
853.02,INFO,"Mister pulse started; ON until 853.27s, cooldown until 857.27s"
860.05,INFO,"Mister pulse started; ON until 860.30s, cooldown until 864.30s"
875.02,INFO,"Mister pulse started; ON until 875.27s, cooldown until 879.27s"
890.04,INFO,"Mister pulse started; ON until 890.29s, cooldown until 894.29s"
903.00,INFO,"Mister pulse started; ON until 903.25s, cooldown until 907.25s"
914.01,INFO,"Mister pulse started; ON until 914.26s, cooldown until 918.26s"
930.01,INFO,"Mister pulse started; ON until 930.26s, cooldown until 934.26s"
944.05,INFO,"Mister pulse started; ON until 944.30s, cooldown until 948.30s"
954.01,INFO,"Mister pulse started; ON until 954.26s, cooldown until 958.26s"
970.02,INFO,"Mister pulse started; ON until 970.27s, cooldown until 974.27s"
987.01,INFO,"Mister pulse started; ON until 987.26s, cooldown until 991.26s"
992.02,INFO,"Mister pulse started; ON until 992.27s, cooldown until 996.27s"
1006.01,INFO,"Mister pulse started; ON until 1006.26s, cooldown until 1010.26s"
1017.01,INFO,"Mister pulse started; ON until 1017.26s, cooldown until 1021.26s"
1032.03,INFO,"Mister pulse started; ON until 1032.28s, cooldown until 1036.28s"
1046.02,INFO,"Mister pulse started; ON until 1046.27s, cooldown until 1050.27s"
1059.04,INFO,"Mister pulse started; ON until 1059.29s, cooldown until 1063.29s"
1064.05,INFO,"Mister pulse started; ON until 1064.30s, cooldown until 1068.30s"
1080.00,INFO,"Mister pulse started; ON until 1080.25s, cooldown until 1084.25s"
1095.02,INFO,"Mister pulse started; ON until 1095.27s, cooldown until 1099.27s"
1110.04,INFO,"Mister pulse started; ON until 1110.29s, cooldown until 1114.29s"
1122.03,INFO,"Mister pulse started; ON until 1122.28s, cooldown until 1126.28s"
1127.04,INFO,"Mister pulse started; ON until 1127.29s, cooldown until 1131.29s"
1144.03,INFO,"Mister pulse started; ON until 1144.28s, cooldown until 1148.28s"
1158.02,INFO,"Mister pulse started; ON until 1158.27s, cooldown until 1162.27s"
1170.05,INFO,"Mister pulse started; ON until 1170.30s, cooldown until 1174.30s"
1175.01,INFO,"Mister pulse started; ON until 1175.26s, cooldown until 1179.26s"
1193.03,INFO,"Mister pulse started; ON until 1193.28s, cooldown until 1197.28s"
1198.04,INFO,"Mister pulse started; ON until 1198.29s, cooldown until 1202.29s"
1214.04,INFO,"Mister pulse started; ON until 1214.29s, cooldown until 1218.29s"
1226.02,INFO,"Mister pulse started; ON until 1226.27s, cooldown until 1230.27s"
1235.00,INFO,"Mister pulse started; ON until 1235.25s, cooldown until 1239.25s"
1246.00,INFO,"Mister pulse started; ON until 1246.25s, cooldown until 1250.25s"
1261.03,INFO,"Mister pulse started; ON until 1261.28s, cooldown until 1265.28s"
1273.01,INFO,"Mister pulse started; ON until 1273.26s, cooldown until 1277.26s"
1278.02,INFO,"Mister pulse started; ON until 1278.27s, cooldown until 1282.27s"
1297.02,INFO,"Mister pulse started; ON until 1297.27s, cooldown until 1301.27s"
1302.04,INFO,"Mister pulse started; ON until 1302.29s, cooldown until 1306.29s"
1320.00,INFO,"Mister pulse started; ON until 1320.25s, cooldown until 1324.25s"
1325.02,INFO,"Mister pulse started; ON until 1325.27s, cooldown until 1329.27s"
1344.02,INFO,"Mister pulse started; ON until 1344.27s, cooldown until 1348.27s"
1349.03,INFO,"Mister pulse started; ON until 1349.28s, cooldown until 1353.28s"
1368.02,INFO,"Mister pulse started; ON until 1368.27s, cooldown until 1372.27s"
1373.03,INFO,"Mister pulse started; ON until 1373.28s, cooldown until 1377.28s"
1392.03,INFO,"Mister pulse started; ON until 1392.28s, cooldown until 1396.28s"
1397.04,INFO,"Mister pulse started; ON until 1397.29s, cooldown until 1401.29s"
1415.01,INFO,"Mister pulse started; ON until 1415.26s, cooldown until 1419.26s"
1424.04,INFO,"Mister pulse started; ON until 1424.29s, cooldown until 1428.29s"
1433.03,INFO,"Mister pulse started; ON until 1433.28s, cooldown until 1437.28s"
1446.04,INFO,"Mister pulse started; ON until 1446.29s, cooldown until 1450.29s"
1451.01,INFO,"Mister pulse started; ON until 1451.26s, cooldown until 1455.26s"
1468.05,INFO,"Mister pulse started; ON until 1468.30s, cooldown until 1472.30s"
1481.01,INFO,"Mister pulse started; ON until 1481.26s, cooldown until 1485.26s"
1494.02,INFO,"Mister pulse started; ON until 1494.27s, cooldown until 1498.27s"
1504.03,INFO,"Mister pulse started; ON until 1504.28s, cooldown until 1508.28s"
1514.01,INFO,"Mister pulse started; ON until 1514.26s, cooldown until 1518.26s"
1530.01,INFO,"Mister pulse started; ON until 1530.26s, cooldown until 1534.26s"
1544.05,INFO,"Mister pulse started; ON until 1544.30s, cooldown until 1548.30s"
1555.05,INFO,"Mister pulse started; ON until 1555.30s, cooldown until 1559.30s"
1568.01,INFO,"Mister pulse started; ON until 1568.26s, cooldown until 1572.26s"
1583.03,INFO,"Mister pulse started; ON until 1583.28s, cooldown until 1587.28s"
1594.03,INFO,"Mister pulse started; ON until 1594.28s, cooldown until 1598.28s"
1609.02,INFO,"Mister pulse started; ON until 1609.27s, cooldown until 1613.27s"
1624.05,INFO,"Mister pulse started; ON until 1624.30s, cooldown until 1628.30s"
1637.01,INFO,"Mister pulse started; ON until 1637.26s, cooldown until 1641.26s"
1646.04,INFO,"Mister pulse started; ON until 1646.29s, cooldown until 1650.29s"
1659.05,INFO,"Mister pulse started; ON until 1659.30s, cooldown until 1663.30s"
1664.01,INFO,"Mister pulse started; ON until 1664.26s, cooldown until 1668.26s"
1681.05,INFO,"Mister pulse started; ON until 1681.30s, cooldown until 1685.30s"
1697.01,INFO,"Mister pulse started; ON until 1697.26s, cooldown until 1701.26s"
1702.02,INFO,"Mister pulse started; ON until 1702.27s, cooldown until 1706.27s"
1718.03,INFO,"Mister pulse started; ON until 1718.28s, cooldown until 1722.28s"
1729.02,INFO,"Mister pulse started; ON until 1729.27s, cooldown until 1733.27s"
1734.04,INFO,"Mister pulse started; ON until 1734.29s, cooldown until 1738.29s"
1749.01,INFO,"Mister pulse started; ON until 1749.26s, cooldown until 1753.26s"
1764.03,INFO,"Mister pulse started; ON until 1764.28s, cooldown until 1768.28s"
1769.04,INFO,"Mister pulse started; ON until 1769.29s, cooldown until 1773.29s"
1781.02,INFO,"Mister pulse started; ON until 1781.27s, cooldown until 1785.27s"
1793.00,INFO,"Mister pulse started; ON until 1793.25s, cooldown until 1797.25s"
1803.02,INFO,"Mister pulse started; ON until 1803.27s, cooldown until 1807.27s"
1814.02,INFO,"Mister pulse started; ON until 1814.27s, cooldown until 1818.27s"
1829.04,INFO,"Mister pulse started; ON until 1829.29s, cooldown until 1833.29s"
1842.00,INFO,"Mister pulse started; ON until 1842.25s, cooldown until 1846.25s"
1853.02,INFO,"Mister pulse started; ON until 1853.27s, cooldown until 1857.27s"
1867.01,INFO,"Mister pulse started; ON until 1867.26s, cooldown until 1871.26s"
1880.02,INFO,"Mister pulse started; ON until 1880.27s, cooldown until 1884.27s"
1887.04,INFO,"Mister pulse started; ON until 1887.29s, cooldown until 1891.29s"
1895.00,INFO,"Mister pulse started; ON until 1895.25s, cooldown until 1899.25s"
1906.00,INFO,"Mister pulse started; ON until 1906.25s, cooldown until 1910.25s"
1921.03,INFO,"Mister pulse started; ON until 1921.28s, cooldown until 1925.28s"
1926.04,INFO,"Mister pulse started; ON until 1926.29s, cooldown until 1930.29s"
1938.02,INFO,"Mister pulse started; ON until 1938.27s, cooldown until 1942.27s"
1949.02,INFO,"Mister pulse started; ON until 1949.27s, cooldown until 1953.27s"
1954.03,INFO,"Mister pulse started; ON until 1954.28s, cooldown until 1958.28s"
1970.03,INFO,"Mister pulse started; ON until 1970.28s, cooldown until 1974.28s"
1983.04,INFO,"Mister pulse started; ON until 1983.29s, cooldown until 1987.29s"
1988.00,INFO,"Mister pulse started; ON until 1988.25s, cooldown until 1992.25s"
1999.01,INFO,"Mister pulse started; ON until 1999.26s, cooldown until 2003.26s"
2010.01,INFO,"Mister pulse started; ON until 2010.26s, cooldown until 2014.26s"
2025.04,INFO,"Mister pulse started; ON until 2025.29s, cooldown until 2029.29s"
2037.02,INFO,"Mister pulse started; ON until 2037.27s, cooldown until 2041.27s"
2042.02,INFO,"Mister pulse started; ON until 2042.27s, cooldown until 2046.27s"
2061.03,INFO,"Mister pulse started; ON until 2061.28s, cooldown until 2065.28s"
2070.01,INFO,"Mister pulse started; ON until 2070.26s, cooldown until 2074.26s"
2082.04,INFO,"Mister pulse started; ON until 2082.29s, cooldown until 2086.29s"
2096.04,INFO,"Mister pulse started; ON until 2096.29s, cooldown until 2100.29s"
2108.02,INFO,"Mister pulse started; ON until 2108.27s, cooldown until 2112.27s"
2118.04,INFO,"Mister pulse started; ON until 2118.29s, cooldown until 2122.29s"
2130.01,INFO,"Mister pulse started; ON until 2130.26s, cooldown until 2134.26s"
2135.03,INFO,"Mister pulse started; ON until 2135.28s, cooldown until 2139.28s"
2149.02,INFO,"Mister pulse started; ON until 2149.27s, cooldown until 2153.27s"
2161.00,INFO,"Mister pulse started; ON until 2161.25s, cooldown until 2165.25s"
2166.02,INFO,"Mister pulse started; ON until 2166.27s, cooldown until 2170.27s"
2178.05,INFO,"Mister pulse started; ON until 2178.30s, cooldown until 2182.30s"
2184.04,INFO,"Mister pulse started; ON until 2184.29s, cooldown until 2188.29s"
2201.03,INFO,"Mister pulse started; ON until 2201.28s, cooldown until 2205.28s"
2206.04,INFO,"Mister pulse started; ON until 2206.29s, cooldown until 2210.29s"
2221.01,INFO,"Mister pulse started; ON until 2221.26s, cooldown until 2225.26s"
2233.04,INFO,"Mister pulse started; ON until 2233.29s, cooldown until 2237.29s"
2242.03,INFO,"Mister pulse started; ON until 2242.28s, cooldown until 2246.28s"
2247.04,INFO,"Mister pulse started; ON until 2247.29s, cooldown until 2251.29s"
2266.04,INFO,"Mister pulse started; ON until 2266.29s, cooldown until 2270.29s"
2275.03,INFO,"Mister pulse started; ON until 2275.28s, cooldown until 2279.28s"
2287.01,INFO,"Mister pulse started; ON until 2287.26s, cooldown until 2291.26s"
2292.02,INFO,"Mister pulse started; ON until 2292.27s, cooldown until 2296.27s"
2307.04,INFO,"Mister pulse started; ON until 2307.29s, cooldown until 2311.29s"
2317.01,INFO,"Mister pulse started; ON until 2317.26s, cooldown until 2321.26s"
2333.02,INFO,"Mister pulse started; ON until 2333.27s, cooldown until 2337.27s"
2349.02,INFO,"Mister pulse started; ON until 2349.27s, cooldown until 2353.27s"
2364.04,INFO,"Mister pulse started; ON until 2364.29s, cooldown until 2368.29s"
2376.01,INFO,"Mister pulse started; ON until 2376.26s, cooldown until 2380.26s"
2382.00,INFO,"Mister pulse started; ON until 2382.25s, cooldown until 2386.25s"
2391.04,INFO,"Mister pulse started; ON until 2391.29s, cooldown until 2395.29s"
2396.05,INFO,"Mister pulse started; ON until 2396.30s, cooldown until 2400.30s"
2412.01,INFO,"Mister pulse started; ON until 2412.26s, cooldown until 2416.26s"
2424.04,INFO,"Mister pulse started; ON until 2424.29s, cooldown until 2428.29s"
2435.04,INFO,"Mister pulse started; ON until 2435.29s, cooldown until 2439.29s"
2449.03,INFO,"Mister pulse started; ON until 2449.28s, cooldown until 2453.28s"
2459.01,INFO,"Mister pulse started; ON until 2459.26s, cooldown until 2463.26s"
2474.03,INFO,"Mister pulse started; ON until 2474.28s, cooldown until 2478.28s"
2487.05,INFO,"Mister pulse started; ON until 2487.30s, cooldown until 2491.30s"
2492.01,INFO,"Mister pulse started; ON until 2492.26s, cooldown until 2496.26s"
2504.04,INFO,"Mister pulse started; ON until 2504.29s, cooldown until 2508.29s"
2515.03,INFO,"Mister pulse started; ON until 2515.28s, cooldown until 2519.28s"
2529.03,INFO,"Mister pulse started; ON until 2529.28s, cooldown until 2533.28s"
2543.02,INFO,"Mister pulse started; ON until 2543.27s, cooldown until 2547.27s"
2552.01,INFO,"Mister pulse started; ON until 2552.26s, cooldown until 2556.26s"
2565.02,INFO,"Mister pulse started; ON until 2565.27s, cooldown until 2569.27s"
2574.00,INFO,"Mister pulse started; ON until 2574.25s, cooldown until 2578.25s"
2585.01,INFO,"Mister pulse started; ON until 2585.26s, cooldown until 2589.26s"
2599.01,INFO,"Mister pulse started; ON until 2599.26s, cooldown until 2603.26s"
2612.02,INFO,"Mister pulse started; ON until 2612.27s, cooldown until 2616.27s"
2621.00,INFO,"Mister pulse started; ON until 2621.25s, cooldown until 2625.25s"
2626.01,INFO,"Mister pulse started; ON until 2626.26s, cooldown until 2630.26s"
2640.02,INFO,"Mister pulse started; ON until 2640.27s, cooldown until 2644.27s"
2654.01,INFO,"Mister pulse started; ON until 2654.26s, cooldown until 2658.26s"
2666.04,INFO,"Mister pulse started; ON until 2666.29s, cooldown until 2670.29s"
2671.00,INFO,"Mister pulse started; ON until 2671.25s, cooldown until 2675.25s"
2689.02,INFO,"Mister pulse started; ON until 2689.27s, cooldown until 2693.27s"
2694.03,INFO,"Mister pulse started; ON until 2694.28s, cooldown until 2698.28s"
2709.01,INFO,"Mister pulse started; ON until 2709.26s, cooldown until 2713.26s"
2722.02,INFO,"Mister pulse started; ON until 2722.27s, cooldown until 2726.27s"
2731.01,INFO,"Mister pulse started; ON until 2731.26s, cooldown until 2735.26s"
2741.02,INFO,"Mister pulse started; ON until 2741.27s, cooldown until 2745.27s"
2756.05,INFO,"Mister pulse started; ON until 2756.30s, cooldown until 2760.30s"
2765.03,INFO,"Mister pulse started; ON until 2765.28s, cooldown until 2769.28s"
2779.02,INFO,"Mister pulse started; ON until 2779.27s, cooldown until 2783.27s"
2790.02,INFO,"Mister pulse started; ON until 2790.27s, cooldown until 2794.27s"
2806.03,INFO,"Mister pulse started; ON until 2806.28s, cooldown until 2810.28s"
2820.03,INFO,"Mister pulse started; ON until 2820.28s, cooldown until 2824.28s"
2832.01,INFO,"Mister pulse started; ON until 2832.26s, cooldown until 2836.26s"
2843.01,INFO,"Mister pulse started; ON until 2843.26s, cooldown until 2847.26s"
2848.02,INFO,"Mister pulse started; ON until 2848.27s, cooldown until 2852.27s"
2864.02,INFO,"Mister pulse started; ON until 2864.27s, cooldown until 2868.27s"
2874.04,INFO,"Mister pulse started; ON until 2874.29s, cooldown until 2878.29s"
2885.04,INFO,"Mister pulse started; ON until 2885.29s, cooldown until 2889.29s"
2900.01,INFO,"Mister pulse started; ON until 2900.26s, cooldown until 2904.26s"
2913.04,INFO,"Mister pulse started; ON until 2913.29s, cooldown until 2917.29s"
2923.01,INFO,"Mister pulse started; ON until 2923.26s, cooldown until 2927.26s"
2938.03,INFO,"Mister pulse started; ON until 2938.28s, cooldown until 2942.28s"
2953.01,INFO,"Mister pulse started; ON until 2953.26s, cooldown until 2957.26s"
2965.04,INFO,"Mister pulse started; ON until 2965.29s, cooldown until 2969.29s"
2970.05,INFO,"Mister pulse started; ON until 2970.30s, cooldown until 2974.30s"
2984.04,INFO,"Mister pulse started; ON until 2984.29s, cooldown until 2988.29s"
2994.01,INFO,"Mister pulse started; ON until 2994.26s, cooldown until 2998.26s"
3009.04,INFO,"Mister pulse started; ON until 3009.29s, cooldown until 3013.29s"
3022.00,INFO,"Mister pulse started; ON until 3022.25s, cooldown until 3026.25s"
3034.03,INFO,"Mister pulse started; ON until 3034.28s, cooldown until 3038.28s"
3047.04,INFO,"Mister pulse started; ON until 3047.29s, cooldown until 3051.29s"
3058.04,INFO,"Mister pulse started; ON until 3058.29s, cooldown until 3062.29s"
3076.01,INFO,"Mister pulse started; ON until 3076.26s, cooldown until 3080.26s"
3081.03,INFO,"Mister pulse started; ON until 3081.28s, cooldown until 3085.28s"
3097.04,INFO,"Mister pulse started; ON until 3097.29s, cooldown until 3101.29s"
3113.05,INFO,"Mister pulse started; ON until 3113.30s, cooldown until 3117.30s"
3127.00,INFO,"Mister pulse started; ON until 3127.25s, cooldown until 3131.25s"
3142.03,INFO,"Mister pulse started; ON until 3142.28s, cooldown until 3146.28s"
3154.01,INFO,"Mister pulse started; ON until 3154.26s, cooldown until 3158.26s"
3162.02,INFO,"Mister pulse started; ON until 3162.27s, cooldown until 3166.27s"
3172.04,INFO,"Mister pulse started; ON until 3172.29s, cooldown until 3176.29s"
3184.02,INFO,"Mister pulse started; ON until 3184.27s, cooldown until 3188.27s"
3189.04,INFO,"Mister pulse started; ON until 3189.29s, cooldown until 3193.29s"
3203.03,INFO,"Mister pulse started; ON until 3203.28s, cooldown until 3207.28s"
3215.01,INFO,"Mister pulse started; ON until 3215.26s, cooldown until 3219.26s"
3220.02,INFO,"Mister pulse started; ON until 3220.27s, cooldown until 3224.27s"
3234.00,INFO,"Mister pulse started; ON until 3234.25s, cooldown until 3238.25s"
3245.00,INFO,"Mister pulse started; ON until 3245.25s, cooldown until 3249.25s"
3260.02,INFO,"Mister pulse started; ON until 3260.27s, cooldown until 3264.27s"
3273.04,INFO,"Mister pulse started; ON until 3273.29s, cooldown until 3277.29s"
3278.05,INFO,"Mister pulse started; ON until 3278.30s, cooldown until 3282.30s"
3298.04,INFO,"Mister pulse started; ON until 3298.29s, cooldown until 3302.29s"
3307.02,INFO,"Mister pulse started; ON until 3307.27s, cooldown until 3311.27s"
3320.04,INFO,"Mister pulse started; ON until 3320.29s, cooldown until 3324.29s"
3327.01,INFO,"Mister pulse started; ON until 3327.26s, cooldown until 3331.26s"
3332.03,INFO,"Mister pulse started; ON until 3332.28s, cooldown until 3336.28s"
3353.04,INFO,"Mister pulse started; ON until 3353.29s, cooldown until 3357.29s"
3362.03,INFO,"Mister pulse started; ON until 3362.28s, cooldown until 3366.28s"
3375.03,INFO,"Mister pulse started; ON until 3375.28s, cooldown until 3379.28s"
3384.02,INFO,"Mister pulse started; ON until 3384.27s, cooldown until 3388.27s"
3395.02,INFO,"Mister pulse started; ON until 3395.27s, cooldown until 3399.27s"
3410.04,INFO,"Mister pulse started; ON until 3410.29s, cooldown until 3414.29s"
3423.01,INFO,"Mister pulse started; ON until 3423.26s, cooldown until 3427.26s"
3428.01,INFO,"Mister pulse started; ON until 3428.26s, cooldown until 3432.26s"
3441.03,INFO,"Mister pulse started; ON until 3441.28s, cooldown until 3445.28s"
3452.02,INFO,"Mister pulse started; ON until 3452.27s, cooldown until 3456.27s"
3461.00,INFO,"Mister pulse started; ON until 3461.25s, cooldown until 3465.25s"
3466.01,INFO,"Mister pulse started; ON until 3466.26s, cooldown until 3470.26s"
3484.03,INFO,"Mister pulse started; ON until 3484.28s, cooldown until 3488.28s"
3489.04,INFO,"Mister pulse started; ON until 3489.29s, cooldown until 3493.29s"
3503.04,INFO,"Mister pulse started; ON until 3503.29s, cooldown until 3507.29s"
3512.02,INFO,"Mister pulse started; ON until 3512.27s, cooldown until 3516.27s"
3526.02,INFO,"Mister pulse started; ON until 3526.27s, cooldown until 3530.27s"
3537.01,INFO,"Mister pulse started; ON until 3537.26s, cooldown until 3541.26s"
3550.02,INFO,"Mister pulse started; ON until 3550.27s, cooldown until 3554.27s"
3563.03,INFO,"Mister pulse started; ON until 3563.28s, cooldown until 3567.28s"
3568.04,INFO,"Mister pulse started; ON until 3568.29s, cooldown until 3572.29s"
3583.02,INFO,"Mister pulse started; ON until 3583.27s, cooldown until 3587.27s"
3595.05,INFO,"Mister pulse started; ON until 3595.30s, cooldown until 3599.30s"
3600.01,INFO,"Mister pulse started; ON until 3600.26s, cooldown until 3604.26s"
3618.03,INFO,"Mister pulse started; ON until 3618.28s, cooldown until 3622.28s"
3623.04,INFO,"Mister pulse started; ON until 3623.29s, cooldown until 3627.29s"
3639.05,INFO,"Mister pulse started; ON until 3639.30s, cooldown until 3643.30s"
3650.05,INFO,"Mister pulse started; ON until 3650.30s, cooldown until 3654.30s"
3655.01,INFO,"Mister pulse started; ON until 3655.26s, cooldown until 3659.26s"
3672.05,INFO,"Mister pulse started; ON until 3672.30s, cooldown until 3676.30s"
3687.03,INFO,"Mister pulse started; ON until 3687.28s, cooldown until 3691.28s"
3702.00,INFO,"Mister pulse started; ON until 3702.25s, cooldown until 3706.25s"
3715.01,INFO,"Mister pulse started; ON until 3715.26s, cooldown until 3719.26s"
3725.03,INFO,"Mister pulse started; ON until 3725.28s, cooldown until 3729.28s"
3740.00,INFO,"Mister pulse started; ON until 3740.25s, cooldown until 3744.25s"
3752.03,INFO,"Mister pulse started; ON until 3752.28s, cooldown until 3756.28s"
3757.04,INFO,"Mister pulse started; ON until 3757.29s, cooldown until 3761.29s"
3772.01,INFO,"Mister pulse started; ON until 3772.26s, cooldown until 3776.26s"
3785.02,INFO,"Mister pulse started; ON until 3785.27s, cooldown until 3789.27s"
3794.01,INFO,"Mister pulse started; ON until 3794.26s, cooldown until 3798.26s"
3806.04,INFO,"Mister pulse started; ON until 3806.29s, cooldown until 3810.29s"
3820.04,INFO,"Mister pulse started; ON until 3820.29s, cooldown until 3824.29s"
3832.02,INFO,"Mister pulse started; ON until 3832.27s, cooldown until 3836.27s"
3842.04,INFO,"Mister pulse started; ON until 3842.29s, cooldown until 3846.29s"
3853.05,INFO,"Mister pulse started; ON until 3853.30s, cooldown until 3857.30s"
3868.02,INFO,"Mister pulse started; ON until 3868.27s, cooldown until 3872.27s"
3882.02,INFO,"Mister pulse started; ON until 3882.27s, cooldown until 3886.27s"
3887.03,INFO,"Mister pulse started; ON until 3887.28s, cooldown until 3891.28s"
3902.00,INFO,"Mister pulse started; ON until 3902.25s, cooldown until 3906.25s"
3911.04,INFO,"Mister pulse started; ON until 3911.29s, cooldown until 3915.29s"
3919.04,INFO,"Mister pulse started; ON until 3919.29s, cooldown until 3923.29s"
3928.03,INFO,"Mister pulse started; ON until 3928.28s, cooldown until 3932.28s"
3940.01,INFO,"Mister pulse started; ON until 3940.26s, cooldown until 3944.26s"
3945.02,INFO,"Mister pulse started; ON until 3945.27s, cooldown until 3949.27s"
3955.04,INFO,"Mister pulse started; ON until 3955.29s, cooldown until 3959.29s"
3974.04,INFO,"Mister pulse started; ON until 3974.29s, cooldown until 3978.29s"
3979.05,INFO,"Mister pulse started; ON until 3979.30s, cooldown until 3983.30s"
3997.02,INFO,"Mister pulse started; ON until 3997.27s, cooldown until 4001.27s"
4002.03,INFO,"Mister pulse started; ON until 4002.28s, cooldown until 4006.28s"
4020.05,INFO,"Mister pulse started; ON until 4020.30s, cooldown until 4024.30s"
4025.01,INFO,"Mister pulse started; ON until 4025.26s, cooldown until 4029.26s"
4040.04,INFO,"Mister pulse started; ON until 4040.29s, cooldown until 4044.29s"
4053.01,INFO,"Mister pulse started; ON until 4053.26s, cooldown until 4057.26s"
4058.01,INFO,"Mister pulse started; ON until 4058.26s, cooldown until 4062.26s"
4070.05,INFO,"Mister pulse started; ON until 4070.30s, cooldown until 4074.30s"
4075.05,INFO,"Mister pulse started; ON until 4075.30s, cooldown until 4079.30s"
4086.00,INFO,"Mister pulse started; ON until 4086.25s, cooldown until 4090.25s"
4100.04,INFO,"Mister pulse started; ON until 4100.29s, cooldown until 4104.29s"
4105.05,INFO,"Mister pulse started; ON until 4105.30s, cooldown until 4109.30s"
4123.02,INFO,"Mister pulse started; ON until 4123.27s, cooldown until 4127.27s"
4128.04,INFO,"Mister pulse started; ON until 4128.29s, cooldown until 4132.29s"
4146.01,INFO,"Mister pulse started; ON until 4146.26s, cooldown until 4150.26s"
4151.02,INFO,"Mister pulse started; ON until 4151.27s, cooldown until 4155.27s"
4169.04,INFO,"Mister pulse started; ON until 4169.29s, cooldown until 4173.29s"
4174.00,INFO,"Mister pulse started; ON until 4174.25s, cooldown until 4178.25s"
4191.03,INFO,"Mister pulse started; ON until 4191.28s, cooldown until 4195.28s"
4206.02,INFO,"Mister pulse started; ON until 4206.27s, cooldown until 4210.27s"
4219.03,INFO,"Mister pulse started; ON until 4219.28s, cooldown until 4223.28s"
4230.03,INFO,"Mister pulse started; ON until 4230.28s, cooldown until 4234.28s"
4246.04,INFO,"Mister pulse started; ON until 4246.29s, cooldown until 4250.29s"
4261.01,INFO,"Mister pulse started; ON until 4261.26s, cooldown until 4265.26s"
4275.00,INFO,"Mister pulse started; ON until 4275.25s, cooldown until 4279.25s"
4287.03,INFO,"Mister pulse started; ON until 4287.28s, cooldown until 4291.28s"
4292.04,INFO,"Mister pulse started; ON until 4292.29s, cooldown until 4296.29s"
4306.04,INFO,"Mister pulse started; ON until 4306.29s, cooldown until 4310.29s"
4318.02,INFO,"Mister pulse started; ON until 4318.27s, cooldown until 4322.27s"
4323.03,INFO,"Mister pulse started; ON until 4323.28s, cooldown until 4327.28s"
4336.04,INFO,"Mister pulse started; ON until 4336.29s, cooldown until 4340.29s"
4345.02,INFO,"Mister pulse started; ON until 4345.27s, cooldown until 4349.27s"
4358.03,INFO,"Mister pulse started; ON until 4358.28s, cooldown until 4362.28s"
4363.05,INFO,"Mister pulse started; ON until 4363.30s, cooldown until 4367.30s"
4376.02,INFO,"Mister pulse started; ON until 4376.27s, cooldown until 4380.27s"
4387.02,INFO,"Mister pulse started; ON until 4387.27s, cooldown until 4391.27s"
4401.00,INFO,"Mister pulse started; ON until 4401.25s, cooldown until 4405.25s"
4414.01,INFO,"Mister pulse started; ON until 4414.26s, cooldown until 4418.26s"
4419.02,INFO,"Mister pulse started; ON until 4419.27s, cooldown until 4423.27s"
4439.05,INFO,"Mister pulse started; ON until 4439.30s, cooldown until 4443.30s"
4444.01,INFO,"Mister pulse started; ON until 4444.26s, cooldown until 4448.26s"
4455.01,INFO,"Mister pulse started; ON until 4455.26s, cooldown until 4459.26s"
4460.02,INFO,"Mister pulse started; ON until 4460.27s, cooldown until 4464.27s"
4472.01,INFO,"Mister pulse started; ON until 4472.26s, cooldown until 4476.26s"
4483.01,INFO,"Mister pulse started; ON until 4483.26s, cooldown until 4487.26s"
4488.02,INFO,"Mister pulse started; ON until 4488.27s, cooldown until 4492.27s"
4504.03,INFO,"Mister pulse started; ON until 4504.28s, cooldown until 4508.28s"
4516.01,INFO,"Mister pulse started; ON until 4516.26s, cooldown until 4520.26s"
4521.02,INFO,"Mister pulse started; ON until 4521.27s, cooldown until 4525.27s"
4540.03,INFO,"Mister pulse started; ON until 4540.28s, cooldown until 4544.28s"
4545.04,INFO,"Mister pulse started; ON until 4545.29s, cooldown until 4549.29s"
4562.03,INFO,"Mister pulse started; ON until 4562.28s, cooldown until 4566.28s"
4567.04,INFO,"Mister pulse started; ON until 4567.29s, cooldown until 4571.29s"
4583.05,INFO,"Mister pulse started; ON until 4583.30s, cooldown until 4587.30s"
4592.03,INFO,"Mister pulse started; ON until 4592.28s, cooldown until 4596.28s"
4611.04,INFO,"Mister pulse started; ON until 4611.29s, cooldown until 4615.29s"
4616.00,INFO,"Mister pulse started; ON until 4616.25s, cooldown until 4620.25s"
4626.02,INFO,"Mister pulse started; ON until 4626.27s, cooldown until 4630.27s"
4634.02,INFO,"Mister pulse started; ON until 4634.27s, cooldown until 4638.27s"
4644.03,INFO,"Mister pulse started; ON until 4644.28s, cooldown until 4648.28s"
4655.03,INFO,"Mister pulse started; ON until 4655.28s, cooldown until 4659.28s"
4670.01,INFO,"Mister pulse started; ON until 4670.26s, cooldown until 4674.26s"
4683.03,INFO,"Mister pulse started; ON until 4683.28s, cooldown until 4687.28s"
4694.03,INFO,"Mister pulse started; ON until 4694.28s, cooldown until 4698.28s"
4710.04,INFO,"Mister pulse started; ON until 4710.29s, cooldown until 4714.29s"
4725.02,INFO,"Mister pulse started; ON until 4725.27s, cooldown until 4729.27s"
4739.02,INFO,"Mister pulse started; ON until 4739.27s, cooldown until 4743.27s"
4750.01,INFO,"Mister pulse started; ON until 4750.26s, cooldown until 4754.26s"
4757.04,INFO,"Mister pulse started; ON until 4757.29s, cooldown until 4761.29s"
4772.02,INFO,"Mister pulse started; ON until 4772.27s, cooldown until 4776.27s"
4788.03,INFO,"Mister pulse started; ON until 4788.28s, cooldown until 4792.28s"
4802.03,INFO,"Mister pulse started; ON until 4802.28s, cooldown until 4806.28s"
4815.04,INFO,"Mister pulse started; ON until 4815.29s, cooldown until 4819.29s"
4820.05,INFO,"Mister pulse started; ON until 4820.30s, cooldown until 4824.30s"
4839.00,INFO,"Mister pulse started; ON until 4839.25s, cooldown until 4843.25s"
4849.02,INFO,"Mister pulse started; ON until 4849.27s, cooldown until 4853.27s"
4862.04,INFO,"Mister pulse started; ON until 4862.29s, cooldown until 4866.29s"
4868.03,INFO,"Mister pulse started; ON until 4868.28s, cooldown until 4872.28s"
4880.01,INFO,"Mister pulse started; ON until 4880.26s, cooldown until 4884.26s"
4893.03,INFO,"Mister pulse started; ON until 4893.28s, cooldown until 4897.28s"
4901.04,INFO,"Mister pulse started; ON until 4901.29s, cooldown until 4905.29s"
4912.03,INFO,"Mister pulse started; ON until 4912.28s, cooldown until 4916.28s"
4924.01,INFO,"Mister pulse started; ON until 4924.26s, cooldown until 4928.26s"
4932.02,INFO,"Mister pulse started; ON until 4932.27s, cooldown until 4936.27s"
4942.03,INFO,"Mister pulse started; ON until 4942.28s, cooldown until 4946.28s"
4953.03,INFO,"Mister pulse started; ON until 4953.28s, cooldown until 4957.28s"
4968.01,INFO,"Mister pulse started; ON until 4968.26s, cooldown until 4972.26s"
4982.01,INFO,"Mister pulse started; ON until 4982.26s, cooldown until 4986.26s"
4994.03,INFO,"Mister pulse started; ON until 4994.28s, cooldown until 4998.28s"
4999.05,INFO,"Mister pulse started; ON until 4999.30s, cooldown until 5003.30s"
5015.01,INFO,"Mister pulse started; ON until 5015.26s, cooldown until 5019.26s"
5030.02,INFO,"Mister pulse started; ON until 5030.27s, cooldown until 5034.27s"
5042.05,INFO,"Mister pulse started; ON until 5042.30s, cooldown until 5046.30s"
5047.01,INFO,"Mister pulse started; ON until 5047.26s, cooldown until 5051.26s"
5064.05,INFO,"Mister pulse started; ON until 5064.30s, cooldown until 5068.30s"
5078.04,INFO,"Mister pulse started; ON until 5078.29s, cooldown until 5082.29s"
5091.04,INFO,"Mister pulse started; ON until 5091.29s, cooldown until 5095.29s"
5096.00,INFO,"Mister pulse started; ON until 5096.25s, cooldown until 5100.25s"
5107.05,INFO,"Mister pulse started; ON until 5107.30s, cooldown until 5111.30s"
5112.01,INFO,"Mister pulse started; ON until 5112.26s, cooldown until 5116.26s"
5124.04,INFO,"Mister pulse started; ON until 5124.29s, cooldown until 5128.29s"
5135.04,INFO,"Mister pulse started; ON until 5135.29s, cooldown until 5139.29s"
5150.01,INFO,"Mister pulse started; ON until 5150.26s, cooldown until 5154.26s"
5164.01,INFO,"Mister pulse started; ON until 5164.26s, cooldown until 5168.26s"
5177.02,INFO,"Mister pulse started; ON until 5177.27s, cooldown until 5181.27s"
5182.03,INFO,"Mister pulse started; ON until 5182.28s, cooldown until 5186.28s"
5200.01,INFO,"Mister pulse started; ON until 5200.26s, cooldown until 5204.26s"
5205.02,INFO,"Mister pulse started; ON until 5205.27s, cooldown until 5209.27s"
5222.01,INFO,"Mister pulse started; ON until 5222.26s, cooldown until 5226.26s"
5227.02,INFO,"Mister pulse started; ON until 5227.27s, cooldown until 5231.27s"
5241.03,INFO,"Mister pulse started; ON until 5241.28s, cooldown until 5245.28s"
5251.04,INFO,"Mister pulse started; ON until 5251.29s, cooldown until 5255.29s"
5266.01,INFO,"Mister pulse started; ON until 5266.26s, cooldown until 5270.26s"
5277.01,INFO,"Mister pulse started; ON until 5277.26s, cooldown until 5281.26s"
5282.03,INFO,"Mister pulse started; ON until 5282.28s, cooldown until 5286.28s"
5298.03,INFO,"Mister pulse started; ON until 5298.28s, cooldown until 5302.28s"
5309.03,INFO,"Mister pulse started; ON until 5309.28s, cooldown until 5313.28s"
5316.00,INFO,"Mister pulse started; ON until 5316.25s, cooldown until 5320.25s"
5321.02,INFO,"Mister pulse started; ON until 5321.27s, cooldown until 5325.27s"
5338.01,INFO,"Mister pulse started; ON until 5338.26s, cooldown until 5342.26s"
5351.02,INFO,"Mister pulse started; ON until 5351.27s, cooldown until 5355.27s"
5363.00,INFO,"Mister pulse started; ON until 5363.25s, cooldown until 5367.25s"
5368.01,INFO,"Mister pulse started; ON until 5368.26s, cooldown until 5372.26s"
5383.04,INFO,"Mister pulse started; ON until 5383.29s, cooldown until 5387.29s"
5388.04,INFO,"Mister pulse started; ON until 5388.29s, cooldown until 5392.29s"
5400.02,INFO,"Mister pulse started; ON until 5400.27s, cooldown until 5404.27s"
5412.05,INFO,"Mister pulse started; ON until 5412.30s, cooldown until 5416.30s"
5417.01,INFO,"Mister pulse started; ON until 5417.26s, cooldown until 5421.26s"
5435.02,INFO,"Mister pulse started; ON until 5435.27s, cooldown until 5439.27s"
5440.04,INFO,"Mister pulse started; ON until 5440.29s, cooldown until 5444.29s"
5454.03,INFO,"Mister pulse started; ON until 5454.28s, cooldown until 5458.28s"
5459.04,INFO,"Mister pulse started; ON until 5459.29s, cooldown until 5463.29s"
5472.01,INFO,"Mister pulse started; ON until 5472.26s, cooldown until 5476.26s"
5487.04,INFO,"Mister pulse started; ON until 5487.29s, cooldown until 5491.29s"
5500.05,INFO,"Mister pulse started; ON until 5500.30s, cooldown until 5504.30s"
5505.00,INFO,"Mister pulse started; ON until 5505.25s, cooldown until 5509.25s"
5514.04,INFO,"Mister pulse started; ON until 5514.29s, cooldown until 5518.29s"
5519.00,INFO,"Mister pulse started; ON until 5519.25s, cooldown until 5523.25s"
5536.05,INFO,"Mister pulse started; ON until 5536.30s, cooldown until 5540.30s"
5552.00,INFO,"Mister pulse started; ON until 5552.25s, cooldown until 5556.25s"
5557.01,INFO,"Mister pulse started; ON until 5557.26s, cooldown until 5561.26s"
5571.00,INFO,"Mister pulse started; ON until 5571.25s, cooldown until 5575.25s"
5582.01,INFO,"Mister pulse started; ON until 5582.26s, cooldown until 5586.26s"
5599.05,INFO,"Mister pulse started; ON until 5599.30s, cooldown until 5603.30s"
5612.01,INFO,"Mister pulse started; ON until 5612.26s, cooldown until 5616.26s"
5624.04,INFO,"Mister pulse started; ON until 5624.29s, cooldown until 5628.29s"
5630.03,INFO,"Mister pulse started; ON until 5630.28s, cooldown until 5634.28s"
5647.02,INFO,"Mister pulse started; ON until 5647.27s, cooldown until 5651.27s"
5652.03,INFO,"Mister pulse started; ON until 5652.28s, cooldown until 5656.28s"
5665.04,INFO,"Mister pulse started; ON until 5665.29s, cooldown until 5669.29s"
5676.05,INFO,"Mister pulse started; ON until 5676.30s, cooldown until 5680.30s"
5686.01,INFO,"Mister pulse started; ON until 5686.26s, cooldown until 5690.26s"
5694.01,INFO,"Mister pulse started; ON until 5694.26s, cooldown until 5698.26s"
5699.02,INFO,"Mister pulse started; ON until 5699.27s, cooldown until 5703.27s"
5714.04,INFO,"Mister pulse started; ON until 5714.29s, cooldown until 5718.29s"
5719.05,INFO,"Mister pulse started; ON until 5719.30s, cooldown until 5723.30s"
5731.03,INFO,"Mister pulse started; ON until 5731.28s, cooldown until 5735.28s"
5745.02,INFO,"Mister pulse started; ON until 5745.27s, cooldown until 5749.27s"
5750.03,INFO,"Mister pulse started; ON until 5750.28s, cooldown until 5754.28s"
5762.01,INFO,"Mister pulse started; ON until 5762.26s, cooldown until 5766.26s"
5775.03,INFO,"Mister pulse started; ON until 5775.28s, cooldown until 5779.28s"
5784.01,INFO,"Mister pulse started; ON until 5784.26s, cooldown until 5788.26s"
5789.02,INFO,"Mister pulse started; ON until 5789.27s, cooldown until 5793.27s"
5801.05,INFO,"Mister pulse started; ON until 5801.30s, cooldown until 5805.30s"
5812.04,INFO,"Mister pulse started; ON until 5812.29s, cooldown until 5816.29s"
5827.02,INFO,"Mister pulse started; ON until 5827.27s, cooldown until 5831.27s"
5841.01,INFO,"Mister pulse started; ON until 5841.26s, cooldown until 5845.26s"
5853.04,INFO,"Mister pulse started; ON until 5853.29s, cooldown until 5857.29s"
5858.05,INFO,"Mister pulse started; ON until 5858.30s, cooldown until 5862.30s"
5875.04,INFO,"Mister pulse started; ON until 5875.29s, cooldown until 5879.29s"
5888.05,INFO,"Mister pulse started; ON until 5888.30s, cooldown until 5892.30s"
5898.02,INFO,"Mister pulse started; ON until 5898.27s, cooldown until 5902.27s"
5913.05,INFO,"Mister pulse started; ON until 5913.30s, cooldown until 5917.30s"
5925.04,INFO,"Mister pulse started; ON until 5925.29s, cooldown until 5929.29s"
5930.05,INFO,"Mister pulse started; ON until 5930.30s, cooldown until 5934.30s"
5947.03,INFO,"Mister pulse started; ON until 5947.28s, cooldown until 5951.28s"
5952.05,INFO,"Mister pulse started; ON until 5952.30s, cooldown until 5956.30s"
5967.03,INFO,"Mister pulse started; ON until 5967.28s, cooldown until 5971.28s"
5979.01,INFO,"Mister pulse started; ON until 5979.26s, cooldown until 5983.26s"
5984.02,INFO,"Mister pulse started; ON until 5984.27s, cooldown until 5988.27s"
6002.04,INFO,"Mister pulse started; ON until 6002.29s, cooldown until 6006.29s"
6007.00,INFO,"Mister pulse started; ON until 6007.25s, cooldown until 6011.25s"
6025.03,INFO,"Mister pulse started; ON until 6025.28s, cooldown until 6029.28s"
6030.04,INFO,"Mister pulse started; ON until 6030.29s, cooldown until 6034.29s"
6043.04,INFO,"Mister pulse started; ON until 6043.29s, cooldown until 6047.29s"
6051.04,INFO,"Mister pulse started; ON until 6051.29s, cooldown until 6055.29s"
6061.02,INFO,"Mister pulse started; ON until 6061.27s, cooldown until 6065.27s"
6074.03,INFO,"Mister pulse started; ON until 6074.28s, cooldown until 6078.28s"
6081.00,INFO,"Mister pulse started; ON until 6081.25s, cooldown until 6085.25s"
6091.02,INFO,"Mister pulse started; ON until 6091.27s, cooldown until 6095.27s"
6102.02,INFO,"Mister pulse started; ON until 6102.27s, cooldown until 6106.27s"
6116.01,INFO,"Mister pulse started; ON until 6116.26s, cooldown until 6120.26s"
6127.00,INFO,"Mister pulse started; ON until 6127.25s, cooldown until 6131.25s"
6134.03,INFO,"Mister pulse started; ON until 6134.28s, cooldown until 6138.28s"
6150.03,INFO,"Mister pulse started; ON until 6150.28s, cooldown until 6154.28s"
6164.03,INFO,"Mister pulse started; ON until 6164.28s, cooldown until 6168.28s"
6175.02,INFO,"Mister pulse started; ON until 6175.27s, cooldown until 6179.27s"
6183.02,INFO,"Mister pulse started; ON until 6183.27s, cooldown until 6187.27s"
6188.04,INFO,"Mister pulse started; ON until 6188.29s, cooldown until 6192.29s"
6204.01,INFO,"Mister pulse started; ON until 6204.26s, cooldown until 6208.26s"
6218.00,INFO,"Mister pulse started; ON until 6218.25s, cooldown until 6222.25s"
6230.03,INFO,"Mister pulse started; ON until 6230.28s, cooldown until 6234.28s"
6235.04,INFO,"Mister pulse started; ON until 6235.29s, cooldown until 6239.29s"
6249.03,INFO,"Mister pulse started; ON until 6249.28s, cooldown until 6253.28s"
6259.00,INFO,"Mister pulse started; ON until 6259.25s, cooldown until 6263.25s"
6275.01,INFO,"Mister pulse started; ON until 6275.26s, cooldown until 6279.26s"
6289.04,INFO,"Mister pulse started; ON until 6289.29s, cooldown until 6293.29s"
6294.00,INFO,"Mister pulse started; ON until 6294.25s, cooldown until 6298.25s"
6309.03,INFO,"Mister pulse started; ON until 6309.28s, cooldown until 6313.28s"
6314.04,INFO,"Mister pulse started; ON until 6314.29s, cooldown until 6318.29s"
6327.01,INFO,"Mister pulse started; ON until 6327.26s, cooldown until 6331.26s"
6338.01,INFO,"Mister pulse started; ON until 6338.26s, cooldown until 6342.26s"
6351.02,INFO,"Mister pulse started; ON until 6351.27s, cooldown until 6355.27s"
6364.03,INFO,"Mister pulse started; ON until 6364.28s, cooldown until 6368.28s"
6369.05,INFO,"Mister pulse started; ON until 6369.30s, cooldown until 6373.30s"
6383.04,INFO,"Mister pulse started; ON until 6383.29s, cooldown until 6387.29s"
6391.04,INFO,"Mister pulse started; ON until 6391.29s, cooldown until 6395.29s"
6404.05,INFO,"Mister pulse started; ON until 6404.30s, cooldown until 6408.30s"
6409.01,INFO,"Mister pulse started; ON until 6409.26s, cooldown until 6413.26s"
6427.03,INFO,"Mister pulse started; ON until 6427.28s, cooldown until 6431.28s"
6432.05,INFO,"Mister pulse started; ON until 6432.30s, cooldown until 6436.30s"
6446.04,INFO,"Mister pulse started; ON until 6446.29s, cooldown until 6450.29s"
6458.01,INFO,"Mister pulse started; ON until 6458.26s, cooldown until 6462.26s"
6463.02,INFO,"Mister pulse started; ON until 6463.27s, cooldown until 6467.27s"
6477.02,INFO,"Mister pulse started; ON until 6477.27s, cooldown until 6481.27s"
6486.00,INFO,"Mister pulse started; ON until 6486.25s, cooldown until 6490.25s"
6500.04,INFO,"Mister pulse started; ON until 6500.29s, cooldown until 6504.29s"
6510.01,INFO,"Mister pulse started; ON until 6510.26s, cooldown until 6514.26s"
6522.04,INFO,"Mister pulse started; ON until 6522.29s, cooldown until 6526.29s"
6527.01,INFO,"Mister pulse started; ON until 6527.26s, cooldown until 6531.26s"
6544.05,INFO,"Mister pulse started; ON until 6544.30s, cooldown until 6548.30s"
6558.04,INFO,"Mister pulse started; ON until 6558.29s, cooldown until 6562.29s"
6571.05,INFO,"Mister pulse started; ON until 6571.30s, cooldown until 6575.30s"
6580.03,INFO,"Mister pulse started; ON until 6580.28s, cooldown until 6584.28s"
6591.03,INFO,"Mister pulse started; ON until 6591.28s, cooldown until 6595.28s"
6606.00,INFO,"Mister pulse started; ON until 6606.25s, cooldown until 6610.25s"
6621.03,INFO,"Mister pulse started; ON until 6621.28s, cooldown until 6625.28s"
6633.01,INFO,"Mister pulse started; ON until 6633.26s, cooldown until 6637.26s"
6638.02,INFO,"Mister pulse started; ON until 6638.27s, cooldown until 6642.27s"
6656.04,INFO,"Mister pulse started; ON until 6656.29s, cooldown until 6660.29s"
6661.01,INFO,"Mister pulse started; ON until 6661.26s, cooldown until 6665.26s"
6678.05,INFO,"Mister pulse started; ON until 6678.30s, cooldown until 6682.30s"
6692.04,INFO,"Mister pulse started; ON until 6692.29s, cooldown until 6696.29s"
6703.04,INFO,"Mister pulse started; ON until 6703.29s, cooldown until 6707.29s"
6709.04,INFO,"Mister pulse started; ON until 6709.29s, cooldown until 6713.29s"
6727.00,INFO,"Mister pulse started; ON until 6727.25s, cooldown until 6731.25s"
6732.01,INFO,"Mister pulse started; ON until 6732.26s, cooldown until 6736.26s"
6748.02,INFO,"Mister pulse started; ON until 6748.27s, cooldown until 6752.27s"
6763.04,INFO,"Mister pulse started; ON until 6763.29s, cooldown until 6767.29s"
6775.02,INFO,"Mister pulse started; ON until 6775.27s, cooldown until 6779.27s"
6784.00,INFO,"Mister pulse started; ON until 6784.25s, cooldown until 6788.25s"
6795.05,INFO,"Mister pulse started; ON until 6795.30s, cooldown until 6799.30s"
6810.02,INFO,"Mister pulse started; ON until 6810.27s, cooldown until 6814.27s"
6822.05,INFO,"Mister pulse started; ON until 6822.30s, cooldown until 6826.30s"
6827.01,INFO,"Mister pulse started; ON until 6827.26s, cooldown until 6831.26s"
6843.02,INFO,"Mister pulse started; ON until 6843.27s, cooldown until 6847.27s"
6857.02,INFO,"Mister pulse started; ON until 6857.27s, cooldown until 6861.27s"
6869.04,INFO,"Mister pulse started; ON until 6869.29s, cooldown until 6873.29s"
6877.04,INFO,"Mister pulse started; ON until 6877.29s, cooldown until 6881.29s"
6882.00,INFO,"Mister pulse started; ON until 6882.25s, cooldown until 6886.25s"
6900.02,INFO,"Mister pulse started; ON until 6900.27s, cooldown until 6904.27s"
6905.03,INFO,"Mister pulse started; ON until 6905.28s, cooldown until 6909.28s"
6919.02,INFO,"Mister pulse started; ON until 6919.27s, cooldown until 6923.27s"
6930.02,INFO,"Mister pulse started; ON until 6930.27s, cooldown until 6934.27s"
6946.02,INFO,"Mister pulse started; ON until 6946.27s, cooldown until 6950.27s"
6958.05,INFO,"Mister pulse started; ON until 6958.30s, cooldown until 6962.30s"
6970.03,INFO,"Mister pulse started; ON until 6970.28s, cooldown until 6974.28s"
6984.01,INFO,"Mister pulse started; ON until 6984.26s, cooldown until 6988.26s"
6995.00,INFO,"Mister pulse started; ON until 6995.25s, cooldown until 6999.25s"
7002.03,INFO,"Mister pulse started; ON until 7002.28s, cooldown until 7006.28s"
7020.01,INFO,"Mister pulse started; ON until 7020.26s, cooldown until 7024.26s"
7025.02,INFO,"Mister pulse started; ON until 7025.27s, cooldown until 7029.27s"
7042.00,INFO,"Mister pulse started; ON until 7042.25s, cooldown until 7046.25s"
7047.02,INFO,"Mister pulse started; ON until 7047.27s, cooldown until 7051.27s"
7062.04,INFO,"Mister pulse started; ON until 7062.29s, cooldown until 7066.29s"
7070.05,INFO,"Mister pulse started; ON until 7070.30s, cooldown until 7074.30s"
7084.04,INFO,"Mister pulse started; ON until 7084.29s, cooldown until 7088.29s"
7089.00,INFO,"Mister pulse started; ON until 7089.25s, cooldown until 7093.25s"
7098.04,INFO,"Mister pulse started; ON until 7098.29s, cooldown until 7102.29s"
7103.05,INFO,"Mister pulse started; ON until 7103.30s, cooldown until 7107.30s"
7118.03,INFO,"Mister pulse started; ON until 7118.28s, cooldown until 7122.28s"
7132.02,INFO,"Mister pulse started; ON until 7132.27s, cooldown until 7136.27s"
7139.04,INFO,"Mister pulse started; ON until 7139.29s, cooldown until 7143.29s"
7151.03,INFO,"Mister pulse started; ON until 7151.28s, cooldown until 7155.28s"
7165.03,INFO,"Mister pulse started; ON until 7165.28s, cooldown until 7169.28s"
7176.04,INFO,"Mister pulse started; ON until 7176.29s, cooldown until 7180.29s"
7184.05,INFO,"Mister pulse started; ON until 7184.30s, cooldown until 7188.30s"
7190.05,INFO,"Mister pulse started; ON until 7190.30s, cooldown until 7194.30s"
7208.01,INFO,"Mister pulse started; ON until 7208.26s, cooldown until 7212.26s"
7213.02,INFO,"Mister pulse started; ON until 7213.27s, cooldown until 7217.27s"
7232.03,INFO,"Mister pulse started; ON until 7232.28s, cooldown until 7236.28s"
7237.04,INFO,"Mister pulse started; ON until 7237.29s, cooldown until 7241.29s"
7257.02,INFO,"Mister pulse started; ON until 7257.27s, cooldown until 7261.27s"
7267.04,INFO,"Mister pulse started; ON until 7267.29s, cooldown until 7271.29s"
7280.01,INFO,"Mister pulse started; ON until 7280.26s, cooldown until 7284.26s"
7293.03,INFO,"Mister pulse started; ON until 7293.28s, cooldown until 7297.28s"
7299.03,INFO,"Mister pulse started; ON until 7299.28s, cooldown until 7303.28s"
7317.04,INFO,"Mister pulse started; ON until 7317.29s, cooldown until 7321.29s"
7322.01,INFO,"Mister pulse started; ON until 7322.26s, cooldown until 7326.26s"
7338.02,INFO,"Mister pulse started; ON until 7338.27s, cooldown until 7342.27s"
7357.02,INFO,"Mister pulse started; ON until 7357.27s, cooldown until 7361.27s"
7367.04,INFO,"Mister pulse started; ON until 7367.29s, cooldown until 7371.29s"
7376.03,INFO,"Mister pulse started; ON until 7376.28s, cooldown until 7380.28s"
7392.04,INFO,"Mister pulse started; ON until 7392.29s, cooldown until 7396.29s"
7406.04,INFO,"Mister pulse started; ON until 7406.29s, cooldown until 7410.29s"
7418.02,INFO,"Mister pulse started; ON until 7418.27s, cooldown until 7422.27s"
7423.03,INFO,"Mister pulse started; ON until 7423.28s, cooldown until 7427.28s"
7439.03,INFO,"Mister pulse started; ON until 7439.28s, cooldown until 7443.28s"
7453.03,INFO,"Mister pulse started; ON until 7453.28s, cooldown until 7457.28s"
7463.04,INFO,"Mister pulse started; ON until 7463.29s, cooldown until 7467.29s"
7477.03,INFO,"Mister pulse started; ON until 7477.28s, cooldown until 7481.28s"
7489.01,INFO,"Mister pulse started; ON until 7489.26s, cooldown until 7493.26s"
7497.02,INFO,"Mister pulse started; ON until 7497.27s, cooldown until 7501.27s"
7504.04,INFO,"Mister pulse started; ON until 7504.29s, cooldown until 7508.29s"
7522.01,INFO,"Mister pulse started; ON until 7522.26s, cooldown until 7526.26s"
7531.04,INFO,"Mister pulse started; ON until 7531.29s, cooldown until 7535.29s"
7540.03,INFO,"Mister pulse started; ON until 7540.28s, cooldown until 7544.28s"
7553.04,INFO,"Mister pulse started; ON until 7553.29s, cooldown until 7557.29s"
7558.05,INFO,"Mister pulse started; ON until 7558.30s, cooldown until 7562.30s"
7574.02,INFO,"Mister pulse started; ON until 7574.27s, cooldown until 7578.27s"
7590.03,INFO,"Mister pulse started; ON until 7590.28s, cooldown until 7594.28s"
7606.04,INFO,"Mister pulse started; ON until 7606.29s, cooldown until 7610.29s"
7621.02,INFO,"Mister pulse started; ON until 7621.27s, cooldown until 7625.27s"
7636.05,INFO,"Mister pulse started; ON until 7636.30s, cooldown until 7640.30s"
7649.01,INFO,"Mister pulse started; ON until 7649.26s, cooldown until 7653.26s"
7662.02,INFO,"Mister pulse started; ON until 7662.27s, cooldown until 7666.27s"
7667.03,INFO,"Mister pulse started; ON until 7667.28s, cooldown until 7671.28s"
7683.04,INFO,"Mister pulse started; ON until 7683.29s, cooldown until 7687.29s"
7697.03,INFO,"Mister pulse started; ON until 7697.28s, cooldown until 7701.28s"
7707.05,INFO,"Mister pulse started; ON until 7707.30s, cooldown until 7711.30s"
7723.00,INFO,"Mister pulse started; ON until 7723.25s, cooldown until 7727.25s"
7739.01,INFO,"Mister pulse started; ON until 7739.26s, cooldown until 7743.26s"
7753.04,INFO,"Mister pulse started; ON until 7753.29s, cooldown until 7757.29s"
7766.00,INFO,"Mister pulse started; ON until 7766.25s, cooldown until 7770.25s"
7776.02,INFO,"Mister pulse started; ON until 7776.27s, cooldown until 7780.27s"
7788.00,INFO,"Mister pulse started; ON until 7788.25s, cooldown until 7792.25s"
7793.02,INFO,"Mister pulse started; ON until 7793.27s, cooldown until 7797.27s"
7809.02,INFO,"Mister pulse started; ON until 7809.27s, cooldown until 7813.27s"
7821.01,INFO,"Mister pulse started; ON until 7821.26s, cooldown until 7825.26s"
7832.00,INFO,"Mister pulse started; ON until 7832.25s, cooldown until 7836.25s"
7843.00,INFO,"Mister pulse started; ON until 7843.25s, cooldown until 7847.25s"
7852.04,INFO,"Mister pulse started; ON until 7852.29s, cooldown until 7856.29s"
7857.00,INFO,"Mister pulse started; ON until 7857.25s, cooldown until 7861.25s"
7875.02,INFO,"Mister pulse started; ON until 7875.27s, cooldown until 7879.27s"
7880.03,INFO,"Mister pulse started; ON until 7880.28s, cooldown until 7884.28s"
7894.02,INFO,"Mister pulse started; ON until 7894.27s, cooldown until 7898.27s"
7906.00,INFO,"Mister pulse started; ON until 7906.25s, cooldown until 7910.25s"
7911.01,INFO,"Mister pulse started; ON until 7911.26s, cooldown until 7915.26s"
7927.02,INFO,"Mister pulse started; ON until 7927.27s, cooldown until 7931.27s"
7940.03,INFO,"Mister pulse started; ON until 7940.28s, cooldown until 7944.28s"
7949.02,INFO,"Mister pulse started; ON until 7949.27s, cooldown until 7953.27s"
7961.05,INFO,"Mister pulse started; ON until 7961.30s, cooldown until 7965.30s"
7976.03,INFO,"Mister pulse started; ON until 7976.28s, cooldown until 7980.28s"
7992.03,INFO,"Mister pulse started; ON until 7992.28s, cooldown until 7996.28s"
8006.02,INFO,"Mister pulse started; ON until 8006.27s, cooldown until 8010.27s"
8019.04,INFO,"Mister pulse started; ON until 8019.29s, cooldown until 8023.29s"
8024.05,INFO,"Mister pulse started; ON until 8024.30s, cooldown until 8028.30s"
8042.01,INFO,"Mister pulse started; ON until 8042.26s, cooldown until 8046.26s"
8051.00,INFO,"Mister pulse started; ON until 8051.25s, cooldown until 8055.25s"
8064.01,INFO,"Mister pulse started; ON until 8064.26s, cooldown until 8068.26s"
8069.03,INFO,"Mister pulse started; ON until 8069.28s, cooldown until 8073.28s"
8082.04,INFO,"Mister pulse started; ON until 8082.29s, cooldown until 8086.29s"
8093.03,INFO,"Mister pulse started; ON until 8093.28s, cooldown until 8097.28s"
8105.01,INFO,"Mister pulse started; ON until 8105.26s, cooldown until 8109.26s"
8110.03,INFO,"Mister pulse started; ON until 8110.28s, cooldown until 8114.28s"
8128.05,INFO,"Mister pulse started; ON until 8128.30s, cooldown until 8132.30s"
8133.01,INFO,"Mister pulse started; ON until 8133.26s, cooldown until 8137.26s"
8151.02,INFO,"Mister pulse started; ON until 8151.27s, cooldown until 8155.27s"
8156.04,INFO,"Mister pulse started; ON until 8156.29s, cooldown until 8160.29s"
8173.03,INFO,"Mister pulse started; ON until 8173.28s, cooldown until 8177.28s"
8188.00,INFO,"Mister pulse started; ON until 8188.25s, cooldown until 8192.25s"
8203.02,INFO,"Mister pulse started; ON until 8203.27s, cooldown until 8207.27s"
8216.03,INFO,"Mister pulse started; ON until 8216.28s, cooldown until 8220.28s"
8221.04,INFO,"Mister pulse started; ON until 8221.29s, cooldown until 8225.29s"
8240.04,INFO,"Mister pulse started; ON until 8240.29s, cooldown until 8244.29s"
8245.05,INFO,"Mister pulse started; ON until 8245.30s, cooldown until 8249.30s"
8263.02,INFO,"Mister pulse started; ON until 8263.27s, cooldown until 8267.27s"
8274.02,INFO,"Mister pulse started; ON until 8274.27s, cooldown until 8278.27s"
8287.03,INFO,"Mister pulse started; ON until 8287.28s, cooldown until 8291.28s"
8295.04,INFO,"Mister pulse started; ON until 8295.29s, cooldown until 8299.29s"
8305.01,INFO,"Mister pulse started; ON until 8305.26s, cooldown until 8309.26s"
8318.02,INFO,"Mister pulse started; ON until 8318.27s, cooldown until 8322.27s"
8328.04,INFO,"Mister pulse started; ON until 8328.29s, cooldown until 8332.29s"
8337.02,INFO,"Mister pulse started; ON until 8337.27s, cooldown until 8341.27s"
8353.03,INFO,"Mister pulse started; ON until 8353.28s, cooldown until 8357.28s"
8366.04,INFO,"Mister pulse started; ON until 8366.29s, cooldown until 8370.29s"
8374.05,INFO,"Mister pulse started; ON until 8374.30s, cooldown until 8378.30s"
8384.02,INFO,"Mister pulse started; ON until 8384.27s, cooldown until 8388.27s"
8396.04,INFO,"Mister pulse started; ON until 8396.29s, cooldown until 8400.29s"
8402.04,INFO,"Mister pulse started; ON until 8402.29s, cooldown until 8406.29s"
8420.01,INFO,"Mister pulse started; ON until 8420.26s, cooldown until 8424.26s"
8428.01,INFO,"Mister pulse started; ON until 8428.26s, cooldown until 8432.26s"
8434.00,INFO,"Mister pulse started; ON until 8434.25s, cooldown until 8438.25s"
8445.05,INFO,"Mister pulse started; ON until 8445.30s, cooldown until 8449.30s"
8455.01,INFO,"Mister pulse started; ON until 8455.26s, cooldown until 8459.26s"
8468.02,INFO,"Mister pulse started; ON until 8468.27s, cooldown until 8472.27s"
8474.01,INFO,"Mister pulse started; ON until 8474.26s, cooldown until 8478.26s"
8485.01,INFO,"Mister pulse started; ON until 8485.26s, cooldown until 8489.26s"
8496.01,INFO,"Mister pulse started; ON until 8496.26s, cooldown until 8500.26s"
8511.03,INFO,"Mister pulse started; ON until 8511.28s, cooldown until 8515.28s"
8526.01,INFO,"Mister pulse started; ON until 8526.26s, cooldown until 8530.26s"
8537.01,INFO,"Mister pulse started; ON until 8537.26s, cooldown until 8541.26s"
8545.01,INFO,"Mister pulse started; ON until 8545.26s, cooldown until 8549.26s"
8550.02,INFO,"Mister pulse started; ON until 8550.27s, cooldown until 8554.27s"
8565.00,INFO,"Mister pulse started; ON until 8565.25s, cooldown until 8569.25s"
8578.01,INFO,"Mister pulse started; ON until 8578.26s, cooldown until 8582.26s"
8587.01,INFO,"Mister pulse started; ON until 8587.26s, cooldown until 8591.26s"
8599.05,INFO,"Mister pulse started; ON until 8599.30s, cooldown until 8603.30s"
8616.03,INFO,"Mister pulse started; ON until 8616.28s, cooldown until 8620.28s"
8621.04,INFO,"Mister pulse started; ON until 8621.29s, cooldown until 8625.29s"
8636.03,INFO,"Mister pulse started; ON until 8636.28s, cooldown until 8640.28s"
8651.01,INFO,"Mister pulse started; ON until 8651.26s, cooldown until 8655.26s"
8665.00,INFO,"Mister pulse started; ON until 8665.25s, cooldown until 8669.25s"
8676.01,INFO,"Mister pulse started; ON until 8676.26s, cooldown until 8680.26s"
8691.04,INFO,"Mister pulse started; ON until 8691.29s, cooldown until 8695.29s"
8706.02,INFO,"Mister pulse started; ON until 8706.27s, cooldown until 8710.27s"
8717.01,INFO,"Mister pulse started; ON until 8717.26s, cooldown until 8721.26s"
8724.03,INFO,"Mister pulse started; ON until 8724.28s, cooldown until 8728.28s"
8742.00,INFO,"Mister pulse started; ON until 8742.25s, cooldown until 8746.25s"
8747.01,INFO,"Mister pulse started; ON until 8747.26s, cooldown until 8751.26s"
8766.01,INFO,"Mister pulse started; ON until 8766.26s, cooldown until 8770.26s"
8771.02,INFO,"Mister pulse started; ON until 8771.27s, cooldown until 8775.27s"
8791.00,INFO,"Mister pulse started; ON until 8791.25s, cooldown until 8795.25s"
8801.02,INFO,"Mister pulse started; ON until 8801.27s, cooldown until 8805.27s"
8817.03,INFO,"Mister pulse started; ON until 8817.28s, cooldown until 8821.28s"
8830.04,INFO,"Mister pulse started; ON until 8830.29s, cooldown until 8834.29s"
8837.02,INFO,"Mister pulse started; ON until 8837.27s, cooldown until 8841.27s"
8847.04,INFO,"Mister pulse started; ON until 8847.29s, cooldown until 8851.29s"
8860.00,INFO,"Mister pulse started; ON until 8860.25s, cooldown until 8864.25s"
8871.05,INFO,"Mister pulse started; ON until 8871.30s, cooldown until 8875.30s"
8882.04,INFO,"Mister pulse started; ON until 8882.29s, cooldown until 8886.29s"
8898.05,INFO,"Mister pulse started; ON until 8898.30s, cooldown until 8902.30s"
8913.02,INFO,"Mister pulse started; ON until 8913.27s, cooldown until 8917.27s"
8928.05,INFO,"Mister pulse started; ON until 8928.30s, cooldown until 8932.30s"
8942.03,INFO,"Mister pulse started; ON until 8942.28s, cooldown until 8946.28s"
8952.05,INFO,"Mister pulse started; ON until 8952.30s, cooldown until 8956.30s"
8965.01,INFO,"Mister pulse started; ON until 8965.26s, cooldown until 8969.26s"
8978.02,INFO,"Mister pulse started; ON until 8978.27s, cooldown until 8982.27s"
8983.03,INFO,"Mister pulse started; ON until 8983.28s, cooldown until 8987.28s"
8997.02,INFO,"Mister pulse started; ON until 8997.27s, cooldown until 9001.27s"
9009.00,INFO,"Mister pulse started; ON until 9009.25s, cooldown until 9013.25s"
9017.00,INFO,"Mister pulse started; ON until 9017.25s, cooldown until 9021.25s"
9022.01,INFO,"Mister pulse started; ON until 9022.26s, cooldown until 9026.26s"
9038.02,INFO,"Mister pulse started; ON until 9038.27s, cooldown until 9042.27s"
9052.01,INFO,"Mister pulse started; ON until 9052.26s, cooldown until 9056.26s"
9064.05,INFO,"Mister pulse started; ON until 9064.30s, cooldown until 9068.30s"
9079.02,INFO,"Mister pulse started; ON until 9079.27s, cooldown until 9083.27s"
9095.04,INFO,"Mister pulse started; ON until 9095.29s, cooldown until 9099.29s"
9110.01,INFO,"Mister pulse started; ON until 9110.26s, cooldown until 9114.26s"
9125.03,INFO,"Mister pulse started; ON until 9125.28s, cooldown until 9129.28s"
9139.02,INFO,"Mister pulse started; ON until 9139.27s, cooldown until 9143.27s"
9151.00,INFO,"Mister pulse started; ON until 9151.25s, cooldown until 9155.25s"
9156.01,INFO,"Mister pulse started; ON until 9156.26s, cooldown until 9160.26s"
9170.00,INFO,"Mister pulse started; ON until 9170.25s, cooldown until 9174.25s"
9182.04,INFO,"Mister pulse started; ON until 9182.29s, cooldown until 9186.29s"
9197.01,INFO,"Mister pulse started; ON until 9197.26s, cooldown until 9201.26s"
9212.04,INFO,"Mister pulse started; ON until 9212.29s, cooldown until 9216.29s"
9221.02,INFO,"Mister pulse started; ON until 9221.27s, cooldown until 9225.27s"
9239.04,INFO,"Mister pulse started; ON until 9239.29s, cooldown until 9243.29s"
9244.00,INFO,"Mister pulse started; ON until 9244.25s, cooldown until 9248.25s"
9260.01,INFO,"Mister pulse started; ON until 9260.26s, cooldown until 9264.26s"
9278.02,INFO,"Mister pulse started; ON until 9278.27s, cooldown until 9282.27s"
9283.03,INFO,"Mister pulse started; ON until 9283.28s, cooldown until 9287.28s"
9299.04,INFO,"Mister pulse started; ON until 9299.29s, cooldown until 9303.29s"
9314.01,INFO,"Mister pulse started; ON until 9314.26s, cooldown until 9318.26s"
9327.02,INFO,"Mister pulse started; ON until 9327.27s, cooldown until 9331.27s"
9337.04,INFO,"Mister pulse started; ON until 9337.29s, cooldown until 9341.29s"
9347.02,INFO,"Mister pulse started; ON until 9347.27s, cooldown until 9351.27s"
9364.01,INFO,"Mister pulse started; ON until 9364.26s, cooldown until 9368.26s"
9369.02,INFO,"Mister pulse started; ON until 9369.27s, cooldown until 9373.27s"
9382.03,INFO,"Mister pulse started; ON until 9382.28s, cooldown until 9386.28s"
9387.04,INFO,"Mister pulse started; ON until 9387.29s, cooldown until 9391.29s"
9409.04,INFO,"Mister pulse started; ON until 9409.29s, cooldown until 9413.29s"
9420.03,INFO,"Mister pulse started; ON until 9420.28s, cooldown until 9424.28s"
9425.04,INFO,"Mister pulse started; ON until 9425.29s, cooldown until 9429.29s"
9441.05,INFO,"Mister pulse started; ON until 9441.30s, cooldown until 9445.30s"
9455.04,INFO,"Mister pulse started; ON until 9455.29s, cooldown until 9459.29s"
9465.01,INFO,"Mister pulse started; ON until 9465.26s, cooldown until 9469.26s"
9480.03,INFO,"Mister pulse started; ON until 9480.28s, cooldown until 9484.28s"
9494.03,INFO,"Mister pulse started; ON until 9494.28s, cooldown until 9498.28s"
9505.04,INFO,"Mister pulse started; ON until 9505.29s, cooldown until 9509.29s"
9519.03,INFO,"Mister pulse started; ON until 9519.28s, cooldown until 9523.28s"
9532.04,INFO,"Mister pulse started; ON until 9532.29s, cooldown until 9536.29s"
9542.00,INFO,"Mister pulse started; ON until 9542.25s, cooldown until 9546.25s"
9556.04,INFO,"Mister pulse started; ON until 9556.29s, cooldown until 9560.29s"
9561.00,INFO,"Mister pulse started; ON until 9561.25s, cooldown until 9565.25s"
9573.04,INFO,"Mister pulse started; ON until 9573.29s, cooldown until 9577.29s"
9582.02,INFO,"Mister pulse started; ON until 9582.27s, cooldown until 9586.27s"
9596.02,INFO,"Mister pulse started; ON until 9596.27s, cooldown until 9600.27s"
9608.05,INFO,"Mister pulse started; ON until 9608.30s, cooldown until 9612.30s"
9623.02,INFO,"Mister pulse started; ON until 9623.27s, cooldown until 9627.27s"
9638.05,INFO,"Mister pulse started; ON until 9638.30s, cooldown until 9642.30s"
9650.03,INFO,"Mister pulse started; ON until 9650.28s, cooldown until 9654.28s"
9655.04,INFO,"Mister pulse started; ON until 9655.29s, cooldown until 9659.29s"
9672.02,INFO,"Mister pulse started; ON until 9672.27s, cooldown until 9676.27s"
9677.03,INFO,"Mister pulse started; ON until 9677.28s, cooldown until 9681.28s"
9693.03,INFO,"Mister pulse started; ON until 9693.28s, cooldown until 9697.28s"
9706.04,INFO,"Mister pulse started; ON until 9706.29s, cooldown until 9710.29s"
9711.05,INFO,"Mister pulse started; ON until 9711.30s, cooldown until 9715.30s"
9729.02,INFO,"Mister pulse started; ON until 9729.27s, cooldown until 9733.27s"
9734.03,INFO,"Mister pulse started; ON until 9734.28s, cooldown until 9738.28s"
9753.03,INFO,"Mister pulse started; ON until 9753.28s, cooldown until 9757.28s"
9760.05,INFO,"Mister pulse started; ON until 9760.30s, cooldown until 9764.30s"
9768.05,INFO,"Mister pulse started; ON until 9768.30s, cooldown until 9772.30s"
9775.02,INFO,"Mister pulse started; ON until 9775.27s, cooldown until 9779.27s"
9781.01,INFO,"Mister pulse started; ON until 9781.26s, cooldown until 9785.26s"
9799.03,INFO,"Mister pulse started; ON until 9799.28s, cooldown until 9803.28s"
9804.04,INFO,"Mister pulse started; ON until 9804.29s, cooldown until 9808.29s"
9819.01,INFO,"Mister pulse started; ON until 9819.26s, cooldown until 9823.26s"
9833.00,INFO,"Mister pulse started; ON until 9833.25s, cooldown until 9837.25s"
9843.02,INFO,"Mister pulse started; ON until 9843.27s, cooldown until 9847.27s"
9857.02,INFO,"Mister pulse started; ON until 9857.27s, cooldown until 9861.27s"
9869.05,INFO,"Mister pulse started; ON until 9869.30s, cooldown until 9873.30s"
9882.00,INFO,"Mister pulse started; ON until 9882.25s, cooldown until 9886.25s"
9894.03,INFO,"Mister pulse started; ON until 9894.28s, cooldown until 9898.28s"
9899.04,INFO,"Mister pulse started; ON until 9899.29s, cooldown until 9903.29s"
9915.01,INFO,"Mister pulse started; ON until 9915.26s, cooldown until 9919.26s"
9931.02,INFO,"Mister pulse started; ON until 9931.27s, cooldown until 9935.27s"
9944.04,INFO,"Mister pulse started; ON until 9944.29s, cooldown until 9948.29s"
9954.01,INFO,"Mister pulse started; ON until 9954.26s, cooldown until 9958.26s"
9970.02,INFO,"Mister pulse started; ON until 9970.27s, cooldown until 9974.27s"
9984.01,INFO,"Mister pulse started; ON until 9984.26s, cooldown until 9988.26s"
9996.04,INFO,"Mister pulse started; ON until 9996.29s, cooldown until 10000.29s"
10001.00,INFO,"Mister pulse started; ON until 10001.25s, cooldown until 10005.25s"
10019.03,INFO,"Mister pulse started; ON until 10019.28s, cooldown until 10023.28s"
10024.04,INFO,"Mister pulse started; ON until 10024.29s, cooldown until 10028.29s"
10039.02,INFO,"Mister pulse started; ON until 10039.27s, cooldown until 10043.27s"
10052.03,INFO,"Mister pulse started; ON until 10052.28s, cooldown until 10056.28s"
10057.05,INFO,"Mister pulse started; ON until 10057.30s, cooldown until 10061.30s"
10078.02,INFO,"Mister pulse started; ON until 10078.27s, cooldown until 10082.27s"
10083.02,INFO,"Mister pulse started; ON until 10083.27s, cooldown until 10087.27s"
10098.05,INFO,"Mister pulse started; ON until 10098.30s, cooldown until 10102.30s"
10103.02,INFO,"Mister pulse started; ON until 10103.27s, cooldown until 10107.27s"
10119.03,INFO,"Mister pulse started; ON until 10119.28s, cooldown until 10123.28s"
10133.03,INFO,"Mister pulse started; ON until 10133.28s, cooldown until 10137.28s"
10145.00,INFO,"Mister pulse started; ON until 10145.25s, cooldown until 10149.25s"
10154.04,INFO,"Mister pulse started; ON until 10154.29s, cooldown until 10158.29s"
10162.04,INFO,"Mister pulse started; ON until 10162.29s, cooldown until 10166.29s"
10171.03,INFO,"Mister pulse started; ON until 10171.28s, cooldown until 10175.28s"
10184.04,INFO,"Mister pulse started; ON until 10184.29s, cooldown until 10188.29s"
10189.00,INFO,"Mister pulse started; ON until 10189.25s, cooldown until 10193.25s"
10206.05,INFO,"Mister pulse started; ON until 10206.30s, cooldown until 10210.30s"
10222.05,INFO,"Mister pulse started; ON until 10222.30s, cooldown until 10226.30s"
10236.04,INFO,"Mister pulse started; ON until 10236.29s, cooldown until 10240.29s"
10248.02,INFO,"Mister pulse started; ON until 10248.27s, cooldown until 10252.27s"
10257.01,INFO,"Mister pulse started; ON until 10257.26s, cooldown until 10261.26s"
10268.01,INFO,"Mister pulse started; ON until 10268.26s, cooldown until 10272.26s"
10285.05,INFO,"Mister pulse started; ON until 10285.30s, cooldown until 10289.30s"
10299.04,INFO,"Mister pulse started; ON until 10299.29s, cooldown until 10303.29s"
10313.04,INFO,"Mister pulse started; ON until 10313.29s, cooldown until 10317.29s"
10323.01,INFO,"Mister pulse started; ON until 10323.26s, cooldown until 10327.26s"
10338.03,INFO,"Mister pulse started; ON until 10338.28s, cooldown until 10342.28s"
10352.02,INFO,"Mister pulse started; ON until 10352.27s, cooldown until 10356.27s"
10363.02,INFO,"Mister pulse started; ON until 10363.27s, cooldown until 10367.27s"
10378.05,INFO,"Mister pulse started; ON until 10378.30s, cooldown until 10382.30s"
10391.00,INFO,"Mister pulse started; ON until 10391.25s, cooldown until 10395.25s"
10400.04,INFO,"Mister pulse started; ON until 10400.29s, cooldown until 10404.29s"
10412.02,INFO,"Mister pulse started; ON until 10412.27s, cooldown until 10416.27s"
10417.03,INFO,"Mister pulse started; ON until 10417.28s, cooldown until 10421.28s"
10434.02,INFO,"Mister pulse started; ON until 10434.27s, cooldown until 10438.27s"
10448.02,INFO,"Mister pulse started; ON until 10448.27s, cooldown until 10452.27s"
10459.01,INFO,"Mister pulse started; ON until 10459.26s, cooldown until 10463.26s"
10466.04,INFO,"Mister pulse started; ON until 10466.29s, cooldown until 10470.29s"
10482.04,INFO,"Mister pulse started; ON until 10482.29s, cooldown until 10486.29s"
10498.05,INFO,"Mister pulse started; ON until 10498.30s, cooldown until 10502.30s"
10512.05,INFO,"Mister pulse started; ON until 10512.30s, cooldown until 10516.30s"
10523.04,INFO,"Mister pulse started; ON until 10523.29s, cooldown until 10527.29s"
10533.01,INFO,"Mister pulse started; ON until 10533.26s, cooldown until 10537.26s"
10538.02,INFO,"Mister pulse started; ON until 10538.27s, cooldown until 10542.27s"
10551.04,INFO,"Mister pulse started; ON until 10551.29s, cooldown until 10555.29s"
10563.02,INFO,"Mister pulse started; ON until 10563.27s, cooldown until 10567.27s"
10573.00,INFO,"Mister pulse started; ON until 10573.25s, cooldown until 10577.25s"
10587.04,INFO,"Mister pulse started; ON until 10587.29s, cooldown until 10591.29s"
10592.00,INFO,"Mister pulse started; ON until 10592.25s, cooldown until 10596.25s"
10601.04,INFO,"Mister pulse started; ON until 10601.29s, cooldown until 10605.29s"
10606.00,INFO,"Mister pulse started; ON until 10606.25s, cooldown until 10610.25s"
10624.02,INFO,"Mister pulse started; ON until 10624.27s, cooldown until 10628.27s"
10629.04,INFO,"Mister pulse started; ON until 10629.29s, cooldown until 10633.29s"
10645.05,INFO,"Mister pulse started; ON until 10645.30s, cooldown until 10649.30s"
10657.03,INFO,"Mister pulse started; ON until 10657.28s, cooldown until 10661.28s"
10667.00,INFO,"Mister pulse started; ON until 10667.25s, cooldown until 10671.25s"
10680.01,INFO,"Mister pulse started; ON until 10680.26s, cooldown until 10684.26s"
10685.03,INFO,"Mister pulse started; ON until 10685.28s, cooldown until 10689.28s"
10704.03,INFO,"Mister pulse started; ON until 10704.28s, cooldown until 10708.28s"
10709.04,INFO,"Mister pulse started; ON until 10709.29s, cooldown until 10713.29s"
10728.04,INFO,"Mister pulse started; ON until 10728.29s, cooldown until 10732.29s"
10735.02,INFO,"Mister pulse started; ON until 10735.27s, cooldown until 10739.27s"
10746.02,INFO,"Mister pulse started; ON until 10746.27s, cooldown until 10750.27s"
10760.00,INFO,"Mister pulse started; ON until 10760.25s, cooldown until 10764.25s"
10772.03,INFO,"Mister pulse started; ON until 10772.28s, cooldown until 10776.28s"
10787.01,INFO,"Mister pulse started; ON until 10787.26s, cooldown until 10791.26s"
10802.04,INFO,"Mister pulse started; ON until 10802.29s, cooldown until 10806.29s"
10814.01,INFO,"Mister pulse started; ON until 10814.26s, cooldown until 10818.26s"
10822.02,INFO,"Mister pulse started; ON until 10822.27s, cooldown until 10826.27s"
10832.04,INFO,"Mister pulse started; ON until 10832.29s, cooldown until 10836.29s"
10844.02,INFO,"Mister pulse started; ON until 10844.27s, cooldown until 10848.27s"
10849.04,INFO,"Mister pulse started; ON until 10849.29s, cooldown until 10853.29s"
10864.01,INFO,"Mister pulse started; ON until 10864.26s, cooldown until 10868.26s"
10875.01,INFO,"Mister pulse started; ON until 10875.26s, cooldown until 10879.26s"
10881.05,INFO,"Mister pulse started; ON until 10881.30s, cooldown until 10885.30s"
10895.04,INFO,"Mister pulse started; ON until 10895.29s, cooldown until 10899.29s"
10906.04,INFO,"Mister pulse started; ON until 10906.29s, cooldown until 10910.29s"
10921.01,INFO,"Mister pulse started; ON until 10921.26s, cooldown until 10925.26s"
10936.03,INFO,"Mister pulse started; ON until 10936.28s, cooldown until 10940.28s"
10949.04,INFO,"Mister pulse started; ON until 10949.29s, cooldown until 10953.29s"
10956.01,INFO,"Mister pulse started; ON until 10956.26s, cooldown until 10960.26s"
10967.01,INFO,"Mister pulse started; ON until 10967.26s, cooldown until 10971.26s"
10980.02,INFO,"Mister pulse started; ON until 10980.27s, cooldown until 10984.27s"
10985.04,INFO,"Mister pulse started; ON until 10985.29s, cooldown until 10989.29s"
11004.04,INFO,"Mister pulse started; ON until 11004.29s, cooldown until 11008.29s"
11009.05,INFO,"Mister pulse started; ON until 11009.30s, cooldown until 11013.30s"
11028.00,INFO,"Mister pulse started; ON until 11028.25s, cooldown until 11032.25s"
11036.01,INFO,"Mister pulse started; ON until 11036.26s, cooldown until 11040.26s"
11048.04,INFO,"Mister pulse started; ON until 11048.29s, cooldown until 11052.29s"
11063.02,INFO,"Mister pulse started; ON until 11063.27s, cooldown until 11067.27s"
11077.01,INFO,"Mister pulse started; ON until 11077.26s, cooldown until 11081.26s"
11089.03,INFO,"Mister pulse started; ON until 11089.28s, cooldown until 11093.28s"
11097.04,INFO,"Mister pulse started; ON until 11097.29s, cooldown until 11101.29s"
11102.00,INFO,"Mister pulse started; ON until 11102.25s, cooldown until 11106.25s"
11120.02,INFO,"Mister pulse started; ON until 11120.27s, cooldown until 11124.27s"
11125.03,INFO,"Mister pulse started; ON until 11125.28s, cooldown until 11129.28s"
11138.00,INFO,"Mister pulse started; ON until 11138.25s, cooldown until 11142.25s"
11150.03,INFO,"Mister pulse started; ON until 11150.28s, cooldown until 11154.28s"
11165.02,INFO,"Mister pulse started; ON until 11165.27s, cooldown until 11169.27s"
11179.01,INFO,"Mister pulse started; ON until 11179.26s, cooldown until 11183.26s"
11190.01,INFO,"Mister pulse started; ON until 11190.26s, cooldown until 11194.26s"
11197.03,INFO,"Mister pulse started; ON until 11197.28s, cooldown until 11201.28s"
11212.01,INFO,"Mister pulse started; ON until 11212.26s, cooldown until 11216.26s"
11226.00,INFO,"Mister pulse started; ON until 11226.25s, cooldown until 11230.25s"
11238.04,INFO,"Mister pulse started; ON until 11238.29s, cooldown until 11242.29s"
11245.01,INFO,"Mister pulse started; ON until 11245.26s, cooldown until 11249.26s"
11250.02,INFO,"Mister pulse started; ON until 11250.27s, cooldown until 11254.27s"
11265.05,INFO,"Mister pulse started; ON until 11265.30s, cooldown until 11269.30s"
11276.05,INFO,"Mister pulse started; ON until 11276.30s, cooldown until 11280.30s"
11291.03,INFO,"Mister pulse started; ON until 11291.28s, cooldown until 11295.28s"
11306.01,INFO,"Mister pulse started; ON until 11306.26s, cooldown until 11310.26s"
11319.02,INFO,"Mister pulse started; ON until 11319.27s, cooldown until 11323.27s"
11330.02,INFO,"Mister pulse started; ON until 11330.27s, cooldown until 11334.27s"
11347.01,INFO,"Mister pulse started; ON until 11347.26s, cooldown until 11351.26s"
11352.02,INFO,"Mister pulse started; ON until 11352.27s, cooldown until 11356.27s"
11368.04,INFO,"Mister pulse started; ON until 11368.29s, cooldown until 11372.29s"
11380.03,INFO,"Mister pulse started; ON until 11380.28s, cooldown until 11384.28s"
11388.03,INFO,"Mister pulse started; ON until 11388.28s, cooldown until 11392.28s"
11397.02,INFO,"Mister pulse started; ON until 11397.27s, cooldown until 11401.27s"
11410.03,INFO,"Mister pulse started; ON until 11410.28s, cooldown until 11414.28s"
11415.05,INFO,"Mister pulse started; ON until 11415.30s, cooldown until 11419.30s"
11430.03,INFO,"Mister pulse started; ON until 11430.28s, cooldown until 11434.28s"
11443.03,INFO,"Mister pulse started; ON until 11443.28s, cooldown until 11447.28s"
11448.04,INFO,"Mister pulse started; ON until 11448.29s, cooldown until 11452.29s"
11466.01,INFO,"Mister pulse started; ON until 11466.26s, cooldown until 11470.26s"
11476.03,INFO,"Mister pulse started; ON until 11476.28s, cooldown until 11480.28s"
11487.03,INFO,"Mister pulse started; ON until 11487.28s, cooldown until 11491.28s"
11503.03,INFO,"Mister pulse started; ON until 11503.28s, cooldown until 11507.28s"
11518.01,INFO,"Mister pulse started; ON until 11518.26s, cooldown until 11522.26s"
11532.00,INFO,"Mister pulse started; ON until 11532.25s, cooldown until 11536.25s"
11546.05,INFO,"Mister pulse started; ON until 11546.30s, cooldown until 11550.30s"
11551.00,INFO,"Mister pulse started; ON until 11551.25s, cooldown until 11555.25s"
11562.01,INFO,"Mister pulse started; ON until 11562.26s, cooldown until 11566.26s"
11572.03,INFO,"Mister pulse started; ON until 11572.28s, cooldown until 11576.28s"
11586.02,INFO,"Mister pulse started; ON until 11586.27s, cooldown until 11590.27s"
11595.01,INFO,"Mister pulse started; ON until 11595.26s, cooldown until 11599.26s"
11608.02,INFO,"Mister pulse started; ON until 11608.27s, cooldown until 11612.27s"
11616.02,INFO,"Mister pulse started; ON until 11616.27s, cooldown until 11620.27s"
11621.04,INFO,"Mister pulse started; ON until 11621.29s, cooldown until 11625.29s"
11640.04,INFO,"Mister pulse started; ON until 11640.29s, cooldown until 11644.29s"
11645.01,INFO,"Mister pulse started; ON until 11645.26s, cooldown until 11649.26s"
11655.03,INFO,"Mister pulse started; ON until 11655.28s, cooldown until 11659.28s"
11665.04,INFO,"Mister pulse started; ON until 11665.29s, cooldown until 11669.29s"
11675.01,INFO,"Mister pulse started; ON until 11675.26s, cooldown until 11679.26s"
11690.03,INFO,"Mister pulse started; ON until 11690.28s, cooldown until 11694.28s"
11703.04,INFO,"Mister pulse started; ON until 11703.29s, cooldown until 11707.29s"
11708.05,INFO,"Mister pulse started; ON until 11708.30s, cooldown until 11712.30s"
11726.02,INFO,"Mister pulse started; ON until 11726.27s, cooldown until 11730.27s"
11731.03,INFO,"Mister pulse started; ON until 11731.28s, cooldown until 11735.28s"
11750.03,INFO,"Mister pulse started; ON until 11750.28s, cooldown until 11754.28s"
11755.04,INFO,"Mister pulse started; ON until 11755.29s, cooldown until 11759.29s"
11774.04,INFO,"Mister pulse started; ON until 11774.29s, cooldown until 11778.29s"
11782.01,INFO,"Mister pulse started; ON until 11782.26s, cooldown until 11786.26s"
11795.01,INFO,"Mister pulse started; ON until 11795.26s, cooldown until 11799.26s"
11800.03,INFO,"Mister pulse started; ON until 11800.28s, cooldown until 11804.28s"
11814.02,INFO,"Mister pulse started; ON until 11814.27s, cooldown until 11818.27s"
11826.00,INFO,"Mister pulse started; ON until 11826.25s, cooldown until 11830.25s"
11831.01,INFO,"Mister pulse started; ON until 11831.26s, cooldown until 11835.26s"
11846.03,INFO,"Mister pulse started; ON until 11846.28s, cooldown until 11850.28s"
11855.02,INFO,"Mister pulse started; ON until 11855.27s, cooldown until 11859.27s"
11871.03,INFO,"Mister pulse started; ON until 11871.28s, cooldown until 11875.28s"
11882.03,INFO,"Mister pulse started; ON until 11882.28s, cooldown until 11886.28s"
11887.04,INFO,"Mister pulse started; ON until 11887.29s, cooldown until 11891.29s"
11903.05,INFO,"Mister pulse started; ON until 11903.30s, cooldown until 11907.30s"
11915.02,INFO,"Mister pulse started; ON until 11915.27s, cooldown until 11919.27s"
11926.02,INFO,"Mister pulse started; ON until 11926.27s, cooldown until 11930.27s"
11937.02,INFO,"Mister pulse started; ON until 11937.27s, cooldown until 11941.27s"
11942.03,INFO,"Mister pulse started; ON until 11942.28s, cooldown until 11946.28s"
11958.05,INFO,"Mister pulse started; ON until 11958.30s, cooldown until 11962.30s"
11970.03,INFO,"Mister pulse started; ON until 11970.28s, cooldown until 11974.28s"
11981.03,INFO,"Mister pulse started; ON until 11981.28s, cooldown until 11985.28s"
11994.05,INFO,"Mister pulse started; ON until 11994.30s, cooldown until 11998.30s"
11999.01,INFO,"Mister pulse started; ON until 11999.26s, cooldown until 12003.26s"
12010.01,INFO,"Mister pulse started; ON until 12010.26s, cooldown until 12014.26s"
12024.01,INFO,"Mister pulse started; ON until 12024.26s, cooldown until 12028.26s"
12029.03,INFO,"Mister pulse started; ON until 12029.28s, cooldown until 12033.28s"
12050.05,INFO,"Mister pulse started; ON until 12050.30s, cooldown until 12054.30s"
12055.00,INFO,"Mister pulse started; ON until 12055.25s, cooldown until 12059.25s"
12070.03,INFO,"Mister pulse started; ON until 12070.28s, cooldown until 12074.28s"
12075.04,INFO,"Mister pulse started; ON until 12075.29s, cooldown until 12079.29s"
12090.01,INFO,"Mister pulse started; ON until 12090.26s, cooldown until 12094.26s"
12104.00,INFO,"Mister pulse started; ON until 12104.25s, cooldown until 12108.25s"
12109.01,INFO,"Mister pulse started; ON until 12109.26s, cooldown until 12113.26s"
12123.01,INFO,"Mister pulse started; ON until 12123.26s, cooldown until 12127.26s"
12139.02,INFO,"Mister pulse started; ON until 12139.27s, cooldown until 12143.27s"
12154.04,INFO,"Mister pulse started; ON until 12154.29s, cooldown until 12158.29s"
12166.02,INFO,"Mister pulse started; ON until 12166.27s, cooldown until 12170.27s"
12171.03,INFO,"Mister pulse started; ON until 12171.28s, cooldown until 12175.28s"
12192.04,INFO,"Mister pulse started; ON until 12192.29s, cooldown until 12196.29s"
12197.00,INFO,"Mister pulse started; ON until 12197.25s, cooldown until 12201.25s"
12212.03,INFO,"Mister pulse started; ON until 12212.28s, cooldown until 12216.28s"
12217.04,INFO,"Mister pulse started; ON until 12217.29s, cooldown until 12221.29s"
12232.01,INFO,"Mister pulse started; ON until 12232.26s, cooldown until 12236.26s"
12246.01,INFO,"Mister pulse started; ON until 12246.26s, cooldown until 12250.26s"
12255.05,INFO,"Mister pulse started; ON until 12255.30s, cooldown until 12259.30s"
12268.02,INFO,"Mister pulse started; ON until 12268.27s, cooldown until 12272.27s"
12273.03,INFO,"Mister pulse started; ON until 12273.28s, cooldown until 12277.28s"
12293.01,INFO,"Mister pulse started; ON until 12293.26s, cooldown until 12297.26s"
12298.02,INFO,"Mister pulse started; ON until 12298.27s, cooldown until 12302.27s"
12311.04,INFO,"Mister pulse started; ON until 12311.29s, cooldown until 12315.29s"
12324.05,INFO,"Mister pulse started; ON until 12324.30s, cooldown until 12328.30s"
12329.01,INFO,"Mister pulse started; ON until 12329.26s, cooldown until 12333.26s"
12341.04,INFO,"Mister pulse started; ON until 12341.29s, cooldown until 12345.29s"
12351.01,INFO,"Mister pulse started; ON until 12351.26s, cooldown until 12355.26s"
12366.03,INFO,"Mister pulse started; ON until 12366.28s, cooldown until 12370.28s"
12381.01,INFO,"Mister pulse started; ON until 12381.26s, cooldown until 12385.26s"
12393.04,INFO,"Mister pulse started; ON until 12393.29s, cooldown until 12397.29s"
12398.05,INFO,"Mister pulse started; ON until 12398.30s, cooldown until 12402.30s"
12413.02,INFO,"Mister pulse started; ON until 12413.27s, cooldown until 12417.27s"
12427.01,INFO,"Mister pulse started; ON until 12427.26s, cooldown until 12431.26s"
12439.04,INFO,"Mister pulse started; ON until 12439.29s, cooldown until 12443.29s"
12455.05,INFO,"Mister pulse started; ON until 12455.30s, cooldown until 12459.30s"
12468.01,INFO,"Mister pulse started; ON until 12468.26s, cooldown until 12472.26s"
12483.04,INFO,"Mister pulse started; ON until 12483.29s, cooldown until 12487.29s"
12493.01,INFO,"Mister pulse started; ON until 12493.26s, cooldown until 12497.26s"
12509.01,INFO,"Mister pulse started; ON until 12509.26s, cooldown until 12513.26s"
12522.02,INFO,"Mister pulse started; ON until 12522.27s, cooldown until 12526.27s"
12534.05,INFO,"Mister pulse started; ON until 12534.30s, cooldown until 12538.30s"
12550.00,INFO,"Mister pulse started; ON until 12550.25s, cooldown until 12554.25s"
12555.01,INFO,"Mister pulse started; ON until 12555.26s, cooldown until 12559.26s"
12571.02,INFO,"Mister pulse started; ON until 12571.27s, cooldown until 12575.27s"
12585.02,INFO,"Mister pulse started; ON until 12585.27s, cooldown until 12589.27s"
12590.03,INFO,"Mister pulse started; ON until 12590.28s, cooldown until 12594.28s"
12603.05,INFO,"Mister pulse started; ON until 12603.30s, cooldown until 12607.30s"
12616.01,INFO,"Mister pulse started; ON until 12616.26s, cooldown until 12620.26s"
12621.02,INFO,"Mister pulse started; ON until 12621.27s, cooldown until 12625.27s"
12635.02,INFO,"Mister pulse started; ON until 12635.27s, cooldown until 12639.27s"
12648.03,INFO,"Mister pulse started; ON until 12648.28s, cooldown until 12652.28s"
12658.00,INFO,"Mister pulse started; ON until 12658.25s, cooldown until 12662.25s"
12674.01,INFO,"Mister pulse started; ON until 12674.26s, cooldown until 12678.26s"
12690.03,INFO,"Mister pulse started; ON until 12690.28s, cooldown until 12694.28s"
12704.02,INFO,"Mister pulse started; ON until 12704.27s, cooldown until 12708.27s"
12718.03,INFO,"Mister pulse started; ON until 12718.28s, cooldown until 12722.28s"
12727.01,INFO,"Mister pulse started; ON until 12727.26s, cooldown until 12731.26s"
12742.03,INFO,"Mister pulse started; ON until 12742.28s, cooldown until 12746.28s"
12751.02,INFO,"Mister pulse started; ON until 12751.27s, cooldown until 12755.27s"
12766.05,INFO,"Mister pulse started; ON until 12766.30s, cooldown until 12770.30s"
12776.02,INFO,"Mister pulse started; ON until 12776.27s, cooldown until 12780.27s"
12791.04,INFO,"Mister pulse started; ON until 12791.29s, cooldown until 12795.29s"
12805.04,INFO,"Mister pulse started; ON until 12805.29s, cooldown until 12809.29s"
12815.01,INFO,"Mister pulse started; ON until 12815.26s, cooldown until 12819.26s"
12833.03,INFO,"Mister pulse started; ON until 12833.28s, cooldown until 12837.28s"
12838.04,INFO,"Mister pulse started; ON until 12838.29s, cooldown until 12842.29s"
12852.04,INFO,"Mister pulse started; ON until 12852.29s, cooldown until 12856.29s"
12864.02,INFO,"Mister pulse started; ON until 12864.27s, cooldown until 12868.27s"
12869.03,INFO,"Mister pulse started; ON until 12869.28s, cooldown until 12873.28s"
12884.00,INFO,"Mister pulse started; ON until 12884.25s, cooldown until 12888.25s"
12896.03,INFO,"Mister pulse started; ON until 12896.28s, cooldown until 12900.28s"
12901.04,INFO,"Mister pulse started; ON until 12901.29s, cooldown until 12905.29s"
12917.04,INFO,"Mister pulse started; ON until 12917.29s, cooldown until 12921.29s"
12930.00,INFO,"Mister pulse started; ON until 12930.25s, cooldown until 12934.25s"
12941.00,INFO,"Mister pulse started; ON until 12941.25s, cooldown until 12945.25s"
12956.02,INFO,"Mister pulse started; ON until 12956.27s, cooldown until 12960.27s"
12968.00,INFO,"Mister pulse started; ON until 12968.25s, cooldown until 12972.25s"
12977.04,INFO,"Mister pulse started; ON until 12977.29s, cooldown until 12981.29s"
12987.01,INFO,"Mister pulse started; ON until 12987.26s, cooldown until 12991.26s"
13001.04,INFO,"Mister pulse started; ON until 13001.29s, cooldown until 13005.29s"
13009.04,INFO,"Mister pulse started; ON until 13009.29s, cooldown until 13013.29s"
13018.03,INFO,"Mister pulse started; ON until 13018.28s, cooldown until 13022.28s"
13030.02,INFO,"Mister pulse started; ON until 13030.27s, cooldown until 13034.27s"
13035.03,INFO,"Mister pulse started; ON until 13035.28s, cooldown until 13039.28s"
13050.05,INFO,"Mister pulse started; ON until 13050.30s, cooldown until 13054.30s"
13060.01,INFO,"Mister pulse started; ON until 13060.26s, cooldown until 13064.26s"
13075.03,INFO,"Mister pulse started; ON until 13075.28s, cooldown until 13079.28s"
13087.01,INFO,"Mister pulse started; ON until 13087.26s, cooldown until 13091.26s"
13092.03,INFO,"Mister pulse started; ON until 13092.28s, cooldown until 13096.28s"
13110.04,INFO,"Mister pulse started; ON until 13110.29s, cooldown until 13114.29s"
13115.00,INFO,"Mister pulse started; ON until 13115.25s, cooldown until 13119.25s"
13131.00,INFO,"Mister pulse started; ON until 13131.25s, cooldown until 13135.25s"
13147.01,INFO,"Mister pulse started; ON until 13147.26s, cooldown until 13151.26s"
13160.01,INFO,"Mister pulse started; ON until 13160.26s, cooldown until 13164.26s"
13172.05,INFO,"Mister pulse started; ON until 13172.30s, cooldown until 13176.30s"
13186.03,INFO,"Mister pulse started; ON until 13186.28s, cooldown until 13190.28s"
13199.03,INFO,"Mister pulse started; ON until 13199.28s, cooldown until 13203.28s"
13204.05,INFO,"Mister pulse started; ON until 13204.30s, cooldown until 13208.30s"
13223.05,INFO,"Mister pulse started; ON until 13223.30s, cooldown until 13227.30s"
13232.04,INFO,"Mister pulse started; ON until 13232.29s, cooldown until 13236.29s"
13237.04,INFO,"Mister pulse started; ON until 13237.29s, cooldown until 13241.29s"
13250.01,INFO,"Mister pulse started; ON until 13250.26s, cooldown until 13254.26s"
13266.02,INFO,"Mister pulse started; ON until 13266.27s, cooldown until 13270.27s"
13279.02,INFO,"Mister pulse started; ON until 13279.27s, cooldown until 13283.27s"
13290.01,INFO,"Mister pulse started; ON until 13290.26s, cooldown until 13294.26s"
13305.04,INFO,"Mister pulse started; ON until 13305.29s, cooldown until 13309.29s"
13317.01,INFO,"Mister pulse started; ON until 13317.26s, cooldown until 13321.26s"
13325.02,INFO,"Mister pulse started; ON until 13325.27s, cooldown until 13329.27s"
13335.04,INFO,"Mister pulse started; ON until 13335.29s, cooldown until 13339.29s"
13346.04,INFO,"Mister pulse started; ON until 13346.29s, cooldown until 13350.29s"
13362.04,INFO,"Mister pulse started; ON until 13362.29s, cooldown until 13366.29s"
13376.04,INFO,"Mister pulse started; ON until 13376.29s, cooldown until 13380.29s"
13381.05,INFO,"Mister pulse started; ON until 13381.30s, cooldown until 13385.30s"
13396.02,INFO,"Mister pulse started; ON until 13396.27s, cooldown until 13400.27s"
13401.03,INFO,"Mister pulse started; ON until 13401.28s, cooldown until 13405.28s"
13421.01,INFO,"Mister pulse started; ON until 13421.26s, cooldown until 13425.26s"
13426.01,INFO,"Mister pulse started; ON until 13426.26s, cooldown until 13430.26s"
13438.04,INFO,"Mister pulse started; ON until 13438.29s, cooldown until 13442.29s"
13446.05,INFO,"Mister pulse started; ON until 13446.30s, cooldown until 13450.30s"
13460.04,INFO,"Mister pulse started; ON until 13460.29s, cooldown until 13464.29s"
13467.01,INFO,"Mister pulse started; ON until 13467.26s, cooldown until 13471.26s"
13477.02,INFO,"Mister pulse started; ON until 13477.27s, cooldown until 13481.27s"
13488.02,INFO,"Mister pulse started; ON until 13488.27s, cooldown until 13492.27s"
13504.03,INFO,"Mister pulse started; ON until 13504.28s, cooldown until 13508.28s"
13518.02,INFO,"Mister pulse started; ON until 13518.27s, cooldown until 13522.27s"
13532.01,INFO,"Mister pulse started; ON until 13532.26s, cooldown until 13536.26s"
13541.04,INFO,"Mister pulse started; ON until 13541.29s, cooldown until 13545.29s"
13552.04,INFO,"Mister pulse started; ON until 13552.29s, cooldown until 13556.29s"
13568.04,INFO,"Mister pulse started; ON until 13568.29s, cooldown until 13572.29s"
13582.02,INFO,"Mister pulse started; ON until 13582.27s, cooldown until 13586.27s"
13595.03,INFO,"Mister pulse started; ON until 13595.28s, cooldown until 13599.28s"
13605.04,INFO,"Mister pulse started; ON until 13605.29s, cooldown until 13609.29s"
13616.04,INFO,"Mister pulse started; ON until 13616.29s, cooldown until 13620.29s"
13632.05,INFO,"Mister pulse started; ON until 13632.30s, cooldown until 13636.30s"
13644.03,INFO,"Mister pulse started; ON until 13644.28s, cooldown until 13648.28s"
13659.05,INFO,"Mister pulse started; ON until 13659.30s, cooldown until 13663.30s"
13664.00,INFO,"Mister pulse started; ON until 13664.25s, cooldown until 13668.25s"
13675.00,INFO,"Mister pulse started; ON until 13675.25s, cooldown until 13679.25s"
13687.03,INFO,"Mister pulse started; ON until 13687.28s, cooldown until 13691.28s"
13702.01,INFO,"Mister pulse started; ON until 13702.26s, cooldown until 13706.26s"
13718.01,INFO,"Mister pulse started; ON until 13718.26s, cooldown until 13722.26s"
13733.03,INFO,"Mister pulse started; ON until 13733.28s, cooldown until 13737.28s"
13746.04,INFO,"Mister pulse started; ON until 13746.29s, cooldown until 13750.29s"
13754.05,INFO,"Mister pulse started; ON until 13754.30s, cooldown until 13758.30s"
13764.01,INFO,"Mister pulse started; ON until 13764.26s, cooldown until 13768.26s"
13778.00,INFO,"Mister pulse started; ON until 13778.25s, cooldown until 13782.25s"
13790.03,INFO,"Mister pulse started; ON until 13790.28s, cooldown until 13794.28s"
13805.01,INFO,"Mister pulse started; ON until 13805.26s, cooldown until 13809.26s"
13820.03,INFO,"Mister pulse started; ON until 13820.28s, cooldown until 13824.28s"
13833.04,INFO,"Mister pulse started; ON until 13833.29s, cooldown until 13837.29s"
13838.04,INFO,"Mister pulse started; ON until 13838.29s, cooldown until 13842.29s"
13859.01,INFO,"Mister pulse started; ON until 13859.26s, cooldown until 13863.26s"
13864.01,INFO,"Mister pulse started; ON until 13864.26s, cooldown until 13868.26s"
13880.02,INFO,"Mister pulse started; ON until 13880.27s, cooldown until 13884.27s"
13887.04,INFO,"Mister pulse started; ON until 13887.29s, cooldown until 13891.29s"
13895.04,INFO,"Mister pulse started; ON until 13895.29s, cooldown until 13899.29s"
13902.01,INFO,"Mister pulse started; ON until 13902.26s, cooldown until 13906.26s"
13911.04,INFO,"Mister pulse started; ON until 13911.29s, cooldown until 13915.29s"
13916.00,INFO,"Mister pulse started; ON until 13916.25s, cooldown until 13920.25s"
13933.04,INFO,"Mister pulse started; ON until 13933.29s, cooldown until 13937.29s"
13949.04,INFO,"Mister pulse started; ON until 13949.29s, cooldown until 13953.29s"
13962.01,INFO,"Mister pulse started; ON until 13962.26s, cooldown until 13966.26s"
13975.01,INFO,"Mister pulse started; ON until 13975.26s, cooldown until 13979.26s"
13984.00,INFO,"Mister pulse started; ON until 13984.25s, cooldown until 13988.25s"
13996.04,INFO,"Mister pulse started; ON until 13996.29s, cooldown until 14000.29s"
14012.04,INFO,"Mister pulse started; ON until 14012.29s, cooldown until 14016.29s"
14025.05,INFO,"Mister pulse started; ON until 14025.30s, cooldown until 14029.30s"
14038.01,INFO,"Mister pulse started; ON until 14038.26s, cooldown until 14042.26s"
14043.02,INFO,"Mister pulse started; ON until 14043.27s, cooldown until 14047.27s"
14062.02,INFO,"Mister pulse started; ON until 14062.27s, cooldown until 14066.27s"
14067.03,INFO,"Mister pulse started; ON until 14067.28s, cooldown until 14071.28s"
14085.04,INFO,"Mister pulse started; ON until 14085.29s, cooldown until 14089.29s"
14090.00,INFO,"Mister pulse started; ON until 14090.25s, cooldown until 14094.25s"
14106.00,INFO,"Mister pulse started; ON until 14106.25s, cooldown until 14110.25s"
14122.01,INFO,"Mister pulse started; ON until 14122.26s, cooldown until 14126.26s"
14136.00,INFO,"Mister pulse started; ON until 14136.25s, cooldown until 14140.25s"
14149.01,INFO,"Mister pulse started; ON until 14149.26s, cooldown until 14153.26s"
14156.03,INFO,"Mister pulse started; ON until 14156.28s, cooldown until 14160.28s"
14163.01,INFO,"Mister pulse started; ON until 14163.26s, cooldown until 14167.26s"
14169.05,INFO,"Mister pulse started; ON until 14169.30s, cooldown until 14173.30s"
14185.00,INFO,"Mister pulse started; ON until 14185.25s, cooldown until 14189.25s"
14198.01,INFO,"Mister pulse started; ON until 14198.26s, cooldown until 14202.26s"
14210.04,INFO,"Mister pulse started; ON until 14210.29s, cooldown until 14214.29s"
14225.02,INFO,"Mister pulse started; ON until 14225.27s, cooldown until 14229.27s"
14240.05,INFO,"Mister pulse started; ON until 14240.30s, cooldown until 14244.30s"
14253.01,INFO,"Mister pulse started; ON until 14253.26s, cooldown until 14257.26s"
14259.04,INFO,"Mister pulse started; ON until 14259.29s, cooldown until 14263.29s"
14270.04,INFO,"Mister pulse started; ON until 14270.29s, cooldown until 14274.29s"
14281.04,INFO,"Mister pulse started; ON until 14281.29s, cooldown until 14285.29s"
14296.01,INFO,"Mister pulse started; ON until 14296.26s, cooldown until 14300.26s"
14301.02,INFO,"Mister pulse started; ON until 14301.27s, cooldown until 14305.27s"
14326.04,INFO,"Mister pulse started; ON until 14326.29s, cooldown until 14330.29s"
14337.05,INFO,"Mister pulse started; ON until 14337.30s, cooldown until 14341.30s"
14353.00,INFO,"Mister pulse started; ON until 14353.25s, cooldown until 14357.25s"
14358.01,INFO,"Mister pulse started; ON until 14358.26s, cooldown until 14362.26s"
14373.04,INFO,"Mister pulse started; ON until 14373.29s, cooldown until 14377.29s"
14383.00,INFO,"Mister pulse started; ON until 14383.25s, cooldown until 14387.25s"
14399.00,INFO,"Mister pulse started; ON until 14399.25s, cooldown until 14403.25s"
14415.01,INFO,"Mister pulse started; ON until 14415.26s, cooldown until 14419.26s"
14430.03,INFO,"Mister pulse started; ON until 14430.28s, cooldown until 14434.28s"
14443.05,INFO,"Mister pulse started; ON until 14443.30s, cooldown until 14447.30s"
14451.05,INFO,"Mister pulse started; ON until 14451.30s, cooldown until 14455.30s"
14462.04,INFO,"Mister pulse started; ON until 14462.29s, cooldown until 14466.29s"
14476.04,INFO,"Mister pulse started; ON until 14476.29s, cooldown until 14480.29s"
14483.01,INFO,"Mister pulse started; ON until 14483.26s, cooldown until 14487.26s"
14498.04,INFO,"Mister pulse started; ON until 14498.29s, cooldown until 14502.29s"
14504.02,INFO,"Mister pulse started; ON until 14504.27s, cooldown until 14508.27s"
14515.02,INFO,"Mister pulse started; ON until 14515.27s, cooldown until 14519.27s"
14520.02,INFO,"Mister pulse started; ON until 14520.27s, cooldown until 14524.27s"
14532.00,INFO,"Mister pulse started; ON until 14532.25s, cooldown until 14536.25s"
14544.03,INFO,"Mister pulse started; ON until 14544.28s, cooldown until 14548.28s"
14549.04,INFO,"Mister pulse started; ON until 14549.29s, cooldown until 14553.29s"
14565.05,INFO,"Mister pulse started; ON until 14565.30s, cooldown until 14569.30s"
14577.02,INFO,"Mister pulse started; ON until 14577.27s, cooldown until 14581.27s"
14585.02,INFO,"Mister pulse started; ON until 14585.27s, cooldown until 14589.27s"
14596.02,INFO,"Mister pulse started; ON until 14596.27s, cooldown until 14600.27s"
14609.02,INFO,"Mister pulse started; ON until 14609.27s, cooldown until 14613.27s"
14614.03,INFO,"Mister pulse started; ON until 14614.28s, cooldown until 14618.28s"
14632.00,INFO,"Mister pulse started; ON until 14632.25s, cooldown until 14636.25s"
14641.04,INFO,"Mister pulse started; ON until 14641.29s, cooldown until 14645.29s"
14646.05,INFO,"Mister pulse started; ON until 14646.30s, cooldown until 14650.30s"
14666.03,INFO,"Mister pulse started; ON until 14666.28s, cooldown until 14670.28s"
14676.00,INFO,"Mister pulse started; ON until 14676.25s, cooldown until 14680.25s"
14692.01,INFO,"Mister pulse started; ON until 14692.26s, cooldown until 14696.26s"
14706.00,INFO,"Mister pulse started; ON until 14706.25s, cooldown until 14710.25s"
14718.03,INFO,"Mister pulse started; ON until 14718.28s, cooldown until 14722.28s"
14726.03,INFO,"Mister pulse started; ON until 14726.28s, cooldown until 14730.28s"
14731.04,INFO,"Mister pulse started; ON until 14731.29s, cooldown until 14735.29s"
14747.05,INFO,"Mister pulse started; ON until 14747.30s, cooldown until 14751.30s"
14758.04,INFO,"Mister pulse started; ON until 14758.29s, cooldown until 14762.29s"
14763.01,INFO,"Mister pulse started; ON until 14763.26s, cooldown until 14767.26s"
14781.02,INFO,"Mister pulse started; ON until 14781.27s, cooldown until 14785.27s"
14788.05,INFO,"Mister pulse started; ON until 14788.30s, cooldown until 14792.30s"
14806.02,INFO,"Mister pulse started; ON until 14806.27s, cooldown until 14810.27s"
14811.03,INFO,"Mister pulse started; ON until 14811.28s, cooldown until 14815.28s"
14830.03,INFO,"Mister pulse started; ON until 14830.28s, cooldown until 14834.28s"
14836.02,INFO,"Mister pulse started; ON until 14836.27s, cooldown until 14840.27s"
14843.04,INFO,"Mister pulse started; ON until 14843.29s, cooldown until 14847.29s"
14861.00,INFO,"Mister pulse started; ON until 14861.25s, cooldown until 14865.25s"
14866.01,INFO,"Mister pulse started; ON until 14866.26s, cooldown until 14870.26s"
14884.02,INFO,"Mister pulse started; ON until 14884.27s, cooldown until 14888.27s"
14889.03,INFO,"Mister pulse started; ON until 14889.28s, cooldown until 14893.28s"
14905.04,INFO,"Mister pulse started; ON until 14905.29s, cooldown until 14909.29s"
14917.03,INFO,"Mister pulse started; ON until 14917.28s, cooldown until 14921.28s"
14925.03,INFO,"Mister pulse started; ON until 14925.28s, cooldown until 14929.28s"
14937.01,INFO,"Mister pulse started; ON until 14937.26s, cooldown until 14941.26s"
14952.04,INFO,"Mister pulse started; ON until 14952.29s, cooldown until 14956.29s"
14964.01,INFO,"Mister pulse started; ON until 14964.26s, cooldown until 14968.26s"
14974.03,INFO,"Mister pulse started; ON until 14974.28s, cooldown until 14978.28s"
14983.02,INFO,"Mister pulse started; ON until 14983.27s, cooldown until 14987.27s"
14997.01,INFO,"Mister pulse started; ON until 14997.26s, cooldown until 15001.26s"
15008.00,INFO,"Mister pulse started; ON until 15008.25s, cooldown until 15012.25s"
15025.04,INFO,"Mister pulse started; ON until 15025.29s, cooldown until 15029.29s"
15040.02,INFO,"Mister pulse started; ON until 15040.27s, cooldown until 15044.27s"
15056.02,INFO,"Mister pulse started; ON until 15056.27s, cooldown until 15060.27s"
15069.02,INFO,"Mister pulse started; ON until 15069.27s, cooldown until 15073.27s"
15081.00,INFO,"Mister pulse started; ON until 15081.25s, cooldown until 15085.25s"
15086.01,INFO,"Mister pulse started; ON until 15086.26s, cooldown until 15090.26s"
15100.05,INFO,"Mister pulse started; ON until 15100.30s, cooldown until 15104.30s"
15108.00,INFO,"Mister pulse started; ON until 15108.25s, cooldown until 15112.25s"
15120.03,INFO,"Mister pulse started; ON until 15120.28s, cooldown until 15124.28s"
15134.02,INFO,"Mister pulse started; ON until 15134.27s, cooldown until 15138.27s"
15148.01,INFO,"Mister pulse started; ON until 15148.26s, cooldown until 15152.26s"
15159.00,INFO,"Mister pulse started; ON until 15159.25s, cooldown until 15163.25s"
15175.00,INFO,"Mister pulse started; ON until 15175.25s, cooldown until 15179.25s"
15189.05,INFO,"Mister pulse started; ON until 15189.30s, cooldown until 15193.30s"
15198.03,INFO,"Mister pulse started; ON until 15198.28s, cooldown until 15202.28s"
15213.00,INFO,"Mister pulse started; ON until 15213.25s, cooldown until 15217.25s"
15226.01,INFO,"Mister pulse started; ON until 15226.26s, cooldown until 15230.26s"
15231.02,INFO,"Mister pulse started; ON until 15231.27s, cooldown until 15235.27s"
15250.02,INFO,"Mister pulse started; ON until 15250.27s, cooldown until 15254.27s"
15255.03,INFO,"Mister pulse started; ON until 15255.28s, cooldown until 15259.28s"
15274.02,INFO,"Mister pulse started; ON until 15274.27s, cooldown until 15278.27s"
15279.03,INFO,"Mister pulse started; ON until 15279.28s, cooldown until 15283.28s"
15297.04,INFO,"Mister pulse started; ON until 15297.29s, cooldown until 15301.29s"
15302.00,INFO,"Mister pulse started; ON until 15302.25s, cooldown until 15306.25s"
15319.03,INFO,"Mister pulse started; ON until 15319.28s, cooldown until 15323.28s"
15335.03,INFO,"Mister pulse started; ON until 15335.28s, cooldown until 15339.28s"
15348.04,INFO,"Mister pulse started; ON until 15348.29s, cooldown until 15352.29s"
15361.05,INFO,"Mister pulse started; ON until 15361.30s, cooldown until 15365.30s"
15366.01,INFO,"Mister pulse started; ON until 15366.26s, cooldown until 15370.26s"
15382.01,INFO,"Mister pulse started; ON until 15382.26s, cooldown until 15386.26s"
15397.03,INFO,"Mister pulse started; ON until 15397.28s, cooldown until 15401.28s"
15410.04,INFO,"Mister pulse started; ON until 15410.29s, cooldown until 15414.29s"
15415.04,INFO,"Mister pulse started; ON until 15415.29s, cooldown until 15419.29s"
15434.04,INFO,"Mister pulse started; ON until 15434.29s, cooldown until 15438.29s"
15439.05,INFO,"Mister pulse started; ON until 15439.30s, cooldown until 15443.30s"
15457.02,INFO,"Mister pulse started; ON until 15457.27s, cooldown until 15461.27s"
15462.03,INFO,"Mister pulse started; ON until 15462.28s, cooldown until 15466.28s"
15482.01,INFO,"Mister pulse started; ON until 15482.26s, cooldown until 15486.26s"
15493.01,INFO,"Mister pulse started; ON until 15493.26s, cooldown until 15497.26s"
15508.04,INFO,"Mister pulse started; ON until 15508.29s, cooldown until 15512.29s"
15520.02,INFO,"Mister pulse started; ON until 15520.27s, cooldown until 15524.27s"
15530.04,INFO,"Mister pulse started; ON until 15530.29s, cooldown until 15534.29s"
15540.00,INFO,"Mister pulse started; ON until 15540.25s, cooldown until 15544.25s"
15556.00,INFO,"Mister pulse started; ON until 15556.25s, cooldown until 15560.25s"
15571.03,INFO,"Mister pulse started; ON until 15571.28s, cooldown until 15575.28s"
15585.02,INFO,"Mister pulse started; ON until 15585.27s, cooldown until 15589.27s"
15590.03,INFO,"Mister pulse started; ON until 15590.28s, cooldown until 15594.28s"
15603.04,INFO,"Mister pulse started; ON until 15603.29s, cooldown until 15607.29s"
15614.04,INFO,"Mister pulse started; ON until 15614.29s, cooldown until 15618.29s"
15619.05,INFO,"Mister pulse started; ON until 15619.30s, cooldown until 15623.30s"
15635.00,INFO,"Mister pulse started; ON until 15635.25s, cooldown until 15639.25s"
15649.04,INFO,"Mister pulse started; ON until 15649.29s, cooldown until 15653.29s"
15662.05,INFO,"Mister pulse started; ON until 15662.30s, cooldown until 15666.30s"
15667.01,INFO,"Mister pulse started; ON until 15667.26s, cooldown until 15671.26s"
15684.04,INFO,"Mister pulse started; ON until 15684.29s, cooldown until 15688.29s"
15698.03,INFO,"Mister pulse started; ON until 15698.28s, cooldown until 15702.28s"
15712.03,INFO,"Mister pulse started; ON until 15712.28s, cooldown until 15716.28s"
15717.03,INFO,"Mister pulse started; ON until 15717.28s, cooldown until 15721.28s"
15730.04,INFO,"Mister pulse started; ON until 15730.29s, cooldown until 15734.29s"
15743.00,INFO,"Mister pulse started; ON until 15743.25s, cooldown until 15747.25s"
15748.01,INFO,"Mister pulse started; ON until 15748.26s, cooldown until 15752.26s"
15763.04,INFO,"Mister pulse started; ON until 15763.29s, cooldown until 15767.29s"
15777.02,INFO,"Mister pulse started; ON until 15777.27s, cooldown until 15781.27s"
15789.05,INFO,"Mister pulse started; ON until 15789.30s, cooldown until 15793.30s"
15794.01,INFO,"Mister pulse started; ON until 15794.26s, cooldown until 15798.26s"
15812.02,INFO,"Mister pulse started; ON until 15812.27s, cooldown until 15816.27s"
15817.03,INFO,"Mister pulse started; ON until 15817.28s, cooldown until 15821.28s"
15832.01,INFO,"Mister pulse started; ON until 15832.26s, cooldown until 15836.26s"
15844.03,INFO,"Mister pulse started; ON until 15844.28s, cooldown until 15848.28s"
15849.04,INFO,"Mister pulse started; ON until 15849.29s, cooldown until 15853.29s"
15866.02,INFO,"Mister pulse started; ON until 15866.27s, cooldown until 15870.27s"
15882.02,INFO,"Mister pulse started; ON until 15882.27s, cooldown until 15886.27s"
15896.01,INFO,"Mister pulse started; ON until 15896.26s, cooldown until 15900.26s"
15911.02,INFO,"Mister pulse started; ON until 15911.27s, cooldown until 15915.27s"
15916.03,INFO,"Mister pulse started; ON until 15916.28s, cooldown until 15920.28s"
15927.03,INFO,"Mister pulse started; ON until 15927.28s, cooldown until 15931.28s"
15939.01,INFO,"Mister pulse started; ON until 15939.26s, cooldown until 15943.26s"
15944.02,INFO,"Mister pulse started; ON until 15944.27s, cooldown until 15948.27s"
15960.02,INFO,"Mister pulse started; ON until 15960.27s, cooldown until 15964.27s"
15973.04,INFO,"Mister pulse started; ON until 15973.29s, cooldown until 15977.29s"
15978.05,INFO,"Mister pulse started; ON until 15978.30s, cooldown until 15982.30s"
15997.00,INFO,"Mister pulse started; ON until 15997.25s, cooldown until 16001.25s"
16002.01,INFO,"Mister pulse started; ON until 16002.26s, cooldown until 16006.26s"
16016.05,INFO,"Mister pulse started; ON until 16016.30s, cooldown until 16020.30s"
16027.04,INFO,"Mister pulse started; ON until 16027.29s, cooldown until 16031.29s"
16034.01,INFO,"Mister pulse started; ON until 16034.26s, cooldown until 16038.26s"
16041.04,INFO,"Mister pulse started; ON until 16041.29s, cooldown until 16045.29s"
16058.03,INFO,"Mister pulse started; ON until 16058.28s, cooldown until 16062.28s"
16063.04,INFO,"Mister pulse started; ON until 16063.29s, cooldown until 16067.29s"
16079.04,INFO,"Mister pulse started; ON until 16079.29s, cooldown until 16083.29s"
16084.04,INFO,"Mister pulse started; ON until 16084.29s, cooldown until 16088.29s"
16101.02,INFO,"Mister pulse started; ON until 16101.27s, cooldown until 16105.27s"
16112.02,INFO,"Mister pulse started; ON until 16112.27s, cooldown until 16116.27s"
16126.01,INFO,"Mister pulse started; ON until 16126.26s, cooldown until 16130.26s"
16140.00,INFO,"Mister pulse started; ON until 16140.25s, cooldown until 16144.25s"
16151.00,INFO,"Mister pulse started; ON until 16151.25s, cooldown until 16155.25s"
16167.01,INFO,"Mister pulse started; ON until 16167.26s, cooldown until 16171.26s"
16182.03,INFO,"Mister pulse started; ON until 16182.28s, cooldown until 16186.28s"
16195.04,INFO,"Mister pulse started; ON until 16195.29s, cooldown until 16199.29s"
16200.05,INFO,"Mister pulse started; ON until 16200.30s, cooldown until 16204.30s"
16218.01,INFO,"Mister pulse started; ON until 16218.26s, cooldown until 16222.26s"
16223.02,INFO,"Mister pulse started; ON until 16223.27s, cooldown until 16227.27s"
16242.02,INFO,"Mister pulse started; ON until 16242.27s, cooldown until 16246.27s"
16247.03,INFO,"Mister pulse started; ON until 16247.28s, cooldown until 16251.28s"
16264.03,INFO,"Mister pulse started; ON until 16264.28s, cooldown until 16268.28s"
16269.05,INFO,"Mister pulse started; ON until 16269.30s, cooldown until 16273.30s"
16286.05,INFO,"Mister pulse started; ON until 16286.30s, cooldown until 16290.30s"
16301.02,INFO,"Mister pulse started; ON until 16301.27s, cooldown until 16305.27s"
16315.01,INFO,"Mister pulse started; ON until 16315.26s, cooldown until 16319.26s"
16328.01,INFO,"Mister pulse started; ON until 16328.26s, cooldown until 16332.26s"
16333.02,INFO,"Mister pulse started; ON until 16333.27s, cooldown until 16337.27s"
16352.01,INFO,"Mister pulse started; ON until 16352.26s, cooldown until 16356.26s"
16357.02,INFO,"Mister pulse started; ON until 16357.27s, cooldown until 16361.27s"
16376.02,INFO,"Mister pulse started; ON until 16376.27s, cooldown until 16380.27s"
16381.03,INFO,"Mister pulse started; ON until 16381.28s, cooldown until 16385.28s"
16400.03,INFO,"Mister pulse started; ON until 16400.28s, cooldown until 16404.28s"
16405.04,INFO,"Mister pulse started; ON until 16405.29s, cooldown until 16409.29s"
16425.02,INFO,"Mister pulse started; ON until 16425.27s, cooldown until 16429.27s"
16434.01,INFO,"Mister pulse started; ON until 16434.26s, cooldown until 16438.26s"
16449.03,INFO,"Mister pulse started; ON until 16449.28s, cooldown until 16453.28s"
16461.01,INFO,"Mister pulse started; ON until 16461.26s, cooldown until 16465.26s"
16466.02,INFO,"Mister pulse started; ON until 16466.27s, cooldown until 16470.27s"
16481.05,INFO,"Mister pulse started; ON until 16481.30s, cooldown until 16485.30s"
16486.01,INFO,"Mister pulse started; ON until 16486.26s, cooldown until 16490.26s"
16501.02,INFO,"Mister pulse started; ON until 16501.27s, cooldown until 16505.27s"
16506.04,INFO,"Mister pulse started; ON until 16506.29s, cooldown until 16510.29s"
16521.02,INFO,"Mister pulse started; ON until 16521.27s, cooldown until 16525.27s"
16534.02,INFO,"Mister pulse started; ON until 16534.27s, cooldown until 16538.27s"
16539.03,INFO,"Mister pulse started; ON until 16539.28s, cooldown until 16543.28s"
16556.02,INFO,"Mister pulse started; ON until 16556.27s, cooldown until 16560.27s"
16561.03,INFO,"Mister pulse started; ON until 16561.28s, cooldown until 16565.28s"
16577.03,INFO,"Mister pulse started; ON until 16577.28s, cooldown until 16581.28s"
16591.02,INFO,"Mister pulse started; ON until 16591.27s, cooldown until 16595.27s"
16602.02,INFO,"Mister pulse started; ON until 16602.27s, cooldown until 16606.27s"
16618.03,INFO,"Mister pulse started; ON until 16618.28s, cooldown until 16622.28s"
16631.03,INFO,"Mister pulse started; ON until 16631.28s, cooldown until 16635.28s"
16643.01,INFO,"Mister pulse started; ON until 16643.26s, cooldown until 16647.26s"
16648.02,INFO,"Mister pulse started; ON until 16648.27s, cooldown until 16652.27s"
16663.04,INFO,"Mister pulse started; ON until 16663.29s, cooldown until 16667.29s"
16675.01,INFO,"Mister pulse started; ON until 16675.26s, cooldown until 16679.26s"
16680.02,INFO,"Mister pulse started; ON until 16680.27s, cooldown until 16684.27s"
16694.01,INFO,"Mister pulse started; ON until 16694.26s, cooldown until 16698.26s"
16704.03,INFO,"Mister pulse started; ON until 16704.28s, cooldown until 16708.28s"
16718.02,INFO,"Mister pulse started; ON until 16718.27s, cooldown until 16722.27s"
16730.05,INFO,"Mister pulse started; ON until 16730.30s, cooldown until 16734.30s"
16743.01,INFO,"Mister pulse started; ON until 16743.26s, cooldown until 16747.26s"
16757.00,INFO,"Mister pulse started; ON until 16757.25s, cooldown until 16761.25s"
16767.03,INFO,"Mister pulse started; ON until 16767.28s, cooldown until 16771.28s"
16779.01,INFO,"Mister pulse started; ON until 16779.26s, cooldown until 16783.26s"
16791.04,INFO,"Mister pulse started; ON until 16791.29s, cooldown until 16795.29s"
16803.02,INFO,"Mister pulse started; ON until 16803.27s, cooldown until 16807.27s"
16808.03,INFO,"Mister pulse started; ON until 16808.28s, cooldown until 16812.28s"
16826.05,INFO,"Mister pulse started; ON until 16826.30s, cooldown until 16830.30s"
16831.01,INFO,"Mister pulse started; ON until 16831.26s, cooldown until 16835.26s"
16849.02,INFO,"Mister pulse started; ON until 16849.27s, cooldown until 16853.27s"
16854.03,INFO,"Mister pulse started; ON until 16854.28s, cooldown until 16858.28s"
16868.02,INFO,"Mister pulse started; ON until 16868.27s, cooldown until 16872.27s"
16880.00,INFO,"Mister pulse started; ON until 16880.25s, cooldown until 16884.25s"
16885.01,INFO,"Mister pulse started; ON until 16885.26s, cooldown until 16889.26s"
16899.00,INFO,"Mister pulse started; ON until 16899.25s, cooldown until 16903.25s"
16910.05,INFO,"Mister pulse started; ON until 16910.30s, cooldown until 16914.30s"
16923.00,INFO,"Mister pulse started; ON until 16923.25s, cooldown until 16927.25s"
16934.00,INFO,"Mister pulse started; ON until 16934.25s, cooldown until 16938.25s"
16950.01,INFO,"Mister pulse started; ON until 16950.26s, cooldown until 16954.26s"
16965.03,INFO,"Mister pulse started; ON until 16965.28s, cooldown until 16969.28s"
16977.00,INFO,"Mister pulse started; ON until 16977.25s, cooldown until 16981.25s"
16986.03,INFO,"Mister pulse started; ON until 16986.28s, cooldown until 16990.28s"
16995.02,INFO,"Mister pulse started; ON until 16995.27s, cooldown until 16999.27s"
17005.03,INFO,"Mister pulse started; ON until 17005.28s, cooldown until 17009.28s"
17019.02,INFO,"Mister pulse started; ON until 17019.27s, cooldown until 17023.27s"
17031.05,INFO,"Mister pulse started; ON until 17031.30s, cooldown until 17035.30s"
17046.03,INFO,"Mister pulse started; ON until 17046.28s, cooldown until 17050.28s"
17061.05,INFO,"Mister pulse started; ON until 17061.30s, cooldown until 17065.30s"
17074.01,INFO,"Mister pulse started; ON until 17074.26s, cooldown until 17078.26s"
17079.01,INFO,"Mister pulse started; ON until 17079.26s, cooldown until 17083.26s"
17092.02,INFO,"Mister pulse started; ON until 17092.27s, cooldown until 17096.27s"
17105.04,INFO,"Mister pulse started; ON until 17105.29s, cooldown until 17109.29s"
17115.00,INFO,"Mister pulse started; ON until 17115.25s, cooldown until 17119.25s"
17127.03,INFO,"Mister pulse started; ON until 17127.28s, cooldown until 17131.28s"
17132.04,INFO,"Mister pulse started; ON until 17132.29s, cooldown until 17136.29s"
17147.02,INFO,"Mister pulse started; ON until 17147.27s, cooldown until 17151.27s"
17159.05,INFO,"Mister pulse started; ON until 17159.30s, cooldown until 17163.30s"
17164.01,INFO,"Mister pulse started; ON until 17164.26s, cooldown until 17168.26s"
17181.04,INFO,"Mister pulse started; ON until 17181.29s, cooldown until 17185.29s"
17193.01,INFO,"Mister pulse started; ON until 17193.26s, cooldown until 17197.26s"
17204.01,INFO,"Mister pulse started; ON until 17204.26s, cooldown until 17208.26s"
17219.03,INFO,"Mister pulse started; ON until 17219.28s, cooldown until 17223.28s"
17232.04,INFO,"Mister pulse started; ON until 17232.29s, cooldown until 17236.29s"
17237.05,INFO,"Mister pulse started; ON until 17237.30s, cooldown until 17241.30s"
17256.05,INFO,"Mister pulse started; ON until 17256.30s, cooldown until 17260.30s"
17261.00,INFO,"Mister pulse started; ON until 17261.25s, cooldown until 17265.25s"
17270.03,INFO,"Mister pulse started; ON until 17270.28s, cooldown until 17274.28s"
17275.00,INFO,"Mister pulse started; ON until 17275.25s, cooldown until 17279.25s"
17293.01,INFO,"Mister pulse started; ON until 17293.26s, cooldown until 17297.26s"
17298.02,INFO,"Mister pulse started; ON until 17298.27s, cooldown until 17302.27s"
17313.05,INFO,"Mister pulse started; ON until 17313.30s, cooldown until 17317.30s"
17324.04,INFO,"Mister pulse started; ON until 17324.29s, cooldown until 17328.29s"
17339.02,INFO,"Mister pulse started; ON until 17339.27s, cooldown until 17343.27s"
17354.04,INFO,"Mister pulse started; ON until 17354.29s, cooldown until 17358.29s"
17368.03,INFO,"Mister pulse started; ON until 17368.28s, cooldown until 17372.28s"
17379.03,INFO,"Mister pulse started; ON until 17379.28s, cooldown until 17383.28s"
17393.02,INFO,"Mister pulse started; ON until 17393.27s, cooldown until 17397.27s"
17405.05,INFO,"Mister pulse started; ON until 17405.30s, cooldown until 17409.30s"
17410.01,INFO,"Mister pulse started; ON until 17410.26s, cooldown until 17414.26s"
17429.05,INFO,"Mister pulse started; ON until 17429.30s, cooldown until 17433.30s"
17434.01,INFO,"Mister pulse started; ON until 17434.26s, cooldown until 17438.26s"
17451.04,INFO,"Mister pulse started; ON until 17451.29s, cooldown until 17455.29s"
17465.03,INFO,"Mister pulse started; ON until 17465.28s, cooldown until 17469.28s"
17477.01,INFO,"Mister pulse started; ON until 17477.26s, cooldown until 17481.26s"
17482.02,INFO,"Mister pulse started; ON until 17482.27s, cooldown until 17486.27s"
17502.01,INFO,"Mister pulse started; ON until 17502.26s, cooldown until 17506.26s"
17513.00,INFO,"Mister pulse started; ON until 17513.25s, cooldown until 17517.25s"
17528.03,INFO,"Mister pulse started; ON until 17528.28s, cooldown until 17532.28s"
17540.01,INFO,"Mister pulse started; ON until 17540.26s, cooldown until 17544.26s"
17550.02,INFO,"Mister pulse started; ON until 17550.27s, cooldown until 17554.27s"
17562.05,INFO,"Mister pulse started; ON until 17562.30s, cooldown until 17566.30s"
17576.05,INFO,"Mister pulse started; ON until 17576.30s, cooldown until 17580.30s"
17590.04,INFO,"Mister pulse started; ON until 17590.29s, cooldown until 17594.29s"
17602.01,INFO,"Mister pulse started; ON until 17602.26s, cooldown until 17606.26s"
17607.02,INFO,"Mister pulse started; ON until 17607.27s, cooldown until 17611.27s"
17621.02,INFO,"Mister pulse started; ON until 17621.27s, cooldown until 17625.27s"
17634.04,INFO,"Mister pulse started; ON until 17634.29s, cooldown until 17638.29s"
17639.05,INFO,"Mister pulse started; ON until 17639.30s, cooldown until 17643.30s"
17655.00,INFO,"Mister pulse started; ON until 17655.25s, cooldown until 17659.25s"
17671.01,INFO,"Mister pulse started; ON until 17671.26s, cooldown until 17675.26s"
17686.02,INFO,"Mister pulse started; ON until 17686.27s, cooldown until 17690.27s"
17699.04,INFO,"Mister pulse started; ON until 17699.29s, cooldown until 17703.29s"
17706.01,INFO,"Mister pulse started; ON until 17706.26s, cooldown until 17710.26s"
17718.04,INFO,"Mister pulse started; ON until 17718.29s, cooldown until 17722.29s"
17729.04,INFO,"Mister pulse started; ON until 17729.29s, cooldown until 17733.29s"
17734.00,INFO,"Mister pulse started; ON until 17734.25s, cooldown until 17738.25s"
17752.01,INFO,"Mister pulse started; ON until 17752.26s, cooldown until 17756.26s"
17757.02,INFO,"Mister pulse started; ON until 17757.27s, cooldown until 17761.27s"
17773.02,INFO,"Mister pulse started; ON until 17773.27s, cooldown until 17777.27s"
17786.03,INFO,"Mister pulse started; ON until 17786.28s, cooldown until 17790.28s"
17793.05,INFO,"Mister pulse started; ON until 17793.30s, cooldown until 17797.30s"
17800.02,INFO,"Mister pulse started; ON until 17800.27s, cooldown until 17804.27s"
17810.04,INFO,"Mister pulse started; ON until 17810.29s, cooldown until 17814.29s"
17815.05,INFO,"Mister pulse started; ON until 17815.30s, cooldown until 17819.30s"
17834.04,INFO,"Mister pulse started; ON until 17834.29s, cooldown until 17838.29s"
17839.05,INFO,"Mister pulse started; ON until 17839.30s, cooldown until 17843.30s"
17858.04,INFO,"Mister pulse started; ON until 17858.29s, cooldown until 17862.29s"
17865.00,INFO,"Mister pulse started; ON until 17865.25s, cooldown until 17869.25s"
17877.03,INFO,"Mister pulse started; ON until 17877.28s, cooldown until 17881.28s"
17891.02,INFO,"Mister pulse started; ON until 17891.27s, cooldown until 17895.27s"
17899.02,INFO,"Mister pulse started; ON until 17899.27s, cooldown until 17903.27s"
17913.02,INFO,"Mister pulse started; ON until 17913.27s, cooldown until 17917.27s"
17923.03,INFO,"Mister pulse started; ON until 17923.28s, cooldown until 17927.28s"
17935.01,INFO,"Mister pulse started; ON until 17935.26s, cooldown until 17939.26s"
17940.02,INFO,"Mister pulse started; ON until 17940.27s, cooldown until 17944.27s"
17956.03,INFO,"Mister pulse started; ON until 17956.28s, cooldown until 17960.28s"
17967.02,INFO,"Mister pulse started; ON until 17967.27s, cooldown until 17971.27s"
17972.04,INFO,"Mister pulse started; ON until 17972.29s, cooldown until 17976.29s"
17988.04,INFO,"Mister pulse started; ON until 17988.29s, cooldown until 17992.29s"
18001.05,INFO,"Mister pulse started; ON until 18001.30s, cooldown until 18005.30s"
18009.05,INFO,"Mister pulse started; ON until 18009.30s, cooldown until 18013.30s"
18020.05,INFO,"Mister pulse started; ON until 18020.30s, cooldown until 18024.30s"
18032.02,INFO,"Mister pulse started; ON until 18032.27s, cooldown until 18036.27s"
18039.05,INFO,"Mister pulse started; ON until 18039.30s, cooldown until 18043.30s"
18045.04,INFO,"Mister pulse started; ON until 18045.29s, cooldown until 18049.29s"
18062.03,INFO,"Mister pulse started; ON until 18062.28s, cooldown until 18066.28s"
18067.04,INFO,"Mister pulse started; ON until 18067.29s, cooldown until 18071.29s"
18081.03,INFO,"Mister pulse started; ON until 18081.28s, cooldown until 18085.28s"
18092.02,INFO,"Mister pulse started; ON until 18092.27s, cooldown until 18096.27s"
18110.03,INFO,"Mister pulse started; ON until 18110.28s, cooldown until 18114.28s"
18115.05,INFO,"Mister pulse started; ON until 18115.30s, cooldown until 18119.30s"
18129.04,INFO,"Mister pulse started; ON until 18129.29s, cooldown until 18133.29s"
18140.03,INFO,"Mister pulse started; ON until 18140.28s, cooldown until 18144.28s"
18156.03,INFO,"Mister pulse started; ON until 18156.28s, cooldown until 18160.28s"
18171.05,INFO,"Mister pulse started; ON until 18171.30s, cooldown until 18175.30s"
18185.05,INFO,"Mister pulse started; ON until 18185.30s, cooldown until 18189.30s"
18190.00,INFO,"Mister pulse started; ON until 18190.25s, cooldown until 18194.25s"
18205.02,INFO,"Mister pulse started; ON until 18205.27s, cooldown until 18209.27s"
18210.03,INFO,"Mister pulse started; ON until 18210.28s, cooldown until 18214.28s"
18226.03,INFO,"Mister pulse started; ON until 18226.28s, cooldown until 18230.28s"
18237.02,INFO,"Mister pulse started; ON until 18237.27s, cooldown until 18241.27s"
18245.03,INFO,"Mister pulse started; ON until 18245.28s, cooldown until 18249.28s"
18250.04,INFO,"Mister pulse started; ON until 18250.29s, cooldown until 18254.29s"
18265.01,INFO,"Mister pulse started; ON until 18265.26s, cooldown until 18269.26s"
18279.01,INFO,"Mister pulse started; ON until 18279.26s, cooldown until 18283.26s"
18290.01,INFO,"Mister pulse started; ON until 18290.26s, cooldown until 18294.26s"
18304.04,INFO,"Mister pulse started; ON until 18304.29s, cooldown until 18308.29s"
18315.04,INFO,"Mister pulse started; ON until 18315.29s, cooldown until 18319.29s"
18330.02,INFO,"Mister pulse started; ON until 18330.27s, cooldown until 18334.27s"
18346.01,INFO,"Mister pulse started; ON until 18346.26s, cooldown until 18350.26s"
18360.01,INFO,"Mister pulse started; ON until 18360.26s, cooldown until 18364.26s"
18372.03,INFO,"Mister pulse started; ON until 18372.28s, cooldown until 18376.28s"
18377.04,INFO,"Mister pulse started; ON until 18377.29s, cooldown until 18381.29s"
18393.05,INFO,"Mister pulse started; ON until 18393.30s, cooldown until 18397.30s"
18406.00,INFO,"Mister pulse started; ON until 18406.25s, cooldown until 18410.25s"
18417.01,INFO,"Mister pulse started; ON until 18417.26s, cooldown until 18421.26s"
18432.02,INFO,"Mister pulse started; ON until 18432.27s, cooldown until 18436.27s"
18445.03,INFO,"Mister pulse started; ON until 18445.28s, cooldown until 18449.28s"
18450.04,INFO,"Mister pulse started; ON until 18450.29s, cooldown until 18454.29s"
18468.01,INFO,"Mister pulse started; ON until 18468.26s, cooldown until 18472.26s"
18478.03,INFO,"Mister pulse started; ON until 18478.28s, cooldown until 18482.28s"
18483.03,INFO,"Mister pulse started; ON until 18483.28s, cooldown until 18487.28s"
18492.03,INFO,"Mister pulse started; ON until 18492.28s, cooldown until 18496.28s"
18503.02,INFO,"Mister pulse started; ON until 18503.27s, cooldown until 18507.27s"
18517.01,INFO,"Mister pulse started; ON until 18517.26s, cooldown until 18521.26s"
18527.03,INFO,"Mister pulse started; ON until 18527.28s, cooldown until 18531.28s"
18538.02,INFO,"Mister pulse started; ON until 18538.27s, cooldown until 18542.27s"
18543.03,INFO,"Mister pulse started; ON until 18543.28s, cooldown until 18547.28s"
18559.04,INFO,"Mister pulse started; ON until 18559.29s, cooldown until 18563.29s"
18572.04,INFO,"Mister pulse started; ON until 18572.29s, cooldown until 18576.29s"
18581.02,INFO,"Mister pulse started; ON until 18581.27s, cooldown until 18585.27s"
18593.05,INFO,"Mister pulse started; ON until 18593.30s, cooldown until 18597.30s"
18606.01,INFO,"Mister pulse started; ON until 18606.26s, cooldown until 18610.26s"
18619.02,INFO,"Mister pulse started; ON until 18619.27s, cooldown until 18623.27s"
18629.04,INFO,"Mister pulse started; ON until 18629.29s, cooldown until 18633.29s"
18639.00,INFO,"Mister pulse started; ON until 18639.25s, cooldown until 18643.25s"
18654.02,INFO,"Mister pulse started; ON until 18654.27s, cooldown until 18658.27s"
18665.03,INFO,"Mister pulse started; ON until 18665.28s, cooldown until 18669.28s"
18670.03,INFO,"Mister pulse started; ON until 18670.28s, cooldown until 18674.28s"
18686.03,INFO,"Mister pulse started; ON until 18686.28s, cooldown until 18690.28s"
18701.01,INFO,"Mister pulse started; ON until 18701.26s, cooldown until 18705.26s"
18713.05,INFO,"Mister pulse started; ON until 18713.30s, cooldown until 18717.30s"
18718.01,INFO,"Mister pulse started; ON until 18718.26s, cooldown until 18722.26s"
18733.03,INFO,"Mister pulse started; ON until 18733.28s, cooldown until 18737.28s"
18747.02,INFO,"Mister pulse started; ON until 18747.27s, cooldown until 18751.27s"
18757.04,INFO,"Mister pulse started; ON until 18757.29s, cooldown until 18761.29s"
18769.02,INFO,"Mister pulse started; ON until 18769.27s, cooldown until 18773.27s"
18779.03,INFO,"Mister pulse started; ON until 18779.28s, cooldown until 18783.28s"
18790.03,INFO,"Mister pulse started; ON until 18790.28s, cooldown until 18794.28s"
18803.03,INFO,"Mister pulse started; ON until 18803.28s, cooldown until 18807.28s"
18813.05,INFO,"Mister pulse started; ON until 18813.30s, cooldown until 18817.30s"
18827.04,INFO,"Mister pulse started; ON until 18827.29s, cooldown until 18831.29s"
18832.04,INFO,"Mister pulse started; ON until 18832.29s, cooldown until 18836.29s"
18843.04,INFO,"Mister pulse started; ON until 18843.29s, cooldown until 18847.29s"
18853.01,INFO,"Mister pulse started; ON until 18853.26s, cooldown until 18857.26s"
18867.00,INFO,"Mister pulse started; ON until 18867.25s, cooldown until 18871.25s"
18880.02,INFO,"Mister pulse started; ON until 18880.27s, cooldown until 18884.27s"
18887.04,INFO,"Mister pulse started; ON until 18887.29s, cooldown until 18891.29s"
18892.00,INFO,"Mister pulse started; ON until 18892.25s, cooldown until 18896.25s"
18910.02,INFO,"Mister pulse started; ON until 18910.27s, cooldown until 18914.27s"
18915.02,INFO,"Mister pulse started; ON until 18915.27s, cooldown until 18919.27s"
18929.01,INFO,"Mister pulse started; ON until 18929.26s, cooldown until 18933.26s"
18934.01,INFO,"Mister pulse started; ON until 18934.26s, cooldown until 18938.26s"
18947.03,INFO,"Mister pulse started; ON until 18947.28s, cooldown until 18951.28s"
18959.00,INFO,"Mister pulse started; ON until 18959.25s, cooldown until 18963.25s"
18964.01,INFO,"Mister pulse started; ON until 18964.26s, cooldown until 18968.26s"
18981.00,INFO,"Mister pulse started; ON until 18981.25s, cooldown until 18985.25s"
18986.01,INFO,"Mister pulse started; ON until 18986.26s, cooldown until 18990.26s"
19000.00,INFO,"Mister pulse started; ON until 19000.25s, cooldown until 19004.25s"
19012.04,INFO,"Mister pulse started; ON until 19012.29s, cooldown until 19016.29s"
19017.05,INFO,"Mister pulse started; ON until 19017.30s, cooldown until 19021.30s"
19033.05,INFO,"Mister pulse started; ON until 19033.30s, cooldown until 19037.30s"
19038.01,INFO,"Mister pulse started; ON until 19038.26s, cooldown until 19042.26s"
19055.00,INFO,"Mister pulse started; ON until 19055.25s, cooldown until 19059.25s"
19067.03,INFO,"Mister pulse started; ON until 19067.28s, cooldown until 19071.28s"
19081.02,INFO,"Mister pulse started; ON until 19081.27s, cooldown until 19085.27s"
19095.01,INFO,"Mister pulse started; ON until 19095.26s, cooldown until 19099.26s"
19105.02,INFO,"Mister pulse started; ON until 19105.27s, cooldown until 19109.27s"
19119.01,INFO,"Mister pulse started; ON until 19119.26s, cooldown until 19123.26s"
19132.02,INFO,"Mister pulse started; ON until 19132.27s, cooldown until 19136.27s"
19137.03,INFO,"Mister pulse started; ON until 19137.28s, cooldown until 19141.28s"
19152.01,INFO,"Mister pulse started; ON until 19152.26s, cooldown until 19156.26s"
19164.03,INFO,"Mister pulse started; ON until 19164.28s, cooldown until 19168.28s"
19169.05,INFO,"Mister pulse started; ON until 19169.30s, cooldown until 19173.30s"
19184.02,INFO,"Mister pulse started; ON until 19184.27s, cooldown until 19188.27s"
19197.02,INFO,"Mister pulse started; ON until 19197.27s, cooldown until 19201.27s"
19206.01,INFO,"Mister pulse started; ON until 19206.26s, cooldown until 19210.26s"
19218.03,INFO,"Mister pulse started; ON until 19218.28s, cooldown until 19222.28s"
19232.02,INFO,"Mister pulse started; ON until 19232.27s, cooldown until 19236.27s"
19246.02,INFO,"Mister pulse started; ON until 19246.27s, cooldown until 19250.27s"
19258.05,INFO,"Mister pulse started; ON until 19258.30s, cooldown until 19262.30s"
19272.03,INFO,"Mister pulse started; ON until 19272.28s, cooldown until 19276.28s"
19287.00,INFO,"Mister pulse started; ON until 19287.25s, cooldown until 19291.25s"
19299.03,INFO,"Mister pulse started; ON until 19299.28s, cooldown until 19303.28s"
19306.05,INFO,"Mister pulse started; ON until 19306.30s, cooldown until 19310.30s"
19322.05,INFO,"Mister pulse started; ON until 19322.30s, cooldown until 19326.30s"
19338.02,INFO,"Mister pulse started; ON until 19338.27s, cooldown until 19342.27s"
19343.03,INFO,"Mister pulse started; ON until 19343.28s, cooldown until 19347.28s"
19359.03,INFO,"Mister pulse started; ON until 19359.28s, cooldown until 19363.28s"
19371.01,INFO,"Mister pulse started; ON until 19371.26s, cooldown until 19375.26s"
19378.03,INFO,"Mister pulse started; ON until 19378.28s, cooldown until 19382.28s"
19386.04,INFO,"Mister pulse started; ON until 19386.29s, cooldown until 19390.29s"
19393.01,INFO,"Mister pulse started; ON until 19393.26s, cooldown until 19397.26s"
19402.04,INFO,"Mister pulse started; ON until 19402.29s, cooldown until 19406.29s"
19407.01,INFO,"Mister pulse started; ON until 19407.26s, cooldown until 19411.26s"
19425.02,INFO,"Mister pulse started; ON until 19425.27s, cooldown until 19429.27s"
19430.04,INFO,"Mister pulse started; ON until 19430.29s, cooldown until 19434.29s"
19447.04,INFO,"Mister pulse started; ON until 19447.29s, cooldown until 19451.29s"
19461.03,INFO,"Mister pulse started; ON until 19461.28s, cooldown until 19465.28s"
19473.00,INFO,"Mister pulse started; ON until 19473.25s, cooldown until 19477.25s"
19482.04,INFO,"Mister pulse started; ON until 19482.29s, cooldown until 19486.29s"
19490.04,INFO,"Mister pulse started; ON until 19490.29s, cooldown until 19494.29s"
19501.04,INFO,"Mister pulse started; ON until 19501.29s, cooldown until 19505.29s"
19513.01,INFO,"Mister pulse started; ON until 19513.26s, cooldown until 19517.26s"
19518.03,INFO,"Mister pulse started; ON until 19518.28s, cooldown until 19522.28s"
19537.02,INFO,"Mister pulse started; ON until 19537.27s, cooldown until 19541.27s"
19542.03,INFO,"Mister pulse started; ON until 19542.28s, cooldown until 19546.28s"
19561.02,INFO,"Mister pulse started; ON until 19561.27s, cooldown until 19565.27s"
19570.02,INFO,"Mister pulse started; ON until 19570.27s, cooldown until 19574.27s"
19582.05,INFO,"Mister pulse started; ON until 19582.30s, cooldown until 19586.30s"
19596.04,INFO,"Mister pulse started; ON until 19596.29s, cooldown until 19600.29s"
19611.02,INFO,"Mister pulse started; ON until 19611.27s, cooldown until 19615.27s"
19616.02,INFO,"Mister pulse started; ON until 19616.27s, cooldown until 19620.27s"
19632.03,INFO,"Mister pulse started; ON until 19632.28s, cooldown until 19636.28s"
19640.03,INFO,"Mister pulse started; ON until 19640.28s, cooldown until 19644.28s"
19650.04,INFO,"Mister pulse started; ON until 19650.29s, cooldown until 19654.29s"
19661.04,INFO,"Mister pulse started; ON until 19661.29s, cooldown until 19665.29s"
19677.05,INFO,"Mister pulse started; ON until 19677.30s, cooldown until 19681.30s"
19692.02,INFO,"Mister pulse started; ON until 19692.27s, cooldown until 19696.27s"
19707.04,INFO,"Mister pulse started; ON until 19707.29s, cooldown until 19711.29s"
19721.04,INFO,"Mister pulse started; ON until 19721.29s, cooldown until 19725.29s"
19726.05,INFO,"Mister pulse started; ON until 19726.30s, cooldown until 19730.30s"
19738.03,INFO,"Mister pulse started; ON until 19738.28s, cooldown until 19742.28s"
19751.04,INFO,"Mister pulse started; ON until 19751.29s, cooldown until 19755.29s"
19756.05,INFO,"Mister pulse started; ON until 19756.30s, cooldown until 19760.30s"
19775.05,INFO,"Mister pulse started; ON until 19775.30s, cooldown until 19779.30s"
19780.00,INFO,"Mister pulse started; ON until 19780.25s, cooldown until 19784.25s"
19791.00,INFO,"Mister pulse started; ON until 19791.25s, cooldown until 19795.25s"
19801.02,INFO,"Mister pulse started; ON until 19801.27s, cooldown until 19805.27s"
19815.01,INFO,"Mister pulse started; ON until 19815.26s, cooldown until 19819.26s"
19825.03,INFO,"Mister pulse started; ON until 19825.28s, cooldown until 19829.28s"
19840.01,INFO,"Mister pulse started; ON until 19840.26s, cooldown until 19844.26s"
19851.01,INFO,"Mister pulse started; ON until 19851.26s, cooldown until 19855.26s"
19857.01,INFO,"Mister pulse started; ON until 19857.26s, cooldown until 19861.26s"
19874.04,INFO,"Mister pulse started; ON until 19874.29s, cooldown until 19878.29s"
19889.03,INFO,"Mister pulse started; ON until 19889.28s, cooldown until 19893.28s"
19904.04,INFO,"Mister pulse started; ON until 19904.29s, cooldown until 19908.29s"
19916.01,INFO,"Mister pulse started; ON until 19916.26s, cooldown until 19920.26s"
19924.02,INFO,"Mister pulse started; ON until 19924.27s, cooldown until 19928.27s"
19936.05,INFO,"Mister pulse started; ON until 19936.30s, cooldown until 19940.30s"
19948.02,INFO,"Mister pulse started; ON until 19948.27s, cooldown until 19952.27s"
19953.04,INFO,"Mister pulse started; ON until 19953.29s, cooldown until 19957.29s"
19970.01,INFO,"Mister pulse started; ON until 19970.26s, cooldown until 19974.26s"
19975.02,INFO,"Mister pulse started; ON until 19975.27s, cooldown until 19979.27s"
19991.03,INFO,"Mister pulse started; ON until 19991.28s, cooldown until 19995.28s"
20003.00,INFO,"Mister pulse started; ON until 20003.25s, cooldown until 20007.25s"
20008.02,INFO,"Mister pulse started; ON until 20008.27s, cooldown until 20012.27s"
20027.01,INFO,"Mister pulse started; ON until 20027.26s, cooldown until 20031.26s"
20032.02,INFO,"Mister pulse started; ON until 20032.27s, cooldown until 20036.27s"
20052.00,INFO,"Mister pulse started; ON until 20052.25s, cooldown until 20056.25s"
20057.01,INFO,"Mister pulse started; ON until 20057.26s, cooldown until 20061.26s"
20069.03,INFO,"Mister pulse started; ON until 20069.28s, cooldown until 20073.28s"
20074.04,INFO,"Mister pulse started; ON until 20074.29s, cooldown until 20078.29s"
20087.00,INFO,"Mister pulse started; ON until 20087.25s, cooldown until 20091.25s"
20100.01,INFO,"Mister pulse started; ON until 20100.26s, cooldown until 20104.26s"
20112.04,INFO,"Mister pulse started; ON until 20112.29s, cooldown until 20116.29s"
20126.03,INFO,"Mister pulse started; ON until 20126.28s, cooldown until 20130.28s"
20138.01,INFO,"Mister pulse started; ON until 20138.26s, cooldown until 20142.26s"
20143.02,INFO,"Mister pulse started; ON until 20143.27s, cooldown until 20147.27s"
20162.02,INFO,"Mister pulse started; ON until 20162.27s, cooldown until 20166.27s"
20167.03,INFO,"Mister pulse started; ON until 20167.28s, cooldown until 20171.28s"
20186.03,INFO,"Mister pulse started; ON until 20186.28s, cooldown until 20190.28s"
20191.04,INFO,"Mister pulse started; ON until 20191.29s, cooldown until 20195.29s"
20209.00,INFO,"Mister pulse started; ON until 20209.25s, cooldown until 20213.25s"
20214.02,INFO,"Mister pulse started; ON until 20214.27s, cooldown until 20218.27s"
20232.03,INFO,"Mister pulse started; ON until 20232.28s, cooldown until 20236.28s"
20237.03,INFO,"Mister pulse started; ON until 20237.28s, cooldown until 20241.28s"
20251.02,INFO,"Mister pulse started; ON until 20251.27s, cooldown until 20255.27s"
20263.00,INFO,"Mister pulse started; ON until 20263.25s, cooldown until 20267.25s"
20268.01,INFO,"Mister pulse started; ON until 20268.26s, cooldown until 20272.26s"
20282.05,INFO,"Mister pulse started; ON until 20282.30s, cooldown until 20286.30s"
20287.01,INFO,"Mister pulse started; ON until 20287.26s, cooldown until 20291.26s"
20298.01,INFO,"Mister pulse started; ON until 20298.26s, cooldown until 20302.26s"
20311.02,INFO,"Mister pulse started; ON until 20311.27s, cooldown until 20315.27s"
20316.04,INFO,"Mister pulse started; ON until 20316.29s, cooldown until 20320.29s"
20330.03,INFO,"Mister pulse started; ON until 20330.28s, cooldown until 20334.28s"
20335.04,INFO,"Mister pulse started; ON until 20335.29s, cooldown until 20339.29s"
20350.01,INFO,"Mister pulse started; ON until 20350.26s, cooldown until 20354.26s"
20355.02,INFO,"Mister pulse started; ON until 20355.27s, cooldown until 20359.27s"
20371.02,INFO,"Mister pulse started; ON until 20371.27s, cooldown until 20375.27s"
20383.00,INFO,"Mister pulse started; ON until 20383.25s, cooldown until 20387.25s"
20388.01,INFO,"Mister pulse started; ON until 20388.26s, cooldown until 20392.26s"
20410.00,INFO,"Mister pulse started; ON until 20410.25s, cooldown until 20414.25s"
20424.05,INFO,"Mister pulse started; ON until 20424.30s, cooldown until 20428.30s"
20429.00,INFO,"Mister pulse started; ON until 20429.25s, cooldown until 20433.25s"
20442.01,INFO,"Mister pulse started; ON until 20442.26s, cooldown until 20446.26s"
20455.02,INFO,"Mister pulse started; ON until 20455.27s, cooldown until 20459.27s"
20466.02,INFO,"Mister pulse started; ON until 20466.27s, cooldown until 20470.27s"
20479.03,INFO,"Mister pulse started; ON until 20479.28s, cooldown until 20483.28s"
20487.03,INFO,"Mister pulse started; ON until 20487.28s, cooldown until 20491.28s"
20497.04,INFO,"Mister pulse started; ON until 20497.29s, cooldown until 20501.29s"
20510.01,INFO,"Mister pulse started; ON until 20510.26s, cooldown until 20514.26s"
20515.02,INFO,"Mister pulse started; ON until 20515.27s, cooldown until 20519.27s"
20535.04,INFO,"Mister pulse started; ON until 20535.29s, cooldown until 20539.29s"
20542.01,INFO,"Mister pulse started; ON until 20542.26s, cooldown until 20546.26s"
20552.03,INFO,"Mister pulse started; ON until 20552.28s, cooldown until 20556.28s"
20566.02,INFO,"Mister pulse started; ON until 20566.27s, cooldown until 20570.27s"
20573.04,INFO,"Mister pulse started; ON until 20573.29s, cooldown until 20577.29s"
20583.01,INFO,"Mister pulse started; ON until 20583.26s, cooldown until 20587.26s"
20595.03,INFO,"Mister pulse started; ON until 20595.28s, cooldown until 20599.28s"
20610.00,INFO,"Mister pulse started; ON until 20610.25s, cooldown until 20614.25s"
20625.02,INFO,"Mister pulse started; ON until 20625.27s, cooldown until 20629.27s"
20640.04,INFO,"Mister pulse started; ON until 20640.29s, cooldown until 20644.29s"
20650.01,INFO,"Mister pulse started; ON until 20650.26s, cooldown until 20654.26s"
20667.04,INFO,"Mister pulse started; ON until 20667.29s, cooldown until 20671.29s"
20681.02,INFO,"Mister pulse started; ON until 20681.27s, cooldown until 20685.27s"
20694.03,INFO,"Mister pulse started; ON until 20694.28s, cooldown until 20698.28s"
20705.04,INFO,"Mister pulse started; ON until 20705.29s, cooldown until 20709.29s"
20710.04,INFO,"Mister pulse started; ON until 20710.29s, cooldown until 20714.29s"
20726.04,INFO,"Mister pulse started; ON until 20726.29s, cooldown until 20730.29s"
20732.03,INFO,"Mister pulse started; ON until 20732.28s, cooldown until 20736.28s"
20742.05,INFO,"Mister pulse started; ON until 20742.30s, cooldown until 20746.30s"
20753.04,INFO,"Mister pulse started; ON until 20753.29s, cooldown until 20757.29s"
20758.00,INFO,"Mister pulse started; ON until 20758.25s, cooldown until 20762.25s"
20776.02,INFO,"Mister pulse started; ON until 20776.27s, cooldown until 20780.27s"
20790.00,INFO,"Mister pulse started; ON until 20790.25s, cooldown until 20794.25s"
20795.01,INFO,"Mister pulse started; ON until 20795.26s, cooldown until 20799.26s"
20809.01,INFO,"Mister pulse started; ON until 20809.26s, cooldown until 20813.26s"
20823.04,INFO,"Mister pulse started; ON until 20823.29s, cooldown until 20827.29s"
20833.01,INFO,"Mister pulse started; ON until 20833.26s, cooldown until 20837.26s"
20851.02,INFO,"Mister pulse started; ON until 20851.27s, cooldown until 20855.27s"
20856.04,INFO,"Mister pulse started; ON until 20856.29s, cooldown until 20860.29s"
20872.01,INFO,"Mister pulse started; ON until 20872.26s, cooldown until 20876.26s"
20887.03,INFO,"Mister pulse started; ON until 20887.28s, cooldown until 20891.28s"
20901.02,INFO,"Mister pulse started; ON until 20901.27s, cooldown until 20905.27s"
20910.00,INFO,"Mister pulse started; ON until 20910.25s, cooldown until 20914.25s"
20926.01,INFO,"Mister pulse started; ON until 20926.26s, cooldown until 20930.26s"
20940.05,INFO,"Mister pulse started; ON until 20940.30s, cooldown until 20944.30s"
20945.00,INFO,"Mister pulse started; ON until 20945.25s, cooldown until 20949.25s"
20955.02,INFO,"Mister pulse started; ON until 20955.27s, cooldown until 20959.27s"
20962.04,INFO,"Mister pulse started; ON until 20962.29s, cooldown until 20966.29s"
20971.03,INFO,"Mister pulse started; ON until 20971.28s, cooldown until 20975.28s"
20980.01,INFO,"Mister pulse started; ON until 20980.26s, cooldown until 20984.26s"
20993.02,INFO,"Mister pulse started; ON until 20993.27s, cooldown until 20997.27s"
20998.03,INFO,"Mister pulse started; ON until 20998.28s, cooldown until 21002.28s"
21014.04,INFO,"Mister pulse started; ON until 21014.29s, cooldown until 21018.29s"
21027.05,INFO,"Mister pulse started; ON until 21027.30s, cooldown until 21031.30s"
21035.05,INFO,"Mister pulse started; ON until 21035.30s, cooldown until 21039.30s"
21043.00,INFO,"Mister pulse started; ON until 21043.25s, cooldown until 21047.25s"
21057.04,INFO,"Mister pulse started; ON until 21057.29s, cooldown until 21061.29s"
21062.00,INFO,"Mister pulse started; ON until 21062.25s, cooldown until 21066.25s"
21080.02,INFO,"Mister pulse started; ON until 21080.27s, cooldown until 21084.27s"
21085.03,INFO,"Mister pulse started; ON until 21085.28s, cooldown until 21089.28s"
21100.00,INFO,"Mister pulse started; ON until 21100.25s, cooldown until 21104.25s"
21112.03,INFO,"Mister pulse started; ON until 21112.28s, cooldown until 21116.28s"
21117.04,INFO,"Mister pulse started; ON until 21117.29s, cooldown until 21121.29s"
21135.01,INFO,"Mister pulse started; ON until 21135.26s, cooldown until 21139.26s"
21140.01,INFO,"Mister pulse started; ON until 21140.26s, cooldown until 21144.26s"
21155.04,INFO,"Mister pulse started; ON until 21155.29s, cooldown until 21159.29s"
21166.04,INFO,"Mister pulse started; ON until 21166.29s, cooldown until 21170.29s"
21182.04,INFO,"Mister pulse started; ON until 21182.29s, cooldown until 21186.29s"
21197.02,INFO,"Mister pulse started; ON until 21197.27s, cooldown until 21201.27s"
21210.03,INFO,"Mister pulse started; ON until 21210.28s, cooldown until 21214.28s"
21215.03,INFO,"Mister pulse started; ON until 21215.28s, cooldown until 21219.28s"
21230.01,INFO,"Mister pulse started; ON until 21230.26s, cooldown until 21234.26s"
21235.02,INFO,"Mister pulse started; ON until 21235.27s, cooldown until 21239.27s"
21251.03,INFO,"Mister pulse started; ON until 21251.28s, cooldown until 21255.28s"
21264.04,INFO,"Mister pulse started; ON until 21264.29s, cooldown until 21268.29s"
21269.05,INFO,"Mister pulse started; ON until 21269.30s, cooldown until 21273.30s"
21287.01,INFO,"Mister pulse started; ON until 21287.26s, cooldown until 21291.26s"
21295.01,INFO,"Mister pulse started; ON until 21295.26s, cooldown until 21299.26s"
21307.04,INFO,"Mister pulse started; ON until 21307.29s, cooldown until 21311.29s"
21319.01,INFO,"Mister pulse started; ON until 21319.26s, cooldown until 21323.26s"
21324.02,INFO,"Mister pulse started; ON until 21324.27s, cooldown until 21328.27s"
21343.03,INFO,"Mister pulse started; ON until 21343.28s, cooldown until 21347.28s"
21351.03,INFO,"Mister pulse started; ON until 21351.28s, cooldown until 21355.28s"
21363.01,INFO,"Mister pulse started; ON until 21363.26s, cooldown until 21367.26s"
21368.02,INFO,"Mister pulse started; ON until 21368.27s, cooldown until 21372.27s"
21389.03,INFO,"Mister pulse started; ON until 21389.28s, cooldown until 21393.28s"
21394.04,INFO,"Mister pulse started; ON until 21394.29s, cooldown until 21398.29s"
21409.01,INFO,"Mister pulse started; ON until 21409.26s, cooldown until 21413.26s"
21419.03,INFO,"Mister pulse started; ON until 21419.28s, cooldown until 21423.28s"
21437.03,INFO,"Mister pulse started; ON until 21437.28s, cooldown until 21441.28s"
21442.04,INFO,"Mister pulse started; ON until 21442.29s, cooldown until 21446.29s"
21455.05,INFO,"Mister pulse started; ON until 21455.30s, cooldown until 21459.30s"
21460.00,INFO,"Mister pulse started; ON until 21460.25s, cooldown until 21464.25s"
21470.02,INFO,"Mister pulse started; ON until 21470.27s, cooldown until 21474.27s"
21480.04,INFO,"Mister pulse started; ON until 21480.29s, cooldown until 21484.29s"
21491.05,INFO,"Mister pulse started; ON until 21491.30s, cooldown until 21495.30s"
21508.04,INFO,"Mister pulse started; ON until 21508.29s, cooldown until 21512.29s"
21513.05,INFO,"Mister pulse started; ON until 21513.30s, cooldown until 21517.30s"
21529.01,INFO,"Mister pulse started; ON until 21529.26s, cooldown until 21533.26s"
21544.03,INFO,"Mister pulse started; ON until 21544.28s, cooldown until 21548.28s"
21557.04,INFO,"Mister pulse started; ON until 21557.29s, cooldown until 21561.29s"
21566.03,INFO,"Mister pulse started; ON until 21566.28s, cooldown until 21570.28s"
21580.03,INFO,"Mister pulse started; ON until 21580.28s, cooldown until 21584.28s"
21587.05,INFO,"Mister pulse started; ON until 21587.30s, cooldown until 21591.30s"
21597.01,INFO,"Mister pulse started; ON until 21597.26s, cooldown until 21601.26s"
21609.04,INFO,"Mister pulse started; ON until 21609.29s, cooldown until 21613.29s"
21625.05,INFO,"Mister pulse started; ON until 21625.30s, cooldown until 21629.30s"
21642.04,INFO,"Mister pulse started; ON until 21642.29s, cooldown until 21646.29s"
21647.05,INFO,"Mister pulse started; ON until 21647.30s, cooldown until 21651.30s"
21664.04,INFO,"Mister pulse started; ON until 21664.29s, cooldown until 21668.29s"
21678.03,INFO,"Mister pulse started; ON until 21678.28s, cooldown until 21682.28s"
21693.00,INFO,"Mister pulse started; ON until 21693.25s, cooldown until 21697.25s"
21705.03,INFO,"Mister pulse started; ON until 21705.28s, cooldown until 21709.28s"
21713.03,INFO,"Mister pulse started; ON until 21713.28s, cooldown until 21717.28s"
21721.03,INFO,"Mister pulse started; ON until 21721.28s, cooldown until 21725.28s"
21729.04,INFO,"Mister pulse started; ON until 21729.29s, cooldown until 21733.29s"
21734.00,INFO,"Mister pulse started; ON until 21734.25s, cooldown until 21738.25s"
21754.04,INFO,"Mister pulse started; ON until 21754.29s, cooldown until 21758.29s"
21763.03,INFO,"Mister pulse started; ON until 21763.28s, cooldown until 21767.28s"
21776.04,INFO,"Mister pulse started; ON until 21776.29s, cooldown until 21780.29s"
21781.00,INFO,"Mister pulse started; ON until 21781.25s, cooldown until 21785.25s"
21802.02,INFO,"Mister pulse started; ON until 21802.27s, cooldown until 21806.27s"
21813.02,INFO,"Mister pulse started; ON until 21813.27s, cooldown until 21817.27s"
21829.03,INFO,"Mister pulse started; ON until 21829.28s, cooldown until 21833.28s"
21846.01,INFO,"Mister pulse started; ON until 21846.26s, cooldown until 21850.26s"
21852.05,INFO,"Mister pulse started; ON until 21852.30s, cooldown until 21856.30s"
21869.05,INFO,"Mister pulse started; ON until 21869.30s, cooldown until 21873.30s"
21884.02,INFO,"Mister pulse started; ON until 21884.27s, cooldown until 21888.27s"
21900.02,INFO,"Mister pulse started; ON until 21900.27s, cooldown until 21904.27s"
21916.03,INFO,"Mister pulse started; ON until 21916.28s, cooldown until 21920.28s"
21933.02,INFO,"Mister pulse started; ON until 21933.27s, cooldown until 21937.27s"
21938.03,INFO,"Mister pulse started; ON until 21938.28s, cooldown until 21942.28s"
21956.00,INFO,"Mister pulse started; ON until 21956.25s, cooldown until 21960.25s"
21961.01,INFO,"Mister pulse started; ON until 21961.26s, cooldown until 21965.26s"
21977.03,INFO,"Mister pulse started; ON until 21977.28s, cooldown until 21981.28s"
21991.02,INFO,"Mister pulse started; ON until 21991.27s, cooldown until 21995.27s"
22003.05,INFO,"Mister pulse started; ON until 22003.30s, cooldown until 22007.30s"
22020.03,INFO,"Mister pulse started; ON until 22020.28s, cooldown until 22024.28s"
22025.04,INFO,"Mister pulse started; ON until 22025.29s, cooldown until 22029.29s"
22042.03,INFO,"Mister pulse started; ON until 22042.28s, cooldown until 22046.28s"
22060.05,INFO,"Mister pulse started; ON until 22060.30s, cooldown until 22064.30s"
22065.01,INFO,"Mister pulse started; ON until 22065.26s, cooldown until 22069.26s"
22083.03,INFO,"Mister pulse started; ON until 22083.28s, cooldown until 22087.28s"
22088.04,INFO,"Mister pulse started; ON until 22088.29s, cooldown until 22092.29s"
22103.01,INFO,"Mister pulse started; ON until 22103.26s, cooldown until 22107.26s"
22108.02,INFO,"Mister pulse started; ON until 22108.27s, cooldown until 22112.27s"
22113.03,INFO,"Mister pulse started; ON until 22113.28s, cooldown until 22117.28s"
22118.04,INFO,"Mister pulse started; ON until 22118.29s, cooldown until 22122.29s"
22123.00,INFO,"Mister pulse started; ON until 22123.25s, cooldown until 22127.25s"
22128.01,INFO,"Mister pulse started; ON until 22128.26s, cooldown until 22132.26s"
22133.02,INFO,"Mister pulse started; ON until 22133.27s, cooldown until 22137.27s"
22138.03,INFO,"Mister pulse started; ON until 22138.28s, cooldown until 22142.28s"
22143.04,INFO,"Mister pulse started; ON until 22143.29s, cooldown until 22147.29s"
22148.00,INFO,"Mister pulse started; ON until 22148.25s, cooldown until 22152.25s"
22153.01,INFO,"Mister pulse started; ON until 22153.26s, cooldown until 22157.26s"
22158.02,INFO,"Mister pulse started; ON until 22158.27s, cooldown until 22162.27s"
22163.03,INFO,"Mister pulse started; ON until 22163.28s, cooldown until 22167.28s"
22168.04,INFO,"Mister pulse started; ON until 22168.29s, cooldown until 22172.29s"
22173.05,INFO,"Mister pulse started; ON until 22173.30s, cooldown until 22177.30s"
22178.01,INFO,"Mister pulse started; ON until 22178.26s, cooldown until 22182.26s"
22183.01,INFO,"Mister pulse started; ON until 22183.26s, cooldown until 22187.26s"
22188.03,INFO,"Mister pulse started; ON until 22188.28s, cooldown until 22192.28s"
22193.04,INFO,"Mister pulse started; ON until 22193.29s, cooldown until 22197.29s"
22198.05,INFO,"Mister pulse started; ON until 22198.30s, cooldown until 22202.30s"
22203.00,INFO,"Mister pulse started; ON until 22203.25s, cooldown until 22207.25s"
22208.01,INFO,"Mister pulse started; ON until 22208.26s, cooldown until 22212.26s"
22213.02,INFO,"Mister pulse started; ON until 22213.27s, cooldown until 22217.27s"
22218.03,INFO,"Mister pulse started; ON until 22218.28s, cooldown until 22222.28s"
22223.04,INFO,"Mister pulse started; ON until 22223.29s, cooldown until 22227.29s"
22228.00,INFO,"Mister pulse started; ON until 22228.25s, cooldown until 22232.25s"
22233.01,INFO,"Mister pulse started; ON until 22233.26s, cooldown until 22237.26s"
22238.02,INFO,"Mister pulse started; ON until 22238.27s, cooldown until 22242.27s"
22243.03,INFO,"Mister pulse started; ON until 22243.28s, cooldown until 22247.28s"
22248.04,INFO,"Mister pulse started; ON until 22248.29s, cooldown until 22252.29s"
22253.00,INFO,"Mister pulse started; ON until 22253.25s, cooldown until 22257.25s"
22258.02,INFO,"Mister pulse started; ON until 22258.27s, cooldown until 22262.27s"
22263.02,INFO,"Mister pulse started; ON until 22263.27s, cooldown until 22267.27s"
22268.03,INFO,"Mister pulse started; ON until 22268.28s, cooldown until 22272.28s"
22273.04,INFO,"Mister pulse started; ON until 22273.29s, cooldown until 22277.29s"
22278.05,INFO,"Mister pulse started; ON until 22278.30s, cooldown until 22282.30s"
22283.00,INFO,"Mister pulse started; ON until 22283.25s, cooldown until 22287.25s"
22297.04,INFO,"Mister pulse started; ON until 22297.29s, cooldown until 22301.29s"
22302.00,INFO,"Mister pulse started; ON until 22302.25s, cooldown until 22306.25s"
22312.02,INFO,"Mister pulse started; ON until 22312.27s, cooldown until 22316.27s"
22321.01,INFO,"Mister pulse started; ON until 22321.26s, cooldown until 22325.26s"
22334.03,INFO,"Mister pulse started; ON until 22334.28s, cooldown until 22338.28s"
22339.04,INFO,"Mister pulse started; ON until 22339.29s, cooldown until 22343.29s"
22354.02,INFO,"Mister pulse started; ON until 22354.27s, cooldown until 22358.27s"
22367.03,INFO,"Mister pulse started; ON until 22367.28s, cooldown until 22371.28s"
22376.02,INFO,"Mister pulse started; ON until 22376.27s, cooldown until 22380.27s"
22389.03,INFO,"Mister pulse started; ON until 22389.28s, cooldown until 22393.28s"
22394.04,INFO,"Mister pulse started; ON until 22394.29s, cooldown until 22398.29s"
22408.04,INFO,"Mister pulse started; ON until 22408.29s, cooldown until 22412.29s"
22419.05,INFO,"Mister pulse started; ON until 22419.30s, cooldown until 22423.30s"
22436.04,INFO,"Mister pulse started; ON until 22436.29s, cooldown until 22440.29s"
22442.05,INFO,"Mister pulse started; ON until 22442.30s, cooldown until 22446.30s"
22459.03,INFO,"Mister pulse started; ON until 22459.28s, cooldown until 22463.28s"
22464.05,INFO,"Mister pulse started; ON until 22464.30s, cooldown until 22468.30s"
22479.03,INFO,"Mister pulse started; ON until 22479.28s, cooldown until 22483.28s"
22492.04,INFO,"Mister pulse started; ON until 22492.29s, cooldown until 22496.29s"
22499.01,INFO,"Mister pulse started; ON until 22499.26s, cooldown until 22503.26s"
22512.02,INFO,"Mister pulse started; ON until 22512.27s, cooldown until 22516.27s"
22527.04,INFO,"Mister pulse started; ON until 22527.29s, cooldown until 22531.29s"
22542.01,INFO,"Mister pulse started; ON until 22542.26s, cooldown until 22546.26s"
22555.02,INFO,"Mister pulse started; ON until 22555.27s, cooldown until 22559.27s"
22564.01,INFO,"Mister pulse started; ON until 22564.26s, cooldown until 22568.26s"
22576.03,INFO,"Mister pulse started; ON until 22576.28s, cooldown until 22580.28s"
22592.04,INFO,"Mister pulse started; ON until 22592.29s, cooldown until 22596.29s"
22609.03,INFO,"Mister pulse started; ON until 22609.28s, cooldown until 22613.28s"
22614.03,INFO,"Mister pulse started; ON until 22614.28s, cooldown until 22618.28s"
22631.03,INFO,"Mister pulse started; ON until 22631.28s, cooldown until 22635.28s"
22648.01,INFO,"Mister pulse started; ON until 22648.26s, cooldown until 22652.26s"
22653.03,INFO,"Mister pulse started; ON until 22653.28s, cooldown until 22657.28s"
22670.02,INFO,"Mister pulse started; ON until 22670.27s, cooldown until 22674.27s"
22686.03,INFO,"Mister pulse started; ON until 22686.28s, cooldown until 22690.28s"
22704.04,INFO,"Mister pulse started; ON until 22704.29s, cooldown until 22708.29s"
22709.00,INFO,"Mister pulse started; ON until 22709.25s, cooldown until 22713.25s"
22727.01,INFO,"Mister pulse started; ON until 22727.26s, cooldown until 22731.26s"
22732.02,INFO,"Mister pulse started; ON until 22732.27s, cooldown until 22736.27s"
22750.04,INFO,"Mister pulse started; ON until 22750.29s, cooldown until 22754.29s"
22766.04,INFO,"Mister pulse started; ON until 22766.29s, cooldown until 22770.29s"
22783.02,INFO,"Mister pulse started; ON until 22783.27s, cooldown until 22787.27s"
22788.03,INFO,"Mister pulse started; ON until 22788.28s, cooldown until 22792.28s"
22806.05,INFO,"Mister pulse started; ON until 22806.30s, cooldown until 22810.30s"
22822.05,INFO,"Mister pulse started; ON until 22822.30s, cooldown until 22826.30s"
22838.05,INFO,"Mister pulse started; ON until 22838.30s, cooldown until 22842.30s"
22855.03,INFO,"Mister pulse started; ON until 22855.28s, cooldown until 22859.28s"
22860.04,INFO,"Mister pulse started; ON until 22860.29s, cooldown until 22864.29s"
22877.03,INFO,"Mister pulse started; ON until 22877.28s, cooldown until 22881.28s"
22894.02,INFO,"Mister pulse started; ON until 22894.27s, cooldown until 22898.27s"
22899.03,INFO,"Mister pulse started; ON until 22899.28s, cooldown until 22903.28s"
22916.01,INFO,"Mister pulse started; ON until 22916.26s, cooldown until 22920.26s"
22932.01,INFO,"Mister pulse started; ON until 22932.26s, cooldown until 22936.26s"
22947.04,INFO,"Mister pulse started; ON until 22947.29s, cooldown until 22951.29s"
22962.01,INFO,"Mister pulse started; ON until 22962.26s, cooldown until 22966.26s"
22974.04,INFO,"Mister pulse started; ON until 22974.29s, cooldown until 22978.29s"
22983.02,INFO,"Mister pulse started; ON until 22983.27s, cooldown until 22987.27s"
22993.04,INFO,"Mister pulse started; ON until 22993.29s, cooldown until 22997.29s"
23002.02,INFO,"Mister pulse started; ON until 23002.27s, cooldown until 23006.27s"
23019.01,INFO,"Mister pulse started; ON until 23019.26s, cooldown until 23023.26s"
23035.01,INFO,"Mister pulse started; ON until 23035.26s, cooldown until 23039.26s"
23050.03,INFO,"Mister pulse started; ON until 23050.28s, cooldown until 23054.28s"
23066.03,INFO,"Mister pulse started; ON until 23066.28s, cooldown until 23070.28s"
23079.04,INFO,"Mister pulse started; ON until 23079.29s, cooldown until 23083.29s"
23087.04,INFO,"Mister pulse started; ON until 23087.29s, cooldown until 23091.29s"
23099.03,INFO,"Mister pulse started; ON until 23099.28s, cooldown until 23103.28s"
23114.05,INFO,"Mister pulse started; ON until 23114.30s, cooldown until 23118.30s"
23128.05,INFO,"Mister pulse started; ON until 23128.30s, cooldown until 23132.30s"
23141.00,INFO,"Mister pulse started; ON until 23141.25s, cooldown until 23145.25s"
23149.01,INFO,"Mister pulse started; ON until 23149.26s, cooldown until 23153.26s"
23160.01,INFO,"Mister pulse started; ON until 23160.26s, cooldown until 23164.26s"
23177.05,INFO,"Mister pulse started; ON until 23177.30s, cooldown until 23181.30s"
23190.01,INFO,"Mister pulse started; ON until 23190.26s, cooldown until 23194.26s"
23203.02,INFO,"Mister pulse started; ON until 23203.27s, cooldown until 23207.27s"
23212.01,INFO,"Mister pulse started; ON until 23212.26s, cooldown until 23216.26s"
23222.02,INFO,"Mister pulse started; ON until 23222.27s, cooldown until 23226.27s"
23233.02,INFO,"Mister pulse started; ON until 23233.27s, cooldown until 23237.27s"
23251.03,INFO,"Mister pulse started; ON until 23251.28s, cooldown until 23255.28s"
23256.04,INFO,"Mister pulse started; ON until 23256.29s, cooldown until 23260.29s"
23272.01,INFO,"Mister pulse started; ON until 23272.26s, cooldown until 23276.26s"
23289.05,INFO,"Mister pulse started; ON until 23289.30s, cooldown until 23293.30s"
23304.02,INFO,"Mister pulse started; ON until 23304.27s, cooldown until 23308.27s"
23320.02,INFO,"Mister pulse started; ON until 23320.27s, cooldown until 23324.27s"
23336.03,INFO,"Mister pulse started; ON until 23336.28s, cooldown until 23340.28s"
23351.00,INFO,"Mister pulse started; ON until 23351.25s, cooldown until 23355.25s"
23368.03,INFO,"Mister pulse started; ON until 23368.28s, cooldown until 23372.28s"
23384.04,INFO,"Mister pulse started; ON until 23384.29s, cooldown until 23388.29s"
23400.04,INFO,"Mister pulse started; ON until 23400.29s, cooldown until 23404.29s"
23417.03,INFO,"Mister pulse started; ON until 23417.28s, cooldown until 23421.28s"
23422.04,INFO,"Mister pulse started; ON until 23422.29s, cooldown until 23426.29s"
23439.03,INFO,"Mister pulse started; ON until 23439.28s, cooldown until 23443.28s"
23455.03,INFO,"Mister pulse started; ON until 23455.28s, cooldown until 23459.28s"
23473.00,INFO,"Mister pulse started; ON until 23473.25s, cooldown until 23477.25s"
23478.01,INFO,"Mister pulse started; ON until 23478.26s, cooldown until 23482.26s"
23497.01,INFO,"Mister pulse started; ON until 23497.26s, cooldown until 23501.26s"
23502.02,INFO,"Mister pulse started; ON until 23502.27s, cooldown until 23506.27s"
23524.01,INFO,"Mister pulse started; ON until 23524.26s, cooldown until 23528.26s"
23538.01,INFO,"Mister pulse started; ON until 23538.26s, cooldown until 23542.26s"
23543.02,INFO,"Mister pulse started; ON until 23543.27s, cooldown until 23547.27s"
23558.05,INFO,"Mister pulse started; ON until 23558.30s, cooldown until 23562.30s"
23572.04,INFO,"Mister pulse started; ON until 23572.29s, cooldown until 23576.29s"
23588.04,INFO,"Mister pulse started; ON until 23588.29s, cooldown until 23592.29s"
23593.05,INFO,"Mister pulse started; ON until 23593.30s, cooldown until 23597.30s"
23611.01,INFO,"Mister pulse started; ON until 23611.26s, cooldown until 23615.26s"
23625.05,INFO,"Mister pulse started; ON until 23625.30s, cooldown until 23629.30s"
23634.03,INFO,"Mister pulse started; ON until 23634.28s, cooldown until 23638.28s"
23646.01,INFO,"Mister pulse started; ON until 23646.26s, cooldown until 23650.26s"
23651.02,INFO,"Mister pulse started; ON until 23651.27s, cooldown until 23655.27s"
23669.03,INFO,"Mister pulse started; ON until 23669.28s, cooldown until 23673.28s"
23685.03,INFO,"Mister pulse started; ON until 23685.28s, cooldown until 23689.28s"
23701.05,INFO,"Mister pulse started; ON until 23701.30s, cooldown until 23705.30s"
23717.00,INFO,"Mister pulse started; ON until 23717.25s, cooldown until 23721.25s"
23722.01,INFO,"Mister pulse started; ON until 23722.26s, cooldown until 23726.26s"
23738.02,INFO,"Mister pulse started; ON until 23738.27s, cooldown until 23742.27s"
23751.04,INFO,"Mister pulse started; ON until 23751.29s, cooldown until 23755.29s"
23762.04,INFO,"Mister pulse started; ON until 23762.29s, cooldown until 23766.29s"
23778.05,INFO,"Mister pulse started; ON until 23778.30s, cooldown until 23782.30s"
23792.00,INFO,"Mister pulse started; ON until 23792.25s, cooldown until 23796.25s"
23806.05,INFO,"Mister pulse started; ON until 23806.30s, cooldown until 23810.30s"
23815.04,INFO,"Mister pulse started; ON until 23815.29s, cooldown until 23819.29s"
23828.05,INFO,"Mister pulse started; ON until 23828.30s, cooldown until 23832.30s"
23833.02,INFO,"Mister pulse started; ON until 23833.27s, cooldown until 23837.27s"
23851.03,INFO,"Mister pulse started; ON until 23851.28s, cooldown until 23855.28s"
23856.04,INFO,"Mister pulse started; ON until 23856.29s, cooldown until 23860.29s"
23875.04,INFO,"Mister pulse started; ON until 23875.29s, cooldown until 23879.29s"
23881.04,INFO,"Mister pulse started; ON until 23881.29s, cooldown until 23885.29s"
23898.02,INFO,"Mister pulse started; ON until 23898.27s, cooldown until 23902.27s"
23903.04,INFO,"Mister pulse started; ON until 23903.29s, cooldown until 23907.29s"
23919.05,INFO,"Mister pulse started; ON until 23919.30s, cooldown until 23923.30s"
23934.02,INFO,"Mister pulse started; ON until 23934.27s, cooldown until 23938.27s"
23948.01,INFO,"Mister pulse started; ON until 23948.26s, cooldown until 23952.26s"
23960.04,INFO,"Mister pulse started; ON until 23960.29s, cooldown until 23964.29s"
23976.05,INFO,"Mister pulse started; ON until 23976.30s, cooldown until 23980.30s"
23992.05,INFO,"Mister pulse started; ON until 23992.30s, cooldown until 23996.30s"
24008.00,INFO,"Mister pulse started; ON until 24008.25s, cooldown until 24012.25s"
24013.01,INFO,"Mister pulse started; ON until 24013.26s, cooldown until 24017.26s"
24030.00,INFO,"Mister pulse started; ON until 24030.25s, cooldown until 24034.25s"
24046.01,INFO,"Mister pulse started; ON until 24046.26s, cooldown until 24050.26s"
24062.03,INFO,"Mister pulse started; ON until 24062.28s, cooldown until 24066.28s"
24078.04,INFO,"Mister pulse started; ON until 24078.29s, cooldown until 24082.29s"
24094.04,INFO,"Mister pulse started; ON until 24094.29s, cooldown until 24098.29s"
24110.05,INFO,"Mister pulse started; ON until 24110.30s, cooldown until 24114.30s"
24125.03,INFO,"Mister pulse started; ON until 24125.28s, cooldown until 24129.28s"
24142.02,INFO,"Mister pulse started; ON until 24142.27s, cooldown until 24146.27s"
24147.03,INFO,"Mister pulse started; ON until 24147.28s, cooldown until 24151.28s"
24163.05,INFO,"Mister pulse started; ON until 24163.30s, cooldown until 24167.30s"
24177.04,INFO,"Mister pulse started; ON until 24177.29s, cooldown until 24181.29s"
24187.01,INFO,"Mister pulse started; ON until 24187.26s, cooldown until 24191.26s"
24204.04,INFO,"Mister pulse started; ON until 24204.29s, cooldown until 24208.29s"
24221.03,INFO,"Mister pulse started; ON until 24221.28s, cooldown until 24225.28s"
24226.04,INFO,"Mister pulse started; ON until 24226.29s, cooldown until 24230.29s"
24242.04,INFO,"Mister pulse started; ON until 24242.29s, cooldown until 24246.29s"
24254.02,INFO,"Mister pulse started; ON until 24254.27s, cooldown until 24258.27s"
24265.02,INFO,"Mister pulse started; ON until 24265.27s, cooldown until 24269.27s"
24279.02,INFO,"Mister pulse started; ON until 24279.27s, cooldown until 24283.27s"
24290.02,INFO,"Mister pulse started; ON until 24290.27s, cooldown until 24294.27s"
24307.01,INFO,"Mister pulse started; ON until 24307.26s, cooldown until 24311.26s"
24312.02,INFO,"Mister pulse started; ON until 24312.27s, cooldown until 24316.27s"
24328.04,INFO,"Mister pulse started; ON until 24328.29s, cooldown until 24332.29s"
24343.01,INFO,"Mister pulse started; ON until 24343.26s, cooldown until 24347.26s"
24348.02,INFO,"Mister pulse started; ON until 24348.27s, cooldown until 24352.27s"
24366.04,INFO,"Mister pulse started; ON until 24366.29s, cooldown until 24370.29s"
24377.05,INFO,"Mister pulse started; ON until 24377.30s, cooldown until 24381.30s"
24394.03,INFO,"Mister pulse started; ON until 24394.28s, cooldown until 24398.28s"
24399.04,INFO,"Mister pulse started; ON until 24399.29s, cooldown until 24403.29s"
24415.05,INFO,"Mister pulse started; ON until 24415.30s, cooldown until 24419.30s"
24428.00,INFO,"Mister pulse started; ON until 24428.25s, cooldown until 24432.25s"
24441.01,INFO,"Mister pulse started; ON until 24441.26s, cooldown until 24445.26s"
24446.03,INFO,"Mister pulse started; ON until 24446.28s, cooldown until 24450.28s"
24463.02,INFO,"Mister pulse started; ON until 24463.27s, cooldown until 24467.27s"
24480.00,INFO,"Mister pulse started; ON until 24480.25s, cooldown until 24484.25s"
24485.01,INFO,"Mister pulse started; ON until 24485.26s, cooldown until 24489.26s"
24500.04,INFO,"Mister pulse started; ON until 24500.29s, cooldown until 24504.29s"
24509.03,INFO,"Mister pulse started; ON until 24509.28s, cooldown until 24513.28s"
24527.05,INFO,"Mister pulse started; ON until 24527.30s, cooldown until 24531.30s"
24542.03,INFO,"Mister pulse started; ON until 24542.28s, cooldown until 24546.28s"
24558.04,INFO,"Mister pulse started; ON until 24558.29s, cooldown until 24562.29s"
24575.03,INFO,"Mister pulse started; ON until 24575.28s, cooldown until 24579.28s"
24580.04,INFO,"Mister pulse started; ON until 24580.29s, cooldown until 24584.29s"
24595.02,INFO,"Mister pulse started; ON until 24595.27s, cooldown until 24599.27s"
24610.05,INFO,"Mister pulse started; ON until 24610.30s, cooldown until 24614.30s"
24622.03,INFO,"Mister pulse started; ON until 24622.28s, cooldown until 24626.28s"
24627.03,INFO,"Mister pulse started; ON until 24627.28s, cooldown until 24631.28s"
24645.05,INFO,"Mister pulse started; ON until 24645.30s, cooldown until 24649.30s"
24661.00,INFO,"Mister pulse started; ON until 24661.25s, cooldown until 24665.25s"
24666.01,INFO,"Mister pulse started; ON until 24666.26s, cooldown until 24670.26s"
24680.01,INFO,"Mister pulse started; ON until 24680.26s, cooldown until 24684.26s"
24694.04,INFO,"Mister pulse started; ON until 24694.29s, cooldown until 24698.29s"
24699.00,INFO,"Mister pulse started; ON until 24699.25s, cooldown until 24703.25s"
24718.00,INFO,"Mister pulse started; ON until 24718.25s, cooldown until 24722.25s"
24723.02,INFO,"Mister pulse started; ON until 24723.27s, cooldown until 24727.27s"
24742.02,INFO,"Mister pulse started; ON until 24742.27s, cooldown until 24746.27s"
24751.01,INFO,"Mister pulse started; ON until 24751.26s, cooldown until 24755.26s"
24766.03,INFO,"Mister pulse started; ON until 24766.28s, cooldown until 24770.28s"
24775.02,INFO,"Mister pulse started; ON until 24775.27s, cooldown until 24779.27s"
24788.03,INFO,"Mister pulse started; ON until 24788.28s, cooldown until 24792.28s"
24793.04,INFO,"Mister pulse started; ON until 24793.29s, cooldown until 24797.29s"
24811.02,INFO,"Mister pulse started; ON until 24811.27s, cooldown until 24815.27s"
24816.03,INFO,"Mister pulse started; ON until 24816.28s, cooldown until 24820.28s"
24832.04,INFO,"Mister pulse started; ON until 24832.29s, cooldown until 24836.29s"
24846.03,INFO,"Mister pulse started; ON until 24846.28s, cooldown until 24850.28s"
24858.01,INFO,"Mister pulse started; ON until 24858.26s, cooldown until 24862.26s"
24863.03,INFO,"Mister pulse started; ON until 24863.28s, cooldown until 24867.28s"
24880.01,INFO,"Mister pulse started; ON until 24880.26s, cooldown until 24884.26s"
24895.04,INFO,"Mister pulse started; ON until 24895.29s, cooldown until 24899.29s"
24908.00,INFO,"Mister pulse started; ON until 24908.25s, cooldown until 24912.25s"
24918.02,INFO,"Mister pulse started; ON until 24918.27s, cooldown until 24922.27s"
24935.01,INFO,"Mister pulse started; ON until 24935.26s, cooldown until 24939.26s"
24950.03,INFO,"Mister pulse started; ON until 24950.28s, cooldown until 24954.28s"
24965.00,INFO,"Mister pulse started; ON until 24965.25s, cooldown until 24969.25s"
24978.01,INFO,"Mister pulse started; ON until 24978.26s, cooldown until 24982.26s"
24987.04,INFO,"Mister pulse started; ON until 24987.29s, cooldown until 24991.29s"
24999.03,INFO,"Mister pulse started; ON until 24999.28s, cooldown until 25003.28s"
25015.04,INFO,"Mister pulse started; ON until 25015.29s, cooldown until 25019.29s"
25031.04,INFO,"Mister pulse started; ON until 25031.29s, cooldown until 25035.29s"
25046.01,INFO,"Mister pulse started; ON until 25046.26s, cooldown until 25050.26s"
25062.01,INFO,"Mister pulse started; ON until 25062.26s, cooldown until 25066.26s"
25078.02,INFO,"Mister pulse started; ON until 25078.27s, cooldown until 25082.27s"
25093.05,INFO,"Mister pulse started; ON until 25093.30s, cooldown until 25097.30s"
25107.04,INFO,"Mister pulse started; ON until 25107.29s, cooldown until 25111.29s"
25118.04,INFO,"Mister pulse started; ON until 25118.29s, cooldown until 25122.29s"
25135.02,INFO,"Mister pulse started; ON until 25135.27s, cooldown until 25139.27s"
25140.03,INFO,"Mister pulse started; ON until 25140.28s, cooldown until 25144.28s"
25156.04,INFO,"Mister pulse started; ON until 25156.29s, cooldown until 25160.29s"
25170.04,INFO,"Mister pulse started; ON until 25170.29s, cooldown until 25174.29s"
25181.04,INFO,"Mister pulse started; ON until 25181.29s, cooldown until 25185.29s"
25200.04,INFO,"Mister pulse started; ON until 25200.29s, cooldown until 25204.29s"
25205.05,INFO,"Mister pulse started; ON until 25205.30s, cooldown until 25209.30s"
25224.05,INFO,"Mister pulse started; ON until 25224.30s, cooldown until 25228.30s"
25229.01,INFO,"Mister pulse started; ON until 25229.26s, cooldown until 25233.26s"
25240.01,INFO,"Mister pulse started; ON until 25240.26s, cooldown until 25244.26s"
25252.04,INFO,"Mister pulse started; ON until 25252.29s, cooldown until 25256.29s"
25268.04,INFO,"Mister pulse started; ON until 25268.29s, cooldown until 25272.29s"
25284.04,INFO,"Mister pulse started; ON until 25284.29s, cooldown until 25288.29s"
25299.01,INFO,"Mister pulse started; ON until 25299.26s, cooldown until 25303.26s"
25317.03,INFO,"Mister pulse started; ON until 25317.28s, cooldown until 25321.28s"
25322.04,INFO,"Mister pulse started; ON until 25322.29s, cooldown until 25326.29s"
25336.03,INFO,"Mister pulse started; ON until 25336.28s, cooldown until 25340.28s"
25348.01,INFO,"Mister pulse started; ON until 25348.26s, cooldown until 25352.26s"
25353.02,INFO,"Mister pulse started; ON until 25353.27s, cooldown until 25357.27s"
25370.01,INFO,"Mister pulse started; ON until 25370.26s, cooldown until 25374.26s"
25386.02,INFO,"Mister pulse started; ON until 25386.27s, cooldown until 25390.27s"
25401.04,INFO,"Mister pulse started; ON until 25401.29s, cooldown until 25405.29s"
25412.04,INFO,"Mister pulse started; ON until 25412.29s, cooldown until 25416.29s"
25417.05,INFO,"Mister pulse started; ON until 25417.30s, cooldown until 25421.30s"
25435.02,INFO,"Mister pulse started; ON until 25435.27s, cooldown until 25439.27s"
25440.03,INFO,"Mister pulse started; ON until 25440.28s, cooldown until 25444.28s"
25454.02,INFO,"Mister pulse started; ON until 25454.27s, cooldown until 25458.27s"
25466.05,INFO,"Mister pulse started; ON until 25466.30s, cooldown until 25470.30s"
25482.05,INFO,"Mister pulse started; ON until 25482.30s, cooldown until 25486.30s"
25497.02,INFO,"Mister pulse started; ON until 25497.27s, cooldown until 25501.27s"
25511.01,INFO,"Mister pulse started; ON until 25511.26s, cooldown until 25515.26s"
25525.00,INFO,"Mister pulse started; ON until 25525.25s, cooldown until 25529.25s"
25536.05,INFO,"Mister pulse started; ON until 25536.30s, cooldown until 25540.30s"
25549.01,INFO,"Mister pulse started; ON until 25549.26s, cooldown until 25553.26s"
25561.05,INFO,"Mister pulse started; ON until 25561.30s, cooldown until 25565.30s"
25577.00,INFO,"Mister pulse started; ON until 25577.25s, cooldown until 25581.25s"
25582.01,INFO,"Mister pulse started; ON until 25582.26s, cooldown until 25586.26s"
25597.03,INFO,"Mister pulse started; ON until 25597.28s, cooldown until 25601.28s"
25602.04,INFO,"Mister pulse started; ON until 25602.29s, cooldown until 25606.29s"
25612.01,INFO,"Mister pulse started; ON until 25612.26s, cooldown until 25616.26s"
25625.02,INFO,"Mister pulse started; ON until 25625.27s, cooldown until 25629.27s"
25633.03,INFO,"Mister pulse started; ON until 25633.28s, cooldown until 25637.28s"
25638.04,INFO,"Mister pulse started; ON until 25638.29s, cooldown until 25642.29s"
25655.03,INFO,"Mister pulse started; ON until 25655.28s, cooldown until 25659.28s"
25669.02,INFO,"Mister pulse started; ON until 25669.27s, cooldown until 25673.27s"
25683.00,INFO,"Mister pulse started; ON until 25683.25s, cooldown until 25687.25s"
25688.01,INFO,"Mister pulse started; ON until 25688.26s, cooldown until 25692.26s"
25704.02,INFO,"Mister pulse started; ON until 25704.27s, cooldown until 25708.27s"
25709.02,INFO,"Mister pulse started; ON until 25709.27s, cooldown until 25713.27s"
25726.01,INFO,"Mister pulse started; ON until 25726.26s, cooldown until 25730.26s"
25741.03,INFO,"Mister pulse started; ON until 25741.28s, cooldown until 25745.28s"
25754.04,INFO,"Mister pulse started; ON until 25754.29s, cooldown until 25758.29s"
25764.00,INFO,"Mister pulse started; ON until 25764.25s, cooldown until 25768.25s"
25779.03,INFO,"Mister pulse started; ON until 25779.28s, cooldown until 25783.28s"
25786.05,INFO,"Mister pulse started; ON until 25786.30s, cooldown until 25790.30s"
25798.02,INFO,"Mister pulse started; ON until 25798.27s, cooldown until 25802.27s"
25814.03,INFO,"Mister pulse started; ON until 25814.28s, cooldown until 25818.28s"
25831.01,INFO,"Mister pulse started; ON until 25831.26s, cooldown until 25835.26s"
25836.02,INFO,"Mister pulse started; ON until 25836.27s, cooldown until 25840.27s"
25853.00,INFO,"Mister pulse started; ON until 25853.25s, cooldown until 25857.25s"
25868.02,INFO,"Mister pulse started; ON until 25868.27s, cooldown until 25872.27s"
25881.04,INFO,"Mister pulse started; ON until 25881.29s, cooldown until 25885.29s"
25886.05,INFO,"Mister pulse started; ON until 25886.30s, cooldown until 25890.30s"
25907.01,INFO,"Mister pulse started; ON until 25907.26s, cooldown until 25911.26s"
25919.04,INFO,"Mister pulse started; ON until 25919.29s, cooldown until 25923.29s"
25924.04,INFO,"Mister pulse started; ON until 25924.29s, cooldown until 25928.29s"
25940.04,INFO,"Mister pulse started; ON until 25940.29s, cooldown until 25944.29s"
25955.01,INFO,"Mister pulse started; ON until 25955.26s, cooldown until 25959.26s"
25967.04,INFO,"Mister pulse started; ON until 25967.29s, cooldown until 25971.29s"
25972.00,INFO,"Mister pulse started; ON until 25972.25s, cooldown until 25976.25s"
25991.05,INFO,"Mister pulse started; ON until 25991.30s, cooldown until 25995.30s"
25996.00,INFO,"Mister pulse started; ON until 25996.25s, cooldown until 26000.25s"
26013.04,INFO,"Mister pulse started; ON until 26013.29s, cooldown until 26017.29s"
26029.05,INFO,"Mister pulse started; ON until 26029.30s, cooldown until 26033.30s"
26046.04,INFO,"Mister pulse started; ON until 26046.29s, cooldown until 26050.29s"
26051.05,INFO,"Mister pulse started; ON until 26051.30s, cooldown until 26055.30s"
26066.02,INFO,"Mister pulse started; ON until 26066.27s, cooldown until 26070.27s"
26080.01,INFO,"Mister pulse started; ON until 26080.26s, cooldown until 26084.26s"
26092.05,INFO,"Mister pulse started; ON until 26092.30s, cooldown until 26096.30s"
26108.00,INFO,"Mister pulse started; ON until 26108.25s, cooldown until 26112.25s"
26115.02,INFO,"Mister pulse started; ON until 26115.27s, cooldown until 26119.27s"
26131.02,INFO,"Mister pulse started; ON until 26131.27s, cooldown until 26135.27s"
26146.05,INFO,"Mister pulse started; ON until 26146.30s, cooldown until 26150.30s"
26161.02,INFO,"Mister pulse started; ON until 26161.27s, cooldown until 26165.27s"
26173.00,INFO,"Mister pulse started; ON until 26173.25s, cooldown until 26177.25s"
26183.02,INFO,"Mister pulse started; ON until 26183.27s, cooldown until 26187.27s"
26193.03,INFO,"Mister pulse started; ON until 26193.28s, cooldown until 26197.28s"
26208.01,INFO,"Mister pulse started; ON until 26208.26s, cooldown until 26212.26s"
26222.05,INFO,"Mister pulse started; ON until 26222.30s, cooldown until 26226.30s"
26231.03,INFO,"Mister pulse started; ON until 26231.28s, cooldown until 26235.28s"
26241.05,INFO,"Mister pulse started; ON until 26241.30s, cooldown until 26245.30s"
26256.02,INFO,"Mister pulse started; ON until 26256.27s, cooldown until 26260.27s"
26271.05,INFO,"Mister pulse started; ON until 26271.30s, cooldown until 26275.30s"
26281.02,INFO,"Mister pulse started; ON until 26281.27s, cooldown until 26285.27s"
26298.05,INFO,"Mister pulse started; ON until 26298.30s, cooldown until 26302.30s"
26313.02,INFO,"Mister pulse started; ON until 26313.27s, cooldown until 26317.27s"
26328.00,INFO,"Mister pulse started; ON until 26328.25s, cooldown until 26332.25s"
26345.04,INFO,"Mister pulse started; ON until 26345.29s, cooldown until 26349.29s"
26361.05,INFO,"Mister pulse started; ON until 26361.30s, cooldown until 26365.30s"
26375.04,INFO,"Mister pulse started; ON until 26375.29s, cooldown until 26379.29s"
26389.03,INFO,"Mister pulse started; ON until 26389.28s, cooldown until 26393.28s"
26400.02,INFO,"Mister pulse started; ON until 26400.27s, cooldown until 26404.27s"
26417.00,INFO,"Mister pulse started; ON until 26417.25s, cooldown until 26421.25s"
26423.04,INFO,"Mister pulse started; ON until 26423.29s, cooldown until 26427.29s"
26439.01,INFO,"Mister pulse started; ON until 26439.26s, cooldown until 26443.26s"
26453.05,INFO,"Mister pulse started; ON until 26453.30s, cooldown until 26457.30s"
26465.02,INFO,"Mister pulse started; ON until 26465.27s, cooldown until 26469.27s"
26470.04,INFO,"Mister pulse started; ON until 26470.29s, cooldown until 26474.29s"
26486.04,INFO,"Mister pulse started; ON until 26486.29s, cooldown until 26490.29s"
26500.03,INFO,"Mister pulse started; ON until 26500.28s, cooldown until 26504.28s"
26510.00,INFO,"Mister pulse started; ON until 26510.25s, cooldown until 26514.25s"
26528.01,INFO,"Mister pulse started; ON until 26528.26s, cooldown until 26532.26s"
26533.02,INFO,"Mister pulse started; ON until 26533.27s, cooldown until 26537.27s"
26547.01,INFO,"Mister pulse started; ON until 26547.26s, cooldown until 26551.26s"
26560.01,INFO,"Mister pulse started; ON until 26560.26s, cooldown until 26564.26s"
26565.02,INFO,"Mister pulse started; ON until 26565.27s, cooldown until 26569.27s"
26579.01,INFO,"Mister pulse started; ON until 26579.26s, cooldown until 26583.26s"
26590.00,INFO,"Mister pulse started; ON until 26590.25s, cooldown until 26594.25s"
26607.03,INFO,"Mister pulse started; ON until 26607.28s, cooldown until 26611.28s"
26622.01,INFO,"Mister pulse started; ON until 26622.26s, cooldown until 26626.26s"
26637.03,INFO,"Mister pulse started; ON until 26637.28s, cooldown until 26641.28s"
26649.00,INFO,"Mister pulse started; ON until 26649.25s, cooldown until 26653.25s"
26654.01,INFO,"Mister pulse started; ON until 26654.26s, cooldown until 26658.26s"
26675.03,INFO,"Mister pulse started; ON until 26675.28s, cooldown until 26679.28s"
26680.03,INFO,"Mister pulse started; ON until 26680.28s, cooldown until 26684.28s"
26694.03,INFO,"Mister pulse started; ON until 26694.28s, cooldown until 26698.28s"
26709.05,INFO,"Mister pulse started; ON until 26709.30s, cooldown until 26713.30s"
26721.02,INFO,"Mister pulse started; ON until 26721.27s, cooldown until 26725.27s"
26731.03,INFO,"Mister pulse started; ON until 26731.28s, cooldown until 26735.28s"
26743.01,INFO,"Mister pulse started; ON until 26743.26s, cooldown until 26747.26s"
26748.02,INFO,"Mister pulse started; ON until 26748.27s, cooldown until 26752.27s"
26763.04,INFO,"Mister pulse started; ON until 26763.29s, cooldown until 26767.29s"
26768.04,INFO,"Mister pulse started; ON until 26768.29s, cooldown until 26772.29s"
26781.01,INFO,"Mister pulse started; ON until 26781.26s, cooldown until 26785.26s"
26797.02,INFO,"Mister pulse started; ON until 26797.27s, cooldown until 26801.27s"
26811.00,INFO,"Mister pulse started; ON until 26811.25s, cooldown until 26815.25s"
26823.03,INFO,"Mister pulse started; ON until 26823.28s, cooldown until 26827.28s"
26831.03,INFO,"Mister pulse started; ON until 26831.28s, cooldown until 26835.28s"
26837.02,INFO,"Mister pulse started; ON until 26837.27s, cooldown until 26841.27s"
26853.03,INFO,"Mister pulse started; ON until 26853.28s, cooldown until 26857.28s"
26868.05,INFO,"Mister pulse started; ON until 26868.30s, cooldown until 26872.30s"
26881.01,INFO,"Mister pulse started; ON until 26881.26s, cooldown until 26885.26s"
26893.04,INFO,"Mister pulse started; ON until 26893.29s, cooldown until 26897.29s"
26908.01,INFO,"Mister pulse started; ON until 26908.26s, cooldown until 26912.26s"
26922.00,INFO,"Mister pulse started; ON until 26922.25s, cooldown until 26926.25s"
26937.02,INFO,"Mister pulse started; ON until 26937.27s, cooldown until 26941.27s"
26942.03,INFO,"Mister pulse started; ON until 26942.28s, cooldown until 26946.28s"
26954.01,INFO,"Mister pulse started; ON until 26954.26s, cooldown until 26958.26s"
26968.05,INFO,"Mister pulse started; ON until 26968.30s, cooldown until 26972.30s"
26978.01,INFO,"Mister pulse started; ON until 26978.26s, cooldown until 26982.26s"
26992.00,INFO,"Mister pulse started; ON until 26992.25s, cooldown until 26996.25s"
27004.03,INFO,"Mister pulse started; ON until 27004.28s, cooldown until 27008.28s"
27021.01,INFO,"Mister pulse started; ON until 27021.26s, cooldown until 27025.26s"
27026.02,INFO,"Mister pulse started; ON until 27026.27s, cooldown until 27030.27s"
27041.05,INFO,"Mister pulse started; ON until 27041.30s, cooldown until 27045.30s"
27053.02,INFO,"Mister pulse started; ON until 27053.27s, cooldown until 27057.27s"
27058.04,INFO,"Mister pulse started; ON until 27058.29s, cooldown until 27062.29s"
27075.03,INFO,"Mister pulse started; ON until 27075.28s, cooldown until 27079.28s"
27091.03,INFO,"Mister pulse started; ON until 27091.28s, cooldown until 27095.28s"
27106.05,INFO,"Mister pulse started; ON until 27106.30s, cooldown until 27110.30s"
27121.02,INFO,"Mister pulse started; ON until 27121.27s, cooldown until 27125.27s"
27134.03,INFO,"Mister pulse started; ON until 27134.28s, cooldown until 27138.28s"
27139.04,INFO,"Mister pulse started; ON until 27139.29s, cooldown until 27143.29s"
27161.03,INFO,"Mister pulse started; ON until 27161.28s, cooldown until 27165.28s"
27170.02,INFO,"Mister pulse started; ON until 27170.27s, cooldown until 27174.27s"
27189.01,INFO,"Mister pulse started; ON until 27189.26s, cooldown until 27193.26s"
27198.05,INFO,"Mister pulse started; ON until 27198.30s, cooldown until 27202.30s"
27203.00,INFO,"Mister pulse started; ON until 27203.25s, cooldown until 27207.25s"
27215.03,INFO,"Mister pulse started; ON until 27215.28s, cooldown until 27219.28s"
27227.00,INFO,"Mister pulse started; ON until 27227.25s, cooldown until 27231.25s"
27232.01,INFO,"Mister pulse started; ON until 27232.26s, cooldown until 27236.26s"
27250.04,INFO,"Mister pulse started; ON until 27250.29s, cooldown until 27254.29s"
27264.03,INFO,"Mister pulse started; ON until 27264.28s, cooldown until 27268.28s"
27278.02,INFO,"Mister pulse started; ON until 27278.27s, cooldown until 27282.27s"
27289.02,INFO,"Mister pulse started; ON until 27289.27s, cooldown until 27293.27s"
27304.04,INFO,"Mister pulse started; ON until 27304.29s, cooldown until 27308.29s"
27318.03,INFO,"Mister pulse started; ON until 27318.28s, cooldown until 27322.28s"
27330.00,INFO,"Mister pulse started; ON until 27330.25s, cooldown until 27334.25s"
27335.01,INFO,"Mister pulse started; ON until 27335.26s, cooldown until 27339.26s"
27350.04,INFO,"Mister pulse started; ON until 27350.29s, cooldown until 27354.29s"
27362.01,INFO,"Mister pulse started; ON until 27362.26s, cooldown until 27366.26s"
27367.02,INFO,"Mister pulse started; ON until 27367.27s, cooldown until 27371.27s"
27382.04,INFO,"Mister pulse started; ON until 27382.29s, cooldown until 27386.29s"
27393.04,INFO,"Mister pulse started; ON until 27393.29s, cooldown until 27397.29s"
27409.04,INFO,"Mister pulse started; ON until 27409.29s, cooldown until 27413.29s"
27424.02,INFO,"Mister pulse started; ON until 27424.27s, cooldown until 27428.27s"
27439.04,INFO,"Mister pulse started; ON until 27439.29s, cooldown until 27443.29s"
27451.02,INFO,"Mister pulse started; ON until 27451.27s, cooldown until 27455.27s"
27460.00,INFO,"Mister pulse started; ON until 27460.25s, cooldown until 27464.25s"
27474.05,INFO,"Mister pulse started; ON until 27474.30s, cooldown until 27478.30s"
27479.01,INFO,"Mister pulse started; ON until 27479.26s, cooldown until 27483.26s"
27496.00,INFO,"Mister pulse started; ON until 27496.25s, cooldown until 27500.25s"
27501.01,INFO,"Mister pulse started; ON until 27501.26s, cooldown until 27505.26s"
27516.04,INFO,"Mister pulse started; ON until 27516.29s, cooldown until 27520.29s"
27526.01,INFO,"Mister pulse started; ON until 27526.26s, cooldown until 27530.26s"
27544.02,INFO,"Mister pulse started; ON until 27544.27s, cooldown until 27548.27s"
27549.03,INFO,"Mister pulse started; ON until 27549.28s, cooldown until 27553.28s"
27563.02,INFO,"Mister pulse started; ON until 27563.27s, cooldown until 27567.27s"
27568.02,INFO,"Mister pulse started; ON until 27568.27s, cooldown until 27572.27s"
27581.03,INFO,"Mister pulse started; ON until 27581.28s, cooldown until 27585.28s"
27595.02,INFO,"Mister pulse started; ON until 27595.27s, cooldown until 27599.27s"
27600.03,INFO,"Mister pulse started; ON until 27600.28s, cooldown until 27604.28s"
27613.04,INFO,"Mister pulse started; ON until 27613.29s, cooldown until 27617.29s"
27618.04,INFO,"Mister pulse started; ON until 27618.29s, cooldown until 27622.29s"
27635.03,INFO,"Mister pulse started; ON until 27635.28s, cooldown until 27639.28s"
27640.03,INFO,"Mister pulse started; ON until 27640.28s, cooldown until 27644.28s"
27650.05,INFO,"Mister pulse started; ON until 27650.30s, cooldown until 27654.30s"
27660.02,INFO,"Mister pulse started; ON until 27660.27s, cooldown until 27664.27s"
27675.05,INFO,"Mister pulse started; ON until 27675.30s, cooldown until 27679.30s"
27686.04,INFO,"Mister pulse started; ON until 27686.29s, cooldown until 27690.29s"
27702.04,INFO,"Mister pulse started; ON until 27702.29s, cooldown until 27706.29s"
27716.03,INFO,"Mister pulse started; ON until 27716.28s, cooldown until 27720.28s"
27730.01,INFO,"Mister pulse started; ON until 27730.26s, cooldown until 27734.26s"
27742.04,INFO,"Mister pulse started; ON until 27742.29s, cooldown until 27746.29s"
27755.00,INFO,"Mister pulse started; ON until 27755.25s, cooldown until 27759.25s"
27769.05,INFO,"Mister pulse started; ON until 27769.30s, cooldown until 27773.30s"
27774.00,INFO,"Mister pulse started; ON until 27774.25s, cooldown until 27778.25s"
27786.04,INFO,"Mister pulse started; ON until 27786.29s, cooldown until 27790.29s"
27798.01,INFO,"Mister pulse started; ON until 27798.26s, cooldown until 27802.26s"
27803.02,INFO,"Mister pulse started; ON until 27803.27s, cooldown until 27807.27s"
27818.04,INFO,"Mister pulse started; ON until 27818.29s, cooldown until 27822.29s"
27828.01,INFO,"Mister pulse started; ON until 27828.26s, cooldown until 27832.26s"
27844.01,INFO,"Mister pulse started; ON until 27844.26s, cooldown until 27848.26s"
27858.00,INFO,"Mister pulse started; ON until 27858.25s, cooldown until 27862.25s"
27872.04,INFO,"Mister pulse started; ON until 27872.29s, cooldown until 27876.29s"
27877.05,INFO,"Mister pulse started; ON until 27877.30s, cooldown until 27881.30s"
27895.00,INFO,"Mister pulse started; ON until 27895.25s, cooldown until 27899.25s"
27900.01,INFO,"Mister pulse started; ON until 27900.26s, cooldown until 27904.26s"
27920.03,INFO,"Mister pulse started; ON until 27920.28s, cooldown until 27924.28s"
27925.04,INFO,"Mister pulse started; ON until 27925.29s, cooldown until 27929.29s"
27943.05,INFO,"Mister pulse started; ON until 27943.30s, cooldown until 27947.30s"
27948.01,INFO,"Mister pulse started; ON until 27948.26s, cooldown until 27952.26s"
27967.01,INFO,"Mister pulse started; ON until 27967.26s, cooldown until 27971.26s"
27972.02,INFO,"Mister pulse started; ON until 27972.27s, cooldown until 27976.27s"
27990.03,INFO,"Mister pulse started; ON until 27990.28s, cooldown until 27994.28s"
27995.04,INFO,"Mister pulse started; ON until 27995.29s, cooldown until 27999.29s"
28012.03,INFO,"Mister pulse started; ON until 28012.28s, cooldown until 28016.28s"
28027.05,INFO,"Mister pulse started; ON until 28027.30s, cooldown until 28031.30s"
28040.01,INFO,"Mister pulse started; ON until 28040.26s, cooldown until 28044.26s"
28051.00,INFO,"Mister pulse started; ON until 28051.25s, cooldown until 28055.25s"
28067.00,INFO,"Mister pulse started; ON until 28067.25s, cooldown until 28071.25s"
28081.04,INFO,"Mister pulse started; ON until 28081.29s, cooldown until 28085.29s"
28091.00,INFO,"Mister pulse started; ON until 28091.25s, cooldown until 28095.25s"
28106.02,INFO,"Mister pulse started; ON until 28106.27s, cooldown until 28110.27s"
28118.05,INFO,"Mister pulse started; ON until 28118.30s, cooldown until 28122.30s"
28124.04,INFO,"Mister pulse started; ON until 28124.29s, cooldown until 28128.29s"
28142.05,INFO,"Mister pulse started; ON until 28142.30s, cooldown until 28146.30s"
28147.01,INFO,"Mister pulse started; ON until 28147.26s, cooldown until 28151.26s"
28165.03,INFO,"Mister pulse started; ON until 28165.28s, cooldown until 28169.28s"
28170.04,INFO,"Mister pulse started; ON until 28170.29s, cooldown until 28174.29s"
28185.02,INFO,"Mister pulse started; ON until 28185.27s, cooldown until 28189.27s"
28197.04,INFO,"Mister pulse started; ON until 28197.29s, cooldown until 28201.29s"
28202.05,INFO,"Mister pulse started; ON until 28202.30s, cooldown until 28206.30s"
28219.03,INFO,"Mister pulse started; ON until 28219.28s, cooldown until 28223.28s"
28233.03,INFO,"Mister pulse started; ON until 28233.28s, cooldown until 28237.28s"
28245.05,INFO,"Mister pulse started; ON until 28245.30s, cooldown until 28249.30s"
28250.01,INFO,"Mister pulse started; ON until 28250.26s, cooldown until 28254.26s"
28267.04,INFO,"Mister pulse started; ON until 28267.29s, cooldown until 28271.29s"
28283.04,INFO,"Mister pulse started; ON until 28283.29s, cooldown until 28287.29s"
28298.01,INFO,"Mister pulse started; ON until 28298.26s, cooldown until 28302.26s"
28312.05,INFO,"Mister pulse started; ON until 28312.30s, cooldown until 28316.30s"
28322.02,INFO,"Mister pulse started; ON until 28322.27s, cooldown until 28326.27s"
28338.03,INFO,"Mister pulse started; ON until 28338.28s, cooldown until 28342.28s"
28351.03,INFO,"Mister pulse started; ON until 28351.28s, cooldown until 28355.28s"
28364.04,INFO,"Mister pulse started; ON until 28364.29s, cooldown until 28368.29s"
28369.04,INFO,"Mister pulse started; ON until 28369.29s, cooldown until 28373.29s"
28384.02,INFO,"Mister pulse started; ON until 28384.27s, cooldown until 28388.27s"
28398.01,INFO,"Mister pulse started; ON until 28398.26s, cooldown until 28402.26s"
28403.01,INFO,"Mister pulse started; ON until 28403.26s, cooldown until 28407.26s"
28417.01,INFO,"Mister pulse started; ON until 28417.26s, cooldown until 28421.26s"
28422.01,INFO,"Mister pulse started; ON until 28422.26s, cooldown until 28426.26s"
28444.01,INFO,"Mister pulse started; ON until 28444.26s, cooldown until 28448.26s"
28449.02,INFO,"Mister pulse started; ON until 28449.27s, cooldown until 28453.27s"
28468.01,INFO,"Mister pulse started; ON until 28468.26s, cooldown until 28472.26s"
28473.02,INFO,"Mister pulse started; ON until 28473.27s, cooldown until 28477.27s"
28491.03,INFO,"Mister pulse started; ON until 28491.28s, cooldown until 28495.28s"
28496.04,INFO,"Mister pulse started; ON until 28496.29s, cooldown until 28500.29s"
28512.05,INFO,"Mister pulse started; ON until 28512.30s, cooldown until 28516.30s"
28525.00,INFO,"Mister pulse started; ON until 28525.25s, cooldown until 28529.25s"
28530.01,INFO,"Mister pulse started; ON until 28530.26s, cooldown until 28534.26s"
28543.02,INFO,"Mister pulse started; ON until 28543.27s, cooldown until 28547.27s"
28556.03,INFO,"Mister pulse started; ON until 28556.28s, cooldown until 28560.28s"
28565.01,INFO,"Mister pulse started; ON until 28565.26s, cooldown until 28569.26s"
28577.04,INFO,"Mister pulse started; ON until 28577.29s, cooldown until 28581.29s"
28592.02,INFO,"Mister pulse started; ON until 28592.27s, cooldown until 28596.27s"
28608.03,INFO,"Mister pulse started; ON until 28608.28s, cooldown until 28612.28s"
28623.00,INFO,"Mister pulse started; ON until 28623.25s, cooldown until 28627.25s"
28638.02,INFO,"Mister pulse started; ON until 28638.27s, cooldown until 28642.27s"
28652.01,INFO,"Mister pulse started; ON until 28652.26s, cooldown until 28656.26s"
28662.03,INFO,"Mister pulse started; ON until 28662.28s, cooldown until 28666.28s"
28676.02,INFO,"Mister pulse started; ON until 28676.27s, cooldown until 28680.27s"
28688.00,INFO,"Mister pulse started; ON until 28688.25s, cooldown until 28692.25s"
28693.01,INFO,"Mister pulse started; ON until 28693.26s, cooldown until 28697.26s"
28708.03,INFO,"Mister pulse started; ON until 28708.28s, cooldown until 28712.28s"
28720.01,INFO,"Mister pulse started; ON until 28720.26s, cooldown until 28724.26s"
28725.03,INFO,"Mister pulse started; ON until 28725.28s, cooldown until 28729.28s"
28740.00,INFO,"Mister pulse started; ON until 28740.25s, cooldown until 28744.25s"
28753.02,INFO,"Mister pulse started; ON until 28753.27s, cooldown until 28757.27s"
28764.02,INFO,"Mister pulse started; ON until 28764.27s, cooldown until 28768.27s"
28776.05,INFO,"Mister pulse started; ON until 28776.30s, cooldown until 28780.30s"
28781.01,INFO,"Mister pulse started; ON until 28781.26s, cooldown until 28785.26s"
28798.04,INFO,"Mister pulse started; ON until 28798.29s, cooldown until 28802.29s"
28813.01,INFO,"Mister pulse started; ON until 28813.26s, cooldown until 28817.26s"
28827.04,INFO,"Mister pulse started; ON until 28827.29s, cooldown until 28831.29s"
28840.05,INFO,"Mister pulse started; ON until 28840.30s, cooldown until 28844.30s"
28845.01,INFO,"Mister pulse started; ON until 28845.26s, cooldown until 28849.26s"
28862.05,INFO,"Mister pulse started; ON until 28862.30s, cooldown until 28866.30s"
28878.05,INFO,"Mister pulse started; ON until 28878.30s, cooldown until 28882.30s"
28892.05,INFO,"Mister pulse started; ON until 28892.30s, cooldown until 28896.30s"
28906.04,INFO,"Mister pulse started; ON until 28906.29s, cooldown until 28910.29s"
28911.04,INFO,"Mister pulse started; ON until 28911.29s, cooldown until 28915.29s"
28925.03,INFO,"Mister pulse started; ON until 28925.28s, cooldown until 28929.28s"
28939.02,INFO,"Mister pulse started; ON until 28939.27s, cooldown until 28943.27s"
28952.03,INFO,"Mister pulse started; ON until 28952.28s, cooldown until 28956.28s"
28958.02,INFO,"Mister pulse started; ON until 28958.27s, cooldown until 28962.27s"
28967.01,INFO,"Mister pulse started; ON until 28967.26s, cooldown until 28971.26s"
28978.00,INFO,"Mister pulse started; ON until 28978.25s, cooldown until 28982.25s"
28992.05,INFO,"Mister pulse started; ON until 28992.30s, cooldown until 28996.30s"
29000.05,INFO,"Mister pulse started; ON until 29000.30s, cooldown until 29004.30s"
29011.04,INFO,"Mister pulse started; ON until 29011.29s, cooldown until 29015.29s"
29023.02,INFO,"Mister pulse started; ON until 29023.27s, cooldown until 29027.27s"
29033.03,INFO,"Mister pulse started; ON until 29033.28s, cooldown until 29037.28s"
29038.04,INFO,"Mister pulse started; ON until 29038.29s, cooldown until 29042.29s"
29050.02,INFO,"Mister pulse started; ON until 29050.27s, cooldown until 29054.27s"
29063.02,INFO,"Mister pulse started; ON until 29063.27s, cooldown until 29067.27s"
29074.02,INFO,"Mister pulse started; ON until 29074.27s, cooldown until 29078.27s"
29088.02,INFO,"Mister pulse started; ON until 29088.27s, cooldown until 29092.27s"
29100.05,INFO,"Mister pulse started; ON until 29100.30s, cooldown until 29104.30s"
29115.04,INFO,"Mister pulse started; ON until 29115.29s, cooldown until 29119.29s"
29130.01,INFO,"Mister pulse started; ON until 29130.26s, cooldown until 29134.26s"
29147.05,INFO,"Mister pulse started; ON until 29147.30s, cooldown until 29151.30s"
29161.04,INFO,"Mister pulse started; ON until 29161.29s, cooldown until 29165.29s"
29175.04,INFO,"Mister pulse started; ON until 29175.29s, cooldown until 29179.29s"
29184.03,INFO,"Mister pulse started; ON until 29184.28s, cooldown until 29188.28s"
29200.04,INFO,"Mister pulse started; ON until 29200.29s, cooldown until 29204.29s"
29211.04,INFO,"Mister pulse started; ON until 29211.29s, cooldown until 29215.29s"
29217.03,INFO,"Mister pulse started; ON until 29217.28s, cooldown until 29221.28s"
29236.04,INFO,"Mister pulse started; ON until 29236.29s, cooldown until 29240.29s"
29241.05,INFO,"Mister pulse started; ON until 29241.30s, cooldown until 29245.30s"
29261.04,INFO,"Mister pulse started; ON until 29261.29s, cooldown until 29265.29s"
29269.04,INFO,"Mister pulse started; ON until 29269.29s, cooldown until 29273.29s"
29283.04,INFO,"Mister pulse started; ON until 29283.29s, cooldown until 29287.29s"
29292.02,INFO,"Mister pulse started; ON until 29292.27s, cooldown until 29296.27s"
29304.00,INFO,"Mister pulse started; ON until 29304.25s, cooldown until 29308.25s"
29309.01,INFO,"Mister pulse started; ON until 29309.26s, cooldown until 29313.26s"
29325.01,INFO,"Mister pulse started; ON until 29325.26s, cooldown until 29329.26s"
29338.03,INFO,"Mister pulse started; ON until 29338.28s, cooldown until 29342.28s"
29345.05,INFO,"Mister pulse started; ON until 29345.30s, cooldown until 29349.30s"
29353.05,INFO,"Mister pulse started; ON until 29353.30s, cooldown until 29357.30s"
29361.05,INFO,"Mister pulse started; ON until 29361.30s, cooldown until 29365.30s"
29366.00,INFO,"Mister pulse started; ON until 29366.25s, cooldown until 29370.25s"
29385.00,INFO,"Mister pulse started; ON until 29385.25s, cooldown until 29389.25s"
29390.02,INFO,"Mister pulse started; ON until 29390.27s, cooldown until 29394.27s"
29413.04,INFO,"Mister pulse started; ON until 29413.29s, cooldown until 29417.29s"
29426.04,INFO,"Mister pulse started; ON until 29426.29s, cooldown until 29430.29s"
29436.01,INFO,"Mister pulse started; ON until 29436.26s, cooldown until 29440.26s"
29450.00,INFO,"Mister pulse started; ON until 29450.25s, cooldown until 29454.25s"
29463.01,INFO,"Mister pulse started; ON until 29463.26s, cooldown until 29467.26s"
29468.02,INFO,"Mister pulse started; ON until 29468.27s, cooldown until 29472.27s"
29484.02,INFO,"Mister pulse started; ON until 29484.27s, cooldown until 29488.27s"
29497.03,INFO,"Mister pulse started; ON until 29497.28s, cooldown until 29501.28s"
29502.04,INFO,"Mister pulse started; ON until 29502.29s, cooldown until 29506.29s"
29522.02,INFO,"Mister pulse started; ON until 29522.27s, cooldown until 29526.27s"
29531.01,INFO,"Mister pulse started; ON until 29531.26s, cooldown until 29535.26s"
29547.01,INFO,"Mister pulse started; ON until 29547.26s, cooldown until 29551.26s"
29559.03,INFO,"Mister pulse started; ON until 29559.28s, cooldown until 29563.28s"
29566.00,INFO,"Mister pulse started; ON until 29566.25s, cooldown until 29570.25s"
29571.02,INFO,"Mister pulse started; ON until 29571.27s, cooldown until 29575.27s"
29588.05,INFO,"Mister pulse started; ON until 29588.30s, cooldown until 29592.30s"
29602.03,INFO,"Mister pulse started; ON until 29602.28s, cooldown until 29606.28s"
29613.03,INFO,"Mister pulse started; ON until 29613.28s, cooldown until 29617.28s"
29627.02,INFO,"Mister pulse started; ON until 29627.27s, cooldown until 29631.27s"
29643.02,INFO,"Mister pulse started; ON until 29643.27s, cooldown until 29647.27s"
29648.03,INFO,"Mister pulse started; ON until 29648.28s, cooldown until 29652.28s"
29665.02,INFO,"Mister pulse started; ON until 29665.27s, cooldown until 29669.27s"
29675.04,INFO,"Mister pulse started; ON until 29675.29s, cooldown until 29679.29s"
29689.03,INFO,"Mister pulse started; ON until 29689.28s, cooldown until 29693.28s"
29699.01,INFO,"Mister pulse started; ON until 29699.26s, cooldown until 29703.26s"
29715.02,INFO,"Mister pulse started; ON until 29715.27s, cooldown until 29719.27s"
29730.04,INFO,"Mister pulse started; ON until 29730.29s, cooldown until 29734.29s"
29742.02,INFO,"Mister pulse started; ON until 29742.27s, cooldown until 29746.27s"
29752.03,INFO,"Mister pulse started; ON until 29752.28s, cooldown until 29756.28s"
29764.01,INFO,"Mister pulse started; ON until 29764.26s, cooldown until 29768.26s"
29769.02,INFO,"Mister pulse started; ON until 29769.27s, cooldown until 29773.27s"
29785.03,INFO,"Mister pulse started; ON until 29785.28s, cooldown until 29789.28s"
29796.02,INFO,"Mister pulse started; ON until 29796.27s, cooldown until 29800.27s"
29802.02,INFO,"Mister pulse started; ON until 29802.27s, cooldown until 29806.27s"
29821.01,INFO,"Mister pulse started; ON until 29821.26s, cooldown until 29825.26s"
29826.02,INFO,"Mister pulse started; ON until 29826.27s, cooldown until 29830.27s"
29845.03,INFO,"Mister pulse started; ON until 29845.28s, cooldown until 29849.28s"
29853.03,INFO,"Mister pulse started; ON until 29853.28s, cooldown until 29857.28s"
29859.02,INFO,"Mister pulse started; ON until 29859.27s, cooldown until 29863.27s"
29871.05,INFO,"Mister pulse started; ON until 29871.30s, cooldown until 29875.30s"
29883.03,INFO,"Mister pulse started; ON until 29883.28s, cooldown until 29887.28s"
29888.04,INFO,"Mister pulse started; ON until 29888.29s, cooldown until 29892.29s"
29902.03,INFO,"Mister pulse started; ON until 29902.28s, cooldown until 29906.28s"
29913.03,INFO,"Mister pulse started; ON until 29913.28s, cooldown until 29917.28s"
29928.00,INFO,"Mister pulse started; ON until 29928.25s, cooldown until 29932.25s"
29942.05,INFO,"Mister pulse started; ON until 29942.30s, cooldown until 29946.30s"
29953.04,INFO,"Mister pulse started; ON until 29953.29s, cooldown until 29957.29s"
29968.01,INFO,"Mister pulse started; ON until 29968.26s, cooldown until 29972.26s"
29982.01,INFO,"Mister pulse started; ON until 29982.26s, cooldown until 29986.26s"
29994.03,INFO,"Mister pulse started; ON until 29994.28s, cooldown until 29998.28s"
30000.02,INFO,"Mister pulse started; ON until 30000.27s, cooldown until 30004.27s"
30016.03,INFO,"Mister pulse started; ON until 30016.28s, cooldown until 30020.28s"
30032.03,INFO,"Mister pulse started; ON until 30032.28s, cooldown until 30036.28s"
30046.02,INFO,"Mister pulse started; ON until 30046.27s, cooldown until 30050.27s"
30058.04,INFO,"Mister pulse started; ON until 30058.29s, cooldown until 30062.29s"
30063.00,INFO,"Mister pulse started; ON until 30063.25s, cooldown until 30067.25s"
30081.02,INFO,"Mister pulse started; ON until 30081.27s, cooldown until 30085.27s"
30086.03,INFO,"Mister pulse started; ON until 30086.28s, cooldown until 30090.28s"
30099.04,INFO,"Mister pulse started; ON until 30099.29s, cooldown until 30103.29s"
30107.05,INFO,"Mister pulse started; ON until 30107.30s, cooldown until 30111.30s"
30117.02,INFO,"Mister pulse started; ON until 30117.27s, cooldown until 30121.27s"
30131.00,INFO,"Mister pulse started; ON until 30131.25s, cooldown until 30135.25s"
30136.01,INFO,"Mister pulse started; ON until 30136.26s, cooldown until 30140.26s"
30148.05,INFO,"Mister pulse started; ON until 30148.30s, cooldown until 30152.30s"
30155.02,INFO,"Mister pulse started; ON until 30155.27s, cooldown until 30159.27s"
30171.04,INFO,"Mister pulse started; ON until 30171.29s, cooldown until 30175.29s"
30176.05,INFO,"Mister pulse started; ON until 30176.30s, cooldown until 30180.30s"
30187.05,INFO,"Mister pulse started; ON until 30187.30s, cooldown until 30191.30s"
30198.04,INFO,"Mister pulse started; ON until 30198.29s, cooldown until 30202.29s"
30213.02,INFO,"Mister pulse started; ON until 30213.27s, cooldown until 30217.27s"
30227.01,INFO,"Mister pulse started; ON until 30227.26s, cooldown until 30231.26s"
30239.04,INFO,"Mister pulse started; ON until 30239.29s, cooldown until 30243.29s"
30244.00,INFO,"Mister pulse started; ON until 30244.25s, cooldown until 30248.25s"
30261.04,INFO,"Mister pulse started; ON until 30261.29s, cooldown until 30265.29s"
30276.01,INFO,"Mister pulse started; ON until 30276.26s, cooldown until 30280.26s"
30288.04,INFO,"Mister pulse started; ON until 30288.29s, cooldown until 30292.29s"
30299.04,INFO,"Mister pulse started; ON until 30299.29s, cooldown until 30303.29s"
30312.00,INFO,"Mister pulse started; ON until 30312.25s, cooldown until 30316.25s"
30323.01,INFO,"Mister pulse started; ON until 30323.26s, cooldown until 30327.26s"
30339.01,INFO,"Mister pulse started; ON until 30339.26s, cooldown until 30343.26s"
30354.03,INFO,"Mister pulse started; ON until 30354.28s, cooldown until 30358.28s"
30367.04,INFO,"Mister pulse started; ON until 30367.29s, cooldown until 30371.29s"
30372.05,INFO,"Mister pulse started; ON until 30372.30s, cooldown until 30376.30s"
30391.01,INFO,"Mister pulse started; ON until 30391.26s, cooldown until 30395.26s"
30396.01,INFO,"Mister pulse started; ON until 30396.26s, cooldown until 30400.26s"
30409.02,INFO,"Mister pulse started; ON until 30409.27s, cooldown until 30413.27s"
30422.03,INFO,"Mister pulse started; ON until 30422.28s, cooldown until 30426.28s"
30433.03,INFO,"Mister pulse started; ON until 30433.28s, cooldown until 30437.28s"
30445.01,INFO,"Mister pulse started; ON until 30445.26s, cooldown until 30449.26s"
30455.02,INFO,"Mister pulse started; ON until 30455.27s, cooldown until 30459.27s"
30464.01,INFO,"Mister pulse started; ON until 30464.26s, cooldown until 30468.26s"
30479.03,INFO,"Mister pulse started; ON until 30479.28s, cooldown until 30483.28s"
30490.03,INFO,"Mister pulse started; ON until 30490.28s, cooldown until 30494.28s"
30507.01,INFO,"Mister pulse started; ON until 30507.26s, cooldown until 30511.26s"
30512.03,INFO,"Mister pulse started; ON until 30512.28s, cooldown until 30516.28s"
30526.02,INFO,"Mister pulse started; ON until 30526.27s, cooldown until 30530.27s"
30537.02,INFO,"Mister pulse started; ON until 30537.27s, cooldown until 30541.27s"
30552.03,INFO,"Mister pulse started; ON until 30552.28s, cooldown until 30556.28s"
30565.04,INFO,"Mister pulse started; ON until 30565.29s, cooldown until 30569.29s"
30571.03,INFO,"Mister pulse started; ON until 30571.28s, cooldown until 30575.28s"
30582.03,INFO,"Mister pulse started; ON until 30582.28s, cooldown until 30586.28s"
30592.04,INFO,"Mister pulse started; ON until 30592.29s, cooldown until 30596.29s"
30606.04,INFO,"Mister pulse started; ON until 30606.29s, cooldown until 30610.29s"
30611.05,INFO,"Mister pulse started; ON until 30611.30s, cooldown until 30615.30s"
30624.02,INFO,"Mister pulse started; ON until 30624.27s, cooldown until 30628.27s"
30640.03,INFO,"Mister pulse started; ON until 30640.28s, cooldown until 30644.28s"
30653.04,INFO,"Mister pulse started; ON until 30653.29s, cooldown until 30657.29s"
30664.04,INFO,"Mister pulse started; ON until 30664.29s, cooldown until 30668.29s"
30680.05,INFO,"Mister pulse started; ON until 30680.30s, cooldown until 30684.30s"
30694.04,INFO,"Mister pulse started; ON until 30694.29s, cooldown until 30698.29s"
30706.01,INFO,"Mister pulse started; ON until 30706.26s, cooldown until 30710.26s"
30713.04,INFO,"Mister pulse started; ON until 30713.29s, cooldown until 30717.29s"
30722.02,INFO,"Mister pulse started; ON until 30722.27s, cooldown until 30726.27s"
30733.02,INFO,"Mister pulse started; ON until 30733.27s, cooldown until 30737.27s"
30745.04,INFO,"Mister pulse started; ON until 30745.29s, cooldown until 30749.29s"
30750.05,INFO,"Mister pulse started; ON until 30750.30s, cooldown until 30754.30s"
30766.00,INFO,"Mister pulse started; ON until 30766.25s, cooldown until 30770.25s"
30780.04,INFO,"Mister pulse started; ON until 30780.29s, cooldown until 30784.29s"
30791.03,INFO,"Mister pulse started; ON until 30791.28s, cooldown until 30795.28s"
30806.00,INFO,"Mister pulse started; ON until 30806.25s, cooldown until 30810.25s"
30822.00,INFO,"Mister pulse started; ON until 30822.25s, cooldown until 30826.25s"
30835.01,INFO,"Mister pulse started; ON until 30835.26s, cooldown until 30839.26s"
30840.02,INFO,"Mister pulse started; ON until 30840.27s, cooldown until 30844.27s"
30854.01,INFO,"Mister pulse started; ON until 30854.26s, cooldown until 30858.26s"
30869.03,INFO,"Mister pulse started; ON until 30869.28s, cooldown until 30873.28s"
30882.04,INFO,"Mister pulse started; ON until 30882.29s, cooldown until 30886.29s"
30887.00,INFO,"Mister pulse started; ON until 30887.25s, cooldown until 30891.25s"
30897.02,INFO,"Mister pulse started; ON until 30897.27s, cooldown until 30901.27s"
30904.04,INFO,"Mister pulse started; ON until 30904.29s, cooldown until 30908.29s"
30915.03,INFO,"Mister pulse started; ON until 30915.28s, cooldown until 30919.28s"
30920.04,INFO,"Mister pulse started; ON until 30920.29s, cooldown until 30924.29s"
30933.00,INFO,"Mister pulse started; ON until 30933.25s, cooldown until 30937.25s"
30947.04,INFO,"Mister pulse started; ON until 30947.29s, cooldown until 30951.29s"
30958.04,INFO,"Mister pulse started; ON until 30958.29s, cooldown until 30962.29s"
30974.04,INFO,"Mister pulse started; ON until 30974.29s, cooldown until 30978.29s"
30988.04,INFO,"Mister pulse started; ON until 30988.29s, cooldown until 30992.29s"
31000.02,INFO,"Mister pulse started; ON until 31000.27s, cooldown until 31004.27s"
31005.03,INFO,"Mister pulse started; ON until 31005.28s, cooldown until 31009.28s"
31025.01,INFO,"Mister pulse started; ON until 31025.26s, cooldown until 31029.26s"
31034.05,INFO,"Mister pulse started; ON until 31034.30s, cooldown until 31038.30s"
31046.03,INFO,"Mister pulse started; ON until 31046.28s, cooldown until 31050.28s"
31051.03,INFO,"Mister pulse started; ON until 31051.28s, cooldown until 31055.28s"
31065.02,INFO,"Mister pulse started; ON until 31065.27s, cooldown until 31069.27s"
31078.03,INFO,"Mister pulse started; ON until 31078.28s, cooldown until 31082.28s"
31083.04,INFO,"Mister pulse started; ON until 31083.29s, cooldown until 31087.29s"
31098.02,INFO,"Mister pulse started; ON until 31098.27s, cooldown until 31102.27s"
31112.00,INFO,"Mister pulse started; ON until 31112.25s, cooldown until 31116.25s"
31123.00,INFO,"Mister pulse started; ON until 31123.25s, cooldown until 31127.25s"
31138.02,INFO,"Mister pulse started; ON until 31138.27s, cooldown until 31142.27s"
31150.05,INFO,"Mister pulse started; ON until 31150.30s, cooldown until 31154.30s"
31155.01,INFO,"Mister pulse started; ON until 31155.26s, cooldown until 31159.26s"
31171.02,INFO,"Mister pulse started; ON until 31171.27s, cooldown until 31175.27s"
31188.05,INFO,"Mister pulse started; ON until 31188.30s, cooldown until 31192.30s"
31202.04,INFO,"Mister pulse started; ON until 31202.29s, cooldown until 31206.29s"
31214.02,INFO,"Mister pulse started; ON until 31214.27s, cooldown until 31218.27s"
31222.02,INFO,"Mister pulse started; ON until 31222.27s, cooldown until 31226.27s"
31232.03,INFO,"Mister pulse started; ON until 31232.28s, cooldown until 31236.28s"
31245.04,INFO,"Mister pulse started; ON until 31245.29s, cooldown until 31249.29s"
31250.05,INFO,"Mister pulse started; ON until 31250.30s, cooldown until 31254.30s"
31264.04,INFO,"Mister pulse started; ON until 31264.29s, cooldown until 31268.29s"
31274.01,INFO,"Mister pulse started; ON until 31274.26s, cooldown until 31278.26s"
31289.03,INFO,"Mister pulse started; ON until 31289.28s, cooldown until 31293.28s"
31302.03,INFO,"Mister pulse started; ON until 31302.28s, cooldown until 31306.28s"
31312.00,INFO,"Mister pulse started; ON until 31312.25s, cooldown until 31316.25s"
31322.02,INFO,"Mister pulse started; ON until 31322.27s, cooldown until 31326.27s"
31339.01,INFO,"Mister pulse started; ON until 31339.26s, cooldown until 31343.26s"
31344.01,INFO,"Mister pulse started; ON until 31344.26s, cooldown until 31348.26s"
31360.01,INFO,"Mister pulse started; ON until 31360.26s, cooldown until 31364.26s"
31369.04,INFO,"Mister pulse started; ON until 31369.29s, cooldown until 31373.29s"
31384.01,INFO,"Mister pulse started; ON until 31384.26s, cooldown until 31388.26s"
31398.00,INFO,"Mister pulse started; ON until 31398.25s, cooldown until 31402.25s"
31403.01,INFO,"Mister pulse started; ON until 31403.26s, cooldown until 31407.26s"
31414.01,INFO,"Mister pulse started; ON until 31414.26s, cooldown until 31418.26s"
31423.04,INFO,"Mister pulse started; ON until 31423.29s, cooldown until 31427.29s"
31436.05,INFO,"Mister pulse started; ON until 31436.30s, cooldown until 31440.30s"
31441.01,INFO,"Mister pulse started; ON until 31441.26s, cooldown until 31445.26s"
31457.01,INFO,"Mister pulse started; ON until 31457.26s, cooldown until 31461.26s"
31472.03,INFO,"Mister pulse started; ON until 31472.28s, cooldown until 31476.28s"
31484.01,INFO,"Mister pulse started; ON until 31484.26s, cooldown until 31488.26s"
31494.03,INFO,"Mister pulse started; ON until 31494.28s, cooldown until 31498.28s"
31505.03,INFO,"Mister pulse started; ON until 31505.28s, cooldown until 31509.28s"
31521.03,INFO,"Mister pulse started; ON until 31521.28s, cooldown until 31525.28s"
31535.03,INFO,"Mister pulse started; ON until 31535.28s, cooldown until 31539.28s"
31547.00,INFO,"Mister pulse started; ON until 31547.25s, cooldown until 31551.25s"
31556.04,INFO,"Mister pulse started; ON until 31556.29s, cooldown until 31560.29s"
31565.03,INFO,"Mister pulse started; ON until 31565.28s, cooldown until 31569.28s"
31577.05,INFO,"Mister pulse started; ON until 31577.30s, cooldown until 31581.30s"
31592.03,INFO,"Mister pulse started; ON until 31592.28s, cooldown until 31596.28s"
31605.04,INFO,"Mister pulse started; ON until 31605.29s, cooldown until 31609.29s"
31618.00,INFO,"Mister pulse started; ON until 31618.25s, cooldown until 31622.25s"
31623.01,INFO,"Mister pulse started; ON until 31623.26s, cooldown until 31627.26s"
31641.02,INFO,"Mister pulse started; ON until 31641.27s, cooldown until 31645.27s"
31646.02,INFO,"Mister pulse started; ON until 31646.27s, cooldown until 31650.27s"
31659.03,INFO,"Mister pulse started; ON until 31659.28s, cooldown until 31663.28s"
31664.05,INFO,"Mister pulse started; ON until 31664.30s, cooldown until 31668.30s"
31682.01,INFO,"Mister pulse started; ON until 31682.26s, cooldown until 31686.26s"
31691.05,INFO,"Mister pulse started; ON until 31691.30s, cooldown until 31695.30s"
31697.04,INFO,"Mister pulse started; ON until 31697.29s, cooldown until 31701.29s"
31707.05,INFO,"Mister pulse started; ON until 31707.30s, cooldown until 31711.30s"
31712.01,INFO,"Mister pulse started; ON until 31712.26s, cooldown until 31716.26s"
31721.04,INFO,"Mister pulse started; ON until 31721.29s, cooldown until 31725.29s"
31730.02,INFO,"Mister pulse started; ON until 31730.27s, cooldown until 31734.27s"
31735.03,INFO,"Mister pulse started; ON until 31735.28s, cooldown until 31739.28s"
31754.02,INFO,"Mister pulse started; ON until 31754.27s, cooldown until 31758.27s"
31759.03,INFO,"Mister pulse started; ON until 31759.28s, cooldown until 31763.28s"
31777.04,INFO,"Mister pulse started; ON until 31777.29s, cooldown until 31781.29s"
31782.01,INFO,"Mister pulse started; ON until 31782.26s, cooldown until 31786.26s"
31798.01,INFO,"Mister pulse started; ON until 31798.26s, cooldown until 31802.26s"
31812.01,INFO,"Mister pulse started; ON until 31812.26s, cooldown until 31816.26s"
31824.04,INFO,"Mister pulse started; ON until 31824.29s, cooldown until 31828.29s"
31831.01,INFO,"Mister pulse started; ON until 31831.26s, cooldown until 31835.26s"
31839.01,INFO,"Mister pulse started; ON until 31839.26s, cooldown until 31843.26s"
31848.04,INFO,"Mister pulse started; ON until 31848.29s, cooldown until 31852.29s"
31853.05,INFO,"Mister pulse started; ON until 31853.30s, cooldown until 31857.30s"
31869.00,INFO,"Mister pulse started; ON until 31869.25s, cooldown until 31873.25s"
31883.04,INFO,"Mister pulse started; ON until 31883.29s, cooldown until 31887.29s"
31891.04,INFO,"Mister pulse started; ON until 31891.29s, cooldown until 31895.29s"
31904.04,INFO,"Mister pulse started; ON until 31904.29s, cooldown until 31908.29s"
31909.00,INFO,"Mister pulse started; ON until 31909.25s, cooldown until 31913.25s"
31925.01,INFO,"Mister pulse started; ON until 31925.26s, cooldown until 31929.26s"
31939.05,INFO,"Mister pulse started; ON until 31939.30s, cooldown until 31943.30s"
31949.02,INFO,"Mister pulse started; ON until 31949.27s, cooldown until 31953.27s"
31964.04,INFO,"Mister pulse started; ON until 31964.29s, cooldown until 31968.29s"
31969.05,INFO,"Mister pulse started; ON until 31969.30s, cooldown until 31973.30s"
31985.01,INFO,"Mister pulse started; ON until 31985.26s, cooldown until 31989.26s"
31995.03,INFO,"Mister pulse started; ON until 31995.28s, cooldown until 31999.28s"
32008.04,INFO,"Mister pulse started; ON until 32008.29s, cooldown until 32012.29s"
32017.03,INFO,"Mister pulse started; ON until 32017.28s, cooldown until 32021.28s"
32026.01,INFO,"Mister pulse started; ON until 32026.26s, cooldown until 32030.26s"
32040.05,INFO,"Mister pulse started; ON until 32040.30s, cooldown until 32044.30s"
32047.02,INFO,"Mister pulse started; ON until 32047.27s, cooldown until 32051.27s"
32057.03,INFO,"Mister pulse started; ON until 32057.28s, cooldown until 32061.28s"
32068.03,INFO,"Mister pulse started; ON until 32068.28s, cooldown until 32072.28s"
32073.04,INFO,"Mister pulse started; ON until 32073.29s, cooldown until 32077.29s"
32091.00,INFO,"Mister pulse started; ON until 32091.25s, cooldown until 32095.25s"
32106.03,INFO,"Mister pulse started; ON until 32106.28s, cooldown until 32110.28s"
32117.02,INFO,"Mister pulse started; ON until 32117.27s, cooldown until 32121.27s"
32122.04,INFO,"Mister pulse started; ON until 32122.29s, cooldown until 32126.29s"
32138.04,INFO,"Mister pulse started; ON until 32138.29s, cooldown until 32142.29s"
32143.00,INFO,"Mister pulse started; ON until 32143.25s, cooldown until 32147.25s"
32160.04,INFO,"Mister pulse started; ON until 32160.29s, cooldown until 32164.29s"
32173.05,INFO,"Mister pulse started; ON until 32173.30s, cooldown until 32177.30s"
32178.01,INFO,"Mister pulse started; ON until 32178.26s, cooldown until 32182.26s"
32193.03,INFO,"Mister pulse started; ON until 32193.28s, cooldown until 32197.28s"
32207.03,INFO,"Mister pulse started; ON until 32207.28s, cooldown until 32211.28s"
32212.03,INFO,"Mister pulse started; ON until 32212.28s, cooldown until 32216.28s"
32226.03,INFO,"Mister pulse started; ON until 32226.28s, cooldown until 32230.28s"
32239.03,INFO,"Mister pulse started; ON until 32239.28s, cooldown until 32243.28s"
32247.04,INFO,"Mister pulse started; ON until 32247.29s, cooldown until 32251.29s"
32260.04,INFO,"Mister pulse started; ON until 32260.29s, cooldown until 32264.29s"
32265.00,INFO,"Mister pulse started; ON until 32265.25s, cooldown until 32269.25s"
32282.04,INFO,"Mister pulse started; ON until 32282.29s, cooldown until 32286.29s"
32295.05,INFO,"Mister pulse started; ON until 32295.30s, cooldown until 32299.30s"
32305.02,INFO,"Mister pulse started; ON until 32305.27s, cooldown until 32309.27s"
32322.05,INFO,"Mister pulse started; ON until 32322.30s, cooldown until 32326.30s"
32336.04,INFO,"Mister pulse started; ON until 32336.29s, cooldown until 32340.29s"
32349.01,INFO,"Mister pulse started; ON until 32349.26s, cooldown until 32353.26s"
32358.05,INFO,"Mister pulse started; ON until 32358.30s, cooldown until 32362.30s"
32370.02,INFO,"Mister pulse started; ON until 32370.27s, cooldown until 32374.27s"
32375.03,INFO,"Mister pulse started; ON until 32375.28s, cooldown until 32379.28s"
32391.04,INFO,"Mister pulse started; ON until 32391.29s, cooldown until 32395.29s"
32396.04,INFO,"Mister pulse started; ON until 32396.29s, cooldown until 32400.29s"
32416.02,INFO,"Mister pulse started; ON until 32416.27s, cooldown until 32420.27s"
32432.02,INFO,"Mister pulse started; ON until 32432.27s, cooldown until 32436.27s"
32445.04,INFO,"Mister pulse started; ON until 32445.29s, cooldown until 32449.29s"
32457.01,INFO,"Mister pulse started; ON until 32457.26s, cooldown until 32461.26s"
32462.02,INFO,"Mister pulse started; ON until 32462.27s, cooldown until 32466.27s"
32476.02,INFO,"Mister pulse started; ON until 32476.27s, cooldown until 32480.27s"
32485.00,INFO,"Mister pulse started; ON until 32485.25s, cooldown until 32489.25s"
32499.04,INFO,"Mister pulse started; ON until 32499.29s, cooldown until 32503.29s"
32507.04,INFO,"Mister pulse started; ON until 32507.29s, cooldown until 32511.29s"
32517.01,INFO,"Mister pulse started; ON until 32517.26s, cooldown until 32521.26s"
32530.02,INFO,"Mister pulse started; ON until 32530.27s, cooldown until 32534.27s"
32535.03,INFO,"Mister pulse started; ON until 32535.28s, cooldown until 32539.28s"
32553.05,INFO,"Mister pulse started; ON until 32553.30s, cooldown until 32557.30s"
32558.01,INFO,"Mister pulse started; ON until 32558.26s, cooldown until 32562.26s"
32575.05,INFO,"Mister pulse started; ON until 32575.30s, cooldown until 32579.30s"
32590.02,INFO,"Mister pulse started; ON until 32590.27s, cooldown until 32594.27s"
32603.03,INFO,"Mister pulse started; ON until 32603.28s, cooldown until 32607.28s"
32613.00,INFO,"Mister pulse started; ON until 32613.25s, cooldown until 32617.25s"
32628.02,INFO,"Mister pulse started; ON until 32628.27s, cooldown until 32632.27s"
32641.03,INFO,"Mister pulse started; ON until 32641.28s, cooldown until 32645.28s"
32646.04,INFO,"Mister pulse started; ON until 32646.29s, cooldown until 32650.29s"
32664.01,INFO,"Mister pulse started; ON until 32664.26s, cooldown until 32668.26s"
32669.02,INFO,"Mister pulse started; ON until 32669.27s, cooldown until 32673.27s"
32688.02,INFO,"Mister pulse started; ON until 32688.27s, cooldown until 32692.27s"
32693.03,INFO,"Mister pulse started; ON until 32693.28s, cooldown until 32697.28s"
32710.01,INFO,"Mister pulse started; ON until 32710.26s, cooldown until 32714.26s"
32716.05,INFO,"Mister pulse started; ON until 32716.30s, cooldown until 32720.30s"
32729.00,INFO,"Mister pulse started; ON until 32729.25s, cooldown until 32733.25s"
32741.03,INFO,"Mister pulse started; ON until 32741.28s, cooldown until 32745.28s"
32756.01,INFO,"Mister pulse started; ON until 32756.26s, cooldown until 32760.26s"
32771.02,INFO,"Mister pulse started; ON until 32771.27s, cooldown until 32775.27s"
32784.03,INFO,"Mister pulse started; ON until 32784.28s, cooldown until 32788.28s"
32789.04,INFO,"Mister pulse started; ON until 32789.29s, cooldown until 32793.29s"
32807.01,INFO,"Mister pulse started; ON until 32807.26s, cooldown until 32811.26s"
32812.02,INFO,"Mister pulse started; ON until 32812.27s, cooldown until 32816.27s"
32830.03,INFO,"Mister pulse started; ON until 32830.28s, cooldown until 32834.28s"
32835.04,INFO,"Mister pulse started; ON until 32835.29s, cooldown until 32839.29s"
32849.03,INFO,"Mister pulse started; ON until 32849.28s, cooldown until 32853.28s"
32858.01,INFO,"Mister pulse started; ON until 32858.26s, cooldown until 32862.26s"
32873.03,INFO,"Mister pulse started; ON until 32873.28s, cooldown until 32877.28s"
32878.03,INFO,"Mister pulse started; ON until 32878.28s, cooldown until 32882.28s"
32890.01,INFO,"Mister pulse started; ON until 32890.26s, cooldown until 32894.26s"
32895.02,INFO,"Mister pulse started; ON until 32895.27s, cooldown until 32899.27s"
32911.02,INFO,"Mister pulse started; ON until 32911.27s, cooldown until 32915.27s"
32919.02,INFO,"Mister pulse started; ON until 32919.27s, cooldown until 32923.27s"
32929.04,INFO,"Mister pulse started; ON until 32929.29s, cooldown until 32933.29s"
32938.03,INFO,"Mister pulse started; ON until 32938.28s, cooldown until 32942.28s"
32953.00,INFO,"Mister pulse started; ON until 32953.25s, cooldown until 32957.25s"
32965.03,INFO,"Mister pulse started; ON until 32965.28s, cooldown until 32969.28s"
32970.04,INFO,"Mister pulse started; ON until 32970.29s, cooldown until 32974.29s"
32985.01,INFO,"Mister pulse started; ON until 32985.26s, cooldown until 32989.26s"
32996.00,INFO,"Mister pulse started; ON until 32996.25s, cooldown until 33000.25s"
33004.05,INFO,"Mister pulse started; ON until 33004.30s, cooldown until 33008.30s"
33019.02,INFO,"Mister pulse started; ON until 33019.27s, cooldown until 33023.27s"
33034.05,INFO,"Mister pulse started; ON until 33034.30s, cooldown until 33038.30s"
33047.00,INFO,"Mister pulse started; ON until 33047.25s, cooldown until 33051.25s"
33057.02,INFO,"Mister pulse started; ON until 33057.27s, cooldown until 33061.27s"
33070.03,INFO,"Mister pulse started; ON until 33070.28s, cooldown until 33074.28s"
33075.04,INFO,"Mister pulse started; ON until 33075.29s, cooldown until 33079.29s"
33094.04,INFO,"Mister pulse started; ON until 33094.29s, cooldown until 33098.29s"
33099.05,INFO,"Mister pulse started; ON until 33099.30s, cooldown until 33103.30s"
33116.03,INFO,"Mister pulse started; ON until 33116.28s, cooldown until 33120.28s"
33121.04,INFO,"Mister pulse started; ON until 33121.29s, cooldown until 33125.29s"
33133.02,INFO,"Mister pulse started; ON until 33133.27s, cooldown until 33137.27s"
33141.02,INFO,"Mister pulse started; ON until 33141.27s, cooldown until 33145.27s"
33152.01,INFO,"Mister pulse started; ON until 33152.26s, cooldown until 33156.26s"
33163.01,INFO,"Mister pulse started; ON until 33163.26s, cooldown until 33167.26s"
33168.02,INFO,"Mister pulse started; ON until 33168.27s, cooldown until 33172.27s"
33183.05,INFO,"Mister pulse started; ON until 33183.30s, cooldown until 33187.30s"
33192.04,INFO,"Mister pulse started; ON until 33192.29s, cooldown until 33196.29s"
33206.02,INFO,"Mister pulse started; ON until 33206.27s, cooldown until 33210.27s"
33211.03,INFO,"Mister pulse started; ON until 33211.28s, cooldown until 33215.28s"
33224.04,INFO,"Mister pulse started; ON until 33224.29s, cooldown until 33228.29s"
33229.00,INFO,"Mister pulse started; ON until 33229.25s, cooldown until 33233.25s"
33246.04,INFO,"Mister pulse started; ON until 33246.29s, cooldown until 33250.29s"
33256.00,INFO,"Mister pulse started; ON until 33256.25s, cooldown until 33260.25s"
33271.02,INFO,"Mister pulse started; ON until 33271.27s, cooldown until 33275.27s"
33283.01,INFO,"Mister pulse started; ON until 33283.26s, cooldown until 33287.26s"
33293.02,INFO,"Mister pulse started; ON until 33293.27s, cooldown until 33297.27s"
33304.02,INFO,"Mister pulse started; ON until 33304.27s, cooldown until 33308.27s"
33319.05,INFO,"Mister pulse started; ON until 33319.30s, cooldown until 33323.30s"
33331.02,INFO,"Mister pulse started; ON until 33331.27s, cooldown until 33335.27s"
33339.02,INFO,"Mister pulse started; ON until 33339.27s, cooldown until 33343.27s"
33350.02,INFO,"Mister pulse started; ON until 33350.27s, cooldown until 33354.27s"
33363.02,INFO,"Mister pulse started; ON until 33363.27s, cooldown until 33367.27s"
33368.03,INFO,"Mister pulse started; ON until 33368.28s, cooldown until 33372.28s"
33386.05,INFO,"Mister pulse started; ON until 33386.30s, cooldown until 33390.30s"
33391.01,INFO,"Mister pulse started; ON until 33391.26s, cooldown until 33395.26s"
33405.05,INFO,"Mister pulse started; ON until 33405.30s, cooldown until 33409.30s"
33416.05,INFO,"Mister pulse started; ON until 33416.30s, cooldown until 33420.30s"
33431.02,INFO,"Mister pulse started; ON until 33431.27s, cooldown until 33435.27s"
33446.04,INFO,"Mister pulse started; ON until 33446.29s, cooldown until 33450.29s"
33457.03,INFO,"Mister pulse started; ON until 33457.28s, cooldown until 33461.28s"
33462.04,INFO,"Mister pulse started; ON until 33462.29s, cooldown until 33466.29s"
33478.01,INFO,"Mister pulse started; ON until 33478.26s, cooldown until 33482.26s"
33492.04,INFO,"Mister pulse started; ON until 33492.29s, cooldown until 33496.29s"
33502.01,INFO,"Mister pulse started; ON until 33502.26s, cooldown until 33506.26s"
33518.02,INFO,"Mister pulse started; ON until 33518.27s, cooldown until 33522.27s"
33532.00,INFO,"Mister pulse started; ON until 33532.25s, cooldown until 33536.25s"
33546.00,INFO,"Mister pulse started; ON until 33546.25s, cooldown until 33550.25s"
33556.01,INFO,"Mister pulse started; ON until 33556.26s, cooldown until 33560.26s"
33570.00,INFO,"Mister pulse started; ON until 33570.25s, cooldown until 33574.25s"
33582.04,INFO,"Mister pulse started; ON until 33582.29s, cooldown until 33586.29s"
33595.05,INFO,"Mister pulse started; ON until 33595.30s, cooldown until 33599.30s"
33600.01,INFO,"Mister pulse started; ON until 33600.26s, cooldown until 33604.26s"
33617.00,INFO,"Mister pulse started; ON until 33617.25s, cooldown until 33621.25s"
33623.04,INFO,"Mister pulse started; ON until 33623.29s, cooldown until 33627.29s"
33634.04,INFO,"Mister pulse started; ON until 33634.29s, cooldown until 33638.29s"
33645.04,INFO,"Mister pulse started; ON until 33645.29s, cooldown until 33649.29s"
33659.03,INFO,"Mister pulse started; ON until 33659.28s, cooldown until 33663.28s"
33672.04,INFO,"Mister pulse started; ON until 33672.29s, cooldown until 33676.29s"
33678.03,INFO,"Mister pulse started; ON until 33678.28s, cooldown until 33682.28s"
33687.01,INFO,"Mister pulse started; ON until 33687.26s, cooldown until 33691.26s"
33695.01,INFO,"Mister pulse started; ON until 33695.26s, cooldown until 33699.26s"
33700.02,INFO,"Mister pulse started; ON until 33700.27s, cooldown until 33704.27s"
33720.00,INFO,"Mister pulse started; ON until 33720.25s, cooldown until 33724.25s"
33725.01,INFO,"Mister pulse started; ON until 33725.26s, cooldown until 33729.26s"
33736.00,INFO,"Mister pulse started; ON until 33736.25s, cooldown until 33740.25s"
33746.02,INFO,"Mister pulse started; ON until 33746.27s, cooldown until 33750.27s"
33759.02,INFO,"Mister pulse started; ON until 33759.27s, cooldown until 33763.27s"
33768.01,INFO,"Mister pulse started; ON until 33768.26s, cooldown until 33772.26s"
33780.04,INFO,"Mister pulse started; ON until 33780.29s, cooldown until 33784.29s"
33794.03,INFO,"Mister pulse started; ON until 33794.28s, cooldown until 33798.28s"
33805.04,INFO,"Mister pulse started; ON until 33805.29s, cooldown until 33809.29s"
33811.04,INFO,"Mister pulse started; ON until 33811.29s, cooldown until 33815.29s"
33829.00,INFO,"Mister pulse started; ON until 33829.25s, cooldown until 33833.25s"
33836.02,INFO,"Mister pulse started; ON until 33836.27s, cooldown until 33840.27s"
33841.03,INFO,"Mister pulse started; ON until 33841.28s, cooldown until 33845.28s"
33859.05,INFO,"Mister pulse started; ON until 33859.30s, cooldown until 33863.30s"
33873.04,INFO,"Mister pulse started; ON until 33873.29s, cooldown until 33877.29s"
33885.01,INFO,"Mister pulse started; ON until 33885.26s, cooldown until 33889.26s"
33894.04,INFO,"Mister pulse started; ON until 33894.29s, cooldown until 33898.29s"
33904.01,INFO,"Mister pulse started; ON until 33904.26s, cooldown until 33908.26s"
33916.04,INFO,"Mister pulse started; ON until 33916.29s, cooldown until 33920.29s"
33921.05,INFO,"Mister pulse started; ON until 33921.30s, cooldown until 33925.30s"
33937.00,INFO,"Mister pulse started; ON until 33937.25s, cooldown until 33941.25s"
33950.01,INFO,"Mister pulse started; ON until 33950.26s, cooldown until 33954.26s"
33960.03,INFO,"Mister pulse started; ON until 33960.28s, cooldown until 33964.28s"
33974.03,INFO,"Mister pulse started; ON until 33974.28s, cooldown until 33978.28s"
33984.04,INFO,"Mister pulse started; ON until 33984.29s, cooldown until 33988.29s"
33989.04,INFO,"Mister pulse started; ON until 33989.29s, cooldown until 33993.29s"
34007.00,INFO,"Mister pulse started; ON until 34007.25s, cooldown until 34011.25s"
34012.01,INFO,"Mister pulse started; ON until 34012.26s, cooldown until 34016.26s"
34027.03,INFO,"Mister pulse started; ON until 34027.28s, cooldown until 34031.28s"
34032.04,INFO,"Mister pulse started; ON until 34032.29s, cooldown until 34036.29s"
34049.03,INFO,"Mister pulse started; ON until 34049.28s, cooldown until 34053.28s"
34065.04,INFO,"Mister pulse started; ON until 34065.29s, cooldown until 34069.29s"
34070.04,INFO,"Mister pulse started; ON until 34070.29s, cooldown until 34074.29s"
34089.04,INFO,"Mister pulse started; ON until 34089.29s, cooldown until 34093.29s"
34104.01,INFO,"Mister pulse started; ON until 34104.26s, cooldown until 34108.26s"
34118.04,INFO,"Mister pulse started; ON until 34118.29s, cooldown until 34122.29s"
34127.03,INFO,"Mister pulse started; ON until 34127.28s, cooldown until 34131.28s"
34141.02,INFO,"Mister pulse started; ON until 34141.27s, cooldown until 34145.27s"
34152.02,INFO,"Mister pulse started; ON until 34152.27s, cooldown until 34156.27s"
34167.03,INFO,"Mister pulse started; ON until 34167.28s, cooldown until 34171.28s"
34179.01,INFO,"Mister pulse started; ON until 34179.26s, cooldown until 34183.26s"
34184.02,INFO,"Mister pulse started; ON until 34184.27s, cooldown until 34188.27s"
34202.03,INFO,"Mister pulse started; ON until 34202.28s, cooldown until 34206.28s"
34207.04,INFO,"Mister pulse started; ON until 34207.29s, cooldown until 34211.29s"
34223.04,INFO,"Mister pulse started; ON until 34223.29s, cooldown until 34227.29s"
34235.02,INFO,"Mister pulse started; ON until 34235.27s, cooldown until 34239.27s"
34240.03,INFO,"Mister pulse started; ON until 34240.28s, cooldown until 34244.28s"
34259.03,INFO,"Mister pulse started; ON until 34259.28s, cooldown until 34263.28s"
34264.04,INFO,"Mister pulse started; ON until 34264.29s, cooldown until 34268.29s"
34281.03,INFO,"Mister pulse started; ON until 34281.28s, cooldown until 34285.28s"
34286.04,INFO,"Mister pulse started; ON until 34286.29s, cooldown until 34290.29s"
34301.01,INFO,"Mister pulse started; ON until 34301.26s, cooldown until 34305.26s"
34313.04,INFO,"Mister pulse started; ON until 34313.29s, cooldown until 34317.29s"
34318.05,INFO,"Mister pulse started; ON until 34318.30s, cooldown until 34322.30s"
34332.04,INFO,"Mister pulse started; ON until 34332.29s, cooldown until 34336.29s"
34337.05,INFO,"Mister pulse started; ON until 34337.30s, cooldown until 34341.30s"
34350.01,INFO,"Mister pulse started; ON until 34350.26s, cooldown until 34354.26s"
34362.04,INFO,"Mister pulse started; ON until 34362.29s, cooldown until 34366.29s"
34368.02,INFO,"Mister pulse started; ON until 34368.27s, cooldown until 34372.27s"
34380.00,INFO,"Mister pulse started; ON until 34380.25s, cooldown until 34384.25s"
34391.05,INFO,"Mister pulse started; ON until 34391.30s, cooldown until 34395.30s"
34404.01,INFO,"Mister pulse started; ON until 34404.26s, cooldown until 34408.26s"
34417.02,INFO,"Mister pulse started; ON until 34417.27s, cooldown until 34421.27s"
34422.03,INFO,"Mister pulse started; ON until 34422.28s, cooldown until 34426.28s"
34439.02,INFO,"Mister pulse started; ON until 34439.27s, cooldown until 34443.27s"
34444.03,INFO,"Mister pulse started; ON until 34444.28s, cooldown until 34448.28s"
34459.01,INFO,"Mister pulse started; ON until 34459.26s, cooldown until 34463.26s"
34464.01,INFO,"Mister pulse started; ON until 34464.26s, cooldown until 34468.26s"
34479.03,INFO,"Mister pulse started; ON until 34479.28s, cooldown until 34483.28s"
34484.04,INFO,"Mister pulse started; ON until 34484.29s, cooldown until 34488.29s"
34497.01,INFO,"Mister pulse started; ON until 34497.26s, cooldown until 34501.26s"
34502.02,INFO,"Mister pulse started; ON until 34502.27s, cooldown until 34506.27s"
34516.01,INFO,"Mister pulse started; ON until 34516.26s, cooldown until 34520.26s"
34530.05,INFO,"Mister pulse started; ON until 34530.30s, cooldown until 34534.30s"
34540.02,INFO,"Mister pulse started; ON until 34540.27s, cooldown until 34544.27s"
34556.02,INFO,"Mister pulse started; ON until 34556.27s, cooldown until 34560.27s"
34571.04,INFO,"Mister pulse started; ON until 34571.29s, cooldown until 34575.29s"
34583.02,INFO,"Mister pulse started; ON until 34583.27s, cooldown until 34587.27s"
34591.02,INFO,"Mister pulse started; ON until 34591.27s, cooldown until 34595.27s"
34596.03,INFO,"Mister pulse started; ON until 34596.28s, cooldown until 34600.28s"
34614.04,INFO,"Mister pulse started; ON until 34614.29s, cooldown until 34618.29s"
34619.00,INFO,"Mister pulse started; ON until 34619.25s, cooldown until 34623.25s"
34636.04,INFO,"Mister pulse started; ON until 34636.29s, cooldown until 34640.29s"
34651.01,INFO,"Mister pulse started; ON until 34651.26s, cooldown until 34655.26s"
34667.01,INFO,"Mister pulse started; ON until 34667.26s, cooldown until 34671.26s"
34682.03,INFO,"Mister pulse started; ON until 34682.28s, cooldown until 34686.28s"
34695.05,INFO,"Mister pulse started; ON until 34695.30s, cooldown until 34699.30s"
34700.00,INFO,"Mister pulse started; ON until 34700.25s, cooldown until 34704.25s"
34710.02,INFO,"Mister pulse started; ON until 34710.27s, cooldown until 34714.27s"
34718.02,INFO,"Mister pulse started; ON until 34718.27s, cooldown until 34722.27s"
34728.04,INFO,"Mister pulse started; ON until 34728.29s, cooldown until 34732.29s"
34740.01,INFO,"Mister pulse started; ON until 34740.26s, cooldown until 34744.26s"
34745.02,INFO,"Mister pulse started; ON until 34745.27s, cooldown until 34749.27s"
34759.01,INFO,"Mister pulse started; ON until 34759.26s, cooldown until 34763.26s"
34769.03,INFO,"Mister pulse started; ON until 34769.28s, cooldown until 34773.28s"
34783.02,INFO,"Mister pulse started; ON until 34783.27s, cooldown until 34787.27s"
34788.03,INFO,"Mister pulse started; ON until 34788.28s, cooldown until 34792.28s"
34799.03,INFO,"Mister pulse started; ON until 34799.28s, cooldown until 34803.28s"
34810.03,INFO,"Mister pulse started; ON until 34810.28s, cooldown until 34814.28s"
34825.05,INFO,"Mister pulse started; ON until 34825.30s, cooldown until 34829.30s"
34830.01,INFO,"Mister pulse started; ON until 34830.26s, cooldown until 34834.26s"
34849.01,INFO,"Mister pulse started; ON until 34849.26s, cooldown until 34853.26s"
34863.00,INFO,"Mister pulse started; ON until 34863.25s, cooldown until 34867.25s"
34876.01,INFO,"Mister pulse started; ON until 34876.26s, cooldown until 34880.26s"
34881.02,INFO,"Mister pulse started; ON until 34881.27s, cooldown until 34885.27s"
34899.03,INFO,"Mister pulse started; ON until 34899.28s, cooldown until 34903.28s"
34904.04,INFO,"Mister pulse started; ON until 34904.29s, cooldown until 34908.29s"
34919.01,INFO,"Mister pulse started; ON until 34919.26s, cooldown until 34923.26s"
34930.01,INFO,"Mister pulse started; ON until 34930.26s, cooldown until 34934.26s"
34935.02,INFO,"Mister pulse started; ON until 34935.27s, cooldown until 34939.27s"
34950.04,INFO,"Mister pulse started; ON until 34950.29s, cooldown until 34954.29s"
34961.04,INFO,"Mister pulse started; ON until 34961.29s, cooldown until 34965.29s"
34976.00,INFO,"Mister pulse started; ON until 34976.25s, cooldown until 34980.25s"
34989.01,INFO,"Mister pulse started; ON until 34989.26s, cooldown until 34993.26s"
34996.02,INFO,"Mister pulse started; ON until 34996.27s, cooldown until 35000.27s"
35008.05,INFO,"Mister pulse started; ON until 35008.30s, cooldown until 35012.30s"
35021.01,INFO,"Mister pulse started; ON until 35021.26s, cooldown until 35025.26s"
35031.02,INFO,"Mister pulse started; ON until 35031.27s, cooldown until 35035.27s"
35043.05,INFO,"Mister pulse started; ON until 35043.30s, cooldown until 35047.30s"
35048.01,INFO,"Mister pulse started; ON until 35048.26s, cooldown until 35052.26s"
35064.01,INFO,"Mister pulse started; ON until 35064.26s, cooldown until 35068.26s"
35077.02,INFO,"Mister pulse started; ON until 35077.27s, cooldown until 35081.27s"
35088.01,INFO,"Mister pulse started; ON until 35088.26s, cooldown until 35092.26s"
35103.03,INFO,"Mister pulse started; ON until 35103.28s, cooldown until 35107.28s"
35115.01,INFO,"Mister pulse started; ON until 35115.26s, cooldown until 35119.26s"
35121.05,INFO,"Mister pulse started; ON until 35121.30s, cooldown until 35125.30s"
35139.02,INFO,"Mister pulse started; ON until 35139.27s, cooldown until 35143.27s"
35144.03,INFO,"Mister pulse started; ON until 35144.28s, cooldown until 35148.28s"
35162.04,INFO,"Mister pulse started; ON until 35162.29s, cooldown until 35166.29s"
35167.04,INFO,"Mister pulse started; ON until 35167.29s, cooldown until 35171.29s"
35181.03,INFO,"Mister pulse started; ON until 35181.28s, cooldown until 35185.28s"
35186.03,INFO,"Mister pulse started; ON until 35186.28s, cooldown until 35190.28s"
35198.01,INFO,"Mister pulse started; ON until 35198.26s, cooldown until 35202.26s"
35211.01,INFO,"Mister pulse started; ON until 35211.26s, cooldown until 35215.26s"
35216.03,INFO,"Mister pulse started; ON until 35216.28s, cooldown until 35220.28s"
35235.03,INFO,"Mister pulse started; ON until 35235.28s, cooldown until 35239.28s"
35240.03,INFO,"Mister pulse started; ON until 35240.28s, cooldown until 35244.28s"
35259.03,INFO,"Mister pulse started; ON until 35259.28s, cooldown until 35263.28s"
35264.03,INFO,"Mister pulse started; ON until 35264.28s, cooldown until 35268.28s"
35280.04,INFO,"Mister pulse started; ON until 35280.29s, cooldown until 35284.29s"
35293.04,INFO,"Mister pulse started; ON until 35293.29s, cooldown until 35297.29s"
35304.03,INFO,"Mister pulse started; ON until 35304.28s, cooldown until 35308.28s"
35318.02,INFO,"Mister pulse started; ON until 35318.27s, cooldown until 35322.27s"
35331.03,INFO,"Mister pulse started; ON until 35331.28s, cooldown until 35335.28s"
35336.04,INFO,"Mister pulse started; ON until 35336.29s, cooldown until 35340.29s"
35353.02,INFO,"Mister pulse started; ON until 35353.27s, cooldown until 35357.27s"
35358.04,INFO,"Mister pulse started; ON until 35358.29s, cooldown until 35362.29s"
35373.01,INFO,"Mister pulse started; ON until 35373.26s, cooldown until 35377.26s"
35386.02,INFO,"Mister pulse started; ON until 35386.27s, cooldown until 35390.27s"
35391.03,INFO,"Mister pulse started; ON until 35391.28s, cooldown until 35395.28s"
35410.02,INFO,"Mister pulse started; ON until 35410.27s, cooldown until 35414.27s"
35415.03,INFO,"Mister pulse started; ON until 35415.28s, cooldown until 35419.28s"
35433.05,INFO,"Mister pulse started; ON until 35433.30s, cooldown until 35437.30s"
35438.01,INFO,"Mister pulse started; ON until 35438.26s, cooldown until 35442.26s"
35454.01,INFO,"Mister pulse started; ON until 35454.26s, cooldown until 35458.26s"
35469.03,INFO,"Mister pulse started; ON until 35469.28s, cooldown until 35473.28s"
35474.04,INFO,"Mister pulse started; ON until 35474.29s, cooldown until 35478.29s"
35491.02,INFO,"Mister pulse started; ON until 35491.27s, cooldown until 35495.27s"
35496.03,INFO,"Mister pulse started; ON until 35496.28s, cooldown until 35500.28s"
35509.04,INFO,"Mister pulse started; ON until 35509.29s, cooldown until 35513.29s"
35521.01,INFO,"Mister pulse started; ON until 35521.26s, cooldown until 35525.26s"
35526.02,INFO,"Mister pulse started; ON until 35526.27s, cooldown until 35530.27s"
35544.03,INFO,"Mister pulse started; ON until 35544.28s, cooldown until 35548.28s"
35549.04,INFO,"Mister pulse started; ON until 35549.29s, cooldown until 35553.29s"
35564.01,INFO,"Mister pulse started; ON until 35564.26s, cooldown until 35568.26s"
35576.04,INFO,"Mister pulse started; ON until 35576.29s, cooldown until 35580.29s"
35581.05,INFO,"Mister pulse started; ON until 35581.30s, cooldown until 35585.30s"
35596.02,INFO,"Mister pulse started; ON until 35596.27s, cooldown until 35600.27s"
35609.02,INFO,"Mister pulse started; ON until 35609.27s, cooldown until 35613.27s"
35617.03,INFO,"Mister pulse started; ON until 35617.28s, cooldown until 35621.28s"
35627.05,INFO,"Mister pulse started; ON until 35627.30s, cooldown until 35631.30s"
35639.02,INFO,"Mister pulse started; ON until 35639.27s, cooldown until 35643.27s"
35644.03,INFO,"Mister pulse started; ON until 35644.28s, cooldown until 35648.28s"
35658.02,INFO,"Mister pulse started; ON until 35658.27s, cooldown until 35662.27s"
35668.03,INFO,"Mister pulse started; ON until 35668.28s, cooldown until 35672.28s"
35683.05,INFO,"Mister pulse started; ON until 35683.30s, cooldown until 35687.30s"
35688.00,INFO,"Mister pulse started; ON until 35688.25s, cooldown until 35692.25s"
35702.05,INFO,"Mister pulse started; ON until 35702.30s, cooldown until 35706.30s"
35717.02,INFO,"Mister pulse started; ON until 35717.27s, cooldown until 35721.27s"
35731.02,INFO,"Mister pulse started; ON until 35731.27s, cooldown until 35735.27s"
35743.04,INFO,"Mister pulse started; ON until 35743.29s, cooldown until 35747.29s"
35748.00,INFO,"Mister pulse started; ON until 35748.25s, cooldown until 35752.25s"
35765.04,INFO,"Mister pulse started; ON until 35765.29s, cooldown until 35769.29s"
35779.03,INFO,"Mister pulse started; ON until 35779.28s, cooldown until 35783.28s"
35791.01,INFO,"Mister pulse started; ON until 35791.26s, cooldown until 35795.26s"
35797.05,INFO,"Mister pulse started; ON until 35797.30s, cooldown until 35801.30s"
35815.02,INFO,"Mister pulse started; ON until 35815.27s, cooldown until 35819.27s"
35820.03,INFO,"Mister pulse started; ON until 35820.28s, cooldown until 35824.28s"
35838.04,INFO,"Mister pulse started; ON until 35838.29s, cooldown until 35842.29s"
35844.03,INFO,"Mister pulse started; ON until 35844.28s, cooldown until 35848.28s"
35860.03,INFO,"Mister pulse started; ON until 35860.28s, cooldown until 35864.28s"
35873.04,INFO,"Mister pulse started; ON until 35873.29s, cooldown until 35877.29s"
35884.03,INFO,"Mister pulse started; ON until 35884.28s, cooldown until 35888.28s"
35899.05,INFO,"Mister pulse started; ON until 35899.30s, cooldown until 35903.30s"
35912.01,INFO,"Mister pulse started; ON until 35912.26s, cooldown until 35916.26s"
35917.02,INFO,"Mister pulse started; ON until 35917.27s, cooldown until 35921.27s"
35930.03,INFO,"Mister pulse started; ON until 35930.28s, cooldown until 35934.28s"
35942.00,INFO,"Mister pulse started; ON until 35942.25s, cooldown until 35946.25s"
35947.01,INFO,"Mister pulse started; ON until 35947.26s, cooldown until 35951.26s"
35965.03,INFO,"Mister pulse started; ON until 35965.28s, cooldown until 35969.28s"
35970.04,INFO,"Mister pulse started; ON until 35970.29s, cooldown until 35974.29s"
35983.05,INFO,"Mister pulse started; ON until 35983.30s, cooldown until 35987.30s"
35988.00,INFO,"Mister pulse started; ON until 35988.25s, cooldown until 35992.25s"
35998.02,INFO,"Mister pulse started; ON until 35998.27s, cooldown until 36002.27s"
36006.02,INFO,"Mister pulse started; ON until 36006.27s, cooldown until 36010.27s"
36015.00,INFO,"Mister pulse started; ON until 36015.25s, cooldown until 36019.25s"
36028.01,INFO,"Mister pulse started; ON until 36028.26s, cooldown until 36032.26s"
36033.02,INFO,"Mister pulse started; ON until 36033.27s, cooldown until 36037.27s"
36046.03,INFO,"Mister pulse started; ON until 36046.28s, cooldown until 36050.28s"
36054.04,INFO,"Mister pulse started; ON until 36054.29s, cooldown until 36058.29s"
36063.02,INFO,"Mister pulse started; ON until 36063.27s, cooldown until 36067.27s"
36074.02,INFO,"Mister pulse started; ON until 36074.27s, cooldown until 36078.27s"
36088.01,INFO,"Mister pulse started; ON until 36088.26s, cooldown until 36092.26s"
36093.02,INFO,"Mister pulse started; ON until 36093.27s, cooldown until 36097.27s"
36110.01,INFO,"Mister pulse started; ON until 36110.26s, cooldown until 36114.26s"
36119.05,INFO,"Mister pulse started; ON until 36119.30s, cooldown until 36123.30s"
36129.01,INFO,"Mister pulse started; ON until 36129.26s, cooldown until 36133.26s"
36145.01,INFO,"Mister pulse started; ON until 36145.26s, cooldown until 36149.26s"
36159.00,INFO,"Mister pulse started; ON until 36159.25s, cooldown until 36163.25s"
36171.03,INFO,"Mister pulse started; ON until 36171.28s, cooldown until 36175.28s"
36176.04,INFO,"Mister pulse started; ON until 36176.29s, cooldown until 36180.29s"
36192.04,INFO,"Mister pulse started; ON until 36192.29s, cooldown until 36196.29s"
36205.00,INFO,"Mister pulse started; ON until 36205.25s, cooldown until 36209.25s"
36214.03,INFO,"Mister pulse started; ON until 36214.28s, cooldown until 36218.28s"
36226.01,INFO,"Mister pulse started; ON until 36226.26s, cooldown until 36230.26s"
36233.03,INFO,"Mister pulse started; ON until 36233.28s, cooldown until 36237.28s"
36249.03,INFO,"Mister pulse started; ON until 36249.28s, cooldown until 36253.28s"
36254.03,INFO,"Mister pulse started; ON until 36254.28s, cooldown until 36258.28s"
36271.02,INFO,"Mister pulse started; ON until 36271.27s, cooldown until 36275.27s"
36285.01,INFO,"Mister pulse started; ON until 36285.26s, cooldown until 36289.26s"
36296.01,INFO,"Mister pulse started; ON until 36296.26s, cooldown until 36300.26s"
36311.03,INFO,"Mister pulse started; ON until 36311.28s, cooldown until 36315.28s"
36316.03,INFO,"Mister pulse started; ON until 36316.28s, cooldown until 36320.28s"
36332.03,INFO,"Mister pulse started; ON until 36332.28s, cooldown until 36336.28s"
36337.04,INFO,"Mister pulse started; ON until 36337.29s, cooldown until 36341.29s"
36356.04,INFO,"Mister pulse started; ON until 36356.29s, cooldown until 36360.29s"
36361.05,INFO,"Mister pulse started; ON until 36361.30s, cooldown until 36365.30s"
36379.01,INFO,"Mister pulse started; ON until 36379.26s, cooldown until 36383.26s"
36384.02,INFO,"Mister pulse started; ON until 36384.27s, cooldown until 36388.27s"
36402.03,INFO,"Mister pulse started; ON until 36402.28s, cooldown until 36406.28s"
36407.04,INFO,"Mister pulse started; ON until 36407.29s, cooldown until 36411.29s"
36422.01,INFO,"Mister pulse started; ON until 36422.26s, cooldown until 36426.26s"
36435.02,INFO,"Mister pulse started; ON until 36435.27s, cooldown until 36439.27s"
36440.03,INFO,"Mister pulse started; ON until 36440.28s, cooldown until 36444.28s"
36458.04,INFO,"Mister pulse started; ON until 36458.29s, cooldown until 36462.29s"
36463.00,INFO,"Mister pulse started; ON until 36463.25s, cooldown until 36467.25s"
36479.01,INFO,"Mister pulse started; ON until 36479.26s, cooldown until 36483.26s"
36493.05,INFO,"Mister pulse started; ON until 36493.30s, cooldown until 36497.30s"
36498.01,INFO,"Mister pulse started; ON until 36498.26s, cooldown until 36502.26s"
36511.02,INFO,"Mister pulse started; ON until 36511.27s, cooldown until 36515.27s"
36525.01,INFO,"Mister pulse started; ON until 36525.26s, cooldown until 36529.26s"
36537.03,INFO,"Mister pulse started; ON until 36537.28s, cooldown until 36541.28s"
36542.04,INFO,"Mister pulse started; ON until 36542.29s, cooldown until 36546.29s"
36555.00,INFO,"Mister pulse started; ON until 36555.25s, cooldown until 36559.25s"
36566.00,INFO,"Mister pulse started; ON until 36566.25s, cooldown until 36570.25s"
36578.03,INFO,"Mister pulse started; ON until 36578.28s, cooldown until 36582.28s"
36584.03,INFO,"Mister pulse started; ON until 36584.28s, cooldown until 36588.28s"
36595.02,INFO,"Mister pulse started; ON until 36595.27s, cooldown until 36599.27s"
36603.03,INFO,"Mister pulse started; ON until 36603.28s, cooldown until 36607.28s"
36614.04,INFO,"Mister pulse started; ON until 36614.29s, cooldown until 36618.29s"
36629.01,INFO,"Mister pulse started; ON until 36629.26s, cooldown until 36633.26s"
36643.00,INFO,"Mister pulse started; ON until 36643.25s, cooldown until 36647.25s"
36655.03,INFO,"Mister pulse started; ON until 36655.28s, cooldown until 36659.28s"
36660.04,INFO,"Mister pulse started; ON until 36660.29s, cooldown until 36664.29s"
36674.03,INFO,"Mister pulse started; ON until 36674.28s, cooldown until 36678.28s"
36679.04,INFO,"Mister pulse started; ON until 36679.29s, cooldown until 36683.29s"
36690.04,INFO,"Mister pulse started; ON until 36690.29s, cooldown until 36694.29s"
36700.01,INFO,"Mister pulse started; ON until 36700.26s, cooldown until 36704.26s"
36715.03,INFO,"Mister pulse started; ON until 36715.28s, cooldown until 36719.28s"
36729.02,INFO,"Mister pulse started; ON until 36729.27s, cooldown until 36733.27s"
36734.02,INFO,"Mister pulse started; ON until 36734.27s, cooldown until 36738.27s"
36745.02,INFO,"Mister pulse started; ON until 36745.27s, cooldown until 36749.27s"
36750.02,INFO,"Mister pulse started; ON until 36750.27s, cooldown until 36754.27s"
36763.03,INFO,"Mister pulse started; ON until 36763.28s, cooldown until 36767.28s"
36772.02,INFO,"Mister pulse started; ON until 36772.27s, cooldown until 36776.27s"
36787.04,INFO,"Mister pulse started; ON until 36787.29s, cooldown until 36791.29s"
36799.01,INFO,"Mister pulse started; ON until 36799.26s, cooldown until 36803.26s"
36804.02,INFO,"Mister pulse started; ON until 36804.27s, cooldown until 36808.27s"
36821.00,INFO,"Mister pulse started; ON until 36821.25s, cooldown until 36825.25s"
36826.01,INFO,"Mister pulse started; ON until 36826.26s, cooldown until 36830.26s"
36839.02,INFO,"Mister pulse started; ON until 36839.27s, cooldown until 36843.27s"
36847.03,INFO,"Mister pulse started; ON until 36847.28s, cooldown until 36851.28s"
36856.01,INFO,"Mister pulse started; ON until 36856.26s, cooldown until 36860.26s"
36868.04,INFO,"Mister pulse started; ON until 36868.29s, cooldown until 36872.29s"
36873.00,INFO,"Mister pulse started; ON until 36873.25s, cooldown until 36877.25s"
36893.03,INFO,"Mister pulse started; ON until 36893.28s, cooldown until 36897.28s"
36898.04,INFO,"Mister pulse started; ON until 36898.29s, cooldown until 36902.29s"
36905.01,INFO,"Mister pulse started; ON until 36905.26s, cooldown until 36909.26s"
36919.00,INFO,"Mister pulse started; ON until 36919.25s, cooldown until 36923.25s"
36933.04,INFO,"Mister pulse started; ON until 36933.29s, cooldown until 36937.29s"
36938.05,INFO,"Mister pulse started; ON until 36938.30s, cooldown until 36942.30s"
36952.04,INFO,"Mister pulse started; ON until 36952.29s, cooldown until 36956.29s"
36962.01,INFO,"Mister pulse started; ON until 36962.26s, cooldown until 36966.26s"
36975.02,INFO,"Mister pulse started; ON until 36975.27s, cooldown until 36979.27s"
36989.01,INFO,"Mister pulse started; ON until 36989.26s, cooldown until 36993.26s"
36994.02,INFO,"Mister pulse started; ON until 36994.27s, cooldown until 36998.27s"
37011.01,INFO,"Mister pulse started; ON until 37011.26s, cooldown until 37015.26s"
37016.02,INFO,"Mister pulse started; ON until 37016.27s, cooldown until 37020.27s"
37030.01,INFO,"Mister pulse started; ON until 37030.26s, cooldown until 37034.26s"
37039.05,INFO,"Mister pulse started; ON until 37039.30s, cooldown until 37043.30s"
37052.00,INFO,"Mister pulse started; ON until 37052.25s, cooldown until 37056.25s"
37057.02,INFO,"Mister pulse started; ON until 37057.27s, cooldown until 37061.27s"
37076.01,INFO,"Mister pulse started; ON until 37076.26s, cooldown until 37080.26s"
37081.02,INFO,"Mister pulse started; ON until 37081.27s, cooldown until 37085.27s"
37097.03,INFO,"Mister pulse started; ON until 37097.28s, cooldown until 37101.28s"
37111.03,INFO,"Mister pulse started; ON until 37111.28s, cooldown until 37115.28s"
37124.04,INFO,"Mister pulse started; ON until 37124.29s, cooldown until 37128.29s"
37129.05,INFO,"Mister pulse started; ON until 37129.30s, cooldown until 37133.30s"
37146.02,INFO,"Mister pulse started; ON until 37146.27s, cooldown until 37150.27s"
37151.04,INFO,"Mister pulse started; ON until 37151.29s, cooldown until 37155.29s"
37167.03,INFO,"Mister pulse started; ON until 37167.28s, cooldown until 37171.28s"
37177.05,INFO,"Mister pulse started; ON until 37177.30s, cooldown until 37181.30s"
37193.05,INFO,"Mister pulse started; ON until 37193.30s, cooldown until 37197.30s"
37207.04,INFO,"Mister pulse started; ON until 37207.29s, cooldown until 37211.29s"
37218.04,INFO,"Mister pulse started; ON until 37218.29s, cooldown until 37222.29s"
37223.05,INFO,"Mister pulse started; ON until 37223.30s, cooldown until 37227.30s"
37238.02,INFO,"Mister pulse started; ON until 37238.27s, cooldown until 37242.27s"
37250.04,INFO,"Mister pulse started; ON until 37250.29s, cooldown until 37254.29s"
37255.00,INFO,"Mister pulse started; ON until 37255.25s, cooldown until 37259.25s"
37271.01,INFO,"Mister pulse started; ON until 37271.26s, cooldown until 37275.26s"
37285.00,INFO,"Mister pulse started; ON until 37285.25s, cooldown until 37289.25s"
37296.05,INFO,"Mister pulse started; ON until 37296.30s, cooldown until 37300.30s"
37311.02,INFO,"Mister pulse started; ON until 37311.27s, cooldown until 37315.27s"
37324.03,INFO,"Mister pulse started; ON until 37324.28s, cooldown until 37328.28s"
37333.01,INFO,"Mister pulse started; ON until 37333.26s, cooldown until 37337.26s"
37344.00,INFO,"Mister pulse started; ON until 37344.25s, cooldown until 37348.25s"
37349.01,INFO,"Mister pulse started; ON until 37349.26s, cooldown until 37353.26s"
37366.05,INFO,"Mister pulse started; ON until 37366.30s, cooldown until 37370.30s"
37376.01,INFO,"Mister pulse started; ON until 37376.26s, cooldown until 37380.26s"
37381.03,INFO,"Mister pulse started; ON until 37381.28s, cooldown until 37385.28s"
37395.02,INFO,"Mister pulse started; ON until 37395.27s, cooldown until 37399.27s"
37407.05,INFO,"Mister pulse started; ON until 37407.30s, cooldown until 37411.30s"
37422.03,INFO,"Mister pulse started; ON until 37422.28s, cooldown until 37426.28s"
37436.02,INFO,"Mister pulse started; ON until 37436.27s, cooldown until 37440.27s"
37441.03,INFO,"Mister pulse started; ON until 37441.28s, cooldown until 37445.28s"
37457.03,INFO,"Mister pulse started; ON until 37457.28s, cooldown until 37461.28s"
37465.03,INFO,"Mister pulse started; ON until 37465.28s, cooldown until 37469.28s"
37474.01,INFO,"Mister pulse started; ON until 37474.26s, cooldown until 37478.26s"
37485.01,INFO,"Mister pulse started; ON until 37485.26s, cooldown until 37489.26s"
37501.02,INFO,"Mister pulse started; ON until 37501.27s, cooldown until 37505.27s"
37513.05,INFO,"Mister pulse started; ON until 37513.30s, cooldown until 37517.30s"
37518.00,INFO,"Mister pulse started; ON until 37518.25s, cooldown until 37522.25s"
37530.03,INFO,"Mister pulse started; ON until 37530.28s, cooldown until 37534.28s"
37535.04,INFO,"Mister pulse started; ON until 37535.29s, cooldown until 37539.29s"
37545.05,INFO,"Mister pulse started; ON until 37545.30s, cooldown until 37549.30s"
37554.03,INFO,"Mister pulse started; ON until 37554.28s, cooldown until 37558.28s"
37567.05,INFO,"Mister pulse started; ON until 37567.30s, cooldown until 37571.30s"
37572.00,INFO,"Mister pulse started; ON until 37572.25s, cooldown until 37576.25s"
37588.01,INFO,"Mister pulse started; ON until 37588.26s, cooldown until 37592.26s"
37601.01,INFO,"Mister pulse started; ON until 37601.26s, cooldown until 37605.26s"
37608.03,INFO,"Mister pulse started; ON until 37608.28s, cooldown until 37612.28s"
37620.02,INFO,"Mister pulse started; ON until 37620.27s, cooldown until 37624.27s"
37635.04,INFO,"Mister pulse started; ON until 37635.29s, cooldown until 37639.29s"
37647.02,INFO,"Mister pulse started; ON until 37647.27s, cooldown until 37651.27s"
37652.03,INFO,"Mister pulse started; ON until 37652.28s, cooldown until 37656.28s"
37672.01,INFO,"Mister pulse started; ON until 37672.26s, cooldown until 37676.26s"
37677.02,INFO,"Mister pulse started; ON until 37677.27s, cooldown until 37681.27s"
37689.05,INFO,"Mister pulse started; ON until 37689.30s, cooldown until 37693.30s"
37700.04,INFO,"Mister pulse started; ON until 37700.29s, cooldown until 37704.29s"
37715.01,INFO,"Mister pulse started; ON until 37715.26s, cooldown until 37719.26s"
37730.03,INFO,"Mister pulse started; ON until 37730.28s, cooldown until 37734.28s"
37742.01,INFO,"Mister pulse started; ON until 37742.26s, cooldown until 37746.26s"
37751.04,INFO,"Mister pulse started; ON until 37751.29s, cooldown until 37755.29s"
37759.05,INFO,"Mister pulse started; ON until 37759.30s, cooldown until 37763.30s"
37770.05,INFO,"Mister pulse started; ON until 37770.30s, cooldown until 37774.30s"
37781.04,INFO,"Mister pulse started; ON until 37781.29s, cooldown until 37785.29s"
37786.05,INFO,"Mister pulse started; ON until 37786.30s, cooldown until 37790.30s"
37802.00,INFO,"Mister pulse started; ON until 37802.25s, cooldown until 37806.25s"
37815.01,INFO,"Mister pulse started; ON until 37815.26s, cooldown until 37819.26s"
37826.00,INFO,"Mister pulse started; ON until 37826.25s, cooldown until 37830.25s"
37841.03,INFO,"Mister pulse started; ON until 37841.28s, cooldown until 37845.28s"
37854.03,INFO,"Mister pulse started; ON until 37854.28s, cooldown until 37858.28s"
37859.05,INFO,"Mister pulse started; ON until 37859.30s, cooldown until 37863.30s"
37876.04,INFO,"Mister pulse started; ON until 37876.29s, cooldown until 37880.29s"
37881.01,INFO,"Mister pulse started; ON until 37881.26s, cooldown until 37885.26s"
37899.02,INFO,"Mister pulse started; ON until 37899.27s, cooldown until 37903.27s"
37904.03,INFO,"Mister pulse started; ON until 37904.28s, cooldown until 37908.28s"
37918.03,INFO,"Mister pulse started; ON until 37918.28s, cooldown until 37922.28s"
37923.03,INFO,"Mister pulse started; ON until 37923.28s, cooldown until 37927.28s"
37936.00,INFO,"Mister pulse started; ON until 37936.25s, cooldown until 37940.25s"
37949.01,INFO,"Mister pulse started; ON until 37949.26s, cooldown until 37953.26s"
37954.01,INFO,"Mister pulse started; ON until 37954.26s, cooldown until 37958.26s"
37964.02,INFO,"Mister pulse started; ON until 37964.27s, cooldown until 37968.27s"
37972.03,INFO,"Mister pulse started; ON until 37972.28s, cooldown until 37976.28s"
37982.04,INFO,"Mister pulse started; ON until 37982.29s, cooldown until 37986.29s"
37994.02,INFO,"Mister pulse started; ON until 37994.27s, cooldown until 37998.27s"
37999.03,INFO,"Mister pulse started; ON until 37999.28s, cooldown until 38003.28s"
38014.01,INFO,"Mister pulse started; ON until 38014.26s, cooldown until 38018.26s"
38026.04,INFO,"Mister pulse started; ON until 38026.29s, cooldown until 38030.29s"
38031.05,INFO,"Mister pulse started; ON until 38031.30s, cooldown until 38035.30s"
38046.02,INFO,"Mister pulse started; ON until 38046.27s, cooldown until 38050.27s"
38056.03,INFO,"Mister pulse started; ON until 38056.28s, cooldown until 38060.28s"
38072.04,INFO,"Mister pulse started; ON until 38072.29s, cooldown until 38076.29s"
38085.05,INFO,"Mister pulse started; ON until 38085.30s, cooldown until 38089.30s"
38096.04,INFO,"Mister pulse started; ON until 38096.29s, cooldown until 38100.29s"
38111.02,INFO,"Mister pulse started; ON until 38111.27s, cooldown until 38115.27s"
38123.04,INFO,"Mister pulse started; ON until 38123.29s, cooldown until 38127.29s"
38128.05,INFO,"Mister pulse started; ON until 38128.30s, cooldown until 38132.30s"
38147.04,INFO,"Mister pulse started; ON until 38147.29s, cooldown until 38151.29s"
38154.01,INFO,"Mister pulse started; ON until 38154.26s, cooldown until 38158.26s"
38164.03,INFO,"Mister pulse started; ON until 38164.28s, cooldown until 38168.28s"
38175.02,INFO,"Mister pulse started; ON until 38175.27s, cooldown until 38179.27s"
38189.01,INFO,"Mister pulse started; ON until 38189.26s, cooldown until 38193.26s"
38203.00,INFO,"Mister pulse started; ON until 38203.25s, cooldown until 38207.25s"
38214.05,INFO,"Mister pulse started; ON until 38214.30s, cooldown until 38218.30s"
38225.04,INFO,"Mister pulse started; ON until 38225.29s, cooldown until 38229.29s"
38230.05,INFO,"Mister pulse started; ON until 38230.30s, cooldown until 38234.30s"
38246.05,INFO,"Mister pulse started; ON until 38246.30s, cooldown until 38250.30s"
38259.00,INFO,"Mister pulse started; ON until 38259.25s, cooldown until 38263.25s"
38264.01,INFO,"Mister pulse started; ON until 38264.26s, cooldown until 38268.26s"
38275.01,INFO,"Mister pulse started; ON until 38275.26s, cooldown until 38279.26s"
38288.03,INFO,"Mister pulse started; ON until 38288.28s, cooldown until 38292.28s"
38293.04,INFO,"Mister pulse started; ON until 38293.29s, cooldown until 38297.29s"
38308.01,INFO,"Mister pulse started; ON until 38308.26s, cooldown until 38312.26s"
38320.04,INFO,"Mister pulse started; ON until 38320.29s, cooldown until 38324.29s"
38325.00,INFO,"Mister pulse started; ON until 38325.25s, cooldown until 38329.25s"
38342.03,INFO,"Mister pulse started; ON until 38342.28s, cooldown until 38346.28s"
38355.04,INFO,"Mister pulse started; ON until 38355.29s, cooldown until 38359.29s"
38366.03,INFO,"Mister pulse started; ON until 38366.28s, cooldown until 38370.28s"
38383.02,INFO,"Mister pulse started; ON until 38383.27s, cooldown until 38387.27s"
38388.03,INFO,"Mister pulse started; ON until 38388.28s, cooldown until 38392.28s"
38401.00,INFO,"Mister pulse started; ON until 38401.25s, cooldown until 38405.25s"
38412.05,INFO,"Mister pulse started; ON until 38412.30s, cooldown until 38416.30s"
38425.00,INFO,"Mister pulse started; ON until 38425.25s, cooldown until 38429.25s"
38435.02,INFO,"Mister pulse started; ON until 38435.27s, cooldown until 38439.27s"
38448.03,INFO,"Mister pulse started; ON until 38448.28s, cooldown until 38452.28s"
38453.05,INFO,"Mister pulse started; ON until 38453.30s, cooldown until 38457.30s"
38469.05,INFO,"Mister pulse started; ON until 38469.30s, cooldown until 38473.30s"
38485.00,INFO,"Mister pulse started; ON until 38485.25s, cooldown until 38489.25s"
38490.01,INFO,"Mister pulse started; ON until 38490.26s, cooldown until 38494.26s"
38502.04,INFO,"Mister pulse started; ON until 38502.29s, cooldown until 38506.29s"
38507.05,INFO,"Mister pulse started; ON until 38507.30s, cooldown until 38511.30s"
38522.02,INFO,"Mister pulse started; ON until 38522.27s, cooldown until 38526.27s"
38534.05,INFO,"Mister pulse started; ON until 38534.30s, cooldown until 38538.30s"
38539.00,INFO,"Mister pulse started; ON until 38539.25s, cooldown until 38543.25s"
38555.00,INFO,"Mister pulse started; ON until 38555.25s, cooldown until 38559.25s"
38567.03,INFO,"Mister pulse started; ON until 38567.28s, cooldown until 38571.28s"
38575.03,INFO,"Mister pulse started; ON until 38575.28s, cooldown until 38579.28s"
38585.05,INFO,"Mister pulse started; ON until 38585.30s, cooldown until 38589.30s"
38590.00,INFO,"Mister pulse started; ON until 38590.25s, cooldown until 38594.25s"
38605.03,INFO,"Mister pulse started; ON until 38605.28s, cooldown until 38609.28s"
38610.04,INFO,"Mister pulse started; ON until 38610.29s, cooldown until 38614.29s"
38615.04,INFO,"Mister pulse started; ON until 38615.29s, cooldown until 38619.29s"
38620.00,INFO,"Mister pulse started; ON until 38620.25s, cooldown until 38624.25s"
38631.00,INFO,"Mister pulse started; ON until 38631.25s, cooldown until 38635.25s"
38642.00,INFO,"Mister pulse started; ON until 38642.25s, cooldown until 38646.25s"
38659.04,INFO,"Mister pulse started; ON until 38659.29s, cooldown until 38663.29s"
38673.03,INFO,"Mister pulse started; ON until 38673.28s, cooldown until 38677.28s"
38686.04,INFO,"Mister pulse started; ON until 38686.29s, cooldown until 38690.29s"
38691.05,INFO,"Mister pulse started; ON until 38691.30s, cooldown until 38695.30s"
38710.04,INFO,"Mister pulse started; ON until 38710.29s, cooldown until 38714.29s"
38716.03,INFO,"Mister pulse started; ON until 38716.28s, cooldown until 38720.28s"
38726.04,INFO,"Mister pulse started; ON until 38726.29s, cooldown until 38730.29s"
38731.00,INFO,"Mister pulse started; ON until 38731.25s, cooldown until 38735.25s"
38743.04,INFO,"Mister pulse started; ON until 38743.29s, cooldown until 38747.29s"
38752.02,INFO,"Mister pulse started; ON until 38752.27s, cooldown until 38756.27s"
38764.04,INFO,"Mister pulse started; ON until 38764.29s, cooldown until 38768.29s"
38769.01,INFO,"Mister pulse started; ON until 38769.26s, cooldown until 38773.26s"
38788.01,INFO,"Mister pulse started; ON until 38788.26s, cooldown until 38792.26s"
38793.02,INFO,"Mister pulse started; ON until 38793.27s, cooldown until 38797.27s"
38811.03,INFO,"Mister pulse started; ON until 38811.28s, cooldown until 38815.28s"
38816.04,INFO,"Mister pulse started; ON until 38816.29s, cooldown until 38820.29s"
38830.03,INFO,"Mister pulse started; ON until 38830.28s, cooldown until 38834.28s"
38840.04,INFO,"Mister pulse started; ON until 38840.29s, cooldown until 38844.29s"
38855.01,INFO,"Mister pulse started; ON until 38855.26s, cooldown until 38859.26s"
38869.05,INFO,"Mister pulse started; ON until 38869.30s, cooldown until 38873.30s"
38874.00,INFO,"Mister pulse started; ON until 38874.25s, cooldown until 38878.25s"
38885.00,INFO,"Mister pulse started; ON until 38885.25s, cooldown until 38889.25s"
38894.04,INFO,"Mister pulse started; ON until 38894.29s, cooldown until 38898.29s"
38906.01,INFO,"Mister pulse started; ON until 38906.26s, cooldown until 38910.26s"
38911.02,INFO,"Mister pulse started; ON until 38911.27s, cooldown until 38915.27s"
38925.01,INFO,"Mister pulse started; ON until 38925.26s, cooldown until 38929.26s"
38937.04,INFO,"Mister pulse started; ON until 38937.29s, cooldown until 38941.29s"
38951.03,INFO,"Mister pulse started; ON until 38951.28s, cooldown until 38955.28s"
38963.01,INFO,"Mister pulse started; ON until 38963.26s, cooldown until 38967.26s"
38974.01,INFO,"Mister pulse started; ON until 38974.26s, cooldown until 38978.26s"
38985.05,INFO,"Mister pulse started; ON until 38985.30s, cooldown until 38989.30s"
39000.03,INFO,"Mister pulse started; ON until 39000.28s, cooldown until 39004.28s"
39015.00,INFO,"Mister pulse started; ON until 39015.25s, cooldown until 39019.25s"
39029.04,INFO,"Mister pulse started; ON until 39029.29s, cooldown until 39033.29s"
39034.05,INFO,"Mister pulse started; ON until 39034.30s, cooldown until 39038.30s"
39046.03,INFO,"Mister pulse started; ON until 39046.28s, cooldown until 39050.28s"
39057.02,INFO,"Mister pulse started; ON until 39057.27s, cooldown until 39061.27s"
39062.04,INFO,"Mister pulse started; ON until 39062.29s, cooldown until 39066.29s"
39077.01,INFO,"Mister pulse started; ON until 39077.26s, cooldown until 39081.26s"
39090.02,INFO,"Mister pulse started; ON until 39090.27s, cooldown until 39094.27s"
39097.04,INFO,"Mister pulse started; ON until 39097.29s, cooldown until 39101.29s"
39102.01,INFO,"Mister pulse started; ON until 39102.26s, cooldown until 39106.26s"
39119.05,INFO,"Mister pulse started; ON until 39119.30s, cooldown until 39123.30s"
39133.04,INFO,"Mister pulse started; ON until 39133.29s, cooldown until 39137.29s"
39146.05,INFO,"Mister pulse started; ON until 39146.30s, cooldown until 39150.30s"
39154.05,INFO,"Mister pulse started; ON until 39154.30s, cooldown until 39158.30s"
39162.04,INFO,"Mister pulse started; ON until 39162.29s, cooldown until 39166.29s"
39171.03,INFO,"Mister pulse started; ON until 39171.28s, cooldown until 39175.28s"
39182.02,INFO,"Mister pulse started; ON until 39182.27s, cooldown until 39186.27s"
39197.05,INFO,"Mister pulse started; ON until 39197.30s, cooldown until 39201.30s"
39210.05,INFO,"Mister pulse started; ON until 39210.30s, cooldown until 39214.30s"
39215.00,INFO,"Mister pulse started; ON until 39215.25s, cooldown until 39219.25s"
39220.01,INFO,"Mister pulse started; ON until 39220.26s, cooldown until 39224.26s"
39237.05,INFO,"Mister pulse started; ON until 39237.30s, cooldown until 39241.30s"
39242.01,INFO,"Mister pulse started; ON until 39242.26s, cooldown until 39246.26s"
39258.01,INFO,"Mister pulse started; ON until 39258.26s, cooldown until 39262.26s"
39270.04,INFO,"Mister pulse started; ON until 39270.29s, cooldown until 39274.29s"
39283.05,INFO,"Mister pulse started; ON until 39283.30s, cooldown until 39287.30s"
39291.00,INFO,"Mister pulse started; ON until 39291.25s, cooldown until 39295.25s"
39307.01,INFO,"Mister pulse started; ON until 39307.26s, cooldown until 39311.26s"
39312.01,INFO,"Mister pulse started; ON until 39312.26s, cooldown until 39316.26s"
39327.03,INFO,"Mister pulse started; ON until 39327.28s, cooldown until 39331.28s"
39332.04,INFO,"Mister pulse started; ON until 39332.29s, cooldown until 39336.29s"
39346.04,INFO,"Mister pulse started; ON until 39346.29s, cooldown until 39350.29s"
39354.04,INFO,"Mister pulse started; ON until 39354.29s, cooldown until 39358.29s"
39367.00,INFO,"Mister pulse started; ON until 39367.25s, cooldown until 39371.25s"
39372.01,INFO,"Mister pulse started; ON until 39372.26s, cooldown until 39376.26s"
39390.03,INFO,"Mister pulse started; ON until 39390.28s, cooldown until 39394.28s"
39395.04,INFO,"Mister pulse started; ON until 39395.29s, cooldown until 39399.29s"
39411.04,INFO,"Mister pulse started; ON until 39411.29s, cooldown until 39415.29s"
39421.00,INFO,"Mister pulse started; ON until 39421.25s, cooldown until 39425.25s"
39426.02,INFO,"Mister pulse started; ON until 39426.27s, cooldown until 39430.27s"
39441.04,INFO,"Mister pulse started; ON until 39441.29s, cooldown until 39445.29s"
39450.03,INFO,"Mister pulse started; ON until 39450.28s, cooldown until 39454.28s"
39463.04,INFO,"Mister pulse started; ON until 39463.29s, cooldown until 39467.29s"
39468.05,INFO,"Mister pulse started; ON until 39468.30s, cooldown until 39472.30s"
39487.04,INFO,"Mister pulse started; ON until 39487.29s, cooldown until 39491.29s"
39492.00,INFO,"Mister pulse started; ON until 39492.25s, cooldown until 39496.25s"
39502.02,INFO,"Mister pulse started; ON until 39502.27s, cooldown until 39506.27s"
39507.03,INFO,"Mister pulse started; ON until 39507.28s, cooldown until 39511.28s"
39526.02,INFO,"Mister pulse started; ON until 39526.27s, cooldown until 39530.27s"
39531.03,INFO,"Mister pulse started; ON until 39531.28s, cooldown until 39535.28s"
39547.04,INFO,"Mister pulse started; ON until 39547.29s, cooldown until 39551.29s"
39561.03,INFO,"Mister pulse started; ON until 39561.28s, cooldown until 39565.28s"
39571.04,INFO,"Mister pulse started; ON until 39571.29s, cooldown until 39575.29s"
39587.04,INFO,"Mister pulse started; ON until 39587.29s, cooldown until 39591.29s"
39601.04,INFO,"Mister pulse started; ON until 39601.29s, cooldown until 39605.29s"
39606.04,INFO,"Mister pulse started; ON until 39606.29s, cooldown until 39610.29s"
39622.04,INFO,"Mister pulse started; ON until 39622.29s, cooldown until 39626.29s"
39627.05,INFO,"Mister pulse started; ON until 39627.30s, cooldown until 39631.30s"
39645.02,INFO,"Mister pulse started; ON until 39645.27s, cooldown until 39649.27s"
39651.00,INFO,"Mister pulse started; ON until 39651.25s, cooldown until 39655.25s"
39660.04,INFO,"Mister pulse started; ON until 39660.29s, cooldown until 39664.29s"
39665.05,INFO,"Mister pulse started; ON until 39665.30s, cooldown until 39669.30s"
39680.02,INFO,"Mister pulse started; ON until 39680.27s, cooldown until 39684.27s"
39692.05,INFO,"Mister pulse started; ON until 39692.30s, cooldown until 39696.30s"
39697.01,INFO,"Mister pulse started; ON until 39697.26s, cooldown until 39701.26s"
39713.01,INFO,"Mister pulse started; ON until 39713.26s, cooldown until 39717.26s"
39728.03,INFO,"Mister pulse started; ON until 39728.28s, cooldown until 39732.28s"
39733.04,INFO,"Mister pulse started; ON until 39733.29s, cooldown until 39737.29s"
39749.05,INFO,"Mister pulse started; ON until 39749.30s, cooldown until 39753.30s"
39754.05,INFO,"Mister pulse started; ON until 39754.30s, cooldown until 39758.30s"
39770.05,INFO,"Mister pulse started; ON until 39770.30s, cooldown until 39774.30s"
39782.03,INFO,"Mister pulse started; ON until 39782.28s, cooldown until 39786.28s"
39793.03,INFO,"Mister pulse started; ON until 39793.28s, cooldown until 39797.28s"
39808.04,INFO,"Mister pulse started; ON until 39808.29s, cooldown until 39812.29s"
39818.01,INFO,"Mister pulse started; ON until 39818.26s, cooldown until 39822.26s"
39823.01,INFO,"Mister pulse started; ON until 39823.26s, cooldown until 39827.26s"
39839.02,INFO,"Mister pulse started; ON until 39839.27s, cooldown until 39843.27s"
39844.03,INFO,"Mister pulse started; ON until 39844.28s, cooldown until 39848.28s"
39860.03,INFO,"Mister pulse started; ON until 39860.28s, cooldown until 39864.28s"
39865.04,INFO,"Mister pulse started; ON until 39865.29s, cooldown until 39869.29s"
39883.05,INFO,"Mister pulse started; ON until 39883.30s, cooldown until 39887.30s"
39888.01,INFO,"Mister pulse started; ON until 39888.26s, cooldown until 39892.26s"
39903.03,INFO,"Mister pulse started; ON until 39903.28s, cooldown until 39907.28s"
39908.04,INFO,"Mister pulse started; ON until 39908.29s, cooldown until 39912.29s"
39926.00,INFO,"Mister pulse started; ON until 39926.25s, cooldown until 39930.25s"
39938.03,INFO,"Mister pulse started; ON until 39938.28s, cooldown until 39942.28s"
39943.04,INFO,"Mister pulse started; ON until 39943.29s, cooldown until 39947.29s"
39959.00,INFO,"Mister pulse started; ON until 39959.25s, cooldown until 39963.25s"
39970.04,INFO,"Mister pulse started; ON until 39970.29s, cooldown until 39974.29s"
39975.00,INFO,"Mister pulse started; ON until 39975.25s, cooldown until 39979.25s"
39991.00,INFO,"Mister pulse started; ON until 39991.25s, cooldown until 39995.25s"
40006.03,INFO,"Mister pulse started; ON until 40006.28s, cooldown until 40010.28s"
40017.03,INFO,"Mister pulse started; ON until 40017.28s, cooldown until 40021.28s"
40022.04,INFO,"Mister pulse started; ON until 40022.29s, cooldown until 40026.29s"
40038.03,INFO,"Mister pulse started; ON until 40038.28s, cooldown until 40042.28s"
40043.04,INFO,"Mister pulse started; ON until 40043.29s, cooldown until 40047.29s"
40057.03,INFO,"Mister pulse started; ON until 40057.28s, cooldown until 40061.28s"
40062.04,INFO,"Mister pulse started; ON until 40062.29s, cooldown until 40066.29s"
40077.02,INFO,"Mister pulse started; ON until 40077.27s, cooldown until 40081.27s"
40089.05,INFO,"Mister pulse started; ON until 40089.30s, cooldown until 40093.30s"
40094.01,INFO,"Mister pulse started; ON until 40094.26s, cooldown until 40098.26s"
40109.03,INFO,"Mister pulse started; ON until 40109.28s, cooldown until 40113.28s"
40121.01,INFO,"Mister pulse started; ON until 40121.26s, cooldown until 40125.26s"
40126.02,INFO,"Mister pulse started; ON until 40126.27s, cooldown until 40130.27s"
40145.02,INFO,"Mister pulse started; ON until 40145.27s, cooldown until 40149.27s"
40150.03,INFO,"Mister pulse started; ON until 40150.28s, cooldown until 40154.28s"
40168.04,INFO,"Mister pulse started; ON until 40168.29s, cooldown until 40172.29s"
40173.00,INFO,"Mister pulse started; ON until 40173.25s, cooldown until 40177.25s"
40189.01,INFO,"Mister pulse started; ON until 40189.26s, cooldown until 40193.26s"
40204.03,INFO,"Mister pulse started; ON until 40204.28s, cooldown until 40208.28s"
40218.03,INFO,"Mister pulse started; ON until 40218.28s, cooldown until 40222.28s"
40228.05,INFO,"Mister pulse started; ON until 40228.30s, cooldown until 40232.30s"
40243.01,INFO,"Mister pulse started; ON until 40243.26s, cooldown until 40247.26s"
40257.01,INFO,"Mister pulse started; ON until 40257.26s, cooldown until 40261.26s"
40269.03,INFO,"Mister pulse started; ON until 40269.28s, cooldown until 40273.28s"
40284.01,INFO,"Mister pulse started; ON until 40284.26s, cooldown until 40288.26s"
40300.01,INFO,"Mister pulse started; ON until 40300.26s, cooldown until 40304.26s"
40315.03,INFO,"Mister pulse started; ON until 40315.28s, cooldown until 40319.28s"
40330.00,INFO,"Mister pulse started; ON until 40330.25s, cooldown until 40334.25s"
40343.01,INFO,"Mister pulse started; ON until 40343.26s, cooldown until 40347.26s"
40351.01,INFO,"Mister pulse started; ON until 40351.26s, cooldown until 40355.26s"
40361.03,INFO,"Mister pulse started; ON until 40361.28s, cooldown until 40365.28s"
40374.04,INFO,"Mister pulse started; ON until 40374.29s, cooldown until 40378.29s"
40379.00,INFO,"Mister pulse started; ON until 40379.25s, cooldown until 40383.25s"
40397.01,INFO,"Mister pulse started; ON until 40397.26s, cooldown until 40401.26s"
40402.02,INFO,"Mister pulse started; ON until 40402.27s, cooldown until 40406.27s"
40417.04,INFO,"Mister pulse started; ON until 40417.29s, cooldown until 40421.29s"
40429.02,INFO,"Mister pulse started; ON until 40429.27s, cooldown until 40433.27s"
40434.03,INFO,"Mister pulse started; ON until 40434.28s, cooldown until 40438.28s"
40451.02,INFO,"Mister pulse started; ON until 40451.27s, cooldown until 40455.27s"
40467.02,INFO,"Mister pulse started; ON until 40467.27s, cooldown until 40471.27s"
40482.05,INFO,"Mister pulse started; ON until 40482.30s, cooldown until 40486.30s"
40495.00,INFO,"Mister pulse started; ON until 40495.25s, cooldown until 40499.25s"
40507.03,INFO,"Mister pulse started; ON until 40507.28s, cooldown until 40511.28s"
40523.04,INFO,"Mister pulse started; ON until 40523.29s, cooldown until 40527.29s"
40539.05,INFO,"Mister pulse started; ON until 40539.30s, cooldown until 40543.30s"
40554.03,INFO,"Mister pulse started; ON until 40554.28s, cooldown until 40558.28s"
40571.01,INFO,"Mister pulse started; ON until 40571.26s, cooldown until 40575.26s"
40576.02,INFO,"Mister pulse started; ON until 40576.27s, cooldown until 40580.27s"
40591.01,INFO,"Mister pulse started; ON until 40591.26s, cooldown until 40595.26s"
40605.00,INFO,"Mister pulse started; ON until 40605.25s, cooldown until 40609.25s"
40616.01,INFO,"Mister pulse started; ON until 40616.26s, cooldown until 40620.26s"
40633.04,INFO,"Mister pulse started; ON until 40633.29s, cooldown until 40637.29s"
40648.02,INFO,"Mister pulse started; ON until 40648.27s, cooldown until 40652.27s"
40663.03,INFO,"Mister pulse started; ON until 40663.28s, cooldown until 40667.28s"
40677.02,INFO,"Mister pulse started; ON until 40677.27s, cooldown until 40681.27s"
40686.01,INFO,"Mister pulse started; ON until 40686.26s, cooldown until 40690.26s"
40702.01,INFO,"Mister pulse started; ON until 40702.26s, cooldown until 40706.26s"
40716.05,INFO,"Mister pulse started; ON until 40716.30s, cooldown until 40720.30s"
40722.04,INFO,"Mister pulse started; ON until 40722.29s, cooldown until 40726.29s"
40733.04,INFO,"Mister pulse started; ON until 40733.29s, cooldown until 40737.29s"
40744.04,INFO,"Mister pulse started; ON until 40744.29s, cooldown until 40748.29s"
40762.01,INFO,"Mister pulse started; ON until 40762.26s, cooldown until 40766.26s"
40770.01,INFO,"Mister pulse started; ON until 40770.26s, cooldown until 40774.26s"
40780.03,INFO,"Mister pulse started; ON until 40780.28s, cooldown until 40784.28s"
40792.00,INFO,"Mister pulse started; ON until 40792.25s, cooldown until 40796.25s"
40797.02,INFO,"Mister pulse started; ON until 40797.27s, cooldown until 40801.27s"
40814.05,INFO,"Mister pulse started; ON until 40814.30s, cooldown until 40818.30s"
40828.03,INFO,"Mister pulse started; ON until 40828.28s, cooldown until 40832.28s"
40833.04,INFO,"Mister pulse started; ON until 40833.29s, cooldown until 40837.29s"
40847.04,INFO,"Mister pulse started; ON until 40847.29s, cooldown until 40851.29s"
40862.01,INFO,"Mister pulse started; ON until 40862.26s, cooldown until 40866.26s"
40878.02,INFO,"Mister pulse started; ON until 40878.27s, cooldown until 40882.27s"
40894.03,INFO,"Mister pulse started; ON until 40894.28s, cooldown until 40898.28s"
40911.01,INFO,"Mister pulse started; ON until 40911.26s, cooldown until 40915.26s"
40916.01,INFO,"Mister pulse started; ON until 40916.26s, cooldown until 40920.26s"
40931.04,INFO,"Mister pulse started; ON until 40931.29s, cooldown until 40935.29s"
40941.00,INFO,"Mister pulse started; ON until 40941.25s, cooldown until 40945.25s"
40957.01,INFO,"Mister pulse started; ON until 40957.26s, cooldown until 40961.26s"
40974.04,INFO,"Mister pulse started; ON until 40974.29s, cooldown until 40978.29s"
40990.04,INFO,"Mister pulse started; ON until 40990.29s, cooldown until 40994.29s"
41006.05,INFO,"Mister pulse started; ON until 41006.30s, cooldown until 41010.30s"
41021.02,INFO,"Mister pulse started; ON until 41021.27s, cooldown until 41025.27s"
41038.01,INFO,"Mister pulse started; ON until 41038.26s, cooldown until 41042.26s"
41043.02,INFO,"Mister pulse started; ON until 41043.27s, cooldown until 41047.27s"
41059.02,INFO,"Mister pulse started; ON until 41059.27s, cooldown until 41063.27s"
41071.04,INFO,"Mister pulse started; ON until 41071.29s, cooldown until 41075.29s"
41079.04,INFO,"Mister pulse started; ON until 41079.29s, cooldown until 41083.29s"
41084.00,INFO,"Mister pulse started; ON until 41084.25s, cooldown until 41088.25s"
41103.05,INFO,"Mister pulse started; ON until 41103.30s, cooldown until 41107.30s"
41108.01,INFO,"Mister pulse started; ON until 41108.26s, cooldown until 41112.26s"
41127.05,INFO,"Mister pulse started; ON until 41127.30s, cooldown until 41131.30s"
41132.01,INFO,"Mister pulse started; ON until 41132.26s, cooldown until 41136.26s"
41150.02,INFO,"Mister pulse started; ON until 41150.27s, cooldown until 41154.27s"
41155.03,INFO,"Mister pulse started; ON until 41155.28s, cooldown until 41159.28s"
41172.01,INFO,"Mister pulse started; ON until 41172.26s, cooldown until 41176.26s"
41186.00,INFO,"Mister pulse started; ON until 41186.25s, cooldown until 41190.25s"
41200.04,INFO,"Mister pulse started; ON until 41200.29s, cooldown until 41204.29s"
41210.01,INFO,"Mister pulse started; ON until 41210.26s, cooldown until 41214.26s"
41223.01,INFO,"Mister pulse started; ON until 41223.26s, cooldown until 41227.26s"
41234.01,INFO,"Mister pulse started; ON until 41234.26s, cooldown until 41238.26s"
41248.04,INFO,"Mister pulse started; ON until 41248.29s, cooldown until 41252.29s"
41253.05,INFO,"Mister pulse started; ON until 41253.30s, cooldown until 41257.30s"
41274.02,INFO,"Mister pulse started; ON until 41274.27s, cooldown until 41278.27s"
41288.02,INFO,"Mister pulse started; ON until 41288.27s, cooldown until 41292.27s"
41299.02,INFO,"Mister pulse started; ON until 41299.27s, cooldown until 41303.27s"
41315.02,INFO,"Mister pulse started; ON until 41315.27s, cooldown until 41319.27s"
41332.00,INFO,"Mister pulse started; ON until 41332.25s, cooldown until 41336.25s"
41337.02,INFO,"Mister pulse started; ON until 41337.27s, cooldown until 41341.27s"
41351.01,INFO,"Mister pulse started; ON until 41351.26s, cooldown until 41355.26s"
41364.01,INFO,"Mister pulse started; ON until 41364.26s, cooldown until 41368.26s"
41369.02,INFO,"Mister pulse started; ON until 41369.27s, cooldown until 41373.27s"
41386.01,INFO,"Mister pulse started; ON until 41386.26s, cooldown until 41390.26s"
41399.02,INFO,"Mister pulse started; ON until 41399.27s, cooldown until 41403.27s"
41409.03,INFO,"Mister pulse started; ON until 41409.28s, cooldown until 41413.28s"
41424.00,INFO,"Mister pulse started; ON until 41424.25s, cooldown until 41428.25s"
41437.01,INFO,"Mister pulse started; ON until 41437.26s, cooldown until 41441.26s"
41446.01,INFO,"Mister pulse started; ON until 41446.26s, cooldown until 41450.26s"
41459.01,INFO,"Mister pulse started; ON until 41459.26s, cooldown until 41463.26s"
41464.02,INFO,"Mister pulse started; ON until 41464.27s, cooldown until 41468.27s"
41480.03,INFO,"Mister pulse started; ON until 41480.28s, cooldown until 41484.28s"
41495.00,INFO,"Mister pulse started; ON until 41495.25s, cooldown until 41499.25s"
41500.01,INFO,"Mister pulse started; ON until 41500.26s, cooldown until 41504.26s"
41518.02,INFO,"Mister pulse started; ON until 41518.27s, cooldown until 41522.27s"
41528.04,INFO,"Mister pulse started; ON until 41528.29s, cooldown until 41532.29s"
41542.03,INFO,"Mister pulse started; ON until 41542.28s, cooldown until 41546.28s"
41554.01,INFO,"Mister pulse started; ON until 41554.26s, cooldown until 41558.26s"
41559.02,INFO,"Mister pulse started; ON until 41559.27s, cooldown until 41563.27s"
41575.01,INFO,"Mister pulse started; ON until 41575.26s, cooldown until 41579.26s"
41588.03,INFO,"Mister pulse started; ON until 41588.28s, cooldown until 41592.28s"
41593.03,INFO,"Mister pulse started; ON until 41593.28s, cooldown until 41597.28s"
41615.04,INFO,"Mister pulse started; ON until 41615.29s, cooldown until 41619.29s"
41627.02,INFO,"Mister pulse started; ON until 41627.27s, cooldown until 41631.27s"
41638.01,INFO,"Mister pulse started; ON until 41638.26s, cooldown until 41642.26s"
41651.02,INFO,"Mister pulse started; ON until 41651.27s, cooldown until 41655.27s"
41656.04,INFO,"Mister pulse started; ON until 41656.29s, cooldown until 41660.29s"
41676.02,INFO,"Mister pulse started; ON until 41676.27s, cooldown until 41680.27s"
41685.01,INFO,"Mister pulse started; ON until 41685.26s, cooldown until 41689.26s"
41700.02,INFO,"Mister pulse started; ON until 41700.27s, cooldown until 41704.27s"
41712.05,INFO,"Mister pulse started; ON until 41712.30s, cooldown until 41716.30s"
41726.04,INFO,"Mister pulse started; ON until 41726.29s, cooldown until 41730.29s"
41740.03,INFO,"Mister pulse started; ON until 41740.28s, cooldown until 41744.28s"
41751.03,INFO,"Mister pulse started; ON until 41751.28s, cooldown until 41755.28s"
41766.05,INFO,"Mister pulse started; ON until 41766.30s, cooldown until 41770.30s"
41781.03,INFO,"Mister pulse started; ON until 41781.28s, cooldown until 41785.28s"
41795.01,INFO,"Mister pulse started; ON until 41795.26s, cooldown until 41799.26s"
41806.01,INFO,"Mister pulse started; ON until 41806.26s, cooldown until 41810.26s"
41820.04,INFO,"Mister pulse started; ON until 41820.29s, cooldown until 41824.29s"
41833.05,INFO,"Mister pulse started; ON until 41833.30s, cooldown until 41837.30s"
41838.00,INFO,"Mister pulse started; ON until 41838.25s, cooldown until 41842.25s"
41858.03,INFO,"Mister pulse started; ON until 41858.28s, cooldown until 41862.28s"
41863.04,INFO,"Mister pulse started; ON until 41863.29s, cooldown until 41867.29s"
41881.01,INFO,"Mister pulse started; ON until 41881.26s, cooldown until 41885.26s"
41891.02,INFO,"Mister pulse started; ON until 41891.27s, cooldown until 41895.27s"
41902.03,INFO,"Mister pulse started; ON until 41902.28s, cooldown until 41906.28s"
41918.02,INFO,"Mister pulse started; ON until 41918.27s, cooldown until 41922.27s"
41933.05,INFO,"Mister pulse started; ON until 41933.30s, cooldown until 41937.30s"
41946.01,INFO,"Mister pulse started; ON until 41946.26s, cooldown until 41950.26s"
41958.04,INFO,"Mister pulse started; ON until 41958.29s, cooldown until 41962.29s"
41973.01,INFO,"Mister pulse started; ON until 41973.26s, cooldown until 41977.26s"
41988.03,INFO,"Mister pulse started; ON until 41988.28s, cooldown until 41992.28s"
42001.04,INFO,"Mister pulse started; ON until 42001.29s, cooldown until 42005.29s"
42006.05,INFO,"Mister pulse started; ON until 42006.30s, cooldown until 42010.30s"
42027.00,INFO,"Mister pulse started; ON until 42027.25s, cooldown until 42031.25s"
42041.04,INFO,"Mister pulse started; ON until 42041.29s, cooldown until 42045.29s"
42046.05,INFO,"Mister pulse started; ON until 42046.30s, cooldown until 42050.30s"
42066.04,INFO,"Mister pulse started; ON until 42066.29s, cooldown until 42070.29s"
42078.02,INFO,"Mister pulse started; ON until 42078.27s, cooldown until 42082.27s"
42083.03,INFO,"Mister pulse started; ON until 42083.28s, cooldown until 42087.28s"
42099.04,INFO,"Mister pulse started; ON until 42099.29s, cooldown until 42103.29s"
42112.04,INFO,"Mister pulse started; ON until 42112.29s, cooldown until 42116.29s"
42121.03,INFO,"Mister pulse started; ON until 42121.28s, cooldown until 42125.28s"
42133.01,INFO,"Mister pulse started; ON until 42133.26s, cooldown until 42137.26s"
42138.02,INFO,"Mister pulse started; ON until 42138.27s, cooldown until 42142.27s"
42155.05,INFO,"Mister pulse started; ON until 42155.30s, cooldown until 42159.30s"
42167.03,INFO,"Mister pulse started; ON until 42167.28s, cooldown until 42171.28s"
42175.03,INFO,"Mister pulse started; ON until 42175.28s, cooldown until 42179.28s"
42184.00,INFO,"Mister pulse started; ON until 42184.25s, cooldown until 42188.25s"
42197.01,INFO,"Mister pulse started; ON until 42197.26s, cooldown until 42201.26s"
42202.02,INFO,"Mister pulse started; ON until 42202.27s, cooldown until 42206.27s"
42216.01,INFO,"Mister pulse started; ON until 42216.26s, cooldown until 42220.26s"
42228.04,INFO,"Mister pulse started; ON until 42228.29s, cooldown until 42232.29s"
42243.01,INFO,"Mister pulse started; ON until 42243.26s, cooldown until 42247.26s"
42258.03,INFO,"Mister pulse started; ON until 42258.28s, cooldown until 42262.28s"
42271.04,INFO,"Mister pulse started; ON until 42271.29s, cooldown until 42275.29s"
42281.05,INFO,"Mister pulse started; ON until 42281.30s, cooldown until 42285.30s"
42292.04,INFO,"Mister pulse started; ON until 42292.29s, cooldown until 42296.29s"
42308.04,INFO,"Mister pulse started; ON until 42308.29s, cooldown until 42312.29s"
42324.04,INFO,"Mister pulse started; ON until 42324.29s, cooldown until 42328.29s"
42339.02,INFO,"Mister pulse started; ON until 42339.27s, cooldown until 42343.27s"
42353.00,INFO,"Mister pulse started; ON until 42353.25s, cooldown until 42357.25s"
42366.00,INFO,"Mister pulse started; ON until 42366.25s, cooldown until 42370.25s"
42371.01,INFO,"Mister pulse started; ON until 42371.26s, cooldown until 42375.26s"
42390.01,INFO,"Mister pulse started; ON until 42390.26s, cooldown until 42394.26s"
42399.04,INFO,"Mister pulse started; ON until 42399.29s, cooldown until 42403.29s"
42409.00,INFO,"Mister pulse started; ON until 42409.25s, cooldown until 42413.25s"
42423.04,INFO,"Mister pulse started; ON until 42423.29s, cooldown until 42427.29s"
42430.01,INFO,"Mister pulse started; ON until 42430.26s, cooldown until 42434.26s"
42441.01,INFO,"Mister pulse started; ON until 42441.26s, cooldown until 42445.26s"
42455.01,INFO,"Mister pulse started; ON until 42455.26s, cooldown until 42459.26s"
42460.01,INFO,"Mister pulse started; ON until 42460.26s, cooldown until 42464.26s"
42472.04,INFO,"Mister pulse started; ON until 42472.29s, cooldown until 42476.29s"
42484.02,INFO,"Mister pulse started; ON until 42484.27s, cooldown until 42488.27s"
42489.03,INFO,"Mister pulse started; ON until 42489.28s, cooldown until 42493.28s"
42502.04,INFO,"Mister pulse started; ON until 42502.29s, cooldown until 42506.29s"
42513.04,INFO,"Mister pulse started; ON until 42513.29s, cooldown until 42517.29s"
42525.02,INFO,"Mister pulse started; ON until 42525.27s, cooldown until 42529.27s"
42534.04,INFO,"Mister pulse started; ON until 42534.29s, cooldown until 42538.29s"
42541.01,INFO,"Mister pulse started; ON until 42541.26s, cooldown until 42545.26s"
42553.04,INFO,"Mister pulse started; ON until 42553.29s, cooldown until 42557.29s"
42565.02,INFO,"Mister pulse started; ON until 42565.27s, cooldown until 42569.27s"
42572.04,INFO,"Mister pulse started; ON until 42572.29s, cooldown until 42576.29s"
42583.04,INFO,"Mister pulse started; ON until 42583.29s, cooldown until 42587.29s"
42588.05,INFO,"Mister pulse started; ON until 42588.30s, cooldown until 42592.30s"
42601.01,INFO,"Mister pulse started; ON until 42601.26s, cooldown until 42605.26s"
42616.04,INFO,"Mister pulse started; ON until 42616.29s, cooldown until 42620.29s"
42630.03,INFO,"Mister pulse started; ON until 42630.28s, cooldown until 42634.28s"
42641.03,INFO,"Mister pulse started; ON until 42641.28s, cooldown until 42645.28s"
42656.05,INFO,"Mister pulse started; ON until 42656.30s, cooldown until 42660.30s"
42668.03,INFO,"Mister pulse started; ON until 42668.28s, cooldown until 42672.28s"
42679.03,INFO,"Mister pulse started; ON until 42679.28s, cooldown until 42683.28s"
42691.05,INFO,"Mister pulse started; ON until 42691.30s, cooldown until 42695.30s"
42696.01,INFO,"Mister pulse started; ON until 42696.26s, cooldown until 42700.26s"
42714.02,INFO,"Mister pulse started; ON until 42714.27s, cooldown until 42718.27s"
42719.03,INFO,"Mister pulse started; ON until 42719.28s, cooldown until 42723.28s"
42734.05,INFO,"Mister pulse started; ON until 42734.30s, cooldown until 42738.30s"
42745.05,INFO,"Mister pulse started; ON until 42745.30s, cooldown until 42749.30s"
42762.03,INFO,"Mister pulse started; ON until 42762.28s, cooldown until 42766.28s"
42767.04,INFO,"Mister pulse started; ON until 42767.29s, cooldown until 42771.29s"
42782.02,INFO,"Mister pulse started; ON until 42782.27s, cooldown until 42786.27s"
42793.01,INFO,"Mister pulse started; ON until 42793.26s, cooldown until 42797.26s"
42798.02,INFO,"Mister pulse started; ON until 42798.27s, cooldown until 42802.27s"
42815.05,INFO,"Mister pulse started; ON until 42815.30s, cooldown until 42819.30s"
42828.00,INFO,"Mister pulse started; ON until 42828.25s, cooldown until 42832.25s"
42839.05,INFO,"Mister pulse started; ON until 42839.30s, cooldown until 42843.30s"
42852.01,INFO,"Mister pulse started; ON until 42852.26s, cooldown until 42856.26s"
42862.03,INFO,"Mister pulse started; ON until 42862.28s, cooldown until 42866.28s"
42874.01,INFO,"Mister pulse started; ON until 42874.26s, cooldown until 42878.26s"
42885.00,INFO,"Mister pulse started; ON until 42885.25s, cooldown until 42889.25s"
42897.03,INFO,"Mister pulse started; ON until 42897.28s, cooldown until 42901.28s"
42902.03,INFO,"Mister pulse started; ON until 42902.28s, cooldown until 42906.28s"
42918.03,INFO,"Mister pulse started; ON until 42918.28s, cooldown until 42922.28s"
42931.04,INFO,"Mister pulse started; ON until 42931.29s, cooldown until 42935.29s"
42937.03,INFO,"Mister pulse started; ON until 42937.28s, cooldown until 42941.28s"
42945.03,INFO,"Mister pulse started; ON until 42945.28s, cooldown until 42949.28s"
42953.04,INFO,"Mister pulse started; ON until 42953.29s, cooldown until 42957.29s"
42958.05,INFO,"Mister pulse started; ON until 42958.30s, cooldown until 42962.30s"
42974.05,INFO,"Mister pulse started; ON until 42974.30s, cooldown until 42978.30s"
42987.00,INFO,"Mister pulse started; ON until 42987.25s, cooldown until 42991.25s"
42997.03,INFO,"Mister pulse started; ON until 42997.28s, cooldown until 43001.28s"
43011.02,INFO,"Mister pulse started; ON until 43011.27s, cooldown until 43015.27s"
43022.02,INFO,"Mister pulse started; ON until 43022.27s, cooldown until 43026.27s"
43037.05,INFO,"Mister pulse started; ON until 43037.30s, cooldown until 43041.30s"
43050.01,INFO,"Mister pulse started; ON until 43050.26s, cooldown until 43054.26s"
43061.01,INFO,"Mister pulse started; ON until 43061.26s, cooldown until 43065.26s"
43077.01,INFO,"Mister pulse started; ON until 43077.26s, cooldown until 43081.26s"
43091.01,INFO,"Mister pulse started; ON until 43091.26s, cooldown until 43095.26s"
43104.02,INFO,"Mister pulse started; ON until 43104.27s, cooldown until 43108.27s"
43114.03,INFO,"Mister pulse started; ON until 43114.28s, cooldown until 43118.28s"
43124.05,INFO,"Mister pulse started; ON until 43124.30s, cooldown until 43128.30s"
43140.04,INFO,"Mister pulse started; ON until 43140.29s, cooldown until 43144.29s"
43152.02,INFO,"Mister pulse started; ON until 43152.27s, cooldown until 43156.27s"
43161.00,INFO,"Mister pulse started; ON until 43161.25s, cooldown until 43165.25s"
43173.03,INFO,"Mister pulse started; ON until 43173.28s, cooldown until 43177.28s"
43188.05,INFO,"Mister pulse started; ON until 43188.30s, cooldown until 43192.30s"
43200.02,INFO,"Mister pulse started; ON until 43200.27s, cooldown until 43204.27s"
43210.04,INFO,"Mister pulse started; ON until 43210.29s, cooldown until 43214.29s"
43220.00,INFO,"Mister pulse started; ON until 43220.25s, cooldown until 43224.25s"
43235.02,INFO,"Mister pulse started; ON until 43235.27s, cooldown until 43239.27s"
43249.02,INFO,"Mister pulse started; ON until 43249.27s, cooldown until 43253.27s"
43259.04,INFO,"Mister pulse started; ON until 43259.29s, cooldown until 43263.29s"
43272.00,INFO,"Mister pulse started; ON until 43272.25s, cooldown until 43276.25s"
43283.05,INFO,"Mister pulse started; ON until 43283.30s, cooldown until 43287.30s"
43296.00,INFO,"Mister pulse started; ON until 43296.25s, cooldown until 43300.25s"
43307.00,INFO,"Mister pulse started; ON until 43307.25s, cooldown until 43311.25s"
43323.01,INFO,"Mister pulse started; ON until 43323.26s, cooldown until 43327.26s"
43337.00,INFO,"Mister pulse started; ON until 43337.25s, cooldown until 43341.25s"
43349.03,INFO,"Mister pulse started; ON until 43349.28s, cooldown until 43353.28s"
43355.02,INFO,"Mister pulse started; ON until 43355.27s, cooldown until 43359.27s"
43372.00,INFO,"Mister pulse started; ON until 43372.25s, cooldown until 43376.25s"
43377.01,INFO,"Mister pulse started; ON until 43377.26s, cooldown until 43381.26s"
43392.03,INFO,"Mister pulse started; ON until 43392.28s, cooldown until 43396.28s"
43403.05,INFO,"Mister pulse started; ON until 43403.30s, cooldown until 43407.30s"
43419.05,INFO,"Mister pulse started; ON until 43419.30s, cooldown until 43423.30s"
43434.02,INFO,"Mister pulse started; ON until 43434.27s, cooldown until 43438.27s"
43449.04,INFO,"Mister pulse started; ON until 43449.29s, cooldown until 43453.29s"
43462.00,INFO,"Mister pulse started; ON until 43462.25s, cooldown until 43466.25s"
43474.03,INFO,"Mister pulse started; ON until 43474.28s, cooldown until 43478.28s"
43487.04,INFO,"Mister pulse started; ON until 43487.29s, cooldown until 43491.29s"
43498.04,INFO,"Mister pulse started; ON until 43498.29s, cooldown until 43502.29s"
43514.04,INFO,"Mister pulse started; ON until 43514.29s, cooldown until 43518.29s"
43528.03,INFO,"Mister pulse started; ON until 43528.28s, cooldown until 43532.28s"
43542.02,INFO,"Mister pulse started; ON until 43542.27s, cooldown until 43546.27s"
43552.04,INFO,"Mister pulse started; ON until 43552.29s, cooldown until 43556.29s"
43566.03,INFO,"Mister pulse started; ON until 43566.28s, cooldown until 43570.28s"
43577.02,INFO,"Mister pulse started; ON until 43577.27s, cooldown until 43581.27s"
43593.02,INFO,"Mister pulse started; ON until 43593.27s, cooldown until 43597.27s"
43607.01,INFO,"Mister pulse started; ON until 43607.26s, cooldown until 43611.26s"
43621.00,INFO,"Mister pulse started; ON until 43621.25s, cooldown until 43625.25s"
43630.04,INFO,"Mister pulse started; ON until 43630.29s, cooldown until 43634.29s"
43643.04,INFO,"Mister pulse started; ON until 43643.29s, cooldown until 43647.29s"
43648.00,INFO,"Mister pulse started; ON until 43648.25s, cooldown until 43652.25s"
43665.05,INFO,"Mister pulse started; ON until 43665.30s, cooldown until 43669.30s"
43679.04,INFO,"Mister pulse started; ON until 43679.29s, cooldown until 43683.29s"
43693.03,INFO,"Mister pulse started; ON until 43693.28s, cooldown until 43697.28s"
43703.05,INFO,"Mister pulse started; ON until 43703.30s, cooldown until 43707.30s"
43716.00,INFO,"Mister pulse started; ON until 43716.25s, cooldown until 43720.25s"
43726.02,INFO,"Mister pulse started; ON until 43726.27s, cooldown until 43730.27s"
43739.03,INFO,"Mister pulse started; ON until 43739.28s, cooldown until 43743.28s"
43744.04,INFO,"Mister pulse started; ON until 43744.29s, cooldown until 43748.29s"
43764.02,INFO,"Mister pulse started; ON until 43764.27s, cooldown until 43768.27s"
43774.04,INFO,"Mister pulse started; ON until 43774.29s, cooldown until 43778.29s"
43787.05,INFO,"Mister pulse started; ON until 43787.30s, cooldown until 43791.30s"
43795.05,INFO,"Mister pulse started; ON until 43795.30s, cooldown until 43799.30s"
43806.00,INFO,"Mister pulse started; ON until 43806.25s, cooldown until 43810.25s"
43821.02,INFO,"Mister pulse started; ON until 43821.27s, cooldown until 43825.27s"
43834.03,INFO,"Mister pulse started; ON until 43834.28s, cooldown until 43838.28s"
43839.04,INFO,"Mister pulse started; ON until 43839.29s, cooldown until 43843.29s"
43859.03,INFO,"Mister pulse started; ON until 43859.28s, cooldown until 43863.28s"
43864.04,INFO,"Mister pulse started; ON until 43864.29s, cooldown until 43868.29s"
43876.02,INFO,"Mister pulse started; ON until 43876.27s, cooldown until 43880.27s"
43889.03,INFO,"Mister pulse started; ON until 43889.28s, cooldown until 43893.28s"
43894.04,INFO,"Mister pulse started; ON until 43894.29s, cooldown until 43898.29s"
43914.02,INFO,"Mister pulse started; ON until 43914.27s, cooldown until 43918.27s"
43924.04,INFO,"Mister pulse started; ON until 43924.29s, cooldown until 43928.29s"
43937.05,INFO,"Mister pulse started; ON until 43937.30s, cooldown until 43941.30s"
43944.02,INFO,"Mister pulse started; ON until 43944.27s, cooldown until 43948.27s"
43955.02,INFO,"Mister pulse started; ON until 43955.27s, cooldown until 43959.27s"
43968.02,INFO,"Mister pulse started; ON until 43968.27s, cooldown until 43972.27s"
43977.00,INFO,"Mister pulse started; ON until 43977.25s, cooldown until 43981.25s"
43989.03,INFO,"Mister pulse started; ON until 43989.28s, cooldown until 43993.28s"
44004.00,INFO,"Mister pulse started; ON until 44004.25s, cooldown until 44008.25s"
44018.04,INFO,"Mister pulse started; ON until 44018.29s, cooldown until 44022.29s"
44030.02,INFO,"Mister pulse started; ON until 44030.27s, cooldown until 44034.27s"
44035.03,INFO,"Mister pulse started; ON until 44035.28s, cooldown until 44039.28s"
44050.00,INFO,"Mister pulse started; ON until 44050.25s, cooldown until 44054.25s"
44062.02,INFO,"Mister pulse started; ON until 44062.27s, cooldown until 44066.27s"
44067.03,INFO,"Mister pulse started; ON until 44067.28s, cooldown until 44071.28s"
44084.02,INFO,"Mister pulse started; ON until 44084.27s, cooldown until 44088.27s"
44099.04,INFO,"Mister pulse started; ON until 44099.29s, cooldown until 44103.29s"
44111.01,INFO,"Mister pulse started; ON until 44111.26s, cooldown until 44115.26s"
44120.05,INFO,"Mister pulse started; ON until 44120.30s, cooldown until 44124.30s"
44125.00,INFO,"Mister pulse started; ON until 44125.25s, cooldown until 44129.25s"
44136.05,INFO,"Mister pulse started; ON until 44136.30s, cooldown until 44140.30s"
44143.02,INFO,"Mister pulse started; ON until 44143.27s, cooldown until 44147.27s"
44154.02,INFO,"Mister pulse started; ON until 44154.27s, cooldown until 44158.27s"
44167.03,INFO,"Mister pulse started; ON until 44167.28s, cooldown until 44171.28s"
44172.05,INFO,"Mister pulse started; ON until 44172.30s, cooldown until 44176.30s"
44190.01,INFO,"Mister pulse started; ON until 44190.26s, cooldown until 44194.26s"
44195.02,INFO,"Mister pulse started; ON until 44195.27s, cooldown until 44199.27s"
44213.04,INFO,"Mister pulse started; ON until 44213.29s, cooldown until 44217.29s"
44218.05,INFO,"Mister pulse started; ON until 44218.30s, cooldown until 44222.30s"
44233.02,INFO,"Mister pulse started; ON until 44233.27s, cooldown until 44237.27s"
44242.05,INFO,"Mister pulse started; ON until 44242.30s, cooldown until 44246.30s"
44256.05,INFO,"Mister pulse started; ON until 44256.30s, cooldown until 44260.30s"
44267.05,INFO,"Mister pulse started; ON until 44267.30s, cooldown until 44271.30s"
44282.03,INFO,"Mister pulse started; ON until 44282.28s, cooldown until 44286.28s"
44294.00,INFO,"Mister pulse started; ON until 44294.25s, cooldown until 44298.25s"
44304.02,INFO,"Mister pulse started; ON until 44304.27s, cooldown until 44308.27s"
44317.02,INFO,"Mister pulse started; ON until 44317.27s, cooldown until 44321.27s"
44323.01,INFO,"Mister pulse started; ON until 44323.26s, cooldown until 44327.26s"
44328.02,INFO,"Mister pulse started; ON until 44328.27s, cooldown until 44332.27s"
44342.01,INFO,"Mister pulse started; ON until 44342.26s, cooldown until 44346.26s"
44353.01,INFO,"Mister pulse started; ON until 44353.26s, cooldown until 44357.26s"
44369.01,INFO,"Mister pulse started; ON until 44369.26s, cooldown until 44373.26s"
44384.03,INFO,"Mister pulse started; ON until 44384.28s, cooldown until 44388.28s"
44396.05,INFO,"Mister pulse started; ON until 44396.30s, cooldown until 44400.30s"
44401.01,INFO,"Mister pulse started; ON until 44401.26s, cooldown until 44405.26s"
44419.02,INFO,"Mister pulse started; ON until 44419.27s, cooldown until 44423.27s"
44424.03,INFO,"Mister pulse started; ON until 44424.28s, cooldown until 44428.28s"
44441.01,INFO,"Mister pulse started; ON until 44441.26s, cooldown until 44445.26s"
44455.05,INFO,"Mister pulse started; ON until 44455.30s, cooldown until 44459.30s"
44467.02,INFO,"Mister pulse started; ON until 44467.27s, cooldown until 44471.27s"
44472.03,INFO,"Mister pulse started; ON until 44472.28s, cooldown until 44476.28s"
44486.02,INFO,"Mister pulse started; ON until 44486.27s, cooldown until 44490.27s"
44498.05,INFO,"Mister pulse started; ON until 44498.30s, cooldown until 44502.30s"
44513.03,INFO,"Mister pulse started; ON until 44513.28s, cooldown until 44517.28s"
44529.03,INFO,"Mister pulse started; ON until 44529.28s, cooldown until 44533.28s"
44544.00,INFO,"Mister pulse started; ON until 44544.25s, cooldown until 44548.25s"
44558.04,INFO,"Mister pulse started; ON until 44558.29s, cooldown until 44562.29s"
44568.01,INFO,"Mister pulse started; ON until 44568.26s, cooldown until 44572.26s"
44585.04,INFO,"Mister pulse started; ON until 44585.29s, cooldown until 44589.29s"
44601.04,INFO,"Mister pulse started; ON until 44601.29s, cooldown until 44605.29s"
44614.05,INFO,"Mister pulse started; ON until 44614.30s, cooldown until 44618.30s"
44626.02,INFO,"Mister pulse started; ON until 44626.27s, cooldown until 44630.27s"
44633.04,INFO,"Mister pulse started; ON until 44633.29s, cooldown until 44637.29s"
44647.04,INFO,"Mister pulse started; ON until 44647.29s, cooldown until 44651.29s"
44662.00,INFO,"Mister pulse started; ON until 44662.25s, cooldown until 44666.25s"
44674.03,INFO,"Mister pulse started; ON until 44674.28s, cooldown until 44678.28s"
44679.04,INFO,"Mister pulse started; ON until 44679.29s, cooldown until 44683.29s"
44696.02,INFO,"Mister pulse started; ON until 44696.27s, cooldown until 44700.27s"
44711.04,INFO,"Mister pulse started; ON until 44711.29s, cooldown until 44715.29s"
44724.05,INFO,"Mister pulse started; ON until 44724.30s, cooldown until 44728.30s"
44734.01,INFO,"Mister pulse started; ON until 44734.26s, cooldown until 44738.26s"
44746.04,INFO,"Mister pulse started; ON until 44746.29s, cooldown until 44750.29s"
44751.05,INFO,"Mister pulse started; ON until 44751.30s, cooldown until 44755.30s"
44767.05,INFO,"Mister pulse started; ON until 44767.30s, cooldown until 44771.30s"
44781.04,INFO,"Mister pulse started; ON until 44781.29s, cooldown until 44785.29s"
44786.05,INFO,"Mister pulse started; ON until 44786.30s, cooldown until 44790.30s"
44795.03,INFO,"Mister pulse started; ON until 44795.28s, cooldown until 44799.28s"
44807.01,INFO,"Mister pulse started; ON until 44807.26s, cooldown until 44811.26s"
44822.04,INFO,"Mister pulse started; ON until 44822.29s, cooldown until 44826.29s"
44834.01,INFO,"Mister pulse started; ON until 44834.26s, cooldown until 44838.26s"
44842.02,INFO,"Mister pulse started; ON until 44842.27s, cooldown until 44846.27s"
44853.02,INFO,"Mister pulse started; ON until 44853.27s, cooldown until 44857.27s"
44865.04,INFO,"Mister pulse started; ON until 44865.29s, cooldown until 44869.29s"
44874.03,INFO,"Mister pulse started; ON until 44874.28s, cooldown until 44878.28s"
44879.04,INFO,"Mister pulse started; ON until 44879.29s, cooldown until 44883.29s"
44896.03,INFO,"Mister pulse started; ON until 44896.28s, cooldown until 44900.28s"
44901.04,INFO,"Mister pulse started; ON until 44901.29s, cooldown until 44905.29s"
44919.05,INFO,"Mister pulse started; ON until 44919.30s, cooldown until 44923.30s"
44932.01,INFO,"Mister pulse started; ON until 44932.26s, cooldown until 44936.26s"
44946.00,INFO,"Mister pulse started; ON until 44946.25s, cooldown until 44950.25s"
44957.00,INFO,"Mister pulse started; ON until 44957.25s, cooldown until 44961.25s"
44973.00,INFO,"Mister pulse started; ON until 44973.25s, cooldown until 44977.25s"
44987.04,INFO,"Mister pulse started; ON until 44987.29s, cooldown until 44991.29s"
44998.04,INFO,"Mister pulse started; ON until 44998.29s, cooldown until 45002.29s"
45013.01,INFO,"Mister pulse started; ON until 45013.26s, cooldown until 45017.26s"
45028.03,INFO,"Mister pulse started; ON until 45028.28s, cooldown until 45032.28s"
45040.01,INFO,"Mister pulse started; ON until 45040.26s, cooldown until 45044.26s"
45050.03,INFO,"Mister pulse started; ON until 45050.28s, cooldown until 45054.28s"
45060.05,INFO,"Mister pulse started; ON until 45060.30s, cooldown until 45064.30s"
45074.04,INFO,"Mister pulse started; ON until 45074.29s, cooldown until 45078.29s"
45079.04,INFO,"Mister pulse started; ON until 45079.29s, cooldown until 45083.29s"
45092.01,INFO,"Mister pulse started; ON until 45092.26s, cooldown until 45096.26s"
45108.01,INFO,"Mister pulse started; ON until 45108.26s, cooldown until 45112.26s"
45123.03,INFO,"Mister pulse started; ON until 45123.28s, cooldown until 45127.28s"
45136.04,INFO,"Mister pulse started; ON until 45136.29s, cooldown until 45140.29s"
45141.05,INFO,"Mister pulse started; ON until 45141.30s, cooldown until 45145.30s"
45160.04,INFO,"Mister pulse started; ON until 45160.29s, cooldown until 45164.29s"
45165.05,INFO,"Mister pulse started; ON until 45165.30s, cooldown until 45169.30s"
45185.03,INFO,"Mister pulse started; ON until 45185.28s, cooldown until 45189.28s"
45194.01,INFO,"Mister pulse started; ON until 45194.26s, cooldown until 45198.26s"
45209.04,INFO,"Mister pulse started; ON until 45209.29s, cooldown until 45213.29s"
45219.05,INFO,"Mister pulse started; ON until 45219.30s, cooldown until 45223.30s"
45233.04,INFO,"Mister pulse started; ON until 45233.29s, cooldown until 45237.29s"
45242.03,INFO,"Mister pulse started; ON until 45242.28s, cooldown until 45246.28s"
45258.04,INFO,"Mister pulse started; ON until 45258.29s, cooldown until 45262.29s"
45270.02,INFO,"Mister pulse started; ON until 45270.27s, cooldown until 45274.27s"
45275.03,INFO,"Mister pulse started; ON until 45275.28s, cooldown until 45279.28s"
45293.04,INFO,"Mister pulse started; ON until 45293.29s, cooldown until 45297.29s"
45300.01,INFO,"Mister pulse started; ON until 45300.26s, cooldown until 45304.26s"
45305.03,INFO,"Mister pulse started; ON until 45305.28s, cooldown until 45309.28s"
45322.01,INFO,"Mister pulse started; ON until 45322.26s, cooldown until 45326.26s"
45337.03,INFO,"Mister pulse started; ON until 45337.28s, cooldown until 45341.28s"
45350.03,INFO,"Mister pulse started; ON until 45350.28s, cooldown until 45354.28s"
45355.04,INFO,"Mister pulse started; ON until 45355.29s, cooldown until 45359.29s"
45375.02,INFO,"Mister pulse started; ON until 45375.27s, cooldown until 45379.27s"
45384.05,INFO,"Mister pulse started; ON until 45384.30s, cooldown until 45388.30s"
45395.04,INFO,"Mister pulse started; ON until 45395.29s, cooldown until 45399.29s"
45411.04,INFO,"Mister pulse started; ON until 45411.29s, cooldown until 45415.29s"
45425.02,INFO,"Mister pulse started; ON until 45425.27s, cooldown until 45429.27s"
45438.03,INFO,"Mister pulse started; ON until 45438.28s, cooldown until 45442.28s"
45443.04,INFO,"Mister pulse started; ON until 45443.29s, cooldown until 45447.29s"
45462.04,INFO,"Mister pulse started; ON until 45462.29s, cooldown until 45466.29s"
45470.05,INFO,"Mister pulse started; ON until 45470.30s, cooldown until 45474.30s"
45480.01,INFO,"Mister pulse started; ON until 45480.26s, cooldown until 45484.26s"
45494.05,INFO,"Mister pulse started; ON until 45494.30s, cooldown until 45498.30s"
45499.00,INFO,"Mister pulse started; ON until 45499.25s, cooldown until 45503.25s"
45510.05,INFO,"Mister pulse started; ON until 45510.30s, cooldown until 45514.30s"
45515.01,INFO,"Mister pulse started; ON until 45515.26s, cooldown until 45519.26s"
45525.02,INFO,"Mister pulse started; ON until 45525.27s, cooldown until 45529.27s"
45535.04,INFO,"Mister pulse started; ON until 45535.29s, cooldown until 45539.29s"
45547.01,INFO,"Mister pulse started; ON until 45547.26s, cooldown until 45551.26s"
45552.02,INFO,"Mister pulse started; ON until 45552.27s, cooldown until 45556.27s"
45568.03,INFO,"Mister pulse started; ON until 45568.28s, cooldown until 45572.28s"
45582.01,INFO,"Mister pulse started; ON until 45582.26s, cooldown until 45586.26s"
45592.02,INFO,"Mister pulse started; ON until 45592.27s, cooldown until 45596.27s"
45606.01,INFO,"Mister pulse started; ON until 45606.26s, cooldown until 45610.26s"
45617.02,INFO,"Mister pulse started; ON until 45617.27s, cooldown until 45621.27s"
45633.02,INFO,"Mister pulse started; ON until 45633.27s, cooldown until 45637.27s"
45650.05,INFO,"Mister pulse started; ON until 45650.30s, cooldown until 45654.30s"
45664.04,INFO,"Mister pulse started; ON until 45664.29s, cooldown until 45668.29s"
45677.04,INFO,"Mister pulse started; ON until 45677.29s, cooldown until 45681.29s"
45682.05,INFO,"Mister pulse started; ON until 45682.30s, cooldown until 45686.30s"
45702.02,INFO,"Mister pulse started; ON until 45702.27s, cooldown until 45706.27s"
45713.02,INFO,"Mister pulse started; ON until 45713.27s, cooldown until 45717.27s"
45729.02,INFO,"Mister pulse started; ON until 45729.27s, cooldown until 45733.27s"
45743.01,INFO,"Mister pulse started; ON until 45743.26s, cooldown until 45747.26s"
45757.05,INFO,"Mister pulse started; ON until 45757.30s, cooldown until 45761.30s"
45762.01,INFO,"Mister pulse started; ON until 45762.26s, cooldown until 45766.26s"
45773.01,INFO,"Mister pulse started; ON until 45773.26s, cooldown until 45777.26s"
45785.04,INFO,"Mister pulse started; ON until 45785.29s, cooldown until 45789.29s"
45799.04,INFO,"Mister pulse started; ON until 45799.29s, cooldown until 45803.29s"
45812.04,INFO,"Mister pulse started; ON until 45812.29s, cooldown until 45816.29s"
45821.02,INFO,"Mister pulse started; ON until 45821.27s, cooldown until 45825.27s"
45829.03,INFO,"Mister pulse started; ON until 45829.28s, cooldown until 45833.28s"
45843.01,INFO,"Mister pulse started; ON until 45843.26s, cooldown until 45847.26s"
45851.01,INFO,"Mister pulse started; ON until 45851.26s, cooldown until 45855.26s"
45862.01,INFO,"Mister pulse started; ON until 45862.26s, cooldown until 45866.26s"
45876.04,INFO,"Mister pulse started; ON until 45876.29s, cooldown until 45880.29s"
45886.01,INFO,"Mister pulse started; ON until 45886.26s, cooldown until 45890.26s"
45898.04,INFO,"Mister pulse started; ON until 45898.29s, cooldown until 45902.29s"
45903.00,INFO,"Mister pulse started; ON until 45903.25s, cooldown until 45907.25s"
45921.01,INFO,"Mister pulse started; ON until 45921.26s, cooldown until 45925.26s"
45926.02,INFO,"Mister pulse started; ON until 45926.27s, cooldown until 45930.27s"
45941.05,INFO,"Mister pulse started; ON until 45941.30s, cooldown until 45945.30s"
45951.01,INFO,"Mister pulse started; ON until 45951.26s, cooldown until 45955.26s"
45967.01,INFO,"Mister pulse started; ON until 45967.26s, cooldown until 45971.26s"
45982.03,INFO,"Mister pulse started; ON until 45982.28s, cooldown until 45986.28s"
45994.01,INFO,"Mister pulse started; ON until 45994.26s, cooldown until 45998.26s"
46004.03,INFO,"Mister pulse started; ON until 46004.28s, cooldown until 46008.28s"
46015.03,INFO,"Mister pulse started; ON until 46015.28s, cooldown until 46019.28s"
46030.01,INFO,"Mister pulse started; ON until 46030.26s, cooldown until 46034.26s"
46044.05,INFO,"Mister pulse started; ON until 46044.30s, cooldown until 46048.30s"
46056.03,INFO,"Mister pulse started; ON until 46056.28s, cooldown until 46060.28s"
46061.04,INFO,"Mister pulse started; ON until 46061.29s, cooldown until 46065.29s"
46078.02,INFO,"Mister pulse started; ON until 46078.27s, cooldown until 46082.27s"
46091.04,INFO,"Mister pulse started; ON until 46091.29s, cooldown until 46095.29s"
46103.01,INFO,"Mister pulse started; ON until 46103.26s, cooldown until 46107.26s"
46108.03,INFO,"Mister pulse started; ON until 46108.28s, cooldown until 46112.28s"
46123.00,INFO,"Mister pulse started; ON until 46123.25s, cooldown until 46127.25s"
46136.01,INFO,"Mister pulse started; ON until 46136.26s, cooldown until 46140.26s"
46146.03,INFO,"Mister pulse started; ON until 46146.28s, cooldown until 46150.28s"
46156.05,INFO,"Mister pulse started; ON until 46156.30s, cooldown until 46160.30s"
46168.02,INFO,"Mister pulse started; ON until 46168.27s, cooldown until 46172.27s"
46177.01,INFO,"Mister pulse started; ON until 46177.26s, cooldown until 46181.26s"
46189.03,INFO,"Mister pulse started; ON until 46189.28s, cooldown until 46193.28s"
46206.02,INFO,"Mister pulse started; ON until 46206.27s, cooldown until 46210.27s"
46211.03,INFO,"Mister pulse started; ON until 46211.28s, cooldown until 46215.28s"
46225.02,INFO,"Mister pulse started; ON until 46225.27s, cooldown until 46229.27s"
46234.00,INFO,"Mister pulse started; ON until 46234.25s, cooldown until 46238.25s"
46249.03,INFO,"Mister pulse started; ON until 46249.28s, cooldown until 46253.28s"
46260.02,INFO,"Mister pulse started; ON until 46260.27s, cooldown until 46264.27s"
46275.05,INFO,"Mister pulse started; ON until 46275.30s, cooldown until 46279.30s"
46287.03,INFO,"Mister pulse started; ON until 46287.28s, cooldown until 46291.28s"
46292.04,INFO,"Mister pulse started; ON until 46292.29s, cooldown until 46296.29s"
46312.01,INFO,"Mister pulse started; ON until 46312.26s, cooldown until 46316.26s"
46322.03,INFO,"Mister pulse started; ON until 46322.28s, cooldown until 46326.28s"
46337.05,INFO,"Mister pulse started; ON until 46337.30s, cooldown until 46341.30s"
46348.05,INFO,"Mister pulse started; ON until 46348.30s, cooldown until 46352.30s"
46362.04,INFO,"Mister pulse started; ON until 46362.29s, cooldown until 46366.29s"
46375.05,INFO,"Mister pulse started; ON until 46375.30s, cooldown until 46379.30s"
46380.01,INFO,"Mister pulse started; ON until 46380.26s, cooldown until 46384.26s"
46391.01,INFO,"Mister pulse started; ON until 46391.26s, cooldown until 46395.26s"
46402.01,INFO,"Mister pulse started; ON until 46402.26s, cooldown until 46406.26s"
46418.02,INFO,"Mister pulse started; ON until 46418.27s, cooldown until 46422.27s"
46433.04,INFO,"Mister pulse started; ON until 46433.29s, cooldown until 46437.29s"
46445.01,INFO,"Mister pulse started; ON until 46445.26s, cooldown until 46449.26s"
46451.05,INFO,"Mister pulse started; ON until 46451.30s, cooldown until 46455.30s"
46467.05,INFO,"Mister pulse started; ON until 46467.30s, cooldown until 46471.30s"
46483.00,INFO,"Mister pulse started; ON until 46483.25s, cooldown until 46487.25s"
46488.01,INFO,"Mister pulse started; ON until 46488.26s, cooldown until 46492.26s"
46502.01,INFO,"Mister pulse started; ON until 46502.26s, cooldown until 46506.26s"
46514.04,INFO,"Mister pulse started; ON until 46514.29s, cooldown until 46518.29s"
46528.04,INFO,"Mister pulse started; ON until 46528.29s, cooldown until 46532.29s"
46541.04,INFO,"Mister pulse started; ON until 46541.29s, cooldown until 46545.29s"
46546.00,INFO,"Mister pulse started; ON until 46546.25s, cooldown until 46550.25s"
46557.05,INFO,"Mister pulse started; ON until 46557.30s, cooldown until 46561.30s"
46566.03,INFO,"Mister pulse started; ON until 46566.28s, cooldown until 46570.28s"
46571.04,INFO,"Mister pulse started; ON until 46571.29s, cooldown until 46575.29s"
46584.05,INFO,"Mister pulse started; ON until 46584.30s, cooldown until 46588.30s"
46597.01,INFO,"Mister pulse started; ON until 46597.26s, cooldown until 46601.26s"
46603.05,INFO,"Mister pulse started; ON until 46603.30s, cooldown until 46607.30s"
46614.05,INFO,"Mister pulse started; ON until 46614.30s, cooldown until 46618.30s"
46624.02,INFO,"Mister pulse started; ON until 46624.27s, cooldown until 46628.27s"
46639.04,INFO,"Mister pulse started; ON until 46639.29s, cooldown until 46643.29s"
46651.02,INFO,"Mister pulse started; ON until 46651.27s, cooldown until 46655.27s"
46656.03,INFO,"Mister pulse started; ON until 46656.28s, cooldown until 46660.28s"
46674.04,INFO,"Mister pulse started; ON until 46674.29s, cooldown until 46678.29s"
46679.05,INFO,"Mister pulse started; ON until 46679.30s, cooldown until 46683.30s"
46696.04,INFO,"Mister pulse started; ON until 46696.29s, cooldown until 46700.29s"
46709.04,INFO,"Mister pulse started; ON until 46709.29s, cooldown until 46713.29s"
46722.00,INFO,"Mister pulse started; ON until 46722.25s, cooldown until 46726.25s"
46728.05,INFO,"Mister pulse started; ON until 46728.30s, cooldown until 46732.30s"
46747.04,INFO,"Mister pulse started; ON until 46747.29s, cooldown until 46751.29s"
46752.00,INFO,"Mister pulse started; ON until 46752.25s, cooldown until 46756.25s"
46762.02,INFO,"Mister pulse started; ON until 46762.27s, cooldown until 46766.27s"
46772.03,INFO,"Mister pulse started; ON until 46772.28s, cooldown until 46776.28s"
46784.00,INFO,"Mister pulse started; ON until 46784.25s, cooldown until 46788.25s"
46789.01,INFO,"Mister pulse started; ON until 46789.26s, cooldown until 46793.26s"
46804.03,INFO,"Mister pulse started; ON until 46804.28s, cooldown until 46808.28s"
46816.01,INFO,"Mister pulse started; ON until 46816.26s, cooldown until 46820.26s"
46821.02,INFO,"Mister pulse started; ON until 46821.27s, cooldown until 46825.27s"
46836.04,INFO,"Mister pulse started; ON until 46836.29s, cooldown until 46840.29s"
46847.04,INFO,"Mister pulse started; ON until 46847.29s, cooldown until 46851.29s"
46862.02,INFO,"Mister pulse started; ON until 46862.27s, cooldown until 46866.27s"
46877.05,INFO,"Mister pulse started; ON until 46877.30s, cooldown until 46881.30s"
46889.02,INFO,"Mister pulse started; ON until 46889.27s, cooldown until 46893.27s"
46898.01,INFO,"Mister pulse started; ON until 46898.26s, cooldown until 46902.26s"
46909.01,INFO,"Mister pulse started; ON until 46909.26s, cooldown until 46913.26s"
46923.04,INFO,"Mister pulse started; ON until 46923.29s, cooldown until 46927.29s"
46934.04,INFO,"Mister pulse started; ON until 46934.29s, cooldown until 46938.29s"
46951.03,INFO,"Mister pulse started; ON until 46951.28s, cooldown until 46955.28s"
46956.04,INFO,"Mister pulse started; ON until 46956.29s, cooldown until 46960.29s"
46969.05,INFO,"Mister pulse started; ON until 46969.30s, cooldown until 46973.30s"
46978.04,INFO,"Mister pulse started; ON until 46978.29s, cooldown until 46982.29s"
46991.05,INFO,"Mister pulse started; ON until 46991.30s, cooldown until 46995.30s"
46996.01,INFO,"Mister pulse started; ON until 46996.26s, cooldown until 47000.26s"
47012.01,INFO,"Mister pulse started; ON until 47012.26s, cooldown until 47016.26s"
47027.03,INFO,"Mister pulse started; ON until 47027.28s, cooldown until 47031.28s"
47040.03,INFO,"Mister pulse started; ON until 47040.28s, cooldown until 47044.28s"
47048.04,INFO,"Mister pulse started; ON until 47048.29s, cooldown until 47052.29s"
47058.05,INFO,"Mister pulse started; ON until 47058.30s, cooldown until 47062.30s"
47069.05,INFO,"Mister pulse started; ON until 47069.30s, cooldown until 47073.30s"
47085.04,INFO,"Mister pulse started; ON until 47085.29s, cooldown until 47089.29s"
47099.04,INFO,"Mister pulse started; ON until 47099.29s, cooldown until 47103.29s"
47112.04,INFO,"Mister pulse started; ON until 47112.29s, cooldown until 47116.29s"
47122.01,INFO,"Mister pulse started; ON until 47122.26s, cooldown until 47126.26s"
47135.02,INFO,"Mister pulse started; ON until 47135.27s, cooldown until 47139.27s"
47140.03,INFO,"Mister pulse started; ON until 47140.28s, cooldown until 47144.28s"
47158.00,INFO,"Mister pulse started; ON until 47158.25s, cooldown until 47162.25s"
47163.01,INFO,"Mister pulse started; ON until 47163.26s, cooldown until 47167.26s"
47180.00,INFO,"Mister pulse started; ON until 47180.25s, cooldown until 47184.25s"
47185.02,INFO,"Mister pulse started; ON until 47185.27s, cooldown until 47189.27s"
47201.02,INFO,"Mister pulse started; ON until 47201.27s, cooldown until 47205.27s"
47213.04,INFO,"Mister pulse started; ON until 47213.29s, cooldown until 47217.29s"
47218.01,INFO,"Mister pulse started; ON until 47218.26s, cooldown until 47222.26s"
47236.02,INFO,"Mister pulse started; ON until 47236.27s, cooldown until 47240.27s"
47241.03,INFO,"Mister pulse started; ON until 47241.28s, cooldown until 47245.28s"
47256.00,INFO,"Mister pulse started; ON until 47256.25s, cooldown until 47260.25s"
47269.02,INFO,"Mister pulse started; ON until 47269.27s, cooldown until 47273.27s"
47274.03,INFO,"Mister pulse started; ON until 47274.28s, cooldown until 47278.28s"
47292.05,INFO,"Mister pulse started; ON until 47292.30s, cooldown until 47296.30s"
47297.00,INFO,"Mister pulse started; ON until 47297.25s, cooldown until 47301.25s"
47313.01,INFO,"Mister pulse started; ON until 47313.26s, cooldown until 47317.26s"
47328.04,INFO,"Mister pulse started; ON until 47328.29s, cooldown until 47332.29s"
47340.01,INFO,"Mister pulse started; ON until 47340.26s, cooldown until 47344.26s"
47345.02,INFO,"Mister pulse started; ON until 47345.27s, cooldown until 47349.27s"
47365.05,INFO,"Mister pulse started; ON until 47365.30s, cooldown until 47369.30s"
47370.05,INFO,"Mister pulse started; ON until 47370.30s, cooldown until 47374.30s"
47388.03,INFO,"Mister pulse started; ON until 47388.28s, cooldown until 47392.28s"
47393.03,INFO,"Mister pulse started; ON until 47393.28s, cooldown until 47397.28s"
47411.00,INFO,"Mister pulse started; ON until 47411.25s, cooldown until 47415.25s"
47420.04,INFO,"Mister pulse started; ON until 47420.29s, cooldown until 47424.29s"
47428.04,INFO,"Mister pulse started; ON until 47428.29s, cooldown until 47432.29s"
47437.02,INFO,"Mister pulse started; ON until 47437.27s, cooldown until 47441.27s"
47450.03,INFO,"Mister pulse started; ON until 47450.28s, cooldown until 47454.28s"
47455.04,INFO,"Mister pulse started; ON until 47455.29s, cooldown until 47459.29s"
47470.02,INFO,"Mister pulse started; ON until 47470.27s, cooldown until 47474.27s"
47481.02,INFO,"Mister pulse started; ON until 47481.27s, cooldown until 47485.27s"
47489.02,INFO,"Mister pulse started; ON until 47489.27s, cooldown until 47493.27s"
47494.03,INFO,"Mister pulse started; ON until 47494.28s, cooldown until 47498.28s"
47509.01,INFO,"Mister pulse started; ON until 47509.26s, cooldown until 47513.26s"
47514.01,INFO,"Mister pulse started; ON until 47514.26s, cooldown until 47518.26s"
47531.00,INFO,"Mister pulse started; ON until 47531.25s, cooldown until 47535.25s"
47541.02,INFO,"Mister pulse started; ON until 47541.27s, cooldown until 47545.27s"
47554.02,INFO,"Mister pulse started; ON until 47554.27s, cooldown until 47558.27s"
47564.03,INFO,"Mister pulse started; ON until 47564.28s, cooldown until 47568.28s"
47577.05,INFO,"Mister pulse started; ON until 47577.30s, cooldown until 47581.30s"
47582.00,INFO,"Mister pulse started; ON until 47582.25s, cooldown until 47586.25s"
47598.01,INFO,"Mister pulse started; ON until 47598.26s, cooldown until 47602.26s"
47612.05,INFO,"Mister pulse started; ON until 47612.30s, cooldown until 47616.30s"
47622.01,INFO,"Mister pulse started; ON until 47622.26s, cooldown until 47626.26s"
47638.02,INFO,"Mister pulse started; ON until 47638.27s, cooldown until 47642.27s"
47652.00,INFO,"Mister pulse started; ON until 47652.25s, cooldown until 47656.25s"
47664.04,INFO,"Mister pulse started; ON until 47664.29s, cooldown until 47668.29s"
47670.03,INFO,"Mister pulse started; ON until 47670.28s, cooldown until 47674.28s"
47687.00,INFO,"Mister pulse started; ON until 47687.25s, cooldown until 47691.25s"
47692.01,INFO,"Mister pulse started; ON until 47692.26s, cooldown until 47696.26s"
47707.03,INFO,"Mister pulse started; ON until 47707.28s, cooldown until 47711.28s"
47712.04,INFO,"Mister pulse started; ON until 47712.29s, cooldown until 47716.29s"
47725.05,INFO,"Mister pulse started; ON until 47725.30s, cooldown until 47729.30s"
47738.00,INFO,"Mister pulse started; ON until 47738.25s, cooldown until 47742.25s"
47748.02,INFO,"Mister pulse started; ON until 47748.27s, cooldown until 47752.27s"
47762.01,INFO,"Mister pulse started; ON until 47762.26s, cooldown until 47766.26s"
47772.03,INFO,"Mister pulse started; ON until 47772.28s, cooldown until 47776.28s"
47786.02,INFO,"Mister pulse started; ON until 47786.27s, cooldown until 47790.27s"
47796.04,INFO,"Mister pulse started; ON until 47796.29s, cooldown until 47800.29s"
47810.02,INFO,"Mister pulse started; ON until 47810.27s, cooldown until 47814.27s"
47815.04,INFO,"Mister pulse started; ON until 47815.29s, cooldown until 47819.29s"
47827.02,INFO,"Mister pulse started; ON until 47827.27s, cooldown until 47831.27s"
47841.01,INFO,"Mister pulse started; ON until 47841.26s, cooldown until 47845.26s"
47850.04,INFO,"Mister pulse started; ON until 47850.29s, cooldown until 47854.29s"
47861.03,INFO,"Mister pulse started; ON until 47861.28s, cooldown until 47865.28s"
47877.03,INFO,"Mister pulse started; ON until 47877.28s, cooldown until 47881.28s"
47891.02,INFO,"Mister pulse started; ON until 47891.27s, cooldown until 47895.27s"
47904.03,INFO,"Mister pulse started; ON until 47904.28s, cooldown until 47908.28s"
47909.04,INFO,"Mister pulse started; ON until 47909.29s, cooldown until 47913.29s"
47927.04,INFO,"Mister pulse started; ON until 47927.29s, cooldown until 47931.29s"
47932.00,INFO,"Mister pulse started; ON until 47932.25s, cooldown until 47936.25s"
47949.04,INFO,"Mister pulse started; ON until 47949.29s, cooldown until 47953.29s"
47964.02,INFO,"Mister pulse started; ON until 47964.27s, cooldown until 47968.27s"
47980.02,INFO,"Mister pulse started; ON until 47980.27s, cooldown until 47984.27s"
47993.03,INFO,"Mister pulse started; ON until 47993.28s, cooldown until 47997.28s"
48002.01,INFO,"Mister pulse started; ON until 48002.26s, cooldown until 48006.26s"
48017.03,INFO,"Mister pulse started; ON until 48017.28s, cooldown until 48021.28s"
48029.01,INFO,"Mister pulse started; ON until 48029.26s, cooldown until 48033.26s"
48034.02,INFO,"Mister pulse started; ON until 48034.27s, cooldown until 48038.27s"
48049.05,INFO,"Mister pulse started; ON until 48049.30s, cooldown until 48053.30s"
48058.03,INFO,"Mister pulse started; ON until 48058.28s, cooldown until 48062.28s"
48073.00,INFO,"Mister pulse started; ON until 48073.25s, cooldown until 48077.25s"
48086.01,INFO,"Mister pulse started; ON until 48086.26s, cooldown until 48090.26s"
48094.02,INFO,"Mister pulse started; ON until 48094.27s, cooldown until 48098.27s"
48104.03,INFO,"Mister pulse started; ON until 48104.28s, cooldown until 48108.28s"
48114.04,INFO,"Mister pulse started; ON until 48114.29s, cooldown until 48118.29s"
48129.01,INFO,"Mister pulse started; ON until 48129.26s, cooldown until 48133.26s"
48141.04,INFO,"Mister pulse started; ON until 48141.29s, cooldown until 48145.29s"
48146.00,INFO,"Mister pulse started; ON until 48146.25s, cooldown until 48150.25s"
48164.02,INFO,"Mister pulse started; ON until 48164.27s, cooldown until 48168.27s"
48169.03,INFO,"Mister pulse started; ON until 48169.28s, cooldown until 48173.28s"
48183.01,INFO,"Mister pulse started; ON until 48183.26s, cooldown until 48187.26s"
48195.04,INFO,"Mister pulse started; ON until 48195.29s, cooldown until 48199.29s"
48208.01,INFO,"Mister pulse started; ON until 48208.26s, cooldown until 48212.26s"
48222.04,INFO,"Mister pulse started; ON until 48222.29s, cooldown until 48226.29s"
48228.03,INFO,"Mister pulse started; ON until 48228.28s, cooldown until 48232.28s"
48237.02,INFO,"Mister pulse started; ON until 48237.27s, cooldown until 48241.27s"
48246.00,INFO,"Mister pulse started; ON until 48246.25s, cooldown until 48250.25s"
48259.01,INFO,"Mister pulse started; ON until 48259.26s, cooldown until 48263.26s"
48264.02,INFO,"Mister pulse started; ON until 48264.27s, cooldown until 48268.27s"
48277.02,INFO,"Mister pulse started; ON until 48277.27s, cooldown until 48281.27s"
48286.01,INFO,"Mister pulse started; ON until 48286.26s, cooldown until 48290.26s"
48298.04,INFO,"Mister pulse started; ON until 48298.29s, cooldown until 48302.29s"
48312.04,INFO,"Mister pulse started; ON until 48312.29s, cooldown until 48316.29s"
48325.04,INFO,"Mister pulse started; ON until 48325.29s, cooldown until 48329.29s"
48330.05,INFO,"Mister pulse started; ON until 48330.30s, cooldown until 48334.30s"
48350.03,INFO,"Mister pulse started; ON until 48350.28s, cooldown until 48354.28s"
48360.04,INFO,"Mister pulse started; ON until 48360.29s, cooldown until 48364.29s"
48372.01,INFO,"Mister pulse started; ON until 48372.26s, cooldown until 48376.26s"
48380.01,INFO,"Mister pulse started; ON until 48380.26s, cooldown until 48384.26s"
48391.01,INFO,"Mister pulse started; ON until 48391.26s, cooldown until 48395.26s"
48403.04,INFO,"Mister pulse started; ON until 48403.29s, cooldown until 48407.29s"
48408.00,INFO,"Mister pulse started; ON until 48408.25s, cooldown until 48412.25s"
48426.01,INFO,"Mister pulse started; ON until 48426.26s, cooldown until 48430.26s"
48431.02,INFO,"Mister pulse started; ON until 48431.27s, cooldown until 48435.27s"
48445.01,INFO,"Mister pulse started; ON until 48445.26s, cooldown until 48449.26s"
48453.02,INFO,"Mister pulse started; ON until 48453.27s, cooldown until 48457.27s"
48466.03,INFO,"Mister pulse started; ON until 48466.28s, cooldown until 48470.28s"
48471.04,INFO,"Mister pulse started; ON until 48471.29s, cooldown until 48475.29s"
48486.01,INFO,"Mister pulse started; ON until 48486.26s, cooldown until 48490.26s"
48498.04,INFO,"Mister pulse started; ON until 48498.29s, cooldown until 48502.29s"
48505.01,INFO,"Mister pulse started; ON until 48505.26s, cooldown until 48509.26s"
48512.04,INFO,"Mister pulse started; ON until 48512.29s, cooldown until 48516.29s"
48527.02,INFO,"Mister pulse started; ON until 48527.27s, cooldown until 48531.27s"
48544.01,INFO,"Mister pulse started; ON until 48544.26s, cooldown until 48548.26s"
48549.01,INFO,"Mister pulse started; ON until 48549.26s, cooldown until 48553.26s"
48564.04,INFO,"Mister pulse started; ON until 48564.29s, cooldown until 48568.29s"
48574.01,INFO,"Mister pulse started; ON until 48574.26s, cooldown until 48578.26s"
48589.04,INFO,"Mister pulse started; ON until 48589.29s, cooldown until 48593.29s"
48601.02,INFO,"Mister pulse started; ON until 48601.27s, cooldown until 48605.27s"
48611.03,INFO,"Mister pulse started; ON until 48611.28s, cooldown until 48615.28s"
48623.05,INFO,"Mister pulse started; ON until 48623.30s, cooldown until 48627.30s"
48636.01,INFO,"Mister pulse started; ON until 48636.26s, cooldown until 48640.26s"
48648.03,INFO,"Mister pulse started; ON until 48648.28s, cooldown until 48652.28s"
48653.04,INFO,"Mister pulse started; ON until 48653.29s, cooldown until 48657.29s"
48667.03,INFO,"Mister pulse started; ON until 48667.28s, cooldown until 48671.28s"
48677.04,INFO,"Mister pulse started; ON until 48677.29s, cooldown until 48681.29s"
48690.00,INFO,"Mister pulse started; ON until 48690.25s, cooldown until 48694.25s"
48702.03,INFO,"Mister pulse started; ON until 48702.28s, cooldown until 48706.28s"
48715.04,INFO,"Mister pulse started; ON until 48715.29s, cooldown until 48719.29s"
48726.04,INFO,"Mister pulse started; ON until 48726.29s, cooldown until 48730.29s"
48742.04,INFO,"Mister pulse started; ON until 48742.29s, cooldown until 48746.29s"
48756.04,INFO,"Mister pulse started; ON until 48756.29s, cooldown until 48760.29s"
48767.04,INFO,"Mister pulse started; ON until 48767.29s, cooldown until 48771.29s"
48774.00,INFO,"Mister pulse started; ON until 48774.25s, cooldown until 48778.25s"
48779.02,INFO,"Mister pulse started; ON until 48779.27s, cooldown until 48783.27s"
48794.04,INFO,"Mister pulse started; ON until 48794.29s, cooldown until 48798.29s"
48804.01,INFO,"Mister pulse started; ON until 48804.26s, cooldown until 48808.26s"
48819.03,INFO,"Mister pulse started; ON until 48819.28s, cooldown until 48823.28s"
48831.05,INFO,"Mister pulse started; ON until 48831.30s, cooldown until 48835.30s"
48839.05,INFO,"Mister pulse started; ON until 48839.30s, cooldown until 48843.30s"
48844.01,INFO,"Mister pulse started; ON until 48844.26s, cooldown until 48848.26s"
48862.05,INFO,"Mister pulse started; ON until 48862.30s, cooldown until 48866.30s"
48867.00,INFO,"Mister pulse started; ON until 48867.25s, cooldown until 48871.25s"
48884.03,INFO,"Mister pulse started; ON until 48884.28s, cooldown until 48888.28s"
48899.01,INFO,"Mister pulse started; ON until 48899.26s, cooldown until 48903.26s"
48915.01,INFO,"Mister pulse started; ON until 48915.26s, cooldown until 48919.26s"
48929.00,INFO,"Mister pulse started; ON until 48929.25s, cooldown until 48933.25s"
48941.03,INFO,"Mister pulse started; ON until 48941.28s, cooldown until 48945.28s"
48946.04,INFO,"Mister pulse started; ON until 48946.29s, cooldown until 48950.29s"
48961.01,INFO,"Mister pulse started; ON until 48961.26s, cooldown until 48965.26s"
48973.04,INFO,"Mister pulse started; ON until 48973.29s, cooldown until 48977.29s"
48978.05,INFO,"Mister pulse started; ON until 48978.30s, cooldown until 48982.30s"
48994.05,INFO,"Mister pulse started; ON until 48994.30s, cooldown until 48998.30s"
49007.01,INFO,"Mister pulse started; ON until 49007.26s, cooldown until 49011.26s"
49018.01,INFO,"Mister pulse started; ON until 49018.26s, cooldown until 49022.26s"
49033.03,INFO,"Mister pulse started; ON until 49033.28s, cooldown until 49037.28s"
49047.02,INFO,"Mister pulse started; ON until 49047.27s, cooldown until 49051.27s"
49059.05,INFO,"Mister pulse started; ON until 49059.30s, cooldown until 49063.30s"
49073.05,INFO,"Mister pulse started; ON until 49073.30s, cooldown until 49077.30s"
49086.00,INFO,"Mister pulse started; ON until 49086.25s, cooldown until 49090.25s"
49097.00,INFO,"Mister pulse started; ON until 49097.25s, cooldown until 49101.25s"
49110.02,INFO,"Mister pulse started; ON until 49110.27s, cooldown until 49114.27s"
49123.03,INFO,"Mister pulse started; ON until 49123.28s, cooldown until 49127.28s"
49128.04,INFO,"Mister pulse started; ON until 49128.29s, cooldown until 49132.29s"
49143.01,INFO,"Mister pulse started; ON until 49143.26s, cooldown until 49147.26s"
49156.02,INFO,"Mister pulse started; ON until 49156.27s, cooldown until 49160.27s"
49164.02,INFO,"Mister pulse started; ON until 49164.27s, cooldown until 49168.27s"
49170.01,INFO,"Mister pulse started; ON until 49170.26s, cooldown until 49174.26s"
49179.05,INFO,"Mister pulse started; ON until 49179.30s, cooldown until 49183.30s"
49186.01,INFO,"Mister pulse started; ON until 49186.26s, cooldown until 49190.26s"
49191.02,INFO,"Mister pulse started; ON until 49191.27s, cooldown until 49195.27s"
49209.04,INFO,"Mister pulse started; ON until 49209.29s, cooldown until 49213.29s"
49214.04,INFO,"Mister pulse started; ON until 49214.29s, cooldown until 49218.29s"
49233.03,INFO,"Mister pulse started; ON until 49233.28s, cooldown until 49237.28s"
49247.03,INFO,"Mister pulse started; ON until 49247.28s, cooldown until 49251.28s"
49261.01,INFO,"Mister pulse started; ON until 49261.26s, cooldown until 49265.26s"
49270.00,INFO,"Mister pulse started; ON until 49270.25s, cooldown until 49274.25s"
49284.04,INFO,"Mister pulse started; ON until 49284.29s, cooldown until 49288.29s"
49294.01,INFO,"Mister pulse started; ON until 49294.26s, cooldown until 49298.26s"
49308.05,INFO,"Mister pulse started; ON until 49308.30s, cooldown until 49312.30s"
49313.01,INFO,"Mister pulse started; ON until 49313.26s, cooldown until 49317.26s"
49322.04,INFO,"Mister pulse started; ON until 49322.29s, cooldown until 49326.29s"
49331.02,INFO,"Mister pulse started; ON until 49331.27s, cooldown until 49335.27s"
49339.03,INFO,"Mister pulse started; ON until 49339.28s, cooldown until 49343.28s"
49349.04,INFO,"Mister pulse started; ON until 49349.29s, cooldown until 49353.29s"
49361.02,INFO,"Mister pulse started; ON until 49361.27s, cooldown until 49365.27s"
49366.03,INFO,"Mister pulse started; ON until 49366.28s, cooldown until 49370.28s"
49381.05,INFO,"Mister pulse started; ON until 49381.30s, cooldown until 49385.30s"
49390.03,INFO,"Mister pulse started; ON until 49390.28s, cooldown until 49394.28s"
49405.05,INFO,"Mister pulse started; ON until 49405.30s, cooldown until 49409.30s"
49415.02,INFO,"Mister pulse started; ON until 49415.27s, cooldown until 49419.27s"
49431.02,INFO,"Mister pulse started; ON until 49431.27s, cooldown until 49435.27s"
49445.02,INFO,"Mister pulse started; ON until 49445.27s, cooldown until 49449.27s"
49457.04,INFO,"Mister pulse started; ON until 49457.29s, cooldown until 49461.29s"
49462.04,INFO,"Mister pulse started; ON until 49462.29s, cooldown until 49466.29s"
49477.02,INFO,"Mister pulse started; ON until 49477.27s, cooldown until 49481.27s"
49491.00,INFO,"Mister pulse started; ON until 49491.25s, cooldown until 49495.25s"
49500.04,INFO,"Mister pulse started; ON until 49500.29s, cooldown until 49504.29s"
49512.02,INFO,"Mister pulse started; ON until 49512.27s, cooldown until 49516.27s"
49517.03,INFO,"Mister pulse started; ON until 49517.28s, cooldown until 49521.28s"
49532.01,INFO,"Mister pulse started; ON until 49532.26s, cooldown until 49536.26s"
49544.03,INFO,"Mister pulse started; ON until 49544.28s, cooldown until 49548.28s"
49549.04,INFO,"Mister pulse started; ON until 49549.29s, cooldown until 49553.29s"
49565.00,INFO,"Mister pulse started; ON until 49565.25s, cooldown until 49569.25s"
49579.05,INFO,"Mister pulse started; ON until 49579.30s, cooldown until 49583.30s"
49590.05,INFO,"Mister pulse started; ON until 49590.30s, cooldown until 49594.30s"
49606.05,INFO,"Mister pulse started; ON until 49606.30s, cooldown until 49610.30s"
49620.04,INFO,"Mister pulse started; ON until 49620.29s, cooldown until 49624.29s"
49632.01,INFO,"Mister pulse started; ON until 49632.26s, cooldown until 49636.26s"
49637.02,INFO,"Mister pulse started; ON until 49637.27s, cooldown until 49641.27s"
49657.00,INFO,"Mister pulse started; ON until 49657.25s, cooldown until 49661.25s"
49668.00,INFO,"Mister pulse started; ON until 49668.25s, cooldown until 49672.25s"
49682.04,INFO,"Mister pulse started; ON until 49682.29s, cooldown until 49686.29s"
49694.02,INFO,"Mister pulse started; ON until 49694.27s, cooldown until 49698.27s"
49699.03,INFO,"Mister pulse started; ON until 49699.28s, cooldown until 49703.28s"
49713.02,INFO,"Mister pulse started; ON until 49713.27s, cooldown until 49717.27s"
49725.00,INFO,"Mister pulse started; ON until 49725.25s, cooldown until 49729.25s"
49730.01,INFO,"Mister pulse started; ON until 49730.26s, cooldown until 49734.26s"
49745.04,INFO,"Mister pulse started; ON until 49745.29s, cooldown until 49749.29s"
49757.02,INFO,"Mister pulse started; ON until 49757.27s, cooldown until 49761.27s"
49762.03,INFO,"Mister pulse started; ON until 49762.28s, cooldown until 49766.28s"
49778.04,INFO,"Mister pulse started; ON until 49778.29s, cooldown until 49782.29s"
49790.01,INFO,"Mister pulse started; ON until 49790.26s, cooldown until 49794.26s"
49798.01,INFO,"Mister pulse started; ON until 49798.26s, cooldown until 49802.26s"
49808.03,INFO,"Mister pulse started; ON until 49808.28s, cooldown until 49812.28s"
49820.00,INFO,"Mister pulse started; ON until 49820.25s, cooldown until 49824.25s"
49825.01,INFO,"Mister pulse started; ON until 49825.26s, cooldown until 49829.26s"
49839.01,INFO,"Mister pulse started; ON until 49839.26s, cooldown until 49843.26s"
49850.00,INFO,"Mister pulse started; ON until 49850.25s, cooldown until 49854.25s"
49866.01,INFO,"Mister pulse started; ON until 49866.26s, cooldown until 49870.26s"
49881.03,INFO,"Mister pulse started; ON until 49881.28s, cooldown until 49885.28s"
49894.04,INFO,"Mister pulse started; ON until 49894.29s, cooldown until 49898.29s"
49901.01,INFO,"Mister pulse started; ON until 49901.26s, cooldown until 49905.26s"
49914.02,INFO,"Mister pulse started; ON until 49914.27s, cooldown until 49918.27s"
49927.03,INFO,"Mister pulse started; ON until 49927.28s, cooldown until 49931.28s"
49939.01,INFO,"Mister pulse started; ON until 49939.26s, cooldown until 49943.26s"
49944.03,INFO,"Mister pulse started; ON until 49944.28s, cooldown until 49948.28s"
49960.03,INFO,"Mister pulse started; ON until 49960.28s, cooldown until 49964.28s"
49972.01,INFO,"Mister pulse started; ON until 49972.26s, cooldown until 49976.26s"
49981.04,INFO,"Mister pulse started; ON until 49981.29s, cooldown until 49985.29s"
49987.03,INFO,"Mister pulse started; ON until 49987.28s, cooldown until 49991.28s"
49998.03,INFO,"Mister pulse started; ON until 49998.28s, cooldown until 50002.28s"
50008.00,INFO,"Mister pulse started; ON until 50008.25s, cooldown until 50012.25s"
50023.03,INFO,"Mister pulse started; ON until 50023.28s, cooldown until 50027.28s"
50035.01,INFO,"Mister pulse started; ON until 50035.26s, cooldown until 50039.26s"
50044.04,INFO,"Mister pulse started; ON until 50044.29s, cooldown until 50048.29s"
50052.05,INFO,"Mister pulse started; ON until 50052.30s, cooldown until 50056.30s"
50060.05,INFO,"Mister pulse started; ON until 50060.30s, cooldown until 50064.30s"
50071.04,INFO,"Mister pulse started; ON until 50071.29s, cooldown until 50075.29s"
50085.04,INFO,"Mister pulse started; ON until 50085.29s, cooldown until 50089.29s"
50095.01,INFO,"Mister pulse started; ON until 50095.26s, cooldown until 50099.26s"
50111.02,INFO,"Mister pulse started; ON until 50111.27s, cooldown until 50115.27s"
50126.04,INFO,"Mister pulse started; ON until 50126.29s, cooldown until 50130.29s"
50139.00,INFO,"Mister pulse started; ON until 50139.25s, cooldown until 50143.25s"
50149.02,INFO,"Mister pulse started; ON until 50149.27s, cooldown until 50153.27s"
50165.02,INFO,"Mister pulse started; ON until 50165.27s, cooldown until 50169.27s"
50175.03,INFO,"Mister pulse started; ON until 50175.28s, cooldown until 50179.28s"
50192.02,INFO,"Mister pulse started; ON until 50192.27s, cooldown until 50196.27s"
50197.03,INFO,"Mister pulse started; ON until 50197.28s, cooldown until 50201.28s"
50213.03,INFO,"Mister pulse started; ON until 50213.28s, cooldown until 50217.28s"
50226.04,INFO,"Mister pulse started; ON until 50226.29s, cooldown until 50230.29s"
50231.05,INFO,"Mister pulse started; ON until 50231.30s, cooldown until 50235.30s"
50250.04,INFO,"Mister pulse started; ON until 50250.29s, cooldown until 50254.29s"
50259.03,INFO,"Mister pulse started; ON until 50259.28s, cooldown until 50263.28s"
50270.03,INFO,"Mister pulse started; ON until 50270.28s, cooldown until 50274.28s"
50285.00,INFO,"Mister pulse started; ON until 50285.25s, cooldown until 50289.25s"
50299.04,INFO,"Mister pulse started; ON until 50299.29s, cooldown until 50303.29s"
50311.02,INFO,"Mister pulse started; ON until 50311.27s, cooldown until 50315.27s"
50316.03,INFO,"Mister pulse started; ON until 50316.28s, cooldown until 50320.28s"
50331.05,INFO,"Mister pulse started; ON until 50331.30s, cooldown until 50335.30s"
50342.04,INFO,"Mister pulse started; ON until 50342.29s, cooldown until 50346.29s"
50358.05,INFO,"Mister pulse started; ON until 50358.30s, cooldown until 50362.30s"
50372.03,INFO,"Mister pulse started; ON until 50372.28s, cooldown until 50376.28s"
50386.02,INFO,"Mister pulse started; ON until 50386.27s, cooldown until 50390.27s"
50397.02,INFO,"Mister pulse started; ON until 50397.27s, cooldown until 50401.27s"
50412.03,INFO,"Mister pulse started; ON until 50412.28s, cooldown until 50416.28s"
50425.04,INFO,"Mister pulse started; ON until 50425.29s, cooldown until 50429.29s"
50430.05,INFO,"Mister pulse started; ON until 50430.30s, cooldown until 50434.30s"
50450.02,INFO,"Mister pulse started; ON until 50450.27s, cooldown until 50454.27s"
50458.02,INFO,"Mister pulse started; ON until 50458.27s, cooldown until 50462.27s"
50471.03,INFO,"Mister pulse started; ON until 50471.28s, cooldown until 50475.28s"
50476.04,INFO,"Mister pulse started; ON until 50476.29s, cooldown until 50480.29s"
50492.04,INFO,"Mister pulse started; ON until 50492.29s, cooldown until 50496.29s"
50502.00,INFO,"Mister pulse started; ON until 50502.25s, cooldown until 50506.25s"
50511.04,INFO,"Mister pulse started; ON until 50511.29s, cooldown until 50515.29s"
50517.02,INFO,"Mister pulse started; ON until 50517.27s, cooldown until 50521.27s"
50534.01,INFO,"Mister pulse started; ON until 50534.26s, cooldown until 50538.26s"
50539.02,INFO,"Mister pulse started; ON until 50539.27s, cooldown until 50543.27s"
50555.02,INFO,"Mister pulse started; ON until 50555.27s, cooldown until 50559.27s"
50565.04,INFO,"Mister pulse started; ON until 50565.29s, cooldown until 50569.29s"
50581.05,INFO,"Mister pulse started; ON until 50581.30s, cooldown until 50585.30s"
50597.05,INFO,"Mister pulse started; ON until 50597.30s, cooldown until 50601.30s"
50611.04,INFO,"Mister pulse started; ON until 50611.29s, cooldown until 50615.29s"
50625.03,INFO,"Mister pulse started; ON until 50625.28s, cooldown until 50629.28s"
50636.03,INFO,"Mister pulse started; ON until 50636.28s, cooldown until 50640.28s"
50651.05,INFO,"Mister pulse started; ON until 50651.30s, cooldown until 50655.30s"
50662.04,INFO,"Mister pulse started; ON until 50662.29s, cooldown until 50666.29s"
50667.00,INFO,"Mister pulse started; ON until 50667.25s, cooldown until 50671.25s"
50685.01,INFO,"Mister pulse started; ON until 50685.26s, cooldown until 50689.26s"
50690.02,INFO,"Mister pulse started; ON until 50690.27s, cooldown until 50694.27s"
50705.05,INFO,"Mister pulse started; ON until 50705.30s, cooldown until 50709.30s"
50716.05,INFO,"Mister pulse started; ON until 50716.30s, cooldown until 50720.30s"
50732.05,INFO,"Mister pulse started; ON until 50732.30s, cooldown until 50736.30s"
50747.02,INFO,"Mister pulse started; ON until 50747.27s, cooldown until 50751.27s"
50761.01,INFO,"Mister pulse started; ON until 50761.26s, cooldown until 50765.26s"
50773.03,INFO,"Mister pulse started; ON until 50773.28s, cooldown until 50777.28s"
50778.05,INFO,"Mister pulse started; ON until 50778.30s, cooldown until 50782.30s"
50794.00,INFO,"Mister pulse started; ON until 50794.25s, cooldown until 50798.25s"
50809.01,INFO,"Mister pulse started; ON until 50809.26s, cooldown until 50813.26s"
50821.04,INFO,"Mister pulse started; ON until 50821.29s, cooldown until 50825.29s"
50826.05,INFO,"Mister pulse started; ON until 50826.30s, cooldown until 50830.30s"
50842.00,INFO,"Mister pulse started; ON until 50842.25s, cooldown until 50846.25s"
50856.05,INFO,"Mister pulse started; ON until 50856.30s, cooldown until 50860.30s"
50867.05,INFO,"Mister pulse started; ON until 50867.30s, cooldown until 50871.30s"
50882.03,INFO,"Mister pulse started; ON until 50882.28s, cooldown until 50886.28s"
50897.05,INFO,"Mister pulse started; ON until 50897.30s, cooldown until 50901.30s"
50906.03,INFO,"Mister pulse started; ON until 50906.28s, cooldown until 50910.28s"
50924.04,INFO,"Mister pulse started; ON until 50924.29s, cooldown until 50928.29s"
50929.00,INFO,"Mister pulse started; ON until 50929.25s, cooldown until 50933.25s"
50946.04,INFO,"Mister pulse started; ON until 50946.29s, cooldown until 50950.29s"
50959.05,INFO,"Mister pulse started; ON until 50959.30s, cooldown until 50963.30s"
50971.02,INFO,"Mister pulse started; ON until 50971.27s, cooldown until 50975.27s"
50976.03,INFO,"Mister pulse started; ON until 50976.28s, cooldown until 50980.28s"
50992.03,INFO,"Mister pulse started; ON until 50992.28s, cooldown until 50996.28s"
51005.05,INFO,"Mister pulse started; ON until 51005.30s, cooldown until 51009.30s"
51015.02,INFO,"Mister pulse started; ON until 51015.27s, cooldown until 51019.27s"
51027.04,INFO,"Mister pulse started; ON until 51027.29s, cooldown until 51031.29s"
51032.05,INFO,"Mister pulse started; ON until 51032.30s, cooldown until 51036.30s"
51048.05,INFO,"Mister pulse started; ON until 51048.30s, cooldown until 51052.30s"
51059.04,INFO,"Mister pulse started; ON until 51059.29s, cooldown until 51063.29s"
51065.03,INFO,"Mister pulse started; ON until 51065.28s, cooldown until 51069.28s"
51081.03,INFO,"Mister pulse started; ON until 51081.28s, cooldown until 51085.28s"
51096.01,INFO,"Mister pulse started; ON until 51096.26s, cooldown until 51100.26s"
51111.02,INFO,"Mister pulse started; ON until 51111.27s, cooldown until 51115.27s"
51125.02,INFO,"Mister pulse started; ON until 51125.27s, cooldown until 51129.27s"
51133.02,INFO,"Mister pulse started; ON until 51133.27s, cooldown until 51137.27s"
51146.03,INFO,"Mister pulse started; ON until 51146.28s, cooldown until 51150.28s"
51151.04,INFO,"Mister pulse started; ON until 51151.29s, cooldown until 51155.29s"
51166.03,INFO,"Mister pulse started; ON until 51166.28s, cooldown until 51170.28s"
51179.03,INFO,"Mister pulse started; ON until 51179.28s, cooldown until 51183.28s"
51184.05,INFO,"Mister pulse started; ON until 51184.30s, cooldown until 51188.30s"
51202.01,INFO,"Mister pulse started; ON until 51202.26s, cooldown until 51206.26s"
51212.03,INFO,"Mister pulse started; ON until 51212.28s, cooldown until 51216.28s"
51222.05,INFO,"Mister pulse started; ON until 51222.30s, cooldown until 51226.30s"
51237.01,INFO,"Mister pulse started; ON until 51237.26s, cooldown until 51241.26s"
51248.00,INFO,"Mister pulse started; ON until 51248.25s, cooldown until 51252.25s"
51254.00,INFO,"Mister pulse started; ON until 51254.25s, cooldown until 51258.25s"
51272.02,INFO,"Mister pulse started; ON until 51272.27s, cooldown until 51276.27s"
51277.04,INFO,"Mister pulse started; ON until 51277.29s, cooldown until 51281.29s"
51291.03,INFO,"Mister pulse started; ON until 51291.28s, cooldown until 51295.28s"
51302.03,INFO,"Mister pulse started; ON until 51302.28s, cooldown until 51306.28s"
51319.01,INFO,"Mister pulse started; ON until 51319.26s, cooldown until 51323.26s"
51324.02,INFO,"Mister pulse started; ON until 51324.27s, cooldown until 51328.27s"
51338.02,INFO,"Mister pulse started; ON until 51338.27s, cooldown until 51342.27s"
51350.05,INFO,"Mister pulse started; ON until 51350.30s, cooldown until 51354.30s"
51365.02,INFO,"Mister pulse started; ON until 51365.27s, cooldown until 51369.27s"
51379.00,INFO,"Mister pulse started; ON until 51379.25s, cooldown until 51383.25s"
51391.03,INFO,"Mister pulse started; ON until 51391.28s, cooldown until 51395.28s"
51397.02,INFO,"Mister pulse started; ON until 51397.27s, cooldown until 51401.27s"
51414.05,INFO,"Mister pulse started; ON until 51414.30s, cooldown until 51418.30s"
51429.02,INFO,"Mister pulse started; ON until 51429.27s, cooldown until 51433.27s"
51444.04,INFO,"Mister pulse started; ON until 51444.29s, cooldown until 51448.29s"
51456.02,INFO,"Mister pulse started; ON until 51456.27s, cooldown until 51460.27s"
51465.05,INFO,"Mister pulse started; ON until 51465.30s, cooldown until 51469.30s"
51473.05,INFO,"Mister pulse started; ON until 51473.30s, cooldown until 51477.30s"
51484.05,INFO,"Mister pulse started; ON until 51484.30s, cooldown until 51488.30s"
51496.03,INFO,"Mister pulse started; ON until 51496.28s, cooldown until 51500.28s"
51503.05,INFO,"Mister pulse started; ON until 51503.30s, cooldown until 51507.30s"
51510.01,INFO,"Mister pulse started; ON until 51510.26s, cooldown until 51514.26s"
51518.02,INFO,"Mister pulse started; ON until 51518.27s, cooldown until 51522.27s"
51523.03,INFO,"Mister pulse started; ON until 51523.28s, cooldown until 51527.28s"
51539.03,INFO,"Mister pulse started; ON until 51539.28s, cooldown until 51543.28s"
51552.05,INFO,"Mister pulse started; ON until 51552.30s, cooldown until 51556.30s"
51557.00,INFO,"Mister pulse started; ON until 51557.25s, cooldown until 51561.25s"
51568.00,INFO,"Mister pulse started; ON until 51568.25s, cooldown until 51572.25s"
51579.00,INFO,"Mister pulse started; ON until 51579.25s, cooldown until 51583.25s"
51593.00,INFO,"Mister pulse started; ON until 51593.25s, cooldown until 51597.25s"
51606.00,INFO,"Mister pulse started; ON until 51606.25s, cooldown until 51610.25s"
51616.02,INFO,"Mister pulse started; ON until 51616.27s, cooldown until 51620.27s"
51628.05,INFO,"Mister pulse started; ON until 51628.30s, cooldown until 51632.30s"
51642.04,INFO,"Mister pulse started; ON until 51642.29s, cooldown until 51646.29s"
51655.05,INFO,"Mister pulse started; ON until 51655.30s, cooldown until 51659.30s"
51664.03,INFO,"Mister pulse started; ON until 51664.28s, cooldown until 51668.28s"
51675.02,INFO,"Mister pulse started; ON until 51675.27s, cooldown until 51679.27s"
51690.04,INFO,"Mister pulse started; ON until 51690.29s, cooldown until 51694.29s"
51702.02,INFO,"Mister pulse started; ON until 51702.27s, cooldown until 51706.27s"
51707.04,INFO,"Mister pulse started; ON until 51707.29s, cooldown until 51711.29s"
51727.02,INFO,"Mister pulse started; ON until 51727.27s, cooldown until 51731.27s"
51736.01,INFO,"Mister pulse started; ON until 51736.26s, cooldown until 51740.26s"
51748.04,INFO,"Mister pulse started; ON until 51748.29s, cooldown until 51752.29s"
51753.00,INFO,"Mister pulse started; ON until 51753.25s, cooldown until 51757.25s"
51771.03,INFO,"Mister pulse started; ON until 51771.28s, cooldown until 51775.28s"
51776.03,INFO,"Mister pulse started; ON until 51776.28s, cooldown until 51780.28s"
51792.04,INFO,"Mister pulse started; ON until 51792.29s, cooldown until 51796.29s"
51803.03,INFO,"Mister pulse started; ON until 51803.28s, cooldown until 51807.28s"
51810.05,INFO,"Mister pulse started; ON until 51810.30s, cooldown until 51814.30s"
51826.00,INFO,"Mister pulse started; ON until 51826.25s, cooldown until 51830.25s"
51831.01,INFO,"Mister pulse started; ON until 51831.26s, cooldown until 51835.26s"
51847.02,INFO,"Mister pulse started; ON until 51847.27s, cooldown until 51851.27s"
51858.01,INFO,"Mister pulse started; ON until 51858.26s, cooldown until 51862.26s"
51865.04,INFO,"Mister pulse started; ON until 51865.29s, cooldown until 51869.29s"
51882.02,INFO,"Mister pulse started; ON until 51882.27s, cooldown until 51886.27s"
51887.03,INFO,"Mister pulse started; ON until 51887.28s, cooldown until 51891.28s"
51902.01,INFO,"Mister pulse started; ON until 51902.26s, cooldown until 51906.26s"
51914.04,INFO,"Mister pulse started; ON until 51914.29s, cooldown until 51918.29s"
51920.03,INFO,"Mister pulse started; ON until 51920.28s, cooldown until 51924.28s"
51937.01,INFO,"Mister pulse started; ON until 51937.26s, cooldown until 51941.26s"
51942.02,INFO,"Mister pulse started; ON until 51942.27s, cooldown until 51946.27s"
51956.01,INFO,"Mister pulse started; ON until 51956.26s, cooldown until 51960.26s"
51965.05,INFO,"Mister pulse started; ON until 51965.30s, cooldown until 51969.30s"
51978.01,INFO,"Mister pulse started; ON until 51978.26s, cooldown until 51982.26s"
51986.01,INFO,"Mister pulse started; ON until 51986.26s, cooldown until 51990.26s"
51991.02,INFO,"Mister pulse started; ON until 51991.27s, cooldown until 51995.27s"
52011.00,INFO,"Mister pulse started; ON until 52011.25s, cooldown until 52015.25s"
52021.02,INFO,"Mister pulse started; ON until 52021.27s, cooldown until 52025.27s"
52035.00,INFO,"Mister pulse started; ON until 52035.25s, cooldown until 52039.25s"
52043.00,INFO,"Mister pulse started; ON until 52043.25s, cooldown until 52047.25s"
52056.01,INFO,"Mister pulse started; ON until 52056.26s, cooldown until 52060.26s"
52061.02,INFO,"Mister pulse started; ON until 52061.27s, cooldown until 52065.27s"
52076.04,INFO,"Mister pulse started; ON until 52076.29s, cooldown until 52080.29s"
52081.05,INFO,"Mister pulse started; ON until 52081.30s, cooldown until 52085.30s"
52093.02,INFO,"Mister pulse started; ON until 52093.27s, cooldown until 52097.27s"
52106.04,INFO,"Mister pulse started; ON until 52106.29s, cooldown until 52110.29s"
52115.02,INFO,"Mister pulse started; ON until 52115.27s, cooldown until 52119.27s"
52120.03,INFO,"Mister pulse started; ON until 52120.28s, cooldown until 52124.28s"
52135.00,INFO,"Mister pulse started; ON until 52135.25s, cooldown until 52139.25s"
52140.02,INFO,"Mister pulse started; ON until 52140.27s, cooldown until 52144.27s"
52155.04,INFO,"Mister pulse started; ON until 52155.29s, cooldown until 52159.29s"
52167.02,INFO,"Mister pulse started; ON until 52167.27s, cooldown until 52171.27s"
52172.03,INFO,"Mister pulse started; ON until 52172.28s, cooldown until 52176.28s"
52185.04,INFO,"Mister pulse started; ON until 52185.29s, cooldown until 52189.29s"
52196.04,INFO,"Mister pulse started; ON until 52196.29s, cooldown until 52200.29s"
52209.05,INFO,"Mister pulse started; ON until 52209.30s, cooldown until 52213.30s"
52214.00,INFO,"Mister pulse started; ON until 52214.25s, cooldown until 52218.25s"
52221.03,INFO,"Mister pulse started; ON until 52221.28s, cooldown until 52225.28s"
52239.05,INFO,"Mister pulse started; ON until 52239.30s, cooldown until 52243.30s"
52244.01,INFO,"Mister pulse started; ON until 52244.26s, cooldown until 52248.26s"
52261.05,INFO,"Mister pulse started; ON until 52261.30s, cooldown until 52265.30s"
52275.04,INFO,"Mister pulse started; ON until 52275.29s, cooldown until 52279.29s"
52287.01,INFO,"Mister pulse started; ON until 52287.26s, cooldown until 52291.26s"
52292.02,INFO,"Mister pulse started; ON until 52292.27s, cooldown until 52296.27s"
52311.01,INFO,"Mister pulse started; ON until 52311.26s, cooldown until 52315.26s"
52316.02,INFO,"Mister pulse started; ON until 52316.27s, cooldown until 52320.27s"
52335.02,INFO,"Mister pulse started; ON until 52335.27s, cooldown until 52339.27s"
52340.03,INFO,"Mister pulse started; ON until 52340.28s, cooldown until 52344.28s"
52358.05,INFO,"Mister pulse started; ON until 52358.30s, cooldown until 52362.30s"
52363.00,INFO,"Mister pulse started; ON until 52363.25s, cooldown until 52367.25s"
52381.02,INFO,"Mister pulse started; ON until 52381.27s, cooldown until 52385.27s"
52386.03,INFO,"Mister pulse started; ON until 52386.28s, cooldown until 52390.28s"
52401.04,INFO,"Mister pulse started; ON until 52401.29s, cooldown until 52405.29s"
52411.01,INFO,"Mister pulse started; ON until 52411.26s, cooldown until 52415.26s"
52426.03,INFO,"Mister pulse started; ON until 52426.28s, cooldown until 52430.28s"
52439.04,INFO,"Mister pulse started; ON until 52439.29s, cooldown until 52443.29s"
52449.00,INFO,"Mister pulse started; ON until 52449.25s, cooldown until 52453.25s"
52460.05,INFO,"Mister pulse started; ON until 52460.30s, cooldown until 52464.30s"
52476.01,INFO,"Mister pulse started; ON until 52476.26s, cooldown until 52480.26s"
52481.02,INFO,"Mister pulse started; ON until 52481.27s, cooldown until 52485.27s"
52495.01,INFO,"Mister pulse started; ON until 52495.26s, cooldown until 52499.26s"
52505.02,INFO,"Mister pulse started; ON until 52505.27s, cooldown until 52509.27s"
52519.01,INFO,"Mister pulse started; ON until 52519.26s, cooldown until 52523.26s"
52529.03,INFO,"Mister pulse started; ON until 52529.28s, cooldown until 52533.28s"
52543.02,INFO,"Mister pulse started; ON until 52543.27s, cooldown until 52547.27s"
52549.01,INFO,"Mister pulse started; ON until 52549.26s, cooldown until 52553.26s"
52562.02,INFO,"Mister pulse started; ON until 52562.27s, cooldown until 52566.27s"
52576.02,INFO,"Mister pulse started; ON until 52576.27s, cooldown until 52580.27s"
52589.02,INFO,"Mister pulse started; ON until 52589.27s, cooldown until 52593.27s"
52594.03,INFO,"Mister pulse started; ON until 52594.28s, cooldown until 52598.28s"
52613.04,INFO,"Mister pulse started; ON until 52613.29s, cooldown until 52617.29s"
52621.04,INFO,"Mister pulse started; ON until 52621.29s, cooldown until 52625.29s"
52630.02,INFO,"Mister pulse started; ON until 52630.27s, cooldown until 52634.27s"
52643.03,INFO,"Mister pulse started; ON until 52643.28s, cooldown until 52647.28s"
52648.04,INFO,"Mister pulse started; ON until 52648.29s, cooldown until 52652.29s"
52663.01,INFO,"Mister pulse started; ON until 52663.26s, cooldown until 52667.26s"
52676.02,INFO,"Mister pulse started; ON until 52676.27s, cooldown until 52680.27s"
52685.00,INFO,"Mister pulse started; ON until 52685.25s, cooldown until 52689.25s"
52695.02,INFO,"Mister pulse started; ON until 52695.27s, cooldown until 52699.27s"
52710.04,INFO,"Mister pulse started; ON until 52710.29s, cooldown until 52714.29s"
52721.04,INFO,"Mister pulse started; ON until 52721.29s, cooldown until 52725.29s"
52738.02,INFO,"Mister pulse started; ON until 52738.27s, cooldown until 52742.27s"
52743.03,INFO,"Mister pulse started; ON until 52743.28s, cooldown until 52747.28s"
52758.00,INFO,"Mister pulse started; ON until 52758.25s, cooldown until 52762.25s"
52771.01,INFO,"Mister pulse started; ON until 52771.26s, cooldown until 52775.26s"
52776.02,INFO,"Mister pulse started; ON until 52776.27s, cooldown until 52780.27s"
52795.02,INFO,"Mister pulse started; ON until 52795.27s, cooldown until 52799.27s"
52800.04,INFO,"Mister pulse started; ON until 52800.29s, cooldown until 52804.29s"
52820.01,INFO,"Mister pulse started; ON until 52820.26s, cooldown until 52824.26s"
52831.01,INFO,"Mister pulse started; ON until 52831.26s, cooldown until 52835.26s"
52846.03,INFO,"Mister pulse started; ON until 52846.28s, cooldown until 52850.28s"
52860.03,INFO,"Mister pulse started; ON until 52860.28s, cooldown until 52864.28s"
52872.05,INFO,"Mister pulse started; ON until 52872.30s, cooldown until 52876.30s"
52886.04,INFO,"Mister pulse started; ON until 52886.29s, cooldown until 52890.29s"
52900.03,INFO,"Mister pulse started; ON until 52900.28s, cooldown until 52904.28s"
52910.05,INFO,"Mister pulse started; ON until 52910.30s, cooldown until 52914.30s"
52923.01,INFO,"Mister pulse started; ON until 52923.26s, cooldown until 52927.26s"
52935.04,INFO,"Mister pulse started; ON until 52935.29s, cooldown until 52939.29s"
52950.00,INFO,"Mister pulse started; ON until 52950.25s, cooldown until 52954.25s"
52963.02,INFO,"Mister pulse started; ON until 52963.27s, cooldown until 52967.27s"
52974.01,INFO,"Mister pulse started; ON until 52974.26s, cooldown until 52978.26s"
52990.02,INFO,"Mister pulse started; ON until 52990.27s, cooldown until 52994.27s"
53005.04,INFO,"Mister pulse started; ON until 53005.29s, cooldown until 53009.29s"
53018.05,INFO,"Mister pulse started; ON until 53018.30s, cooldown until 53022.30s"
53023.00,INFO,"Mister pulse started; ON until 53023.25s, cooldown until 53027.25s"
53034.00,INFO,"Mister pulse started; ON until 53034.25s, cooldown until 53038.25s"
53045.05,INFO,"Mister pulse started; ON until 53045.30s, cooldown until 53049.30s"
53059.03,INFO,"Mister pulse started; ON until 53059.28s, cooldown until 53063.28s"
53068.02,INFO,"Mister pulse started; ON until 53068.27s, cooldown until 53072.27s"
53082.01,INFO,"Mister pulse started; ON until 53082.26s, cooldown until 53086.26s"
53092.03,INFO,"Mister pulse started; ON until 53092.28s, cooldown until 53096.28s"
53105.04,INFO,"Mister pulse started; ON until 53105.29s, cooldown until 53109.29s"
53117.02,INFO,"Mister pulse started; ON until 53117.27s, cooldown until 53121.27s"
53131.01,INFO,"Mister pulse started; ON until 53131.26s, cooldown until 53135.26s"
53144.02,INFO,"Mister pulse started; ON until 53144.27s, cooldown until 53148.27s"
53149.03,INFO,"Mister pulse started; ON until 53149.28s, cooldown until 53153.28s"
53168.03,INFO,"Mister pulse started; ON until 53168.28s, cooldown until 53172.28s"
53174.02,INFO,"Mister pulse started; ON until 53174.27s, cooldown until 53178.27s"
53184.03,INFO,"Mister pulse started; ON until 53184.28s, cooldown until 53188.28s"
53189.04,INFO,"Mister pulse started; ON until 53189.29s, cooldown until 53193.29s"
53207.01,INFO,"Mister pulse started; ON until 53207.26s, cooldown until 53211.26s"
53212.02,INFO,"Mister pulse started; ON until 53212.27s, cooldown until 53216.27s"
53231.02,INFO,"Mister pulse started; ON until 53231.27s, cooldown until 53235.27s"
53240.01,INFO,"Mister pulse started; ON until 53240.26s, cooldown until 53244.26s"
53250.02,INFO,"Mister pulse started; ON until 53250.27s, cooldown until 53254.27s"
53264.01,INFO,"Mister pulse started; ON until 53264.26s, cooldown until 53268.26s"
53273.05,INFO,"Mister pulse started; ON until 53273.30s, cooldown until 53277.30s"
53286.00,INFO,"Mister pulse started; ON until 53286.25s, cooldown until 53290.25s"
53294.00,INFO,"Mister pulse started; ON until 53294.25s, cooldown until 53298.25s"
53302.01,INFO,"Mister pulse started; ON until 53302.26s, cooldown until 53306.26s"
53312.03,INFO,"Mister pulse started; ON until 53312.28s, cooldown until 53316.28s"
53322.04,INFO,"Mister pulse started; ON until 53322.29s, cooldown until 53326.29s"
53337.01,INFO,"Mister pulse started; ON until 53337.26s, cooldown until 53341.26s"
53349.04,INFO,"Mister pulse started; ON until 53349.29s, cooldown until 53353.29s"
53354.00,INFO,"Mister pulse started; ON until 53354.25s, cooldown until 53358.25s"
53372.01,INFO,"Mister pulse started; ON until 53372.26s, cooldown until 53376.26s"
53377.02,INFO,"Mister pulse started; ON until 53377.27s, cooldown until 53381.27s"
53390.03,INFO,"Mister pulse started; ON until 53390.28s, cooldown until 53394.28s"
53400.05,INFO,"Mister pulse started; ON until 53400.30s, cooldown until 53404.30s"
53411.04,INFO,"Mister pulse started; ON until 53411.29s, cooldown until 53415.29s"
53425.04,INFO,"Mister pulse started; ON until 53425.29s, cooldown until 53429.29s"
53439.02,INFO,"Mister pulse started; ON until 53439.27s, cooldown until 53443.27s"
53449.04,INFO,"Mister pulse started; ON until 53449.29s, cooldown until 53453.29s"
53462.04,INFO,"Mister pulse started; ON until 53462.29s, cooldown until 53466.29s"
53472.00,INFO,"Mister pulse started; ON until 53472.25s, cooldown until 53476.25s"
53486.04,INFO,"Mister pulse started; ON until 53486.29s, cooldown until 53490.29s"
53491.05,INFO,"Mister pulse started; ON until 53491.30s, cooldown until 53495.30s"
53509.00,INFO,"Mister pulse started; ON until 53509.25s, cooldown until 53513.25s"
53514.02,INFO,"Mister pulse started; ON until 53514.27s, cooldown until 53518.27s"
53533.01,INFO,"Mister pulse started; ON until 53533.26s, cooldown until 53537.26s"
53540.03,INFO,"Mister pulse started; ON until 53540.28s, cooldown until 53544.28s"
53545.04,INFO,"Mister pulse started; ON until 53545.29s, cooldown until 53549.29s"
53561.04,INFO,"Mister pulse started; ON until 53561.29s, cooldown until 53565.29s"
53574.05,INFO,"Mister pulse started; ON until 53574.30s, cooldown until 53578.30s"
53579.00,INFO,"Mister pulse started; ON until 53579.25s, cooldown until 53583.25s"
53588.04,INFO,"Mister pulse started; ON until 53588.29s, cooldown until 53592.29s"
53593.01,INFO,"Mister pulse started; ON until 53593.26s, cooldown until 53597.26s"
53610.04,INFO,"Mister pulse started; ON until 53610.29s, cooldown until 53614.29s"
53624.03,INFO,"Mister pulse started; ON until 53624.28s, cooldown until 53628.28s"
53637.04,INFO,"Mister pulse started; ON until 53637.29s, cooldown until 53641.29s"
53648.04,INFO,"Mister pulse started; ON until 53648.29s, cooldown until 53652.29s"
53662.03,INFO,"Mister pulse started; ON until 53662.28s, cooldown until 53666.28s"
53667.04,INFO,"Mister pulse started; ON until 53667.29s, cooldown until 53671.29s"
53678.03,INFO,"Mister pulse started; ON until 53678.28s, cooldown until 53682.28s"
53689.03,INFO,"Mister pulse started; ON until 53689.28s, cooldown until 53693.28s"
53707.01,INFO,"Mister pulse started; ON until 53707.26s, cooldown until 53711.26s"
53712.01,INFO,"Mister pulse started; ON until 53712.26s, cooldown until 53716.26s"
53730.02,INFO,"Mister pulse started; ON until 53730.27s, cooldown until 53734.27s"
53735.03,INFO,"Mister pulse started; ON until 53735.28s, cooldown until 53739.28s"
53750.05,INFO,"Mister pulse started; ON until 53750.30s, cooldown until 53754.30s"
53762.02,INFO,"Mister pulse started; ON until 53762.27s, cooldown until 53766.27s"
53767.03,INFO,"Mister pulse started; ON until 53767.28s, cooldown until 53771.28s"
53781.03,INFO,"Mister pulse started; ON until 53781.28s, cooldown until 53785.28s"
53793.05,INFO,"Mister pulse started; ON until 53793.30s, cooldown until 53797.30s"
53806.01,INFO,"Mister pulse started; ON until 53806.26s, cooldown until 53810.26s"
53820.05,INFO,"Mister pulse started; ON until 53820.30s, cooldown until 53824.30s"
53828.00,INFO,"Mister pulse started; ON until 53828.25s, cooldown until 53832.25s"
53839.00,INFO,"Mister pulse started; ON until 53839.25s, cooldown until 53843.25s"
53855.02,INFO,"Mister pulse started; ON until 53855.27s, cooldown until 53859.27s"
53870.04,INFO,"Mister pulse started; ON until 53870.29s, cooldown until 53874.29s"
53883.05,INFO,"Mister pulse started; ON until 53883.30s, cooldown until 53887.30s"
53891.04,INFO,"Mister pulse started; ON until 53891.29s, cooldown until 53895.29s"
53900.03,INFO,"Mister pulse started; ON until 53900.28s, cooldown until 53904.28s"
53912.00,INFO,"Mister pulse started; ON until 53912.25s, cooldown until 53916.25s"
53919.02,INFO,"Mister pulse started; ON until 53919.27s, cooldown until 53923.27s"
53935.03,INFO,"Mister pulse started; ON until 53935.28s, cooldown until 53939.28s"
53950.01,INFO,"Mister pulse started; ON until 53950.26s, cooldown until 53954.26s"
53964.00,INFO,"Mister pulse started; ON until 53964.25s, cooldown until 53968.25s"
53976.02,INFO,"Mister pulse started; ON until 53976.27s, cooldown until 53980.27s"
53981.03,INFO,"Mister pulse started; ON until 53981.28s, cooldown until 53985.28s"
53996.01,INFO,"Mister pulse started; ON until 53996.26s, cooldown until 54000.26s"
54009.01,INFO,"Mister pulse started; ON until 54009.26s, cooldown until 54013.26s"
54014.02,INFO,"Mister pulse started; ON until 54014.27s, cooldown until 54018.27s"
54032.03,INFO,"Mister pulse started; ON until 54032.28s, cooldown until 54036.28s"
54037.05,INFO,"Mister pulse started; ON until 54037.30s, cooldown until 54041.30s"
54052.02,INFO,"Mister pulse started; ON until 54052.27s, cooldown until 54056.27s"
54065.03,INFO,"Mister pulse started; ON until 54065.28s, cooldown until 54069.28s"
54072.05,INFO,"Mister pulse started; ON until 54072.30s, cooldown until 54076.30s"
54080.00,INFO,"Mister pulse started; ON until 54080.25s, cooldown until 54084.25s"
54090.02,INFO,"Mister pulse started; ON until 54090.27s, cooldown until 54094.27s"
54101.02,INFO,"Mister pulse started; ON until 54101.27s, cooldown until 54105.27s"
54116.04,INFO,"Mister pulse started; ON until 54116.29s, cooldown until 54120.29s"
54128.01,INFO,"Mister pulse started; ON until 54128.26s, cooldown until 54132.26s"
54136.02,INFO,"Mister pulse started; ON until 54136.27s, cooldown until 54140.27s"
54146.03,INFO,"Mister pulse started; ON until 54146.28s, cooldown until 54150.28s"
54156.05,INFO,"Mister pulse started; ON until 54156.30s, cooldown until 54160.30s"
54171.01,INFO,"Mister pulse started; ON until 54171.26s, cooldown until 54175.26s"
54183.04,INFO,"Mister pulse started; ON until 54183.29s, cooldown until 54187.29s"
54189.04,INFO,"Mister pulse started; ON until 54189.29s, cooldown until 54193.29s"
54206.02,INFO,"Mister pulse started; ON until 54206.27s, cooldown until 54210.27s"
54211.03,INFO,"Mister pulse started; ON until 54211.28s, cooldown until 54215.28s"
54226.01,INFO,"Mister pulse started; ON until 54226.26s, cooldown until 54230.26s"
54238.03,INFO,"Mister pulse started; ON until 54238.28s, cooldown until 54242.28s"
54243.04,INFO,"Mister pulse started; ON until 54243.29s, cooldown until 54247.29s"
54256.04,INFO,"Mister pulse started; ON until 54256.29s, cooldown until 54260.29s"
54265.03,INFO,"Mister pulse started; ON until 54265.28s, cooldown until 54269.28s"
54276.02,INFO,"Mister pulse started; ON until 54276.27s, cooldown until 54280.27s"
54289.03,INFO,"Mister pulse started; ON until 54289.28s, cooldown until 54293.28s"
54299.00,INFO,"Mister pulse started; ON until 54299.25s, cooldown until 54303.25s"
54315.00,INFO,"Mister pulse started; ON until 54315.25s, cooldown until 54319.25s"
54329.04,INFO,"Mister pulse started; ON until 54329.29s, cooldown until 54333.29s"
54339.01,INFO,"Mister pulse started; ON until 54339.26s, cooldown until 54343.26s"
54353.05,INFO,"Mister pulse started; ON until 54353.30s, cooldown until 54357.30s"
54358.00,INFO,"Mister pulse started; ON until 54358.25s, cooldown until 54362.25s"
54373.03,INFO,"Mister pulse started; ON until 54373.28s, cooldown until 54377.28s"
54378.04,INFO,"Mister pulse started; ON until 54378.29s, cooldown until 54382.29s"
54392.03,INFO,"Mister pulse started; ON until 54392.28s, cooldown until 54396.28s"
54402.04,INFO,"Mister pulse started; ON until 54402.29s, cooldown until 54406.29s"
54415.05,INFO,"Mister pulse started; ON until 54415.30s, cooldown until 54419.30s"
54424.03,INFO,"Mister pulse started; ON until 54424.28s, cooldown until 54428.28s"
54435.03,INFO,"Mister pulse started; ON until 54435.28s, cooldown until 54439.28s"
54449.02,INFO,"Mister pulse started; ON until 54449.27s, cooldown until 54453.27s"
54462.02,INFO,"Mister pulse started; ON until 54462.27s, cooldown until 54466.27s"
54471.01,INFO,"Mister pulse started; ON until 54471.26s, cooldown until 54475.26s"
54482.00,INFO,"Mister pulse started; ON until 54482.25s, cooldown until 54486.25s"
54496.04,INFO,"Mister pulse started; ON until 54496.29s, cooldown until 54500.29s"
54507.04,INFO,"Mister pulse started; ON until 54507.29s, cooldown until 54511.29s"
54522.01,INFO,"Mister pulse started; ON until 54522.26s, cooldown until 54526.26s"
54533.00,INFO,"Mister pulse started; ON until 54533.25s, cooldown until 54537.25s"
54543.02,INFO,"Mister pulse started; ON until 54543.27s, cooldown until 54547.27s"
54554.02,INFO,"Mister pulse started; ON until 54554.27s, cooldown until 54558.27s"
54568.01,INFO,"Mister pulse started; ON until 54568.26s, cooldown until 54572.26s"
54581.02,INFO,"Mister pulse started; ON until 54581.27s, cooldown until 54585.27s"
54586.03,INFO,"Mister pulse started; ON until 54586.28s, cooldown until 54590.28s"
54604.04,INFO,"Mister pulse started; ON until 54604.29s, cooldown until 54608.29s"
54609.00,INFO,"Mister pulse started; ON until 54609.25s, cooldown until 54613.25s"
54626.03,INFO,"Mister pulse started; ON until 54626.28s, cooldown until 54630.28s"
54639.04,INFO,"Mister pulse started; ON until 54639.29s, cooldown until 54643.29s"
54650.04,INFO,"Mister pulse started; ON until 54650.29s, cooldown until 54654.29s"
54665.01,INFO,"Mister pulse started; ON until 54665.26s, cooldown until 54669.26s"
54678.02,INFO,"Mister pulse started; ON until 54678.27s, cooldown until 54682.27s"
54690.05,INFO,"Mister pulse started; ON until 54690.30s, cooldown until 54694.30s"
54704.04,INFO,"Mister pulse started; ON until 54704.29s, cooldown until 54708.29s"
54718.03,INFO,"Mister pulse started; ON until 54718.28s, cooldown until 54722.28s"
54728.05,INFO,"Mister pulse started; ON until 54728.30s, cooldown until 54732.30s"
54740.02,INFO,"Mister pulse started; ON until 54740.27s, cooldown until 54744.27s"
54746.00,INFO,"Mister pulse started; ON until 54746.25s, cooldown until 54750.25s"
54756.02,INFO,"Mister pulse started; ON until 54756.27s, cooldown until 54760.27s"
54765.00,INFO,"Mister pulse started; ON until 54765.25s, cooldown until 54769.25s"
54777.04,INFO,"Mister pulse started; ON until 54777.29s, cooldown until 54781.29s"
54791.02,INFO,"Mister pulse started; ON until 54791.27s, cooldown until 54795.27s"
54804.04,INFO,"Mister pulse started; ON until 54804.29s, cooldown until 54808.29s"
54812.04,INFO,"Mister pulse started; ON until 54812.29s, cooldown until 54816.29s"
54821.03,INFO,"Mister pulse started; ON until 54821.28s, cooldown until 54825.28s"
54832.03,INFO,"Mister pulse started; ON until 54832.28s, cooldown until 54836.28s"
54846.02,INFO,"Mister pulse started; ON until 54846.27s, cooldown until 54850.27s"
54860.01,INFO,"Mister pulse started; ON until 54860.26s, cooldown until 54864.26s"
54870.03,INFO,"Mister pulse started; ON until 54870.28s, cooldown until 54874.28s"
54883.04,INFO,"Mister pulse started; ON until 54883.29s, cooldown until 54887.29s"
54892.02,INFO,"Mister pulse started; ON until 54892.27s, cooldown until 54896.27s"
54904.05,INFO,"Mister pulse started; ON until 54904.30s, cooldown until 54908.30s"
54918.04,INFO,"Mister pulse started; ON until 54918.29s, cooldown until 54922.29s"
54932.03,INFO,"Mister pulse started; ON until 54932.28s, cooldown until 54936.28s"
54937.03,INFO,"Mister pulse started; ON until 54937.28s, cooldown until 54941.28s"
54948.03,INFO,"Mister pulse started; ON until 54948.28s, cooldown until 54952.28s"
54959.03,INFO,"Mister pulse started; ON until 54959.28s, cooldown until 54963.28s"
54974.01,INFO,"Mister pulse started; ON until 54974.26s, cooldown until 54978.26s"
54988.05,INFO,"Mister pulse started; ON until 54988.30s, cooldown until 54992.30s"
54997.03,INFO,"Mister pulse started; ON until 54997.28s, cooldown until 55001.28s"
55012.00,INFO,"Mister pulse started; ON until 55012.25s, cooldown until 55016.25s"
55025.01,INFO,"Mister pulse started; ON until 55025.26s, cooldown until 55029.26s"
55030.03,INFO,"Mister pulse started; ON until 55030.28s, cooldown until 55034.28s"
55048.04,INFO,"Mister pulse started; ON until 55048.29s, cooldown until 55052.29s"
55053.01,INFO,"Mister pulse started; ON until 55053.26s, cooldown until 55057.26s"
55069.01,INFO,"Mister pulse started; ON until 55069.26s, cooldown until 55073.26s"
55081.04,INFO,"Mister pulse started; ON until 55081.29s, cooldown until 55085.29s"
55092.03,INFO,"Mister pulse started; ON until 55092.28s, cooldown until 55096.28s"
55106.03,INFO,"Mister pulse started; ON until 55106.28s, cooldown until 55110.28s"
55115.01,INFO,"Mister pulse started; ON until 55115.26s, cooldown until 55119.26s"
55129.00,INFO,"Mister pulse started; ON until 55129.25s, cooldown until 55133.25s"
55137.00,INFO,"Mister pulse started; ON until 55137.25s, cooldown until 55141.25s"
55150.01,INFO,"Mister pulse started; ON until 55150.26s, cooldown until 55154.26s"
55155.02,INFO,"Mister pulse started; ON until 55155.27s, cooldown until 55159.27s"
55169.01,INFO,"Mister pulse started; ON until 55169.26s, cooldown until 55173.26s"
55181.04,INFO,"Mister pulse started; ON until 55181.29s, cooldown until 55185.29s"
55195.02,INFO,"Mister pulse started; ON until 55195.27s, cooldown until 55199.27s"
55208.04,INFO,"Mister pulse started; ON until 55208.29s, cooldown until 55212.29s"
55218.05,INFO,"Mister pulse started; ON until 55218.30s, cooldown until 55222.30s"
55223.00,INFO,"Mister pulse started; ON until 55223.25s, cooldown until 55227.25s"
55237.04,INFO,"Mister pulse started; ON until 55237.29s, cooldown until 55241.29s"
55250.00,INFO,"Mister pulse started; ON until 55250.25s, cooldown until 55254.25s"
55264.05,INFO,"Mister pulse started; ON until 55264.30s, cooldown until 55268.30s"
55272.05,INFO,"Mister pulse started; ON until 55272.30s, cooldown until 55276.30s"
55281.03,INFO,"Mister pulse started; ON until 55281.28s, cooldown until 55285.28s"
55292.03,INFO,"Mister pulse started; ON until 55292.28s, cooldown until 55296.28s"
55307.05,INFO,"Mister pulse started; ON until 55307.30s, cooldown until 55311.30s"
55319.02,INFO,"Mister pulse started; ON until 55319.27s, cooldown until 55323.27s"
55324.03,INFO,"Mister pulse started; ON until 55324.28s, cooldown until 55328.28s"
55342.04,INFO,"Mister pulse started; ON until 55342.29s, cooldown until 55346.29s"
55347.00,INFO,"Mister pulse started; ON until 55347.25s, cooldown until 55351.25s"
55363.05,INFO,"Mister pulse started; ON until 55363.30s, cooldown until 55367.30s"
55376.05,INFO,"Mister pulse started; ON until 55376.30s, cooldown until 55380.30s"
55381.00,INFO,"Mister pulse started; ON until 55381.25s, cooldown until 55385.25s"
55391.01,INFO,"Mister pulse started; ON until 55391.26s, cooldown until 55395.26s"
55396.03,INFO,"Mister pulse started; ON until 55396.28s, cooldown until 55400.28s"
55414.04,INFO,"Mister pulse started; ON until 55414.29s, cooldown until 55418.29s"
55419.05,INFO,"Mister pulse started; ON until 55419.30s, cooldown until 55423.30s"
55433.04,INFO,"Mister pulse started; ON until 55433.29s, cooldown until 55437.29s"
55444.04,INFO,"Mister pulse started; ON until 55444.29s, cooldown until 55448.29s"
55458.02,INFO,"Mister pulse started; ON until 55458.27s, cooldown until 55462.27s"
55472.01,INFO,"Mister pulse started; ON until 55472.26s, cooldown until 55476.26s"
55477.02,INFO,"Mister pulse started; ON until 55477.27s, cooldown until 55481.27s"
55487.04,INFO,"Mister pulse started; ON until 55487.29s, cooldown until 55491.29s"
55493.03,INFO,"Mister pulse started; ON until 55493.28s, cooldown until 55497.28s"
55502.01,INFO,"Mister pulse started; ON until 55502.26s, cooldown until 55506.26s"
55511.04,INFO,"Mister pulse started; ON until 55511.29s, cooldown until 55515.29s"
55518.01,INFO,"Mister pulse started; ON until 55518.26s, cooldown until 55522.26s"
55530.04,INFO,"Mister pulse started; ON until 55530.29s, cooldown until 55534.29s"
55542.03,INFO,"Mister pulse started; ON until 55542.28s, cooldown until 55546.28s"
55547.04,INFO,"Mister pulse started; ON until 55547.29s, cooldown until 55551.29s"
55566.03,INFO,"Mister pulse started; ON until 55566.28s, cooldown until 55570.28s"
55571.05,INFO,"Mister pulse started; ON until 55571.30s, cooldown until 55575.30s"
55587.00,INFO,"Mister pulse started; ON until 55587.25s, cooldown until 55591.25s"
55595.01,INFO,"Mister pulse started; ON until 55595.26s, cooldown until 55599.26s"
55600.02,INFO,"Mister pulse started; ON until 55600.27s, cooldown until 55604.27s"
55614.00,INFO,"Mister pulse started; ON until 55614.25s, cooldown until 55618.25s"
55625.05,INFO,"Mister pulse started; ON until 55625.30s, cooldown until 55629.30s"
55637.02,INFO,"Mister pulse started; ON until 55637.27s, cooldown until 55641.27s"
55645.02,INFO,"Mister pulse started; ON until 55645.27s, cooldown until 55649.27s"
55654.01,INFO,"Mister pulse started; ON until 55654.26s, cooldown until 55658.26s"
55665.00,INFO,"Mister pulse started; ON until 55665.25s, cooldown until 55669.25s"
55681.01,INFO,"Mister pulse started; ON until 55681.26s, cooldown until 55685.26s"
55695.05,INFO,"Mister pulse started; ON until 55695.30s, cooldown until 55699.30s"
55705.01,INFO,"Mister pulse started; ON until 55705.26s, cooldown until 55709.26s"
55721.01,INFO,"Mister pulse started; ON until 55721.26s, cooldown until 55725.26s"
55733.04,INFO,"Mister pulse started; ON until 55733.29s, cooldown until 55737.29s"
55743.00,INFO,"Mister pulse started; ON until 55743.25s, cooldown until 55747.25s"
55755.02,INFO,"Mister pulse started; ON until 55755.27s, cooldown until 55759.27s"
55760.04,INFO,"Mister pulse started; ON until 55760.29s, cooldown until 55764.29s"
55776.04,INFO,"Mister pulse started; ON until 55776.29s, cooldown until 55780.29s"
55788.01,INFO,"Mister pulse started; ON until 55788.26s, cooldown until 55792.26s"
55793.02,INFO,"Mister pulse started; ON until 55793.27s, cooldown until 55797.27s"
55811.03,INFO,"Mister pulse started; ON until 55811.28s, cooldown until 55815.28s"
55816.04,INFO,"Mister pulse started; ON until 55816.29s, cooldown until 55820.29s"
55829.05,INFO,"Mister pulse started; ON until 55829.30s, cooldown until 55833.30s"
55835.04,INFO,"Mister pulse started; ON until 55835.29s, cooldown until 55839.29s"
55845.01,INFO,"Mister pulse started; ON until 55845.26s, cooldown until 55849.26s"
55855.02,INFO,"Mister pulse started; ON until 55855.27s, cooldown until 55859.27s"
55868.03,INFO,"Mister pulse started; ON until 55868.28s, cooldown until 55872.28s"
55877.01,INFO,"Mister pulse started; ON until 55877.26s, cooldown until 55881.26s"
55888.01,INFO,"Mister pulse started; ON until 55888.26s, cooldown until 55892.26s"
55901.02,INFO,"Mister pulse started; ON until 55901.27s, cooldown until 55905.27s"
55913.05,INFO,"Mister pulse started; ON until 55913.30s, cooldown until 55917.30s"
55929.05,INFO,"Mister pulse started; ON until 55929.30s, cooldown until 55933.30s"
55942.01,INFO,"Mister pulse started; ON until 55942.26s, cooldown until 55946.26s"
55954.03,INFO,"Mister pulse started; ON until 55954.28s, cooldown until 55958.28s"
55962.04,INFO,"Mister pulse started; ON until 55962.29s, cooldown until 55966.29s"
55967.05,INFO,"Mister pulse started; ON until 55967.30s, cooldown until 55971.30s"
55981.04,INFO,"Mister pulse started; ON until 55981.29s, cooldown until 55985.29s"
55990.03,INFO,"Mister pulse started; ON until 55990.28s, cooldown until 55994.28s"
56003.03,INFO,"Mister pulse started; ON until 56003.28s, cooldown until 56007.28s"
56013.05,INFO,"Mister pulse started; ON until 56013.30s, cooldown until 56017.30s"
56022.03,INFO,"Mister pulse started; ON until 56022.28s, cooldown until 56026.28s"
56037.00,INFO,"Mister pulse started; ON until 56037.25s, cooldown until 56041.25s"
56050.01,INFO,"Mister pulse started; ON until 56050.26s, cooldown until 56054.26s"
56058.01,INFO,"Mister pulse started; ON until 56058.26s, cooldown until 56062.26s"
56065.03,INFO,"Mister pulse started; ON until 56065.28s, cooldown until 56069.28s"
56074.02,INFO,"Mister pulse started; ON until 56074.27s, cooldown until 56078.27s"
56083.05,INFO,"Mister pulse started; ON until 56083.30s, cooldown until 56087.30s"
56091.05,INFO,"Mister pulse started; ON until 56091.30s, cooldown until 56095.30s"
56101.01,INFO,"Mister pulse started; ON until 56101.26s, cooldown until 56105.26s"
56114.02,INFO,"Mister pulse started; ON until 56114.27s, cooldown until 56118.27s"
56120.01,INFO,"Mister pulse started; ON until 56120.26s, cooldown until 56124.26s"
56130.03,INFO,"Mister pulse started; ON until 56130.28s, cooldown until 56134.28s"
56138.03,INFO,"Mister pulse started; ON until 56138.28s, cooldown until 56142.28s"
56147.02,INFO,"Mister pulse started; ON until 56147.27s, cooldown until 56151.27s"
56159.05,INFO,"Mister pulse started; ON until 56159.30s, cooldown until 56163.30s"
56174.02,INFO,"Mister pulse started; ON until 56174.27s, cooldown until 56178.27s"
56189.04,INFO,"Mister pulse started; ON until 56189.29s, cooldown until 56193.29s"
56200.03,INFO,"Mister pulse started; ON until 56200.28s, cooldown until 56204.28s"
56205.04,INFO,"Mister pulse started; ON until 56205.29s, cooldown until 56209.29s"
56220.01,INFO,"Mister pulse started; ON until 56220.26s, cooldown until 56224.26s"
56234.00,INFO,"Mister pulse started; ON until 56234.25s, cooldown until 56238.25s"
56239.01,INFO,"Mister pulse started; ON until 56239.26s, cooldown until 56243.26s"
56252.02,INFO,"Mister pulse started; ON until 56252.27s, cooldown until 56256.27s"
56265.03,INFO,"Mister pulse started; ON until 56265.28s, cooldown until 56269.28s"
56270.04,INFO,"Mister pulse started; ON until 56270.29s, cooldown until 56274.29s"
56288.01,INFO,"Mister pulse started; ON until 56288.26s, cooldown until 56292.26s"
56293.02,INFO,"Mister pulse started; ON until 56293.27s, cooldown until 56297.27s"
56310.01,INFO,"Mister pulse started; ON until 56310.26s, cooldown until 56314.26s"
56315.02,INFO,"Mister pulse started; ON until 56315.27s, cooldown until 56319.27s"
56329.01,INFO,"Mister pulse started; ON until 56329.26s, cooldown until 56333.26s"
56341.03,INFO,"Mister pulse started; ON until 56341.28s, cooldown until 56345.28s"
56355.02,INFO,"Mister pulse started; ON until 56355.27s, cooldown until 56359.27s"
56367.05,INFO,"Mister pulse started; ON until 56367.30s, cooldown until 56371.30s"
56372.01,INFO,"Mister pulse started; ON until 56372.26s, cooldown until 56376.26s"
56389.05,INFO,"Mister pulse started; ON until 56389.30s, cooldown until 56393.30s"
56403.04,INFO,"Mister pulse started; ON until 56403.29s, cooldown until 56407.29s"
56416.05,INFO,"Mister pulse started; ON until 56416.30s, cooldown until 56420.30s"
56421.01,INFO,"Mister pulse started; ON until 56421.26s, cooldown until 56425.26s"
56429.01,INFO,"Mister pulse started; ON until 56429.26s, cooldown until 56433.26s"
56437.01,INFO,"Mister pulse started; ON until 56437.26s, cooldown until 56441.26s"
56442.02,INFO,"Mister pulse started; ON until 56442.27s, cooldown until 56446.27s"
56458.02,INFO,"Mister pulse started; ON until 56458.27s, cooldown until 56462.27s"
56469.01,INFO,"Mister pulse started; ON until 56469.26s, cooldown until 56473.26s"
56474.02,INFO,"Mister pulse started; ON until 56474.27s, cooldown until 56478.27s"
56489.05,INFO,"Mister pulse started; ON until 56489.30s, cooldown until 56493.30s"
56499.01,INFO,"Mister pulse started; ON until 56499.26s, cooldown until 56503.26s"
56513.00,INFO,"Mister pulse started; ON until 56513.25s, cooldown until 56517.25s"
56526.01,INFO,"Mister pulse started; ON until 56526.26s, cooldown until 56530.26s"
56535.04,INFO,"Mister pulse started; ON until 56535.29s, cooldown until 56539.29s"
56543.04,INFO,"Mister pulse started; ON until 56543.29s, cooldown until 56547.29s"
56553.01,INFO,"Mister pulse started; ON until 56553.26s, cooldown until 56557.26s"
56566.02,INFO,"Mister pulse started; ON until 56566.27s, cooldown until 56570.27s"
56575.00,INFO,"Mister pulse started; ON until 56575.25s, cooldown until 56579.25s"
56586.01,INFO,"Mister pulse started; ON until 56586.26s, cooldown until 56590.26s"
56600.04,INFO,"Mister pulse started; ON until 56600.29s, cooldown until 56604.29s"
56611.04,INFO,"Mister pulse started; ON until 56611.29s, cooldown until 56615.29s"
56624.04,INFO,"Mister pulse started; ON until 56624.29s, cooldown until 56628.29s"
56634.01,INFO,"Mister pulse started; ON until 56634.26s, cooldown until 56638.26s"
56649.03,INFO,"Mister pulse started; ON until 56649.28s, cooldown until 56653.28s"
56660.03,INFO,"Mister pulse started; ON until 56660.28s, cooldown until 56664.28s"
56666.02,INFO,"Mister pulse started; ON until 56666.27s, cooldown until 56670.27s"
56682.02,INFO,"Mister pulse started; ON until 56682.27s, cooldown until 56686.27s"
56697.03,INFO,"Mister pulse started; ON until 56697.28s, cooldown until 56701.28s"
56709.01,INFO,"Mister pulse started; ON until 56709.26s, cooldown until 56713.26s"
56716.03,INFO,"Mister pulse started; ON until 56716.28s, cooldown until 56720.28s"
56724.03,INFO,"Mister pulse started; ON until 56724.28s, cooldown until 56728.28s"
56729.04,INFO,"Mister pulse started; ON until 56729.29s, cooldown until 56733.29s"
56744.01,INFO,"Mister pulse started; ON until 56744.26s, cooldown until 56748.26s"
56756.05,INFO,"Mister pulse started; ON until 56756.30s, cooldown until 56760.30s"
56761.01,INFO,"Mister pulse started; ON until 56761.26s, cooldown until 56765.26s"
56778.05,INFO,"Mister pulse started; ON until 56778.30s, cooldown until 56782.30s"
56790.03,INFO,"Mister pulse started; ON until 56790.28s, cooldown until 56794.28s"
56800.05,INFO,"Mister pulse started; ON until 56800.30s, cooldown until 56804.30s"
56813.01,INFO,"Mister pulse started; ON until 56813.26s, cooldown until 56817.26s"
56822.04,INFO,"Mister pulse started; ON until 56822.29s, cooldown until 56826.29s"
56834.01,INFO,"Mister pulse started; ON until 56834.26s, cooldown until 56838.26s"
56839.03,INFO,"Mister pulse started; ON until 56839.28s, cooldown until 56843.28s"
56854.04,INFO,"Mister pulse started; ON until 56854.29s, cooldown until 56858.29s"
56862.04,INFO,"Mister pulse started; ON until 56862.29s, cooldown until 56866.29s"
56874.01,INFO,"Mister pulse started; ON until 56874.26s, cooldown until 56878.26s"
56879.02,INFO,"Mister pulse started; ON until 56879.27s, cooldown until 56883.27s"
56893.01,INFO,"Mister pulse started; ON until 56893.26s, cooldown until 56897.26s"
56903.03,INFO,"Mister pulse started; ON until 56903.28s, cooldown until 56907.28s"
56916.03,INFO,"Mister pulse started; ON until 56916.28s, cooldown until 56920.28s"
56921.05,INFO,"Mister pulse started; ON until 56921.30s, cooldown until 56925.30s"
56938.03,INFO,"Mister pulse started; ON until 56938.28s, cooldown until 56942.28s"
56943.04,INFO,"Mister pulse started; ON until 56943.29s, cooldown until 56947.29s"
56958.01,INFO,"Mister pulse started; ON until 56958.26s, cooldown until 56962.26s"
56970.04,INFO,"Mister pulse started; ON until 56970.29s, cooldown until 56974.29s"
56975.05,INFO,"Mister pulse started; ON until 56975.30s, cooldown until 56979.30s"
56988.00,INFO,"Mister pulse started; ON until 56988.25s, cooldown until 56992.25s"
56999.01,INFO,"Mister pulse started; ON until 56999.26s, cooldown until 57003.26s"
57012.02,INFO,"Mister pulse started; ON until 57012.27s, cooldown until 57016.27s"
57022.03,INFO,"Mister pulse started; ON until 57022.28s, cooldown until 57026.28s"
57036.03,INFO,"Mister pulse started; ON until 57036.28s, cooldown until 57040.28s"
57041.04,INFO,"Mister pulse started; ON until 57041.29s, cooldown until 57045.29s"
57050.02,INFO,"Mister pulse started; ON until 57050.27s, cooldown until 57054.27s"
57061.02,INFO,"Mister pulse started; ON until 57061.27s, cooldown until 57065.27s"
57073.04,INFO,"Mister pulse started; ON until 57073.29s, cooldown until 57077.29s"
57078.00,INFO,"Mister pulse started; ON until 57078.25s, cooldown until 57082.25s"
57092.04,INFO,"Mister pulse started; ON until 57092.29s, cooldown until 57096.29s"
57097.04,INFO,"Mister pulse started; ON until 57097.29s, cooldown until 57101.29s"
57109.02,INFO,"Mister pulse started; ON until 57109.27s, cooldown until 57113.27s"
57118.00,INFO,"Mister pulse started; ON until 57118.25s, cooldown until 57122.25s"
57134.01,INFO,"Mister pulse started; ON until 57134.26s, cooldown until 57138.26s"
57148.05,INFO,"Mister pulse started; ON until 57148.30s, cooldown until 57152.30s"
57156.00,INFO,"Mister pulse started; ON until 57156.25s, cooldown until 57160.25s"
57169.01,INFO,"Mister pulse started; ON until 57169.26s, cooldown until 57173.26s"
57174.01,INFO,"Mister pulse started; ON until 57174.26s, cooldown until 57178.26s"
57191.05,INFO,"Mister pulse started; ON until 57191.30s, cooldown until 57195.30s"
57204.01,INFO,"Mister pulse started; ON until 57204.26s, cooldown until 57208.26s"
57216.04,INFO,"Mister pulse started; ON until 57216.29s, cooldown until 57220.29s"
57221.05,INFO,"Mister pulse started; ON until 57221.30s, cooldown until 57225.30s"
57235.03,INFO,"Mister pulse started; ON until 57235.28s, cooldown until 57239.28s"
57245.04,INFO,"Mister pulse started; ON until 57245.29s, cooldown until 57249.29s"
57258.05,INFO,"Mister pulse started; ON until 57258.30s, cooldown until 57262.30s"
57263.00,INFO,"Mister pulse started; ON until 57263.25s, cooldown until 57267.25s"
57271.00,INFO,"Mister pulse started; ON until 57271.25s, cooldown until 57275.25s"
57276.02,INFO,"Mister pulse started; ON until 57276.27s, cooldown until 57280.27s"
57291.04,INFO,"Mister pulse started; ON until 57291.29s, cooldown until 57295.29s"
57296.04,INFO,"Mister pulse started; ON until 57296.29s, cooldown until 57300.29s"
57308.02,INFO,"Mister pulse started; ON until 57308.27s, cooldown until 57312.27s"
57313.03,INFO,"Mister pulse started; ON until 57313.28s, cooldown until 57317.28s"
57328.00,INFO,"Mister pulse started; ON until 57328.25s, cooldown until 57332.25s"
57333.01,INFO,"Mister pulse started; ON until 57333.26s, cooldown until 57337.26s"
57349.01,INFO,"Mister pulse started; ON until 57349.26s, cooldown until 57353.26s"
57354.02,INFO,"Mister pulse started; ON until 57354.27s, cooldown until 57358.27s"
57371.05,INFO,"Mister pulse started; ON until 57371.30s, cooldown until 57375.30s"
57382.04,INFO,"Mister pulse started; ON until 57382.29s, cooldown until 57386.29s"
57396.03,INFO,"Mister pulse started; ON until 57396.28s, cooldown until 57400.28s"
57406.04,INFO,"Mister pulse started; ON until 57406.29s, cooldown until 57410.29s"
57420.03,INFO,"Mister pulse started; ON until 57420.28s, cooldown until 57424.28s"
57432.01,INFO,"Mister pulse started; ON until 57432.26s, cooldown until 57436.26s"
57437.02,INFO,"Mister pulse started; ON until 57437.27s, cooldown until 57441.27s"
57455.03,INFO,"Mister pulse started; ON until 57455.28s, cooldown until 57459.28s"
57460.05,INFO,"Mister pulse started; ON until 57460.30s, cooldown until 57464.30s"
57473.00,INFO,"Mister pulse started; ON until 57473.25s, cooldown until 57477.25s"
57482.04,INFO,"Mister pulse started; ON until 57482.29s, cooldown until 57486.29s"
57494.01,INFO,"Mister pulse started; ON until 57494.26s, cooldown until 57498.26s"
57499.02,INFO,"Mister pulse started; ON until 57499.27s, cooldown until 57503.27s"
57512.02,INFO,"Mister pulse started; ON until 57512.27s, cooldown until 57516.27s"
57520.03,INFO,"Mister pulse started; ON until 57520.28s, cooldown until 57524.28s"
57529.01,INFO,"Mister pulse started; ON until 57529.26s, cooldown until 57533.26s"
57540.00,INFO,"Mister pulse started; ON until 57540.25s, cooldown until 57544.25s"
57554.00,INFO,"Mister pulse started; ON until 57554.25s, cooldown until 57558.25s"
57566.03,INFO,"Mister pulse started; ON until 57566.28s, cooldown until 57570.28s"
57571.03,INFO,"Mister pulse started; ON until 57571.28s, cooldown until 57575.28s"
57584.04,INFO,"Mister pulse started; ON until 57584.29s, cooldown until 57588.29s"
57589.05,INFO,"Mister pulse started; ON until 57589.30s, cooldown until 57593.30s"
57605.00,INFO,"Mister pulse started; ON until 57605.25s, cooldown until 57609.25s"
57610.01,INFO,"Mister pulse started; ON until 57610.26s, cooldown until 57614.26s"
57624.00,INFO,"Mister pulse started; ON until 57624.25s, cooldown until 57628.25s"
57630.04,INFO,"Mister pulse started; ON until 57630.29s, cooldown until 57634.29s"
57641.04,INFO,"Mister pulse started; ON until 57641.29s, cooldown until 57645.29s"
57650.02,INFO,"Mister pulse started; ON until 57650.27s, cooldown until 57654.27s"
57662.05,INFO,"Mister pulse started; ON until 57662.30s, cooldown until 57666.30s"
57667.01,INFO,"Mister pulse started; ON until 57667.26s, cooldown until 57671.26s"
57683.02,INFO,"Mister pulse started; ON until 57683.27s, cooldown until 57687.27s"
57697.01,INFO,"Mister pulse started; ON until 57697.26s, cooldown until 57701.26s"
57708.05,INFO,"Mister pulse started; ON until 57708.30s, cooldown until 57712.30s"
57724.01,INFO,"Mister pulse started; ON until 57724.26s, cooldown until 57728.26s"
57729.02,INFO,"Mister pulse started; ON until 57729.27s, cooldown until 57733.27s"
57743.01,INFO,"Mister pulse started; ON until 57743.26s, cooldown until 57747.26s"
57755.03,INFO,"Mister pulse started; ON until 57755.28s, cooldown until 57759.28s"
57770.01,INFO,"Mister pulse started; ON until 57770.26s, cooldown until 57774.26s"
57784.00,INFO,"Mister pulse started; ON until 57784.25s, cooldown until 57788.25s"
57797.01,INFO,"Mister pulse started; ON until 57797.26s, cooldown until 57801.26s"
57802.02,INFO,"Mister pulse started; ON until 57802.27s, cooldown until 57806.27s"
57819.00,INFO,"Mister pulse started; ON until 57819.25s, cooldown until 57823.25s"
57825.04,INFO,"Mister pulse started; ON until 57825.29s, cooldown until 57829.29s"
57839.03,INFO,"Mister pulse started; ON until 57839.28s, cooldown until 57843.28s"
57850.03,INFO,"Mister pulse started; ON until 57850.28s, cooldown until 57854.28s"
57864.02,INFO,"Mister pulse started; ON until 57864.27s, cooldown until 57868.27s"
57877.03,INFO,"Mister pulse started; ON until 57877.28s, cooldown until 57881.28s"
57887.04,INFO,"Mister pulse started; ON until 57887.29s, cooldown until 57891.29s"
57898.04,INFO,"Mister pulse started; ON until 57898.29s, cooldown until 57902.29s"
57914.04,INFO,"Mister pulse started; ON until 57914.29s, cooldown until 57918.29s"
57928.03,INFO,"Mister pulse started; ON until 57928.28s, cooldown until 57932.28s"
57942.02,INFO,"Mister pulse started; ON until 57942.27s, cooldown until 57946.27s"
57954.05,INFO,"Mister pulse started; ON until 57954.30s, cooldown until 57958.30s"
57969.01,INFO,"Mister pulse started; ON until 57969.26s, cooldown until 57973.26s"
57983.00,INFO,"Mister pulse started; ON until 57983.25s, cooldown until 57987.25s"
57997.04,INFO,"Mister pulse started; ON until 57997.29s, cooldown until 58001.29s"
58002.05,INFO,"Mister pulse started; ON until 58002.30s, cooldown until 58006.30s"
58020.02,INFO,"Mister pulse started; ON until 58020.27s, cooldown until 58024.27s"
58028.01,INFO,"Mister pulse started; ON until 58028.26s, cooldown until 58032.26s"
58038.03,INFO,"Mister pulse started; ON until 58038.28s, cooldown until 58042.28s"
58049.04,INFO,"Mister pulse started; ON until 58049.29s, cooldown until 58053.29s"
58062.04,INFO,"Mister pulse started; ON until 58062.29s, cooldown until 58066.29s"
58074.02,INFO,"Mister pulse started; ON until 58074.27s, cooldown until 58078.27s"
58079.03,INFO,"Mister pulse started; ON until 58079.28s, cooldown until 58083.28s"
58094.04,INFO,"Mister pulse started; ON until 58094.29s, cooldown until 58098.29s"
58099.05,INFO,"Mister pulse started; ON until 58099.30s, cooldown until 58103.30s"
58111.03,INFO,"Mister pulse started; ON until 58111.28s, cooldown until 58115.28s"
58123.01,INFO,"Mister pulse started; ON until 58123.26s, cooldown until 58127.26s"
58128.02,INFO,"Mister pulse started; ON until 58128.27s, cooldown until 58132.27s"
58148.04,INFO,"Mister pulse started; ON until 58148.29s, cooldown until 58152.29s"
58155.01,INFO,"Mister pulse started; ON until 58155.26s, cooldown until 58159.26s"
58164.05,INFO,"Mister pulse started; ON until 58164.30s, cooldown until 58168.30s"
58175.05,INFO,"Mister pulse started; ON until 58175.30s, cooldown until 58179.30s"
58180.00,INFO,"Mister pulse started; ON until 58180.25s, cooldown until 58184.25s"
58200.03,INFO,"Mister pulse started; ON until 58200.28s, cooldown until 58204.28s"
58214.01,INFO,"Mister pulse started; ON until 58214.26s, cooldown until 58218.26s"
58227.02,INFO,"Mister pulse started; ON until 58227.27s, cooldown until 58231.27s"
58232.04,INFO,"Mister pulse started; ON until 58232.29s, cooldown until 58236.29s"
58251.03,INFO,"Mister pulse started; ON until 58251.28s, cooldown until 58255.28s"
58256.04,INFO,"Mister pulse started; ON until 58256.29s, cooldown until 58260.29s"
58273.02,INFO,"Mister pulse started; ON until 58273.27s, cooldown until 58277.27s"
58278.03,INFO,"Mister pulse started; ON until 58278.28s, cooldown until 58282.28s"
58293.01,INFO,"Mister pulse started; ON until 58293.26s, cooldown until 58297.26s"
58305.03,INFO,"Mister pulse started; ON until 58305.28s, cooldown until 58309.28s"
58310.05,INFO,"Mister pulse started; ON until 58310.30s, cooldown until 58314.30s"
58326.05,INFO,"Mister pulse started; ON until 58326.30s, cooldown until 58330.30s"
58338.03,INFO,"Mister pulse started; ON until 58338.28s, cooldown until 58342.28s"
58346.03,INFO,"Mister pulse started; ON until 58346.28s, cooldown until 58350.28s"
58355.01,INFO,"Mister pulse started; ON until 58355.26s, cooldown until 58359.26s"
58365.03,INFO,"Mister pulse started; ON until 58365.28s, cooldown until 58369.28s"
58379.02,INFO,"Mister pulse started; ON until 58379.27s, cooldown until 58383.27s"
58390.02,INFO,"Mister pulse started; ON until 58390.27s, cooldown until 58394.27s"
58405.04,INFO,"Mister pulse started; ON until 58405.29s, cooldown until 58409.29s"
58417.01,INFO,"Mister pulse started; ON until 58417.26s, cooldown until 58421.26s"
58422.02,INFO,"Mister pulse started; ON until 58422.27s, cooldown until 58426.27s"
58442.04,INFO,"Mister pulse started; ON until 58442.29s, cooldown until 58446.29s"
58447.05,INFO,"Mister pulse started; ON until 58447.30s, cooldown until 58451.30s"
58465.02,INFO,"Mister pulse started; ON until 58465.27s, cooldown until 58469.27s"
58470.02,INFO,"Mister pulse started; ON until 58470.27s, cooldown until 58474.27s"
58488.03,INFO,"Mister pulse started; ON until 58488.28s, cooldown until 58492.28s"
58493.04,INFO,"Mister pulse started; ON until 58493.29s, cooldown until 58497.29s"
58508.02,INFO,"Mister pulse started; ON until 58508.27s, cooldown until 58512.27s"
58520.04,INFO,"Mister pulse started; ON until 58520.29s, cooldown until 58524.29s"
58525.01,INFO,"Mister pulse started; ON until 58525.26s, cooldown until 58529.26s"
58542.05,INFO,"Mister pulse started; ON until 58542.30s, cooldown until 58546.30s"
58556.04,INFO,"Mister pulse started; ON until 58556.29s, cooldown until 58560.29s"
58569.00,INFO,"Mister pulse started; ON until 58569.25s, cooldown until 58573.25s"
58574.01,INFO,"Mister pulse started; ON until 58574.26s, cooldown until 58578.26s"
58586.04,INFO,"Mister pulse started; ON until 58586.29s, cooldown until 58590.29s"
58591.04,INFO,"Mister pulse started; ON until 58591.29s, cooldown until 58595.29s"
58601.01,INFO,"Mister pulse started; ON until 58601.26s, cooldown until 58605.26s"
58615.01,INFO,"Mister pulse started; ON until 58615.26s, cooldown until 58619.26s"
58620.02,INFO,"Mister pulse started; ON until 58620.27s, cooldown until 58624.27s"
58638.03,INFO,"Mister pulse started; ON until 58638.28s, cooldown until 58642.28s"
58643.04,INFO,"Mister pulse started; ON until 58643.29s, cooldown until 58647.29s"
58657.03,INFO,"Mister pulse started; ON until 58657.28s, cooldown until 58661.28s"
58667.04,INFO,"Mister pulse started; ON until 58667.29s, cooldown until 58671.29s"
58680.05,INFO,"Mister pulse started; ON until 58680.30s, cooldown until 58684.30s"
58690.01,INFO,"Mister pulse started; ON until 58690.26s, cooldown until 58694.26s"
58701.01,INFO,"Mister pulse started; ON until 58701.26s, cooldown until 58705.26s"
58708.03,INFO,"Mister pulse started; ON until 58708.28s, cooldown until 58712.28s"
58723.05,INFO,"Mister pulse started; ON until 58723.30s, cooldown until 58727.30s"
58736.00,INFO,"Mister pulse started; ON until 58736.25s, cooldown until 58740.25s"
58745.05,INFO,"Mister pulse started; ON until 58745.30s, cooldown until 58749.30s"
58757.02,INFO,"Mister pulse started; ON until 58757.27s, cooldown until 58761.27s"
58762.03,INFO,"Mister pulse started; ON until 58762.28s, cooldown until 58766.28s"
58777.05,INFO,"Mister pulse started; ON until 58777.30s, cooldown until 58781.30s"
58788.04,INFO,"Mister pulse started; ON until 58788.29s, cooldown until 58792.29s"
58802.04,INFO,"Mister pulse started; ON until 58802.29s, cooldown until 58806.29s"
58815.05,INFO,"Mister pulse started; ON until 58815.30s, cooldown until 58819.30s"
58820.00,INFO,"Mister pulse started; ON until 58820.25s, cooldown until 58824.25s"
58827.02,INFO,"Mister pulse started; ON until 58827.27s, cooldown until 58831.27s"
58843.03,INFO,"Mister pulse started; ON until 58843.28s, cooldown until 58847.28s"
58857.01,INFO,"Mister pulse started; ON until 58857.26s, cooldown until 58861.26s"
58870.03,INFO,"Mister pulse started; ON until 58870.28s, cooldown until 58874.28s"
58879.01,INFO,"Mister pulse started; ON until 58879.26s, cooldown until 58883.26s"
58890.01,INFO,"Mister pulse started; ON until 58890.26s, cooldown until 58894.26s"
58904.05,INFO,"Mister pulse started; ON until 58904.30s, cooldown until 58908.30s"
58915.05,INFO,"Mister pulse started; ON until 58915.30s, cooldown until 58919.30s"
58931.05,INFO,"Mister pulse started; ON until 58931.30s, cooldown until 58935.30s"
58945.04,INFO,"Mister pulse started; ON until 58945.29s, cooldown until 58949.29s"
58957.01,INFO,"Mister pulse started; ON until 58957.26s, cooldown until 58961.26s"
58962.03,INFO,"Mister pulse started; ON until 58962.28s, cooldown until 58966.28s"
58980.04,INFO,"Mister pulse started; ON until 58980.29s, cooldown until 58984.29s"
58985.01,INFO,"Mister pulse started; ON until 58985.26s, cooldown until 58989.26s"
59000.02,INFO,"Mister pulse started; ON until 59000.27s, cooldown until 59004.27s"
59013.03,INFO,"Mister pulse started; ON until 59013.28s, cooldown until 59017.28s"
59018.05,INFO,"Mister pulse started; ON until 59018.30s, cooldown until 59022.30s"
59036.01,INFO,"Mister pulse started; ON until 59036.26s, cooldown until 59040.26s"
59045.05,INFO,"Mister pulse started; ON until 59045.30s, cooldown until 59049.30s"
59051.05,INFO,"Mister pulse started; ON until 59051.30s, cooldown until 59055.30s"
59062.04,INFO,"Mister pulse started; ON until 59062.29s, cooldown until 59066.29s"
59067.00,INFO,"Mister pulse started; ON until 59067.25s, cooldown until 59071.25s"
59081.05,INFO,"Mister pulse started; ON until 59081.30s, cooldown until 59085.30s"
59095.04,INFO,"Mister pulse started; ON until 59095.29s, cooldown until 59099.29s"
59108.00,INFO,"Mister pulse started; ON until 59108.25s, cooldown until 59112.25s"
59118.02,INFO,"Mister pulse started; ON until 59118.27s, cooldown until 59122.27s"
59131.03,INFO,"Mister pulse started; ON until 59131.28s, cooldown until 59135.28s"
59139.03,INFO,"Mister pulse started; ON until 59139.28s, cooldown until 59143.28s"
59148.01,INFO,"Mister pulse started; ON until 59148.26s, cooldown until 59152.26s"
59159.01,INFO,"Mister pulse started; ON until 59159.26s, cooldown until 59163.26s"
59173.00,INFO,"Mister pulse started; ON until 59173.25s, cooldown until 59177.25s"
59186.01,INFO,"Mister pulse started; ON until 59186.26s, cooldown until 59190.26s"
59195.05,INFO,"Mister pulse started; ON until 59195.30s, cooldown until 59199.30s"
59203.00,INFO,"Mister pulse started; ON until 59203.25s, cooldown until 59207.25s"
59215.03,INFO,"Mister pulse started; ON until 59215.28s, cooldown until 59219.28s"
59228.04,INFO,"Mister pulse started; ON until 59228.29s, cooldown until 59232.29s"
59239.04,INFO,"Mister pulse started; ON until 59239.29s, cooldown until 59243.29s"
59254.01,INFO,"Mister pulse started; ON until 59254.26s, cooldown until 59258.26s"
59268.00,INFO,"Mister pulse started; ON until 59268.25s, cooldown until 59272.25s"
59281.01,INFO,"Mister pulse started; ON until 59281.26s, cooldown until 59285.26s"
59286.02,INFO,"Mister pulse started; ON until 59286.27s, cooldown until 59290.27s"
59304.04,INFO,"Mister pulse started; ON until 59304.29s, cooldown until 59308.29s"
59309.04,INFO,"Mister pulse started; ON until 59309.29s, cooldown until 59313.29s"
59324.01,INFO,"Mister pulse started; ON until 59324.26s, cooldown until 59328.26s"
59337.02,INFO,"Mister pulse started; ON until 59337.27s, cooldown until 59341.27s"
59342.03,INFO,"Mister pulse started; ON until 59342.28s, cooldown until 59346.28s"
59360.04,INFO,"Mister pulse started; ON until 59360.29s, cooldown until 59364.29s"
59365.05,INFO,"Mister pulse started; ON until 59365.30s, cooldown until 59369.30s"
59380.02,INFO,"Mister pulse started; ON until 59380.27s, cooldown until 59384.27s"
59392.05,INFO,"Mister pulse started; ON until 59392.30s, cooldown until 59396.30s"
59397.01,INFO,"Mister pulse started; ON until 59397.26s, cooldown until 59401.26s"
59413.01,INFO,"Mister pulse started; ON until 59413.26s, cooldown until 59417.26s"
59427.05,INFO,"Mister pulse started; ON until 59427.30s, cooldown until 59431.30s"
59437.01,INFO,"Mister pulse started; ON until 59437.26s, cooldown until 59441.26s"
59451.01,INFO,"Mister pulse started; ON until 59451.26s, cooldown until 59455.26s"
59464.03,INFO,"Mister pulse started; ON until 59464.28s, cooldown until 59468.28s"
59469.04,INFO,"Mister pulse started; ON until 59469.29s, cooldown until 59473.29s"
59487.05,INFO,"Mister pulse started; ON until 59487.30s, cooldown until 59491.30s"
59492.00,INFO,"Mister pulse started; ON until 59492.25s, cooldown until 59496.25s"
59503.05,INFO,"Mister pulse started; ON until 59503.30s, cooldown until 59507.30s"
59508.01,INFO,"Mister pulse started; ON until 59508.26s, cooldown until 59512.26s"
59525.05,INFO,"Mister pulse started; ON until 59525.30s, cooldown until 59529.30s"
59538.01,INFO,"Mister pulse started; ON until 59538.26s, cooldown until 59542.26s"
59550.04,INFO,"Mister pulse started; ON until 59550.29s, cooldown until 59554.29s"
59555.00,INFO,"Mister pulse started; ON until 59555.25s, cooldown until 59559.25s"
59573.02,INFO,"Mister pulse started; ON until 59573.27s, cooldown until 59577.27s"
59578.03,INFO,"Mister pulse started; ON until 59578.28s, cooldown until 59582.28s"
59592.01,INFO,"Mister pulse started; ON until 59592.26s, cooldown until 59596.26s"
59602.03,INFO,"Mister pulse started; ON until 59602.28s, cooldown until 59606.28s"
59616.02,INFO,"Mister pulse started; ON until 59616.27s, cooldown until 59620.27s"
59623.04,INFO,"Mister pulse started; ON until 59623.29s, cooldown until 59627.29s"
59635.02,INFO,"Mister pulse started; ON until 59635.27s, cooldown until 59639.27s"
59650.04,INFO,"Mister pulse started; ON until 59650.29s, cooldown until 59654.29s"
59662.02,INFO,"Mister pulse started; ON until 59662.27s, cooldown until 59666.27s"
59667.03,INFO,"Mister pulse started; ON until 59667.28s, cooldown until 59671.28s"
59686.02,INFO,"Mister pulse started; ON until 59686.27s, cooldown until 59690.27s"
59691.03,INFO,"Mister pulse started; ON until 59691.28s, cooldown until 59695.28s"
59708.01,INFO,"Mister pulse started; ON until 59708.26s, cooldown until 59712.26s"
59713.02,INFO,"Mister pulse started; ON until 59713.27s, cooldown until 59717.27s"
59729.03,INFO,"Mister pulse started; ON until 59729.28s, cooldown until 59733.28s"
59742.03,INFO,"Mister pulse started; ON until 59742.28s, cooldown until 59746.28s"
59747.04,INFO,"Mister pulse started; ON until 59747.29s, cooldown until 59751.29s"
59764.03,INFO,"Mister pulse started; ON until 59764.28s, cooldown until 59768.28s"
59769.04,INFO,"Mister pulse started; ON until 59769.29s, cooldown until 59773.29s"
59784.02,INFO,"Mister pulse started; ON until 59784.27s, cooldown until 59788.27s"
59797.02,INFO,"Mister pulse started; ON until 59797.27s, cooldown until 59801.27s"
59802.03,INFO,"Mister pulse started; ON until 59802.28s, cooldown until 59806.28s"
59819.01,INFO,"Mister pulse started; ON until 59819.26s, cooldown until 59823.26s"
59824.03,INFO,"Mister pulse started; ON until 59824.28s, cooldown until 59828.28s"
59839.05,INFO,"Mister pulse started; ON until 59839.30s, cooldown until 59843.30s"
59848.03,INFO,"Mister pulse started; ON until 59848.28s, cooldown until 59852.28s"
59862.02,INFO,"Mister pulse started; ON until 59862.27s, cooldown until 59866.27s"
59872.04,INFO,"Mister pulse started; ON until 59872.29s, cooldown until 59876.29s"
59886.03,INFO,"Mister pulse started; ON until 59886.28s, cooldown until 59890.28s"
59891.03,INFO,"Mister pulse started; ON until 59891.28s, cooldown until 59895.28s"
59902.03,INFO,"Mister pulse started; ON until 59902.28s, cooldown until 59906.28s"
59914.00,INFO,"Mister pulse started; ON until 59914.25s, cooldown until 59918.25s"
59919.01,INFO,"Mister pulse started; ON until 59919.26s, cooldown until 59923.26s"
59933.01,INFO,"Mister pulse started; ON until 59933.26s, cooldown until 59937.26s"
59944.05,INFO,"Mister pulse started; ON until 59944.30s, cooldown until 59948.30s"
59958.04,INFO,"Mister pulse started; ON until 59958.29s, cooldown until 59962.29s"
59967.02,INFO,"Mister pulse started; ON until 59967.27s, cooldown until 59971.27s"
59980.04,INFO,"Mister pulse started; ON until 59980.29s, cooldown until 59984.29s"
59989.03,INFO,"Mister pulse started; ON until 59989.28s, cooldown until 59993.28s"
60000.02,INFO,"Mister pulse started; ON until 60000.27s, cooldown until 60004.27s"
60015.04,INFO,"Mister pulse started; ON until 60015.29s, cooldown until 60019.29s"
60028.05,INFO,"Mister pulse started; ON until 60028.30s, cooldown until 60032.30s"
60034.04,INFO,"Mister pulse started; ON until 60034.29s, cooldown until 60038.29s"
60043.02,INFO,"Mister pulse started; ON until 60043.27s, cooldown until 60047.27s"
60048.04,INFO,"Mister pulse started; ON until 60048.29s, cooldown until 60052.29s"
60066.05,INFO,"Mister pulse started; ON until 60066.30s, cooldown until 60070.30s"
60071.01,INFO,"Mister pulse started; ON until 60071.26s, cooldown until 60075.26s"
60087.02,INFO,"Mister pulse started; ON until 60087.27s, cooldown until 60091.27s"
60101.01,INFO,"Mister pulse started; ON until 60101.26s, cooldown until 60105.26s"
60115.05,INFO,"Mister pulse started; ON until 60115.30s, cooldown until 60119.30s"
60120.01,INFO,"Mister pulse started; ON until 60120.26s, cooldown until 60124.26s"
60131.01,INFO,"Mister pulse started; ON until 60131.26s, cooldown until 60135.26s"
60140.05,INFO,"Mister pulse started; ON until 60140.30s, cooldown until 60144.30s"
60151.05,INFO,"Mister pulse started; ON until 60151.30s, cooldown until 60155.30s"
60166.02,INFO,"Mister pulse started; ON until 60166.27s, cooldown until 60170.27s"
60181.04,INFO,"Mister pulse started; ON until 60181.29s, cooldown until 60185.29s"
60193.02,INFO,"Mister pulse started; ON until 60193.27s, cooldown until 60197.27s"
60198.02,INFO,"Mister pulse started; ON until 60198.27s, cooldown until 60202.27s"
60217.02,INFO,"Mister pulse started; ON until 60217.27s, cooldown until 60221.27s"
60222.03,INFO,"Mister pulse started; ON until 60222.28s, cooldown until 60226.28s"
60240.04,INFO,"Mister pulse started; ON until 60240.29s, cooldown until 60244.29s"
60245.05,INFO,"Mister pulse started; ON until 60245.30s, cooldown until 60249.30s"
60259.03,INFO,"Mister pulse started; ON until 60259.28s, cooldown until 60263.28s"
60270.03,INFO,"Mister pulse started; ON until 60270.28s, cooldown until 60274.28s"
60285.00,INFO,"Mister pulse started; ON until 60285.25s, cooldown until 60289.25s"
60298.00,INFO,"Mister pulse started; ON until 60298.25s, cooldown until 60302.25s"
60310.03,INFO,"Mister pulse started; ON until 60310.28s, cooldown until 60314.28s"
60323.04,INFO,"Mister pulse started; ON until 60323.29s, cooldown until 60327.29s"
60335.01,INFO,"Mister pulse started; ON until 60335.26s, cooldown until 60339.26s"
60340.02,INFO,"Mister pulse started; ON until 60340.27s, cooldown until 60344.27s"
60355.04,INFO,"Mister pulse started; ON until 60355.29s, cooldown until 60359.29s"
60363.04,INFO,"Mister pulse started; ON until 60363.29s, cooldown until 60367.29s"
60375.01,INFO,"Mister pulse started; ON until 60375.26s, cooldown until 60379.26s"
60380.02,INFO,"Mister pulse started; ON until 60380.27s, cooldown until 60384.27s"
60395.04,INFO,"Mister pulse started; ON until 60395.29s, cooldown until 60399.29s"
60400.05,INFO,"Mister pulse started; ON until 60400.30s, cooldown until 60404.30s"
60412.03,INFO,"Mister pulse started; ON until 60412.28s, cooldown until 60416.28s"
60424.05,INFO,"Mister pulse started; ON until 60424.30s, cooldown until 60428.30s"
60429.01,INFO,"Mister pulse started; ON until 60429.26s, cooldown until 60433.26s"
60446.04,INFO,"Mister pulse started; ON until 60446.29s, cooldown until 60450.29s"
60460.03,INFO,"Mister pulse started; ON until 60460.28s, cooldown until 60464.28s"
60474.03,INFO,"Mister pulse started; ON until 60474.28s, cooldown until 60478.28s"
60484.04,INFO,"Mister pulse started; ON until 60484.29s, cooldown until 60488.29s"
60497.00,INFO,"Mister pulse started; ON until 60497.25s, cooldown until 60501.25s"
60502.01,INFO,"Mister pulse started; ON until 60502.26s, cooldown until 60506.26s"
60514.03,INFO,"Mister pulse started; ON until 60514.28s, cooldown until 60518.28s"
60525.03,INFO,"Mister pulse started; ON until 60525.28s, cooldown until 60529.28s"
60539.02,INFO,"Mister pulse started; ON until 60539.27s, cooldown until 60543.27s"
60553.01,INFO,"Mister pulse started; ON until 60553.26s, cooldown until 60557.26s"
60562.04,INFO,"Mister pulse started; ON until 60562.29s, cooldown until 60566.29s"
60573.04,INFO,"Mister pulse started; ON until 60573.29s, cooldown until 60577.29s"
60588.02,INFO,"Mister pulse started; ON until 60588.27s, cooldown until 60592.27s"
60603.00,INFO,"Mister pulse started; ON until 60603.25s, cooldown until 60607.25s"
60617.04,INFO,"Mister pulse started; ON until 60617.29s, cooldown until 60621.29s"
60623.03,INFO,"Mister pulse started; ON until 60623.28s, cooldown until 60627.28s"
60636.04,INFO,"Mister pulse started; ON until 60636.29s, cooldown until 60640.29s"
60650.03,INFO,"Mister pulse started; ON until 60650.28s, cooldown until 60654.28s"
60664.02,INFO,"Mister pulse started; ON until 60664.27s, cooldown until 60668.27s"
60673.00,INFO,"Mister pulse started; ON until 60673.25s, cooldown until 60677.25s"
60689.00,INFO,"Mister pulse started; ON until 60689.25s, cooldown until 60693.25s"
60694.01,INFO,"Mister pulse started; ON until 60694.26s, cooldown until 60698.26s"
60710.00,INFO,"Mister pulse started; ON until 60710.25s, cooldown until 60714.25s"
60715.01,INFO,"Mister pulse started; ON until 60715.26s, cooldown until 60719.26s"
60732.05,INFO,"Mister pulse started; ON until 60732.30s, cooldown until 60736.30s"
60746.03,INFO,"Mister pulse started; ON until 60746.28s, cooldown until 60750.28s"
60760.02,INFO,"Mister pulse started; ON until 60760.27s, cooldown until 60764.27s"
60767.05,INFO,"Mister pulse started; ON until 60767.30s, cooldown until 60771.30s"
60778.04,INFO,"Mister pulse started; ON until 60778.29s, cooldown until 60782.29s"
60791.05,INFO,"Mister pulse started; ON until 60791.30s, cooldown until 60795.30s"
60796.00,INFO,"Mister pulse started; ON until 60796.25s, cooldown until 60800.25s"
60806.02,INFO,"Mister pulse started; ON until 60806.27s, cooldown until 60810.27s"
60813.05,INFO,"Mister pulse started; ON until 60813.30s, cooldown until 60817.30s"
60823.01,INFO,"Mister pulse started; ON until 60823.26s, cooldown until 60827.26s"
60832.04,INFO,"Mister pulse started; ON until 60832.29s, cooldown until 60836.29s"
60843.04,INFO,"Mister pulse started; ON until 60843.29s, cooldown until 60847.29s"
60859.04,INFO,"Mister pulse started; ON until 60859.29s, cooldown until 60863.29s"
60874.01,INFO,"Mister pulse started; ON until 60874.26s, cooldown until 60878.26s"
60887.02,INFO,"Mister pulse started; ON until 60887.27s, cooldown until 60891.27s"
60899.05,INFO,"Mister pulse started; ON until 60899.30s, cooldown until 60903.30s"
60913.03,INFO,"Mister pulse started; ON until 60913.28s, cooldown until 60917.28s"
60924.03,INFO,"Mister pulse started; ON until 60924.28s, cooldown until 60928.28s"
60929.04,INFO,"Mister pulse started; ON until 60929.29s, cooldown until 60933.29s"
60944.01,INFO,"Mister pulse started; ON until 60944.26s, cooldown until 60948.26s"
60956.04,INFO,"Mister pulse started; ON until 60956.29s, cooldown until 60960.29s"
60961.05,INFO,"Mister pulse started; ON until 60961.30s, cooldown until 60965.30s"
60977.01,INFO,"Mister pulse started; ON until 60977.26s, cooldown until 60981.26s"
60990.02,INFO,"Mister pulse started; ON until 60990.27s, cooldown until 60994.27s"
61001.02,INFO,"Mister pulse started; ON until 61001.27s, cooldown until 61005.27s"
61017.02,INFO,"Mister pulse started; ON until 61017.27s, cooldown until 61021.27s"
61031.00,INFO,"Mister pulse started; ON until 61031.25s, cooldown until 61035.25s"
61043.03,INFO,"Mister pulse started; ON until 61043.28s, cooldown until 61047.28s"
61048.04,INFO,"Mister pulse started; ON until 61048.29s, cooldown until 61052.29s"
61062.02,INFO,"Mister pulse started; ON until 61062.27s, cooldown until 61066.27s"
61074.05,INFO,"Mister pulse started; ON until 61074.30s, cooldown until 61078.30s"
61090.05,INFO,"Mister pulse started; ON until 61090.30s, cooldown until 61094.30s"
61102.03,INFO,"Mister pulse started; ON until 61102.28s, cooldown until 61106.28s"
61113.02,INFO,"Mister pulse started; ON until 61113.27s, cooldown until 61117.27s"
61128.05,INFO,"Mister pulse started; ON until 61128.30s, cooldown until 61132.30s"
61141.00,INFO,"Mister pulse started; ON until 61141.25s, cooldown until 61145.25s"
61152.00,INFO,"Mister pulse started; ON until 61152.25s, cooldown until 61156.25s"
61166.04,INFO,"Mister pulse started; ON until 61166.29s, cooldown until 61170.29s"
61177.04,INFO,"Mister pulse started; ON until 61177.29s, cooldown until 61181.29s"
61191.03,INFO,"Mister pulse started; ON until 61191.28s, cooldown until 61195.28s"
61203.01,INFO,"Mister pulse started; ON until 61203.26s, cooldown until 61207.26s"
61208.02,INFO,"Mister pulse started; ON until 61208.27s, cooldown until 61212.27s"
61227.01,INFO,"Mister pulse started; ON until 61227.26s, cooldown until 61231.26s"
61232.02,INFO,"Mister pulse started; ON until 61232.27s, cooldown until 61236.27s"
61249.00,INFO,"Mister pulse started; ON until 61249.25s, cooldown until 61253.25s"
61254.01,INFO,"Mister pulse started; ON until 61254.26s, cooldown until 61258.26s"
61269.03,INFO,"Mister pulse started; ON until 61269.28s, cooldown until 61273.28s"
61279.05,INFO,"Mister pulse started; ON until 61279.30s, cooldown until 61283.30s"
61292.01,INFO,"Mister pulse started; ON until 61292.26s, cooldown until 61296.26s"
61302.03,INFO,"Mister pulse started; ON until 61302.28s, cooldown until 61306.28s"
61316.02,INFO,"Mister pulse started; ON until 61316.27s, cooldown until 61320.27s"
61325.01,INFO,"Mister pulse started; ON until 61325.26s, cooldown until 61329.26s"
61337.04,INFO,"Mister pulse started; ON until 61337.29s, cooldown until 61341.29s"
61344.01,INFO,"Mister pulse started; ON until 61344.26s, cooldown until 61348.26s"
61349.02,INFO,"Mister pulse started; ON until 61349.27s, cooldown until 61353.27s"
61365.01,INFO,"Mister pulse started; ON until 61365.26s, cooldown until 61369.26s"
61378.03,INFO,"Mister pulse started; ON until 61378.28s, cooldown until 61382.28s"
61385.05,INFO,"Mister pulse started; ON until 61385.30s, cooldown until 61389.30s"
61390.01,INFO,"Mister pulse started; ON until 61390.26s, cooldown until 61394.26s"
61408.03,INFO,"Mister pulse started; ON until 61408.28s, cooldown until 61412.28s"
61413.04,INFO,"Mister pulse started; ON until 61413.29s, cooldown until 61417.29s"
61426.01,INFO,"Mister pulse started; ON until 61426.26s, cooldown until 61430.26s"
61437.00,INFO,"Mister pulse started; ON until 61437.25s, cooldown until 61441.25s"
61453.00,INFO,"Mister pulse started; ON until 61453.25s, cooldown until 61457.25s"
61467.04,INFO,"Mister pulse started; ON until 61467.29s, cooldown until 61471.29s"
61478.04,INFO,"Mister pulse started; ON until 61478.29s, cooldown until 61482.29s"
61492.03,INFO,"Mister pulse started; ON until 61492.28s, cooldown until 61496.28s"
61505.04,INFO,"Mister pulse started; ON until 61505.29s, cooldown until 61509.29s"
61510.05,INFO,"Mister pulse started; ON until 61510.30s, cooldown until 61514.30s"
61528.01,INFO,"Mister pulse started; ON until 61528.26s, cooldown until 61532.26s"
61536.01,INFO,"Mister pulse started; ON until 61536.26s, cooldown until 61540.26s"
61547.02,INFO,"Mister pulse started; ON until 61547.27s, cooldown until 61551.27s"
61559.04,INFO,"Mister pulse started; ON until 61559.29s, cooldown until 61563.29s"
61564.00,INFO,"Mister pulse started; ON until 61564.25s, cooldown until 61568.25s"
61580.00,INFO,"Mister pulse started; ON until 61580.25s, cooldown until 61584.25s"
61594.04,INFO,"Mister pulse started; ON until 61594.29s, cooldown until 61598.29s"
61605.04,INFO,"Mister pulse started; ON until 61605.29s, cooldown until 61609.29s"
61619.03,INFO,"Mister pulse started; ON until 61619.28s, cooldown until 61623.28s"
61631.00,INFO,"Mister pulse started; ON until 61631.25s, cooldown until 61635.25s"
61636.01,INFO,"Mister pulse started; ON until 61636.26s, cooldown until 61640.26s"
61655.01,INFO,"Mister pulse started; ON until 61655.26s, cooldown until 61659.26s"
61660.01,INFO,"Mister pulse started; ON until 61660.26s, cooldown until 61664.26s"
61677.05,INFO,"Mister pulse started; ON until 61677.30s, cooldown until 61681.30s"
61690.01,INFO,"Mister pulse started; ON until 61690.26s, cooldown until 61694.26s"
61704.00,INFO,"Mister pulse started; ON until 61704.25s, cooldown until 61708.25s"
61713.03,INFO,"Mister pulse started; ON until 61713.28s, cooldown until 61717.28s"
61723.05,INFO,"Mister pulse started; ON until 61723.30s, cooldown until 61727.30s"
61736.00,INFO,"Mister pulse started; ON until 61736.25s, cooldown until 61740.25s"
61747.00,INFO,"Mister pulse started; ON until 61747.25s, cooldown until 61751.25s"
61761.00,INFO,"Mister pulse started; ON until 61761.25s, cooldown until 61765.25s"
61774.01,INFO,"Mister pulse started; ON until 61774.26s, cooldown until 61778.26s"
61779.02,INFO,"Mister pulse started; ON until 61779.27s, cooldown until 61783.27s"
61797.04,INFO,"Mister pulse started; ON until 61797.29s, cooldown until 61801.29s"
61802.00,INFO,"Mister pulse started; ON until 61802.25s, cooldown until 61806.25s"
61818.00,INFO,"Mister pulse started; ON until 61818.25s, cooldown until 61822.25s"
61833.03,INFO,"Mister pulse started; ON until 61833.28s, cooldown until 61837.28s"
61846.04,INFO,"Mister pulse started; ON until 61846.29s, cooldown until 61850.29s"
61851.05,INFO,"Mister pulse started; ON until 61851.30s, cooldown until 61855.30s"
61868.02,INFO,"Mister pulse started; ON until 61868.27s, cooldown until 61872.27s"
61873.04,INFO,"Mister pulse started; ON until 61873.29s, cooldown until 61877.29s"
61887.03,INFO,"Mister pulse started; ON until 61887.28s, cooldown until 61891.28s"
61896.01,INFO,"Mister pulse started; ON until 61896.26s, cooldown until 61900.26s"
61909.02,INFO,"Mister pulse started; ON until 61909.27s, cooldown until 61913.27s"
61919.04,INFO,"Mister pulse started; ON until 61919.29s, cooldown until 61923.29s"
61927.04,INFO,"Mister pulse started; ON until 61927.29s, cooldown until 61931.29s"
61938.05,INFO,"Mister pulse started; ON until 61938.30s, cooldown until 61942.30s"
61953.02,INFO,"Mister pulse started; ON until 61953.27s, cooldown until 61957.27s"
61968.04,INFO,"Mister pulse started; ON until 61968.29s, cooldown until 61972.29s"
61981.05,INFO,"Mister pulse started; ON until 61981.30s, cooldown until 61985.30s"
61986.00,INFO,"Mister pulse started; ON until 61986.25s, cooldown until 61990.25s"
61996.02,INFO,"Mister pulse started; ON until 61996.27s, cooldown until 62000.27s"
62003.05,INFO,"Mister pulse started; ON until 62003.30s, cooldown until 62007.30s"
62010.02,INFO,"Mister pulse started; ON until 62010.27s, cooldown until 62014.27s"
62019.00,INFO,"Mister pulse started; ON until 62019.25s, cooldown until 62023.25s"
62027.01,INFO,"Mister pulse started; ON until 62027.26s, cooldown until 62031.26s"
62036.04,INFO,"Mister pulse started; ON until 62036.29s, cooldown until 62040.29s"
62044.04,INFO,"Mister pulse started; ON until 62044.29s, cooldown until 62048.29s"
62054.01,INFO,"Mister pulse started; ON until 62054.26s, cooldown until 62058.26s"
62066.03,INFO,"Mister pulse started; ON until 62066.28s, cooldown until 62070.28s"
62072.02,INFO,"Mister pulse started; ON until 62072.27s, cooldown until 62076.27s"
62087.01,INFO,"Mister pulse started; ON until 62087.26s, cooldown until 62091.26s"
62102.04,INFO,"Mister pulse started; ON until 62102.29s, cooldown until 62106.29s"
62114.02,INFO,"Mister pulse started; ON until 62114.27s, cooldown until 62118.27s"
62119.03,INFO,"Mister pulse started; ON until 62119.28s, cooldown until 62123.28s"
62136.05,INFO,"Mister pulse started; ON until 62136.30s, cooldown until 62140.30s"
62151.02,INFO,"Mister pulse started; ON until 62151.27s, cooldown until 62155.27s"
62165.01,INFO,"Mister pulse started; ON until 62165.26s, cooldown until 62169.26s"
62175.02,INFO,"Mister pulse started; ON until 62175.27s, cooldown until 62179.27s"
62191.02,INFO,"Mister pulse started; ON until 62191.27s, cooldown until 62195.27s"
62204.02,INFO,"Mister pulse started; ON until 62204.27s, cooldown until 62208.27s"
62214.04,INFO,"Mister pulse started; ON until 62214.29s, cooldown until 62218.29s"
62227.05,INFO,"Mister pulse started; ON until 62227.30s, cooldown until 62231.30s"
62232.01,INFO,"Mister pulse started; ON until 62232.26s, cooldown until 62236.26s"
62244.05,INFO,"Mister pulse started; ON until 62244.30s, cooldown until 62248.30s"
62253.03,INFO,"Mister pulse started; ON until 62253.28s, cooldown until 62257.28s"
62265.01,INFO,"Mister pulse started; ON until 62265.26s, cooldown until 62269.26s"
62275.03,INFO,"Mister pulse started; ON until 62275.28s, cooldown until 62279.28s"
62280.03,INFO,"Mister pulse started; ON until 62280.28s, cooldown until 62284.28s"
62291.03,INFO,"Mister pulse started; ON until 62291.28s, cooldown until 62295.28s"
62301.00,INFO,"Mister pulse started; ON until 62301.25s, cooldown until 62305.25s"
62317.00,INFO,"Mister pulse started; ON until 62317.25s, cooldown until 62321.25s"
62330.01,INFO,"Mister pulse started; ON until 62330.26s, cooldown until 62334.26s"
62340.03,INFO,"Mister pulse started; ON until 62340.28s, cooldown until 62344.28s"
62354.02,INFO,"Mister pulse started; ON until 62354.27s, cooldown until 62358.27s"
62359.03,INFO,"Mister pulse started; ON until 62359.28s, cooldown until 62363.28s"
62370.03,INFO,"Mister pulse started; ON until 62370.28s, cooldown until 62374.28s"
62380.04,INFO,"Mister pulse started; ON until 62380.29s, cooldown until 62384.29s"
62394.03,INFO,"Mister pulse started; ON until 62394.28s, cooldown until 62398.28s"
62404.00,INFO,"Mister pulse started; ON until 62404.25s, cooldown until 62408.25s"
62417.01,INFO,"Mister pulse started; ON until 62417.26s, cooldown until 62421.26s"
62428.01,INFO,"Mister pulse started; ON until 62428.26s, cooldown until 62432.26s"
62444.01,INFO,"Mister pulse started; ON until 62444.26s, cooldown until 62448.26s"
62456.04,INFO,"Mister pulse started; ON until 62456.29s, cooldown until 62460.29s"
62461.05,INFO,"Mister pulse started; ON until 62461.30s, cooldown until 62465.30s"
62479.01,INFO,"Mister pulse started; ON until 62479.26s, cooldown until 62483.26s"
62488.04,INFO,"Mister pulse started; ON until 62488.29s, cooldown until 62492.29s"
62498.01,INFO,"Mister pulse started; ON until 62498.26s, cooldown until 62502.26s"
62503.02,INFO,"Mister pulse started; ON until 62503.27s, cooldown until 62507.27s"
62518.00,INFO,"Mister pulse started; ON until 62518.25s, cooldown until 62522.25s"
62526.00,INFO,"Mister pulse started; ON until 62526.25s, cooldown until 62530.25s"
62535.04,INFO,"Mister pulse started; ON until 62535.29s, cooldown until 62539.29s"
62544.02,INFO,"Mister pulse started; ON until 62544.27s, cooldown until 62548.27s"
62555.02,INFO,"Mister pulse started; ON until 62555.27s, cooldown until 62559.27s"
62569.01,INFO,"Mister pulse started; ON until 62569.26s, cooldown until 62573.26s"
62582.02,INFO,"Mister pulse started; ON until 62582.27s, cooldown until 62586.27s"
62587.02,INFO,"Mister pulse started; ON until 62587.27s, cooldown until 62591.27s"
62604.00,INFO,"Mister pulse started; ON until 62604.25s, cooldown until 62608.25s"
62609.01,INFO,"Mister pulse started; ON until 62609.26s, cooldown until 62613.26s"
62624.03,INFO,"Mister pulse started; ON until 62624.28s, cooldown until 62628.28s"
62629.04,INFO,"Mister pulse started; ON until 62629.29s, cooldown until 62633.29s"
62641.02,INFO,"Mister pulse started; ON until 62641.27s, cooldown until 62645.27s"
62654.03,INFO,"Mister pulse started; ON until 62654.28s, cooldown until 62658.28s"
62659.04,INFO,"Mister pulse started; ON until 62659.29s, cooldown until 62663.29s"
62676.03,INFO,"Mister pulse started; ON until 62676.28s, cooldown until 62680.28s"
62681.04,INFO,"Mister pulse started; ON until 62681.29s, cooldown until 62685.29s"
62695.02,INFO,"Mister pulse started; ON until 62695.27s, cooldown until 62699.27s"
62706.02,INFO,"Mister pulse started; ON until 62706.27s, cooldown until 62710.27s"
62719.03,INFO,"Mister pulse started; ON until 62719.28s, cooldown until 62723.28s"
62730.03,INFO,"Mister pulse started; ON until 62730.28s, cooldown until 62734.28s"
62746.03,INFO,"Mister pulse started; ON until 62746.28s, cooldown until 62750.28s"
62759.03,INFO,"Mister pulse started; ON until 62759.28s, cooldown until 62763.28s"
62764.04,INFO,"Mister pulse started; ON until 62764.29s, cooldown until 62768.29s"
62776.02,INFO,"Mister pulse started; ON until 62776.27s, cooldown until 62780.27s"
62790.01,INFO,"Mister pulse started; ON until 62790.26s, cooldown until 62794.26s"
62800.03,INFO,"Mister pulse started; ON until 62800.28s, cooldown until 62804.28s"
62812.01,INFO,"Mister pulse started; ON until 62812.26s, cooldown until 62816.26s"
62817.03,INFO,"Mister pulse started; ON until 62817.28s, cooldown until 62821.28s"
62834.01,INFO,"Mister pulse started; ON until 62834.26s, cooldown until 62838.26s"
62839.02,INFO,"Mister pulse started; ON until 62839.27s, cooldown until 62843.27s"
62855.02,INFO,"Mister pulse started; ON until 62855.27s, cooldown until 62859.27s"
62864.01,INFO,"Mister pulse started; ON until 62864.26s, cooldown until 62868.26s"
62880.01,INFO,"Mister pulse started; ON until 62880.26s, cooldown until 62884.26s"
62894.00,INFO,"Mister pulse started; ON until 62894.25s, cooldown until 62898.25s"
62906.03,INFO,"Mister pulse started; ON until 62906.28s, cooldown until 62910.28s"
62911.04,INFO,"Mister pulse started; ON until 62911.29s, cooldown until 62915.29s"
62926.02,INFO,"Mister pulse started; ON until 62926.27s, cooldown until 62930.27s"
62938.05,INFO,"Mister pulse started; ON until 62938.30s, cooldown until 62942.30s"
62944.04,INFO,"Mister pulse started; ON until 62944.29s, cooldown until 62948.29s"
62961.01,INFO,"Mister pulse started; ON until 62961.26s, cooldown until 62965.26s"
62966.02,INFO,"Mister pulse started; ON until 62966.27s, cooldown until 62970.27s"
62980.01,INFO,"Mister pulse started; ON until 62980.26s, cooldown until 62984.26s"
62985.01,INFO,"Mister pulse started; ON until 62985.26s, cooldown until 62989.26s"
62997.05,INFO,"Mister pulse started; ON until 62997.30s, cooldown until 63001.30s"
63007.01,INFO,"Mister pulse started; ON until 63007.26s, cooldown until 63011.26s"
63023.01,INFO,"Mister pulse started; ON until 63023.26s, cooldown until 63027.26s"
63036.02,INFO,"Mister pulse started; ON until 63036.27s, cooldown until 63040.27s"
63046.04,INFO,"Mister pulse started; ON until 63046.29s, cooldown until 63050.29s"
63059.05,INFO,"Mister pulse started; ON until 63059.30s, cooldown until 63063.30s"
63066.02,INFO,"Mister pulse started; ON until 63066.27s, cooldown until 63070.27s"
63075.01,INFO,"Mister pulse started; ON until 63075.26s, cooldown until 63079.26s"
63087.04,INFO,"Mister pulse started; ON until 63087.29s, cooldown until 63091.29s"
63100.05,INFO,"Mister pulse started; ON until 63100.30s, cooldown until 63104.30s"
63105.00,INFO,"Mister pulse started; ON until 63105.25s, cooldown until 63109.25s"
63119.04,INFO,"Mister pulse started; ON until 63119.29s, cooldown until 63123.29s"
63133.04,INFO,"Mister pulse started; ON until 63133.29s, cooldown until 63137.29s"
63144.03,INFO,"Mister pulse started; ON until 63144.28s, cooldown until 63148.28s"
63149.03,INFO,"Mister pulse started; ON until 63149.28s, cooldown until 63153.28s"
63164.00,INFO,"Mister pulse started; ON until 63164.25s, cooldown until 63168.25s"
63175.05,INFO,"Mister pulse started; ON until 63175.30s, cooldown until 63179.30s"
63188.01,INFO,"Mister pulse started; ON until 63188.26s, cooldown until 63192.26s"
63202.05,INFO,"Mister pulse started; ON until 63202.30s, cooldown until 63206.30s"
63207.00,INFO,"Mister pulse started; ON until 63207.25s, cooldown until 63211.25s"
63218.00,INFO,"Mister pulse started; ON until 63218.25s, cooldown until 63222.25s"
63227.03,INFO,"Mister pulse started; ON until 63227.28s, cooldown until 63231.28s"
63239.01,INFO,"Mister pulse started; ON until 63239.26s, cooldown until 63243.26s"
63244.02,INFO,"Mister pulse started; ON until 63244.27s, cooldown until 63248.27s"
63258.01,INFO,"Mister pulse started; ON until 63258.26s, cooldown until 63262.26s"
63268.03,INFO,"Mister pulse started; ON until 63268.28s, cooldown until 63272.28s"
63282.02,INFO,"Mister pulse started; ON until 63282.27s, cooldown until 63286.27s"
63290.02,INFO,"Mister pulse started; ON until 63290.27s, cooldown until 63294.27s"
63302.01,INFO,"Mister pulse started; ON until 63302.26s, cooldown until 63306.26s"
63310.01,INFO,"Mister pulse started; ON until 63310.26s, cooldown until 63314.26s"
63315.02,INFO,"Mister pulse started; ON until 63315.27s, cooldown until 63319.27s"
63329.01,INFO,"Mister pulse started; ON until 63329.26s, cooldown until 63333.26s"
63339.02,INFO,"Mister pulse started; ON until 63339.27s, cooldown until 63343.27s"
63350.02,INFO,"Mister pulse started; ON until 63350.27s, cooldown until 63354.27s"
63355.03,INFO,"Mister pulse started; ON until 63355.28s, cooldown until 63359.28s"
63370.00,INFO,"Mister pulse started; ON until 63370.25s, cooldown until 63374.25s"
63381.00,INFO,"Mister pulse started; ON until 63381.25s, cooldown until 63385.25s"
63386.01,INFO,"Mister pulse started; ON until 63386.26s, cooldown until 63390.26s"
63401.03,INFO,"Mister pulse started; ON until 63401.28s, cooldown until 63405.28s"
63410.01,INFO,"Mister pulse started; ON until 63410.26s, cooldown until 63414.26s"
63424.04,INFO,"Mister pulse started; ON until 63424.29s, cooldown until 63428.29s"
63432.04,INFO,"Mister pulse started; ON until 63432.29s, cooldown until 63436.29s"
63440.05,INFO,"Mister pulse started; ON until 63440.30s, cooldown until 63444.30s"
63449.04,INFO,"Mister pulse started; ON until 63449.29s, cooldown until 63453.29s"
63461.01,INFO,"Mister pulse started; ON until 63461.26s, cooldown until 63465.26s"
63466.02,INFO,"Mister pulse started; ON until 63466.27s, cooldown until 63470.27s"
63480.01,INFO,"Mister pulse started; ON until 63480.26s, cooldown until 63484.26s"
63490.03,INFO,"Mister pulse started; ON until 63490.28s, cooldown until 63494.28s"
63502.01,INFO,"Mister pulse started; ON until 63502.26s, cooldown until 63506.26s"
63510.01,INFO,"Mister pulse started; ON until 63510.26s, cooldown until 63514.26s"
63520.03,INFO,"Mister pulse started; ON until 63520.28s, cooldown until 63524.28s"
63531.02,INFO,"Mister pulse started; ON until 63531.27s, cooldown until 63535.27s"
63545.01,INFO,"Mister pulse started; ON until 63545.26s, cooldown until 63549.26s"
63558.01,INFO,"Mister pulse started; ON until 63558.26s, cooldown until 63562.26s"
63564.05,INFO,"Mister pulse started; ON until 63564.30s, cooldown until 63568.30s"
63581.04,INFO,"Mister pulse started; ON until 63581.29s, cooldown until 63585.29s"
63586.00,INFO,"Mister pulse started; ON until 63586.25s, cooldown until 63590.25s"
63601.01,INFO,"Mister pulse started; ON until 63601.26s, cooldown until 63605.26s"
63614.02,INFO,"Mister pulse started; ON until 63614.27s, cooldown until 63618.27s"
63619.03,INFO,"Mister pulse started; ON until 63619.28s, cooldown until 63623.28s"
63636.02,INFO,"Mister pulse started; ON until 63636.27s, cooldown until 63640.27s"
63641.03,INFO,"Mister pulse started; ON until 63641.28s, cooldown until 63645.28s"
63654.04,INFO,"Mister pulse started; ON until 63654.29s, cooldown until 63658.29s"
63662.04,INFO,"Mister pulse started; ON until 63662.29s, cooldown until 63666.29s"
63671.02,INFO,"Mister pulse started; ON until 63671.27s, cooldown until 63675.27s"
63680.01,INFO,"Mister pulse started; ON until 63680.26s, cooldown until 63684.26s"
63694.04,INFO,"Mister pulse started; ON until 63694.29s, cooldown until 63698.29s"
63703.02,INFO,"Mister pulse started; ON until 63703.27s, cooldown until 63707.27s"
63713.04,INFO,"Mister pulse started; ON until 63713.29s, cooldown until 63717.29s"
63727.03,INFO,"Mister pulse started; ON until 63727.28s, cooldown until 63731.28s"
63735.03,INFO,"Mister pulse started; ON until 63735.28s, cooldown until 63739.28s"
63747.01,INFO,"Mister pulse started; ON until 63747.26s, cooldown until 63751.26s"
63752.02,INFO,"Mister pulse started; ON until 63752.27s, cooldown until 63756.27s"
63767.05,INFO,"Mister pulse started; ON until 63767.30s, cooldown until 63771.30s"
63777.02,INFO,"Mister pulse started; ON until 63777.27s, cooldown until 63781.27s"
63793.02,INFO,"Mister pulse started; ON until 63793.27s, cooldown until 63797.27s"
63806.03,INFO,"Mister pulse started; ON until 63806.28s, cooldown until 63810.28s"
63815.01,INFO,"Mister pulse started; ON until 63815.26s, cooldown until 63819.26s"
63830.03,INFO,"Mister pulse started; ON until 63830.28s, cooldown until 63834.28s"
63841.03,INFO,"Mister pulse started; ON until 63841.28s, cooldown until 63845.28s"
63854.04,INFO,"Mister pulse started; ON until 63854.29s, cooldown until 63858.29s"
63864.01,INFO,"Mister pulse started; ON until 63864.26s, cooldown until 63868.26s"
63879.03,INFO,"Mister pulse started; ON until 63879.28s, cooldown until 63883.28s"
63892.04,INFO,"Mister pulse started; ON until 63892.29s, cooldown until 63896.29s"
63897.05,INFO,"Mister pulse started; ON until 63897.30s, cooldown until 63901.30s"
63914.03,INFO,"Mister pulse started; ON until 63914.28s, cooldown until 63918.28s"
63919.04,INFO,"Mister pulse started; ON until 63919.29s, cooldown until 63923.29s"
63932.00,INFO,"Mister pulse started; ON until 63932.25s, cooldown until 63936.25s"
63942.02,INFO,"Mister pulse started; ON until 63942.27s, cooldown until 63946.27s"
63955.03,INFO,"Mister pulse started; ON until 63955.28s, cooldown until 63959.28s"
63960.04,INFO,"Mister pulse started; ON until 63960.29s, cooldown until 63964.29s"
63978.01,INFO,"Mister pulse started; ON until 63978.26s, cooldown until 63982.26s"
63983.02,INFO,"Mister pulse started; ON until 63983.27s, cooldown until 63987.27s"
64000.05,INFO,"Mister pulse started; ON until 64000.30s, cooldown until 64004.30s"
64014.05,INFO,"Mister pulse started; ON until 64014.30s, cooldown until 64018.30s"
64026.03,INFO,"Mister pulse started; ON until 64026.28s, cooldown until 64030.28s"
64036.04,INFO,"Mister pulse started; ON until 64036.29s, cooldown until 64040.29s"
64045.02,INFO,"Mister pulse started; ON until 64045.27s, cooldown until 64049.27s"
64059.01,INFO,"Mister pulse started; ON until 64059.26s, cooldown until 64063.26s"
64069.03,INFO,"Mister pulse started; ON until 64069.28s, cooldown until 64073.28s"
64082.04,INFO,"Mister pulse started; ON until 64082.29s, cooldown until 64086.29s"
64092.01,INFO,"Mister pulse started; ON until 64092.26s, cooldown until 64096.26s"
64104.04,INFO,"Mister pulse started; ON until 64104.29s, cooldown until 64108.29s"
64109.00,INFO,"Mister pulse started; ON until 64109.25s, cooldown until 64113.25s"
64125.01,INFO,"Mister pulse started; ON until 64125.26s, cooldown until 64129.26s"
64138.01,INFO,"Mister pulse started; ON until 64138.26s, cooldown until 64142.26s"
64149.01,INFO,"Mister pulse started; ON until 64149.26s, cooldown until 64153.26s"
64163.01,INFO,"Mister pulse started; ON until 64163.26s, cooldown until 64167.26s"
64174.05,INFO,"Mister pulse started; ON until 64174.30s, cooldown until 64178.30s"
64190.00,INFO,"Mister pulse started; ON until 64190.25s, cooldown until 64194.25s"
64195.01,INFO,"Mister pulse started; ON until 64195.26s, cooldown until 64199.26s"
64210.04,INFO,"Mister pulse started; ON until 64210.29s, cooldown until 64214.29s"
64215.04,INFO,"Mister pulse started; ON until 64215.29s, cooldown until 64219.29s"
64226.04,INFO,"Mister pulse started; ON until 64226.29s, cooldown until 64230.29s"
64233.01,INFO,"Mister pulse started; ON until 64233.26s, cooldown until 64237.26s"
64247.00,INFO,"Mister pulse started; ON until 64247.25s, cooldown until 64251.25s"
64253.04,INFO,"Mister pulse started; ON until 64253.29s, cooldown until 64257.29s"
64270.02,INFO,"Mister pulse started; ON until 64270.27s, cooldown until 64274.27s"
64275.03,INFO,"Mister pulse started; ON until 64275.28s, cooldown until 64279.28s"
64288.04,INFO,"Mister pulse started; ON until 64288.29s, cooldown until 64292.29s"
64297.03,INFO,"Mister pulse started; ON until 64297.28s, cooldown until 64301.28s"
64308.02,INFO,"Mister pulse started; ON until 64308.27s, cooldown until 64312.27s"
64323.04,INFO,"Mister pulse started; ON until 64323.29s, cooldown until 64327.29s"
64336.05,INFO,"Mister pulse started; ON until 64336.30s, cooldown until 64340.30s"
64341.01,INFO,"Mister pulse started; ON until 64341.26s, cooldown until 64345.26s"
64352.05,INFO,"Mister pulse started; ON until 64352.30s, cooldown until 64356.30s"
64361.03,INFO,"Mister pulse started; ON until 64361.28s, cooldown until 64365.28s"
64366.04,INFO,"Mister pulse started; ON until 64366.29s, cooldown until 64370.29s"
64377.04,INFO,"Mister pulse started; ON until 64377.29s, cooldown until 64381.29s"
64389.02,INFO,"Mister pulse started; ON until 64389.27s, cooldown until 64393.27s"
64394.03,INFO,"Mister pulse started; ON until 64394.28s, cooldown until 64398.28s"
64410.03,INFO,"Mister pulse started; ON until 64410.28s, cooldown until 64414.28s"
64415.04,INFO,"Mister pulse started; ON until 64415.29s, cooldown until 64419.29s"
64431.04,INFO,"Mister pulse started; ON until 64431.29s, cooldown until 64435.29s"
64436.00,INFO,"Mister pulse started; ON until 64436.25s, cooldown until 64440.25s"
64444.05,INFO,"Mister pulse started; ON until 64444.30s, cooldown until 64448.30s"
64460.01,INFO,"Mister pulse started; ON until 64460.26s, cooldown until 64464.26s"
64465.02,INFO,"Mister pulse started; ON until 64465.27s, cooldown until 64469.27s"
64480.04,INFO,"Mister pulse started; ON until 64480.29s, cooldown until 64484.29s"
64485.04,INFO,"Mister pulse started; ON until 64485.29s, cooldown until 64489.29s"
64497.03,INFO,"Mister pulse started; ON until 64497.28s, cooldown until 64501.28s"
64509.00,INFO,"Mister pulse started; ON until 64509.25s, cooldown until 64513.25s"
64514.02,INFO,"Mister pulse started; ON until 64514.27s, cooldown until 64518.27s"
64532.03,INFO,"Mister pulse started; ON until 64532.28s, cooldown until 64536.28s"
64537.04,INFO,"Mister pulse started; ON until 64537.29s, cooldown until 64541.29s"
64552.02,INFO,"Mister pulse started; ON until 64552.27s, cooldown until 64556.27s"
64564.00,INFO,"Mister pulse started; ON until 64564.25s, cooldown until 64568.25s"
64569.01,INFO,"Mister pulse started; ON until 64569.26s, cooldown until 64573.26s"
64587.04,INFO,"Mister pulse started; ON until 64587.29s, cooldown until 64591.29s"
64592.05,INFO,"Mister pulse started; ON until 64592.30s, cooldown until 64596.30s"
64607.02,INFO,"Mister pulse started; ON until 64607.27s, cooldown until 64611.27s"
64618.02,INFO,"Mister pulse started; ON until 64618.27s, cooldown until 64622.27s"
64623.03,INFO,"Mister pulse started; ON until 64623.28s, cooldown until 64627.28s"
64638.01,INFO,"Mister pulse started; ON until 64638.26s, cooldown until 64642.26s"
64650.03,INFO,"Mister pulse started; ON until 64650.28s, cooldown until 64654.28s"
64655.04,INFO,"Mister pulse started; ON until 64655.29s, cooldown until 64659.29s"
64669.04,INFO,"Mister pulse started; ON until 64669.29s, cooldown until 64673.29s"
64674.00,INFO,"Mister pulse started; ON until 64674.25s, cooldown until 64678.25s"
64688.04,INFO,"Mister pulse started; ON until 64688.29s, cooldown until 64692.29s"
64703.02,INFO,"Mister pulse started; ON until 64703.27s, cooldown until 64707.27s"
64715.04,INFO,"Mister pulse started; ON until 64715.29s, cooldown until 64719.29s"
64725.01,INFO,"Mister pulse started; ON until 64725.26s, cooldown until 64729.26s"
64738.02,INFO,"Mister pulse started; ON until 64738.27s, cooldown until 64742.27s"
64743.02,INFO,"Mister pulse started; ON until 64743.27s, cooldown until 64747.27s"
64760.00,INFO,"Mister pulse started; ON until 64760.25s, cooldown until 64764.25s"
64765.01,INFO,"Mister pulse started; ON until 64765.26s, cooldown until 64769.26s"
64778.02,INFO,"Mister pulse started; ON until 64778.27s, cooldown until 64782.27s"
64785.05,INFO,"Mister pulse started; ON until 64785.30s, cooldown until 64789.30s"
64794.03,INFO,"Mister pulse started; ON until 64794.28s, cooldown until 64798.28s"
64799.04,INFO,"Mister pulse started; ON until 64799.29s, cooldown until 64803.29s"
64814.01,INFO,"Mister pulse started; ON until 64814.26s, cooldown until 64818.26s"
64829.03,INFO,"Mister pulse started; ON until 64829.28s, cooldown until 64833.28s"
64843.01,INFO,"Mister pulse started; ON until 64843.26s, cooldown until 64847.26s"
64854.01,INFO,"Mister pulse started; ON until 64854.26s, cooldown until 64858.26s"
64868.01,INFO,"Mister pulse started; ON until 64868.26s, cooldown until 64872.26s"
64880.03,INFO,"Mister pulse started; ON until 64880.28s, cooldown until 64884.28s"
64885.04,INFO,"Mister pulse started; ON until 64885.29s, cooldown until 64889.29s"
64898.00,INFO,"Mister pulse started; ON until 64898.25s, cooldown until 64902.25s"
64903.01,INFO,"Mister pulse started; ON until 64903.26s, cooldown until 64907.26s"
64915.05,INFO,"Mister pulse started; ON until 64915.30s, cooldown until 64919.30s"
64926.05,INFO,"Mister pulse started; ON until 64926.30s, cooldown until 64930.30s"
64940.05,INFO,"Mister pulse started; ON until 64940.30s, cooldown until 64944.30s"
64951.05,INFO,"Mister pulse started; ON until 64951.30s, cooldown until 64955.30s"
64956.00,INFO,"Mister pulse started; ON until 64956.25s, cooldown until 64960.25s"
64972.01,INFO,"Mister pulse started; ON until 64972.26s, cooldown until 64976.26s"
64985.02,INFO,"Mister pulse started; ON until 64985.27s, cooldown until 64989.27s"
64996.01,INFO,"Mister pulse started; ON until 64996.26s, cooldown until 65000.26s"
65009.02,INFO,"Mister pulse started; ON until 65009.27s, cooldown until 65013.27s"
65018.01,INFO,"Mister pulse started; ON until 65018.26s, cooldown until 65022.26s"
65032.05,INFO,"Mister pulse started; ON until 65032.30s, cooldown until 65036.30s"
65039.02,INFO,"Mister pulse started; ON until 65039.27s, cooldown until 65043.27s"
65049.04,INFO,"Mister pulse started; ON until 65049.29s, cooldown until 65053.29s"
65055.03,INFO,"Mister pulse started; ON until 65055.28s, cooldown until 65059.28s"
65067.01,INFO,"Mister pulse started; ON until 65067.26s, cooldown until 65071.26s"
65081.05,INFO,"Mister pulse started; ON until 65081.30s, cooldown until 65085.30s"
65086.01,INFO,"Mister pulse started; ON until 65086.26s, cooldown until 65090.26s"
65099.02,INFO,"Mister pulse started; ON until 65099.27s, cooldown until 65103.27s"
65112.02,INFO,"Mister pulse started; ON until 65112.27s, cooldown until 65116.27s"
65122.04,INFO,"Mister pulse started; ON until 65122.29s, cooldown until 65126.29s"
65136.03,INFO,"Mister pulse started; ON until 65136.28s, cooldown until 65140.28s"
65141.00,INFO,"Mister pulse started; ON until 65141.25s, cooldown until 65145.25s"
65154.01,INFO,"Mister pulse started; ON until 65154.26s, cooldown until 65158.26s"
65169.04,INFO,"Mister pulse started; ON until 65169.29s, cooldown until 65173.29s"
65179.00,INFO,"Mister pulse started; ON until 65179.25s, cooldown until 65183.25s"
65187.01,INFO,"Mister pulse started; ON until 65187.26s, cooldown until 65191.26s"
65192.02,INFO,"Mister pulse started; ON until 65192.27s, cooldown until 65196.27s"
65207.04,INFO,"Mister pulse started; ON until 65207.29s, cooldown until 65211.29s"
65217.01,INFO,"Mister pulse started; ON until 65217.26s, cooldown until 65221.26s"
65231.04,INFO,"Mister pulse started; ON until 65231.29s, cooldown until 65235.29s"
65241.01,INFO,"Mister pulse started; ON until 65241.26s, cooldown until 65245.26s"
65256.04,INFO,"Mister pulse started; ON until 65256.29s, cooldown until 65260.29s"
65267.03,INFO,"Mister pulse started; ON until 65267.28s, cooldown until 65271.28s"
65272.04,INFO,"Mister pulse started; ON until 65272.29s, cooldown until 65276.29s"
65287.01,INFO,"Mister pulse started; ON until 65287.26s, cooldown until 65291.26s"
65298.01,INFO,"Mister pulse started; ON until 65298.26s, cooldown until 65302.26s"
65303.02,INFO,"Mister pulse started; ON until 65303.27s, cooldown until 65307.27s"
65318.04,INFO,"Mister pulse started; ON until 65318.29s, cooldown until 65322.29s"
65323.05,INFO,"Mister pulse started; ON until 65323.30s, cooldown until 65327.30s"
65334.04,INFO,"Mister pulse started; ON until 65334.29s, cooldown until 65338.29s"
65344.01,INFO,"Mister pulse started; ON until 65344.26s, cooldown until 65348.26s"
65359.03,INFO,"Mister pulse started; ON until 65359.28s, cooldown until 65363.28s"
65370.02,INFO,"Mister pulse started; ON until 65370.27s, cooldown until 65374.27s"
65375.03,INFO,"Mister pulse started; ON until 65375.28s, cooldown until 65379.28s"
65389.01,INFO,"Mister pulse started; ON until 65389.26s, cooldown until 65393.26s"
65399.03,INFO,"Mister pulse started; ON until 65399.28s, cooldown until 65403.28s"
65410.02,INFO,"Mister pulse started; ON until 65410.27s, cooldown until 65414.27s"
65415.03,INFO,"Mister pulse started; ON until 65415.28s, cooldown until 65419.28s"
65430.00,INFO,"Mister pulse started; ON until 65430.25s, cooldown until 65434.25s"
65443.01,INFO,"Mister pulse started; ON until 65443.26s, cooldown until 65447.26s"
65452.04,INFO,"Mister pulse started; ON until 65452.29s, cooldown until 65456.29s"
65457.05,INFO,"Mister pulse started; ON until 65457.30s, cooldown until 65461.30s"
65475.02,INFO,"Mister pulse started; ON until 65475.27s, cooldown until 65479.27s"
65480.03,INFO,"Mister pulse started; ON until 65480.28s, cooldown until 65484.28s"
65496.04,INFO,"Mister pulse started; ON until 65496.29s, cooldown until 65500.29s"
65510.03,INFO,"Mister pulse started; ON until 65510.28s, cooldown until 65514.28s"
65524.02,INFO,"Mister pulse started; ON until 65524.27s, cooldown until 65528.27s"
65534.04,INFO,"Mister pulse started; ON until 65534.29s, cooldown until 65538.29s"
65547.00,INFO,"Mister pulse started; ON until 65547.25s, cooldown until 65551.25s"
65552.02,INFO,"Mister pulse started; ON until 65552.27s, cooldown until 65556.27s"
65565.02,INFO,"Mister pulse started; ON until 65565.27s, cooldown until 65569.27s"
65578.03,INFO,"Mister pulse started; ON until 65578.28s, cooldown until 65582.28s"
65583.04,INFO,"Mister pulse started; ON until 65583.29s, cooldown until 65587.29s"
65599.04,INFO,"Mister pulse started; ON until 65599.29s, cooldown until 65603.29s"
65614.01,INFO,"Mister pulse started; ON until 65614.26s, cooldown until 65618.26s"
65628.01,INFO,"Mister pulse started; ON until 65628.26s, cooldown until 65632.26s"
65638.03,INFO,"Mister pulse started; ON until 65638.28s, cooldown until 65642.28s"
65653.00,INFO,"Mister pulse started; ON until 65653.25s, cooldown until 65657.25s"
65667.04,INFO,"Mister pulse started; ON until 65667.29s, cooldown until 65671.29s"
65677.05,INFO,"Mister pulse started; ON until 65677.30s, cooldown until 65681.30s"
65690.01,INFO,"Mister pulse started; ON until 65690.26s, cooldown until 65694.26s"
65698.01,INFO,"Mister pulse started; ON until 65698.26s, cooldown until 65702.26s"
65712.05,INFO,"Mister pulse started; ON until 65712.30s, cooldown until 65716.30s"
65717.01,INFO,"Mister pulse started; ON until 65717.26s, cooldown until 65721.26s"
65732.03,INFO,"Mister pulse started; ON until 65732.28s, cooldown until 65736.28s"
65744.01,INFO,"Mister pulse started; ON until 65744.26s, cooldown until 65748.26s"
65752.02,INFO,"Mister pulse started; ON until 65752.27s, cooldown until 65756.27s"
65760.02,INFO,"Mister pulse started; ON until 65760.27s, cooldown until 65764.27s"
65769.00,INFO,"Mister pulse started; ON until 65769.25s, cooldown until 65773.25s"
65782.01,INFO,"Mister pulse started; ON until 65782.26s, cooldown until 65786.26s"
65787.02,INFO,"Mister pulse started; ON until 65787.27s, cooldown until 65791.27s"
65799.05,INFO,"Mister pulse started; ON until 65799.30s, cooldown until 65803.30s"
65804.01,INFO,"Mister pulse started; ON until 65804.26s, cooldown until 65808.26s"
65822.03,INFO,"Mister pulse started; ON until 65822.28s, cooldown until 65826.28s"
65827.04,INFO,"Mister pulse started; ON until 65827.29s, cooldown until 65831.29s"
65840.05,INFO,"Mister pulse started; ON until 65840.30s, cooldown until 65844.30s"
65845.01,INFO,"Mister pulse started; ON until 65845.26s, cooldown until 65849.26s"
65857.04,INFO,"Mister pulse started; ON until 65857.29s, cooldown until 65861.29s"
65862.05,INFO,"Mister pulse started; ON until 65862.30s, cooldown until 65866.30s"
65871.03,INFO,"Mister pulse started; ON until 65871.28s, cooldown until 65875.28s"
65881.04,INFO,"Mister pulse started; ON until 65881.29s, cooldown until 65885.29s"
65892.04,INFO,"Mister pulse started; ON until 65892.29s, cooldown until 65896.29s"
65905.00,INFO,"Mister pulse started; ON until 65905.25s, cooldown until 65909.25s"
65918.01,INFO,"Mister pulse started; ON until 65918.26s, cooldown until 65922.26s"
65923.02,INFO,"Mister pulse started; ON until 65923.27s, cooldown until 65927.27s"
65939.02,INFO,"Mister pulse started; ON until 65939.27s, cooldown until 65943.27s"
65953.01,INFO,"Mister pulse started; ON until 65953.26s, cooldown until 65957.26s"
65967.00,INFO,"Mister pulse started; ON until 65967.25s, cooldown until 65971.25s"
65973.04,INFO,"Mister pulse started; ON until 65973.29s, cooldown until 65977.29s"
65985.02,INFO,"Mister pulse started; ON until 65985.27s, cooldown until 65989.27s"
65996.01,INFO,"Mister pulse started; ON until 65996.26s, cooldown until 66000.26s"
66001.02,INFO,"Mister pulse started; ON until 66001.27s, cooldown until 66005.27s"
66014.03,INFO,"Mister pulse started; ON until 66014.28s, cooldown until 66018.28s"
66023.02,INFO,"Mister pulse started; ON until 66023.27s, cooldown until 66027.27s"
66035.05,INFO,"Mister pulse started; ON until 66035.30s, cooldown until 66039.30s"
66049.04,INFO,"Mister pulse started; ON until 66049.29s, cooldown until 66053.29s"
66061.01,INFO,"Mister pulse started; ON until 66061.26s, cooldown until 66065.26s"
66069.01,INFO,"Mister pulse started; ON until 66069.26s, cooldown until 66073.26s"
66078.04,INFO,"Mister pulse started; ON until 66078.29s, cooldown until 66082.29s"
66083.05,INFO,"Mister pulse started; ON until 66083.30s, cooldown until 66087.30s"
66102.00,INFO,"Mister pulse started; ON until 66102.25s, cooldown until 66106.25s"
66112.01,INFO,"Mister pulse started; ON until 66112.26s, cooldown until 66116.26s"
66125.02,INFO,"Mister pulse started; ON until 66125.27s, cooldown until 66129.27s"
66132.05,INFO,"Mister pulse started; ON until 66132.30s, cooldown until 66136.30s"
66139.01,INFO,"Mister pulse started; ON until 66139.26s, cooldown until 66143.26s"
66147.02,INFO,"Mister pulse started; ON until 66147.27s, cooldown until 66151.27s"
66154.05,INFO,"Mister pulse started; ON until 66154.30s, cooldown until 66158.30s"
66170.05,INFO,"Mister pulse started; ON until 66170.30s, cooldown until 66174.30s"
66183.01,INFO,"Mister pulse started; ON until 66183.26s, cooldown until 66187.26s"
66193.02,INFO,"Mister pulse started; ON until 66193.27s, cooldown until 66197.27s"
66211.03,INFO,"Mister pulse started; ON until 66211.28s, cooldown until 66215.28s"
66216.04,INFO,"Mister pulse started; ON until 66216.29s, cooldown until 66220.29s"
66229.04,INFO,"Mister pulse started; ON until 66229.29s, cooldown until 66233.29s"
66234.05,INFO,"Mister pulse started; ON until 66234.30s, cooldown until 66238.30s"
66251.03,INFO,"Mister pulse started; ON until 66251.28s, cooldown until 66255.28s"
66256.04,INFO,"Mister pulse started; ON until 66256.29s, cooldown until 66260.29s"
66271.02,INFO,"Mister pulse started; ON until 66271.27s, cooldown until 66275.27s"
66282.01,INFO,"Mister pulse started; ON until 66282.26s, cooldown until 66286.26s"
66287.02,INFO,"Mister pulse started; ON until 66287.27s, cooldown until 66291.27s"
66301.00,INFO,"Mister pulse started; ON until 66301.25s, cooldown until 66305.25s"
66312.01,INFO,"Mister pulse started; ON until 66312.26s, cooldown until 66316.26s"
66327.02,INFO,"Mister pulse started; ON until 66327.27s, cooldown until 66331.27s"
66339.05,INFO,"Mister pulse started; ON until 66339.30s, cooldown until 66343.30s"
66344.02,INFO,"Mister pulse started; ON until 66344.27s, cooldown until 66348.27s"
66360.03,INFO,"Mister pulse started; ON until 66360.28s, cooldown until 66364.28s"
66373.04,INFO,"Mister pulse started; ON until 66373.29s, cooldown until 66377.29s"
66383.01,INFO,"Mister pulse started; ON until 66383.26s, cooldown until 66387.26s"
66398.03,INFO,"Mister pulse started; ON until 66398.28s, cooldown until 66402.28s"
66411.05,INFO,"Mister pulse started; ON until 66411.30s, cooldown until 66415.30s"
66416.00,INFO,"Mister pulse started; ON until 66416.25s, cooldown until 66420.25s"
66425.04,INFO,"Mister pulse started; ON until 66425.29s, cooldown until 66429.29s"
66432.01,INFO,"Mister pulse started; ON until 66432.26s, cooldown until 66436.26s"
66437.02,INFO,"Mister pulse started; ON until 66437.27s, cooldown until 66441.27s"
66453.03,INFO,"Mister pulse started; ON until 66453.28s, cooldown until 66457.28s"
66466.04,INFO,"Mister pulse started; ON until 66466.29s, cooldown until 66470.29s"
66471.04,INFO,"Mister pulse started; ON until 66471.29s, cooldown until 66475.29s"
66489.01,INFO,"Mister pulse started; ON until 66489.26s, cooldown until 66493.26s"
66494.02,INFO,"Mister pulse started; ON until 66494.27s, cooldown until 66498.27s"
66512.04,INFO,"Mister pulse started; ON until 66512.29s, cooldown until 66516.29s"
66517.00,INFO,"Mister pulse started; ON until 66517.25s, cooldown until 66521.25s"
66533.01,INFO,"Mister pulse started; ON until 66533.26s, cooldown until 66537.26s"
66548.03,INFO,"Mister pulse started; ON until 66548.28s, cooldown until 66552.28s"
66558.05,INFO,"Mister pulse started; ON until 66558.30s, cooldown until 66562.30s"
66574.05,INFO,"Mister pulse started; ON until 66574.30s, cooldown until 66578.30s"
66587.01,INFO,"Mister pulse started; ON until 66587.26s, cooldown until 66591.26s"
66598.01,INFO,"Mister pulse started; ON until 66598.26s, cooldown until 66602.26s"
66604.00,INFO,"Mister pulse started; ON until 66604.25s, cooldown until 66608.25s"
66621.04,INFO,"Mister pulse started; ON until 66621.29s, cooldown until 66625.29s"
66635.03,INFO,"Mister pulse started; ON until 66635.28s, cooldown until 66639.28s"
66646.03,INFO,"Mister pulse started; ON until 66646.28s, cooldown until 66650.28s"
66651.04,INFO,"Mister pulse started; ON until 66651.29s, cooldown until 66655.29s"
66666.01,INFO,"Mister pulse started; ON until 66666.26s, cooldown until 66670.26s"
66678.04,INFO,"Mister pulse started; ON until 66678.29s, cooldown until 66682.29s"
66683.05,INFO,"Mister pulse started; ON until 66683.30s, cooldown until 66687.30s"
66697.03,INFO,"Mister pulse started; ON until 66697.28s, cooldown until 66701.28s"
66708.03,INFO,"Mister pulse started; ON until 66708.28s, cooldown until 66712.28s"
66722.02,INFO,"Mister pulse started; ON until 66722.27s, cooldown until 66726.27s"
66733.02,INFO,"Mister pulse started; ON until 66733.27s, cooldown until 66737.27s"
66739.01,INFO,"Mister pulse started; ON until 66739.26s, cooldown until 66743.26s"
66754.03,INFO,"Mister pulse started; ON until 66754.28s, cooldown until 66758.28s"
66767.04,INFO,"Mister pulse started; ON until 66767.29s, cooldown until 66771.29s"
66777.01,INFO,"Mister pulse started; ON until 66777.26s, cooldown until 66781.26s"
66787.02,INFO,"Mister pulse started; ON until 66787.27s, cooldown until 66791.27s"
66802.05,INFO,"Mister pulse started; ON until 66802.30s, cooldown until 66806.30s"
66814.02,INFO,"Mister pulse started; ON until 66814.27s, cooldown until 66818.27s"
66819.03,INFO,"Mister pulse started; ON until 66819.28s, cooldown until 66823.28s"
66838.03,INFO,"Mister pulse started; ON until 66838.28s, cooldown until 66842.28s"
66843.04,INFO,"Mister pulse started; ON until 66843.29s, cooldown until 66847.29s"
66859.05,INFO,"Mister pulse started; ON until 66859.30s, cooldown until 66863.30s"
66875.01,INFO,"Mister pulse started; ON until 66875.26s, cooldown until 66879.26s"
66880.01,INFO,"Mister pulse started; ON until 66880.26s, cooldown until 66884.26s"
66891.02,INFO,"Mister pulse started; ON until 66891.27s, cooldown until 66895.27s"
66896.03,INFO,"Mister pulse started; ON until 66896.28s, cooldown until 66900.28s"
66910.02,INFO,"Mister pulse started; ON until 66910.27s, cooldown until 66914.27s"
66920.04,INFO,"Mister pulse started; ON until 66920.29s, cooldown until 66924.29s"
66935.01,INFO,"Mister pulse started; ON until 66935.26s, cooldown until 66939.26s"
66946.01,INFO,"Mister pulse started; ON until 66946.26s, cooldown until 66950.26s"
66951.02,INFO,"Mister pulse started; ON until 66951.27s, cooldown until 66955.27s"
66965.01,INFO,"Mister pulse started; ON until 66965.26s, cooldown until 66969.26s"
66977.04,INFO,"Mister pulse started; ON until 66977.29s, cooldown until 66981.29s"
66990.00,INFO,"Mister pulse started; ON until 66990.25s, cooldown until 66994.25s"
67003.02,INFO,"Mister pulse started; ON until 67003.27s, cooldown until 67007.27s"
67008.02,INFO,"Mister pulse started; ON until 67008.27s, cooldown until 67012.27s"
67027.03,INFO,"Mister pulse started; ON until 67027.28s, cooldown until 67031.28s"
67035.03,INFO,"Mister pulse started; ON until 67035.28s, cooldown until 67039.28s"
67041.01,INFO,"Mister pulse started; ON until 67041.26s, cooldown until 67045.26s"
67051.04,INFO,"Mister pulse started; ON until 67051.29s, cooldown until 67055.29s"
67058.00,INFO,"Mister pulse started; ON until 67058.25s, cooldown until 67062.25s"
67070.03,INFO,"Mister pulse started; ON until 67070.28s, cooldown until 67074.28s"
67082.01,INFO,"Mister pulse started; ON until 67082.26s, cooldown until 67086.26s"
67087.02,INFO,"Mister pulse started; ON until 67087.27s, cooldown until 67091.27s"
67105.03,INFO,"Mister pulse started; ON until 67105.28s, cooldown until 67109.28s"
67110.00,INFO,"Mister pulse started; ON until 67110.25s, cooldown until 67114.25s"
67125.02,INFO,"Mister pulse started; ON until 67125.27s, cooldown until 67129.27s"
67138.03,INFO,"Mister pulse started; ON until 67138.28s, cooldown until 67142.28s"
67143.04,INFO,"Mister pulse started; ON until 67143.29s, cooldown until 67147.29s"
67160.02,INFO,"Mister pulse started; ON until 67160.27s, cooldown until 67164.27s"
67165.03,INFO,"Mister pulse started; ON until 67165.28s, cooldown until 67169.28s"
67179.02,INFO,"Mister pulse started; ON until 67179.27s, cooldown until 67183.27s"
67190.01,INFO,"Mister pulse started; ON until 67190.26s, cooldown until 67194.26s"
67204.00,INFO,"Mister pulse started; ON until 67204.25s, cooldown until 67208.25s"
67215.05,INFO,"Mister pulse started; ON until 67215.30s, cooldown until 67219.30s"
67231.01,INFO,"Mister pulse started; ON until 67231.26s, cooldown until 67235.26s"
67236.02,INFO,"Mister pulse started; ON until 67236.27s, cooldown until 67240.27s"
67251.04,INFO,"Mister pulse started; ON until 67251.29s, cooldown until 67255.29s"
67260.02,INFO,"Mister pulse started; ON until 67260.27s, cooldown until 67264.27s"
67274.01,INFO,"Mister pulse started; ON until 67274.26s, cooldown until 67278.26s"
67279.02,INFO,"Mister pulse started; ON until 67279.27s, cooldown until 67283.27s"
67291.05,INFO,"Mister pulse started; ON until 67291.30s, cooldown until 67295.30s"
67300.03,INFO,"Mister pulse started; ON until 67300.28s, cooldown until 67304.28s"
67315.01,INFO,"Mister pulse started; ON until 67315.26s, cooldown until 67319.26s"
67327.04,INFO,"Mister pulse started; ON until 67327.29s, cooldown until 67331.29s"
67332.05,INFO,"Mister pulse started; ON until 67332.30s, cooldown until 67336.30s"
67346.04,INFO,"Mister pulse started; ON until 67346.29s, cooldown until 67350.29s"
67357.04,INFO,"Mister pulse started; ON until 67357.29s, cooldown until 67361.29s"
67372.00,INFO,"Mister pulse started; ON until 67372.25s, cooldown until 67376.25s"
67387.03,INFO,"Mister pulse started; ON until 67387.28s, cooldown until 67391.28s"
67397.04,INFO,"Mister pulse started; ON until 67397.29s, cooldown until 67401.29s"
67411.03,INFO,"Mister pulse started; ON until 67411.28s, cooldown until 67415.28s"
67424.04,INFO,"Mister pulse started; ON until 67424.29s, cooldown until 67428.29s"
67429.05,INFO,"Mister pulse started; ON until 67429.30s, cooldown until 67433.30s"
67447.01,INFO,"Mister pulse started; ON until 67447.26s, cooldown until 67451.26s"
67455.01,INFO,"Mister pulse started; ON until 67455.26s, cooldown until 67459.26s"
67460.02,INFO,"Mister pulse started; ON until 67460.27s, cooldown until 67464.27s"
67478.04,INFO,"Mister pulse started; ON until 67478.29s, cooldown until 67482.29s"
67483.05,INFO,"Mister pulse started; ON until 67483.30s, cooldown until 67487.30s"
67496.01,INFO,"Mister pulse started; ON until 67496.26s, cooldown until 67500.26s"
67501.02,INFO,"Mister pulse started; ON until 67501.27s, cooldown until 67505.27s"
67512.01,INFO,"Mister pulse started; ON until 67512.26s, cooldown until 67516.26s"
67522.03,INFO,"Mister pulse started; ON until 67522.28s, cooldown until 67526.28s"
67535.04,INFO,"Mister pulse started; ON until 67535.29s, cooldown until 67539.29s"
67540.05,INFO,"Mister pulse started; ON until 67540.30s, cooldown until 67544.30s"
67557.04,INFO,"Mister pulse started; ON until 67557.29s, cooldown until 67561.29s"
67562.04,INFO,"Mister pulse started; ON until 67562.29s, cooldown until 67566.29s"
67575.01,INFO,"Mister pulse started; ON until 67575.26s, cooldown until 67579.26s"
67585.03,INFO,"Mister pulse started; ON until 67585.28s, cooldown until 67589.28s"
67598.03,INFO,"Mister pulse started; ON until 67598.28s, cooldown until 67602.28s"
67603.04,INFO,"Mister pulse started; ON until 67603.29s, cooldown until 67607.29s"
67618.01,INFO,"Mister pulse started; ON until 67618.26s, cooldown until 67622.26s"
67634.02,INFO,"Mister pulse started; ON until 67634.27s, cooldown until 67638.27s"
67645.01,INFO,"Mister pulse started; ON until 67645.26s, cooldown until 67649.26s"
67654.04,INFO,"Mister pulse started; ON until 67654.29s, cooldown until 67658.29s"
67659.00,INFO,"Mister pulse started; ON until 67659.25s, cooldown until 67663.25s"
67668.03,INFO,"Mister pulse started; ON until 67668.28s, cooldown until 67672.28s"
67673.05,INFO,"Mister pulse started; ON until 67673.30s, cooldown until 67677.30s"
67688.01,INFO,"Mister pulse started; ON until 67688.26s, cooldown until 67692.26s"
67698.03,INFO,"Mister pulse started; ON until 67698.28s, cooldown until 67702.28s"
67714.04,INFO,"Mister pulse started; ON until 67714.29s, cooldown until 67718.29s"
67729.01,INFO,"Mister pulse started; ON until 67729.26s, cooldown until 67733.26s"
67743.05,INFO,"Mister pulse started; ON until 67743.30s, cooldown until 67747.30s"
67748.00,INFO,"Mister pulse started; ON until 67748.25s, cooldown until 67752.25s"
67762.05,INFO,"Mister pulse started; ON until 67762.30s, cooldown until 67766.30s"
67776.03,INFO,"Mister pulse started; ON until 67776.28s, cooldown until 67780.28s"
67788.01,INFO,"Mister pulse started; ON until 67788.26s, cooldown until 67792.26s"
67798.02,INFO,"Mister pulse started; ON until 67798.27s, cooldown until 67802.27s"
67808.04,INFO,"Mister pulse started; ON until 67808.29s, cooldown until 67812.29s"
67821.05,INFO,"Mister pulse started; ON until 67821.30s, cooldown until 67825.30s"
67826.00,INFO,"Mister pulse started; ON until 67826.25s, cooldown until 67830.25s"
67837.00,INFO,"Mister pulse started; ON until 67837.25s, cooldown until 67841.25s"
67846.04,INFO,"Mister pulse started; ON until 67846.29s, cooldown until 67850.29s"
67858.01,INFO,"Mister pulse started; ON until 67858.26s, cooldown until 67862.26s"
67863.02,INFO,"Mister pulse started; ON until 67863.27s, cooldown until 67867.27s"
67878.04,INFO,"Mister pulse started; ON until 67878.29s, cooldown until 67882.29s"
67887.02,INFO,"Mister pulse started; ON until 67887.27s, cooldown until 67891.27s"
67899.05,INFO,"Mister pulse started; ON until 67899.30s, cooldown until 67903.30s"
67904.01,INFO,"Mister pulse started; ON until 67904.26s, cooldown until 67908.26s"
67921.04,INFO,"Mister pulse started; ON until 67921.29s, cooldown until 67925.29s"
67935.04,INFO,"Mister pulse started; ON until 67935.29s, cooldown until 67939.29s"
67947.02,INFO,"Mister pulse started; ON until 67947.27s, cooldown until 67951.27s"
67956.00,INFO,"Mister pulse started; ON until 67956.25s, cooldown until 67960.25s"
67968.03,INFO,"Mister pulse started; ON until 67968.28s, cooldown until 67972.28s"
67981.04,INFO,"Mister pulse started; ON until 67981.29s, cooldown until 67985.29s"
67992.04,INFO,"Mister pulse started; ON until 67992.29s, cooldown until 67996.29s"
68006.04,INFO,"Mister pulse started; ON until 68006.29s, cooldown until 68010.29s"
68019.05,INFO,"Mister pulse started; ON until 68019.30s, cooldown until 68023.30s"
68024.01,INFO,"Mister pulse started; ON until 68024.26s, cooldown until 68028.26s"
68035.01,INFO,"Mister pulse started; ON until 68035.26s, cooldown until 68039.26s"
68043.01,INFO,"Mister pulse started; ON until 68043.26s, cooldown until 68047.26s"
68056.02,INFO,"Mister pulse started; ON until 68056.27s, cooldown until 68060.27s"
68061.03,INFO,"Mister pulse started; ON until 68061.28s, cooldown until 68065.28s"
68073.00,INFO,"Mister pulse started; ON until 68073.25s, cooldown until 68077.25s"
68083.02,INFO,"Mister pulse started; ON until 68083.27s, cooldown until 68087.27s"
68094.02,INFO,"Mister pulse started; ON until 68094.27s, cooldown until 68098.27s"
68109.05,INFO,"Mister pulse started; ON until 68109.30s, cooldown until 68113.30s"
68120.04,INFO,"Mister pulse started; ON until 68120.29s, cooldown until 68124.29s"
68127.01,INFO,"Mister pulse started; ON until 68127.26s, cooldown until 68131.26s"
68132.02,INFO,"Mister pulse started; ON until 68132.27s, cooldown until 68136.27s"
68147.05,INFO,"Mister pulse started; ON until 68147.30s, cooldown until 68151.30s"
68157.02,INFO,"Mister pulse started; ON until 68157.27s, cooldown until 68161.27s"
68172.04,INFO,"Mister pulse started; ON until 68172.29s, cooldown until 68176.29s"
68185.00,INFO,"Mister pulse started; ON until 68185.25s, cooldown until 68189.25s"
68193.01,INFO,"Mister pulse started; ON until 68193.26s, cooldown until 68197.26s"
68206.02,INFO,"Mister pulse started; ON until 68206.27s, cooldown until 68210.27s"
68211.03,INFO,"Mister pulse started; ON until 68211.28s, cooldown until 68215.28s"
68226.05,INFO,"Mister pulse started; ON until 68226.30s, cooldown until 68230.30s"
68235.03,INFO,"Mister pulse started; ON until 68235.28s, cooldown until 68239.28s"
68248.04,INFO,"Mister pulse started; ON until 68248.29s, cooldown until 68252.29s"
68258.00,INFO,"Mister pulse started; ON until 68258.25s, cooldown until 68262.25s"
68271.01,INFO,"Mister pulse started; ON until 68271.26s, cooldown until 68275.26s"
68280.04,INFO,"Mister pulse started; ON until 68280.29s, cooldown until 68284.29s"
68285.00,INFO,"Mister pulse started; ON until 68285.25s, cooldown until 68289.25s"
68291.04,INFO,"Mister pulse started; ON until 68291.29s, cooldown until 68295.29s"
68305.03,INFO,"Mister pulse started; ON until 68305.28s, cooldown until 68309.28s"
68317.01,INFO,"Mister pulse started; ON until 68317.26s, cooldown until 68321.26s"
68322.01,INFO,"Mister pulse started; ON until 68322.26s, cooldown until 68326.26s"
68335.03,INFO,"Mister pulse started; ON until 68335.28s, cooldown until 68339.28s"
68343.03,INFO,"Mister pulse started; ON until 68343.28s, cooldown until 68347.28s"
68352.02,INFO,"Mister pulse started; ON until 68352.27s, cooldown until 68356.27s"
68363.02,INFO,"Mister pulse started; ON until 68363.27s, cooldown until 68367.27s"
68378.04,INFO,"Mister pulse started; ON until 68378.29s, cooldown until 68382.29s"
68389.02,INFO,"Mister pulse started; ON until 68389.27s, cooldown until 68393.27s"
68394.03,INFO,"Mister pulse started; ON until 68394.28s, cooldown until 68398.28s"
68407.05,INFO,"Mister pulse started; ON until 68407.30s, cooldown until 68411.30s"
68418.04,INFO,"Mister pulse started; ON until 68418.29s, cooldown until 68422.29s"
68430.02,INFO,"Mister pulse started; ON until 68430.27s, cooldown until 68434.27s"
68435.02,INFO,"Mister pulse started; ON until 68435.27s, cooldown until 68439.27s"
68452.01,INFO,"Mister pulse started; ON until 68452.26s, cooldown until 68456.26s"
68457.02,INFO,"Mister pulse started; ON until 68457.27s, cooldown until 68461.27s"
68472.04,INFO,"Mister pulse started; ON until 68472.29s, cooldown until 68476.29s"
68480.04,INFO,"Mister pulse started; ON until 68480.29s, cooldown until 68484.29s"
68492.02,INFO,"Mister pulse started; ON until 68492.27s, cooldown until 68496.27s"
68497.03,INFO,"Mister pulse started; ON until 68497.28s, cooldown until 68501.28s"
68512.00,INFO,"Mister pulse started; ON until 68512.25s, cooldown until 68516.25s"
68524.03,INFO,"Mister pulse started; ON until 68524.28s, cooldown until 68528.28s"
68529.04,INFO,"Mister pulse started; ON until 68529.29s, cooldown until 68533.29s"
68542.05,INFO,"Mister pulse started; ON until 68542.30s, cooldown until 68546.30s"
68547.00,INFO,"Mister pulse started; ON until 68547.25s, cooldown until 68551.25s"
68557.01,INFO,"Mister pulse started; ON until 68557.26s, cooldown until 68561.26s"
68562.03,INFO,"Mister pulse started; ON until 68562.28s, cooldown until 68566.28s"
68580.04,INFO,"Mister pulse started; ON until 68580.29s, cooldown until 68584.29s"
68585.05,INFO,"Mister pulse started; ON until 68585.30s, cooldown until 68589.30s"
68598.01,INFO,"Mister pulse started; ON until 68598.26s, cooldown until 68602.26s"
68608.03,INFO,"Mister pulse started; ON until 68608.28s, cooldown until 68612.28s"
68621.03,INFO,"Mister pulse started; ON until 68621.28s, cooldown until 68625.28s"
68626.05,INFO,"Mister pulse started; ON until 68626.30s, cooldown until 68630.30s"
68644.01,INFO,"Mister pulse started; ON until 68644.26s, cooldown until 68648.26s"
68649.02,INFO,"Mister pulse started; ON until 68649.27s, cooldown until 68653.27s"
68667.03,INFO,"Mister pulse started; ON until 68667.28s, cooldown until 68671.28s"
68672.04,INFO,"Mister pulse started; ON until 68672.29s, cooldown until 68676.29s"
68686.03,INFO,"Mister pulse started; ON until 68686.28s, cooldown until 68690.28s"
68695.01,INFO,"Mister pulse started; ON until 68695.26s, cooldown until 68699.26s"
68708.02,INFO,"Mister pulse started; ON until 68708.27s, cooldown until 68712.27s"
68717.00,INFO,"Mister pulse started; ON until 68717.25s, cooldown until 68721.25s"
68727.02,INFO,"Mister pulse started; ON until 68727.27s, cooldown until 68731.27s"
68740.03,INFO,"Mister pulse started; ON until 68740.28s, cooldown until 68744.28s"
68746.02,INFO,"Mister pulse started; ON until 68746.27s, cooldown until 68750.27s"
68756.04,INFO,"Mister pulse started; ON until 68756.29s, cooldown until 68760.29s"
68761.05,INFO,"Mister pulse started; ON until 68761.30s, cooldown until 68765.30s"
68778.03,INFO,"Mister pulse started; ON until 68778.28s, cooldown until 68782.28s"
68783.04,INFO,"Mister pulse started; ON until 68783.29s, cooldown until 68787.29s"
68796.05,INFO,"Mister pulse started; ON until 68796.30s, cooldown until 68800.30s"
68806.01,INFO,"Mister pulse started; ON until 68806.26s, cooldown until 68810.26s"
68818.03,INFO,"Mister pulse started; ON until 68818.28s, cooldown until 68822.28s"
68823.04,INFO,"Mister pulse started; ON until 68823.29s, cooldown until 68827.29s"
68837.03,INFO,"Mister pulse started; ON until 68837.28s, cooldown until 68841.28s"
68846.02,INFO,"Mister pulse started; ON until 68846.27s, cooldown until 68850.27s"
68861.04,INFO,"Mister pulse started; ON until 68861.29s, cooldown until 68865.29s"
68870.02,INFO,"Mister pulse started; ON until 68870.27s, cooldown until 68874.27s"
68882.00,INFO,"Mister pulse started; ON until 68882.25s, cooldown until 68886.25s"
68891.03,INFO,"Mister pulse started; ON until 68891.28s, cooldown until 68895.28s"
68896.04,INFO,"Mister pulse started; ON until 68896.29s, cooldown until 68900.29s"
68915.04,INFO,"Mister pulse started; ON until 68915.29s, cooldown until 68919.29s"
68920.04,INFO,"Mister pulse started; ON until 68920.29s, cooldown until 68924.29s"
68937.03,INFO,"Mister pulse started; ON until 68937.28s, cooldown until 68941.28s"
68942.03,INFO,"Mister pulse started; ON until 68942.28s, cooldown until 68946.28s"
68957.00,INFO,"Mister pulse started; ON until 68957.25s, cooldown until 68961.25s"
68969.03,INFO,"Mister pulse started; ON until 68969.28s, cooldown until 68973.28s"
68974.04,INFO,"Mister pulse started; ON until 68974.29s, cooldown until 68978.29s"
68987.05,INFO,"Mister pulse started; ON until 68987.30s, cooldown until 68991.30s"
68996.03,INFO,"Mister pulse started; ON until 68996.28s, cooldown until 69000.28s"
69008.01,INFO,"Mister pulse started; ON until 69008.26s, cooldown until 69012.26s"
69013.02,INFO,"Mister pulse started; ON until 69013.27s, cooldown until 69017.27s"
69025.04,INFO,"Mister pulse started; ON until 69025.29s, cooldown until 69029.29s"
69030.00,INFO,"Mister pulse started; ON until 69030.25s, cooldown until 69034.25s"
69047.03,INFO,"Mister pulse started; ON until 69047.28s, cooldown until 69051.28s"
69061.02,INFO,"Mister pulse started; ON until 69061.27s, cooldown until 69065.27s"
69072.02,INFO,"Mister pulse started; ON until 69072.27s, cooldown until 69076.27s"
69079.04,INFO,"Mister pulse started; ON until 69079.29s, cooldown until 69083.29s"
69094.01,INFO,"Mister pulse started; ON until 69094.26s, cooldown until 69098.26s"
69107.02,INFO,"Mister pulse started; ON until 69107.27s, cooldown until 69111.27s"
69118.02,INFO,"Mister pulse started; ON until 69118.27s, cooldown until 69122.27s"
69132.01,INFO,"Mister pulse started; ON until 69132.26s, cooldown until 69136.26s"
69144.04,INFO,"Mister pulse started; ON until 69144.29s, cooldown until 69148.29s"
69149.04,INFO,"Mister pulse started; ON until 69149.29s, cooldown until 69153.29s"
69164.01,INFO,"Mister pulse started; ON until 69164.26s, cooldown until 69168.26s"
69169.02,INFO,"Mister pulse started; ON until 69169.27s, cooldown until 69173.27s"
69185.03,INFO,"Mister pulse started; ON until 69185.28s, cooldown until 69189.28s"
69191.01,INFO,"Mister pulse started; ON until 69191.26s, cooldown until 69195.26s"
69201.02,INFO,"Mister pulse started; ON until 69201.27s, cooldown until 69205.27s"
69206.03,INFO,"Mister pulse started; ON until 69206.28s, cooldown until 69210.28s"
69225.03,INFO,"Mister pulse started; ON until 69225.28s, cooldown until 69229.28s"
69230.04,INFO,"Mister pulse started; ON until 69230.29s, cooldown until 69234.29s"
69246.04,INFO,"Mister pulse started; ON until 69246.29s, cooldown until 69250.29s"
69260.04,INFO,"Mister pulse started; ON until 69260.29s, cooldown until 69264.29s"
69274.03,INFO,"Mister pulse started; ON until 69274.28s, cooldown until 69278.28s"
69279.03,INFO,"Mister pulse started; ON until 69279.28s, cooldown until 69283.28s"
69288.01,INFO,"Mister pulse started; ON until 69288.26s, cooldown until 69292.26s"
69295.04,INFO,"Mister pulse started; ON until 69295.29s, cooldown until 69299.29s"
69305.01,INFO,"Mister pulse started; ON until 69305.26s, cooldown until 69309.26s"
69313.01,INFO,"Mister pulse started; ON until 69313.26s, cooldown until 69317.26s"
69326.01,INFO,"Mister pulse started; ON until 69326.26s, cooldown until 69330.26s"
69331.03,INFO,"Mister pulse started; ON until 69331.28s, cooldown until 69335.28s"
69343.00,INFO,"Mister pulse started; ON until 69343.25s, cooldown until 69347.25s"
69350.02,INFO,"Mister pulse started; ON until 69350.27s, cooldown until 69354.27s"
69359.01,INFO,"Mister pulse started; ON until 69359.26s, cooldown until 69363.26s"
69364.02,INFO,"Mister pulse started; ON until 69364.27s, cooldown until 69368.27s"
69382.03,INFO,"Mister pulse started; ON until 69382.28s, cooldown until 69386.28s"
69387.04,INFO,"Mister pulse started; ON until 69387.29s, cooldown until 69391.29s"
69401.03,INFO,"Mister pulse started; ON until 69401.28s, cooldown until 69405.28s"
69406.03,INFO,"Mister pulse started; ON until 69406.28s, cooldown until 69410.28s"
69419.04,INFO,"Mister pulse started; ON until 69419.29s, cooldown until 69423.29s"
69431.03,INFO,"Mister pulse started; ON until 69431.28s, cooldown until 69435.28s"
69436.04,INFO,"Mister pulse started; ON until 69436.29s, cooldown until 69440.29s"
69453.02,INFO,"Mister pulse started; ON until 69453.27s, cooldown until 69457.27s"
69458.02,INFO,"Mister pulse started; ON until 69458.27s, cooldown until 69462.27s"
69473.01,INFO,"Mister pulse started; ON until 69473.26s, cooldown until 69477.26s"
69484.01,INFO,"Mister pulse started; ON until 69484.26s, cooldown until 69488.26s"
69489.02,INFO,"Mister pulse started; ON until 69489.27s, cooldown until 69493.27s"
69503.05,INFO,"Mister pulse started; ON until 69503.30s, cooldown until 69507.30s"
69513.01,INFO,"Mister pulse started; ON until 69513.26s, cooldown until 69517.26s"
69523.03,INFO,"Mister pulse started; ON until 69523.28s, cooldown until 69527.28s"
69539.03,INFO,"Mister pulse started; ON until 69539.28s, cooldown until 69543.28s"
69553.01,INFO,"Mister pulse started; ON until 69553.26s, cooldown until 69557.26s"
69564.00,INFO,"Mister pulse started; ON until 69564.25s, cooldown until 69568.25s"
69569.01,INFO,"Mister pulse started; ON until 69569.26s, cooldown until 69573.26s"
69583.05,INFO,"Mister pulse started; ON until 69583.30s, cooldown until 69587.30s"
69588.01,INFO,"Mister pulse started; ON until 69588.26s, cooldown until 69592.26s"
69598.02,INFO,"Mister pulse started; ON until 69598.27s, cooldown until 69602.27s"
69607.01,INFO,"Mister pulse started; ON until 69607.26s, cooldown until 69611.26s"
69618.01,INFO,"Mister pulse started; ON until 69618.26s, cooldown until 69622.26s"
69632.01,INFO,"Mister pulse started; ON until 69632.26s, cooldown until 69636.26s"
69645.02,INFO,"Mister pulse started; ON until 69645.27s, cooldown until 69649.27s"
69650.03,INFO,"Mister pulse started; ON until 69650.28s, cooldown until 69654.28s"
69667.01,INFO,"Mister pulse started; ON until 69667.26s, cooldown until 69671.26s"
69672.02,INFO,"Mister pulse started; ON until 69672.27s, cooldown until 69676.27s"
69688.03,INFO,"Mister pulse started; ON until 69688.28s, cooldown until 69692.28s"
69699.02,INFO,"Mister pulse started; ON until 69699.27s, cooldown until 69703.27s"
69704.04,INFO,"Mister pulse started; ON until 69704.29s, cooldown until 69708.29s"
69717.04,INFO,"Mister pulse started; ON until 69717.29s, cooldown until 69721.29s"
69727.02,INFO,"Mister pulse started; ON until 69727.27s, cooldown until 69731.27s"
69739.04,INFO,"Mister pulse started; ON until 69739.29s, cooldown until 69743.29s"
69744.00,INFO,"Mister pulse started; ON until 69744.25s, cooldown until 69748.25s"
69761.04,INFO,"Mister pulse started; ON until 69761.29s, cooldown until 69765.29s"
69773.02,INFO,"Mister pulse started; ON until 69773.27s, cooldown until 69777.27s"
69785.00,INFO,"Mister pulse started; ON until 69785.25s, cooldown until 69789.25s"
69790.01,INFO,"Mister pulse started; ON until 69790.26s, cooldown until 69794.26s"
69802.03,INFO,"Mister pulse started; ON until 69802.28s, cooldown until 69806.28s"
69808.02,INFO,"Mister pulse started; ON until 69808.27s, cooldown until 69812.27s"
69825.01,INFO,"Mister pulse started; ON until 69825.26s, cooldown until 69829.26s"
69830.02,INFO,"Mister pulse started; ON until 69830.27s, cooldown until 69834.27s"
69843.03,INFO,"Mister pulse started; ON until 69843.28s, cooldown until 69847.28s"
69848.04,INFO,"Mister pulse started; ON until 69848.29s, cooldown until 69852.29s"
69867.04,INFO,"Mister pulse started; ON until 69867.29s, cooldown until 69871.29s"
69872.00,INFO,"Mister pulse started; ON until 69872.25s, cooldown until 69876.25s"
69882.02,INFO,"Mister pulse started; ON until 69882.27s, cooldown until 69886.27s"
69891.05,INFO,"Mister pulse started; ON until 69891.30s, cooldown until 69895.30s"
69900.03,INFO,"Mister pulse started; ON until 69900.28s, cooldown until 69904.28s"
69905.04,INFO,"Mister pulse started; ON until 69905.29s, cooldown until 69909.29s"
69919.04,INFO,"Mister pulse started; ON until 69919.29s, cooldown until 69923.29s"
69932.04,INFO,"Mister pulse started; ON until 69932.29s, cooldown until 69936.29s"
69942.01,INFO,"Mister pulse started; ON until 69942.26s, cooldown until 69946.26s"
69956.01,INFO,"Mister pulse started; ON until 69956.26s, cooldown until 69960.26s"
69969.01,INFO,"Mister pulse started; ON until 69969.26s, cooldown until 69973.26s"
69979.03,INFO,"Mister pulse started; ON until 69979.28s, cooldown until 69983.28s"
69984.04,INFO,"Mister pulse started; ON until 69984.29s, cooldown until 69988.29s"
69996.02,INFO,"Mister pulse started; ON until 69996.27s, cooldown until 70000.27s"
70008.04,INFO,"Mister pulse started; ON until 70008.29s, cooldown until 70012.29s"
70013.00,INFO,"Mister pulse started; ON until 70013.25s, cooldown until 70017.25s"
70029.05,INFO,"Mister pulse started; ON until 70029.30s, cooldown until 70033.30s"
70041.03,INFO,"Mister pulse started; ON until 70041.28s, cooldown until 70045.28s"
70049.03,INFO,"Mister pulse started; ON until 70049.28s, cooldown until 70053.28s"
70059.05,INFO,"Mister pulse started; ON until 70059.30s, cooldown until 70063.30s"
70068.03,INFO,"Mister pulse started; ON until 70068.28s, cooldown until 70072.28s"
70082.02,INFO,"Mister pulse started; ON until 70082.27s, cooldown until 70086.27s"
70092.04,INFO,"Mister pulse started; ON until 70092.29s, cooldown until 70096.29s"
70102.00,INFO,"Mister pulse started; ON until 70102.25s, cooldown until 70106.25s"
70111.03,INFO,"Mister pulse started; ON until 70111.28s, cooldown until 70115.28s"
70116.04,INFO,"Mister pulse started; ON until 70116.29s, cooldown until 70120.29s"
70131.01,INFO,"Mister pulse started; ON until 70131.26s, cooldown until 70135.26s"
70143.03,INFO,"Mister pulse started; ON until 70143.28s, cooldown until 70147.28s"
70148.04,INFO,"Mister pulse started; ON until 70148.29s, cooldown until 70152.29s"
70162.03,INFO,"Mister pulse started; ON until 70162.28s, cooldown until 70166.28s"
70172.05,INFO,"Mister pulse started; ON until 70172.30s, cooldown until 70176.30s"
70186.04,INFO,"Mister pulse started; ON until 70186.29s, cooldown until 70190.29s"
70191.04,INFO,"Mister pulse started; ON until 70191.29s, cooldown until 70195.29s"
70201.01,INFO,"Mister pulse started; ON until 70201.26s, cooldown until 70205.26s"
70211.02,INFO,"Mister pulse started; ON until 70211.27s, cooldown until 70215.27s"
70225.01,INFO,"Mister pulse started; ON until 70225.26s, cooldown until 70229.26s"
70236.01,INFO,"Mister pulse started; ON until 70236.26s, cooldown until 70240.26s"
70247.01,INFO,"Mister pulse started; ON until 70247.26s, cooldown until 70251.26s"
70258.05,INFO,"Mister pulse started; ON until 70258.30s, cooldown until 70262.30s"
70268.02,INFO,"Mister pulse started; ON until 70268.27s, cooldown until 70272.27s"
70282.01,INFO,"Mister pulse started; ON until 70282.26s, cooldown until 70286.26s"
70294.03,INFO,"Mister pulse started; ON until 70294.28s, cooldown until 70298.28s"
70299.04,INFO,"Mister pulse started; ON until 70299.29s, cooldown until 70303.29s"
70314.01,INFO,"Mister pulse started; ON until 70314.26s, cooldown until 70318.26s"
70327.02,INFO,"Mister pulse started; ON until 70327.27s, cooldown until 70331.27s"
70332.03,INFO,"Mister pulse started; ON until 70332.28s, cooldown until 70336.28s"
70350.05,INFO,"Mister pulse started; ON until 70350.30s, cooldown until 70354.30s"
70355.01,INFO,"Mister pulse started; ON until 70355.26s, cooldown until 70359.26s"
70372.05,INFO,"Mister pulse started; ON until 70372.30s, cooldown until 70376.30s"
70386.03,INFO,"Mister pulse started; ON until 70386.28s, cooldown until 70390.28s"
70398.01,INFO,"Mister pulse started; ON until 70398.26s, cooldown until 70402.26s"
70403.02,INFO,"Mister pulse started; ON until 70403.27s, cooldown until 70407.27s"
70421.03,INFO,"Mister pulse started; ON until 70421.28s, cooldown until 70425.28s"
70426.04,INFO,"Mister pulse started; ON until 70426.29s, cooldown until 70430.29s"
70440.02,INFO,"Mister pulse started; ON until 70440.27s, cooldown until 70444.27s"
70448.02,INFO,"Mister pulse started; ON until 70448.27s, cooldown until 70452.27s"
70462.00,INFO,"Mister pulse started; ON until 70462.25s, cooldown until 70466.25s"
70467.01,INFO,"Mister pulse started; ON until 70467.26s, cooldown until 70471.26s"
70484.05,INFO,"Mister pulse started; ON until 70484.30s, cooldown until 70488.30s"
70498.03,INFO,"Mister pulse started; ON until 70498.28s, cooldown until 70502.28s"
70510.01,INFO,"Mister pulse started; ON until 70510.26s, cooldown until 70514.26s"
70515.02,INFO,"Mister pulse started; ON until 70515.27s, cooldown until 70519.27s"
70532.01,INFO,"Mister pulse started; ON until 70532.26s, cooldown until 70536.26s"
70537.02,INFO,"Mister pulse started; ON until 70537.27s, cooldown until 70541.27s"
70551.01,INFO,"Mister pulse started; ON until 70551.26s, cooldown until 70555.26s"
70561.03,INFO,"Mister pulse started; ON until 70561.28s, cooldown until 70565.28s"
70573.00,INFO,"Mister pulse started; ON until 70573.25s, cooldown until 70577.25s"
70582.04,INFO,"Mister pulse started; ON until 70582.29s, cooldown until 70586.29s"
70590.04,INFO,"Mister pulse started; ON until 70590.29s, cooldown until 70594.29s"
70600.01,INFO,"Mister pulse started; ON until 70600.26s, cooldown until 70604.26s"
70610.02,INFO,"Mister pulse started; ON until 70610.27s, cooldown until 70614.27s"
70627.00,INFO,"Mister pulse started; ON until 70627.25s, cooldown until 70631.25s"
70632.01,INFO,"Mister pulse started; ON until 70632.26s, cooldown until 70636.26s"
70644.04,INFO,"Mister pulse started; ON until 70644.29s, cooldown until 70648.29s"
70649.05,INFO,"Mister pulse started; ON until 70649.30s, cooldown until 70653.30s"
70662.05,INFO,"Mister pulse started; ON until 70662.30s, cooldown until 70666.30s"
70667.01,INFO,"Mister pulse started; ON until 70667.26s, cooldown until 70671.26s"
70677.02,INFO,"Mister pulse started; ON until 70677.27s, cooldown until 70681.27s"
70682.03,INFO,"Mister pulse started; ON until 70682.28s, cooldown until 70686.28s"
70699.02,INFO,"Mister pulse started; ON until 70699.27s, cooldown until 70703.27s"
70704.03,INFO,"Mister pulse started; ON until 70704.28s, cooldown until 70708.28s"
70718.01,INFO,"Mister pulse started; ON until 70718.26s, cooldown until 70722.26s"
70727.00,INFO,"Mister pulse started; ON until 70727.25s, cooldown until 70731.25s"
70740.01,INFO,"Mister pulse started; ON until 70740.26s, cooldown until 70744.26s"
70746.05,INFO,"Mister pulse started; ON until 70746.30s, cooldown until 70750.30s"
70762.00,INFO,"Mister pulse started; ON until 70762.25s, cooldown until 70766.25s"
70767.01,INFO,"Mister pulse started; ON until 70767.26s, cooldown until 70771.26s"
70781.01,INFO,"Mister pulse started; ON until 70781.26s, cooldown until 70785.26s"
70792.01,INFO,"Mister pulse started; ON until 70792.26s, cooldown until 70796.26s"
70806.05,INFO,"Mister pulse started; ON until 70806.30s, cooldown until 70810.30s"
70817.04,INFO,"Mister pulse started; ON until 70817.29s, cooldown until 70821.29s"
70830.01,INFO,"Mister pulse started; ON until 70830.26s, cooldown until 70834.26s"
70841.00,INFO,"Mister pulse started; ON until 70841.25s, cooldown until 70845.25s"
70846.01,INFO,"Mister pulse started; ON until 70846.26s, cooldown until 70850.26s"
70860.00,INFO,"Mister pulse started; ON until 70860.25s, cooldown until 70864.25s"
70871.01,INFO,"Mister pulse started; ON until 70871.26s, cooldown until 70875.26s"
70884.01,INFO,"Mister pulse started; ON until 70884.26s, cooldown until 70888.26s"
70895.01,INFO,"Mister pulse started; ON until 70895.26s, cooldown until 70899.26s"
70908.02,INFO,"Mister pulse started; ON until 70908.27s, cooldown until 70912.27s"
70918.03,INFO,"Mister pulse started; ON until 70918.28s, cooldown until 70922.28s"
70931.04,INFO,"Mister pulse started; ON until 70931.29s, cooldown until 70935.29s"
70936.05,INFO,"Mister pulse started; ON until 70936.30s, cooldown until 70940.30s"
70953.03,INFO,"Mister pulse started; ON until 70953.28s, cooldown until 70957.28s"
70958.04,INFO,"Mister pulse started; ON until 70958.29s, cooldown until 70962.29s"
70973.01,INFO,"Mister pulse started; ON until 70973.26s, cooldown until 70977.26s"
70983.03,INFO,"Mister pulse started; ON until 70983.28s, cooldown until 70987.28s"
70998.05,INFO,"Mister pulse started; ON until 70998.30s, cooldown until 71002.30s"
71010.03,INFO,"Mister pulse started; ON until 71010.28s, cooldown until 71014.28s"
71015.04,INFO,"Mister pulse started; ON until 71015.29s, cooldown until 71019.29s"
71032.02,INFO,"Mister pulse started; ON until 71032.27s, cooldown until 71036.27s"
71037.03,INFO,"Mister pulse started; ON until 71037.28s, cooldown until 71041.28s"
71053.03,INFO,"Mister pulse started; ON until 71053.28s, cooldown until 71057.28s"
71058.04,INFO,"Mister pulse started; ON until 71058.29s, cooldown until 71062.29s"
71072.03,INFO,"Mister pulse started; ON until 71072.28s, cooldown until 71076.28s"
71077.04,INFO,"Mister pulse started; ON until 71077.29s, cooldown until 71081.29s"
71092.01,INFO,"Mister pulse started; ON until 71092.26s, cooldown until 71096.26s"
71104.03,INFO,"Mister pulse started; ON until 71104.28s, cooldown until 71108.28s"
71109.04,INFO,"Mister pulse started; ON until 71109.29s, cooldown until 71113.29s"
71123.03,INFO,"Mister pulse started; ON until 71123.28s, cooldown until 71127.28s"
71128.04,INFO,"Mister pulse started; ON until 71128.29s, cooldown until 71132.29s"
71140.02,INFO,"Mister pulse started; ON until 71140.27s, cooldown until 71144.27s"
71152.05,INFO,"Mister pulse started; ON until 71152.30s, cooldown until 71156.30s"
71157.01,INFO,"Mister pulse started; ON until 71157.26s, cooldown until 71161.26s"
71171.05,INFO,"Mister pulse started; ON until 71171.30s, cooldown until 71175.30s"
71181.01,INFO,"Mister pulse started; ON until 71181.26s, cooldown until 71185.26s"
71196.03,INFO,"Mister pulse started; ON until 71196.28s, cooldown until 71200.28s"
71206.05,INFO,"Mister pulse started; ON until 71206.30s, cooldown until 71210.30s"
71221.02,INFO,"Mister pulse started; ON until 71221.27s, cooldown until 71225.27s"
71235.01,INFO,"Mister pulse started; ON until 71235.26s, cooldown until 71239.26s"
71248.02,INFO,"Mister pulse started; ON until 71248.27s, cooldown until 71252.27s"
71254.01,INFO,"Mister pulse started; ON until 71254.26s, cooldown until 71258.26s"
71259.02,INFO,"Mister pulse started; ON until 71259.27s, cooldown until 71263.27s"
71274.04,INFO,"Mister pulse started; ON until 71274.29s, cooldown until 71278.29s"
71285.04,INFO,"Mister pulse started; ON until 71285.29s, cooldown until 71289.29s"
71299.03,INFO,"Mister pulse started; ON until 71299.28s, cooldown until 71303.28s"
71310.01,INFO,"Mister pulse started; ON until 71310.26s, cooldown until 71314.26s"
71315.02,INFO,"Mister pulse started; ON until 71315.27s, cooldown until 71319.27s"
71330.04,INFO,"Mister pulse started; ON until 71330.29s, cooldown until 71334.29s"
71341.04,INFO,"Mister pulse started; ON until 71341.29s, cooldown until 71345.29s"
71354.01,INFO,"Mister pulse started; ON until 71354.26s, cooldown until 71358.26s"
71366.04,INFO,"Mister pulse started; ON until 71366.29s, cooldown until 71370.29s"
71371.04,INFO,"Mister pulse started; ON until 71371.29s, cooldown until 71375.29s"
71385.03,INFO,"Mister pulse started; ON until 71385.28s, cooldown until 71389.28s"
71390.04,INFO,"Mister pulse started; ON until 71390.29s, cooldown until 71394.29s"
71401.04,INFO,"Mister pulse started; ON until 71401.29s, cooldown until 71405.29s"
71412.03,INFO,"Mister pulse started; ON until 71412.28s, cooldown until 71416.28s"
71426.02,INFO,"Mister pulse started; ON until 71426.27s, cooldown until 71430.27s"
71436.03,INFO,"Mister pulse started; ON until 71436.28s, cooldown until 71440.28s"
71451.01,INFO,"Mister pulse started; ON until 71451.26s, cooldown until 71455.26s"
71464.02,INFO,"Mister pulse started; ON until 71464.27s, cooldown until 71468.27s"
71475.02,INFO,"Mister pulse started; ON until 71475.27s, cooldown until 71479.27s"
71489.01,INFO,"Mister pulse started; ON until 71489.26s, cooldown until 71493.26s"
71502.03,INFO,"Mister pulse started; ON until 71502.28s, cooldown until 71506.28s"
71507.03,INFO,"Mister pulse started; ON until 71507.28s, cooldown until 71511.28s"
71524.01,INFO,"Mister pulse started; ON until 71524.26s, cooldown until 71528.26s"
71529.02,INFO,"Mister pulse started; ON until 71529.27s, cooldown until 71533.27s"
71544.05,INFO,"Mister pulse started; ON until 71544.30s, cooldown until 71548.30s"
71549.00,INFO,"Mister pulse started; ON until 71549.25s, cooldown until 71553.25s"
71562.01,INFO,"Mister pulse started; ON until 71562.26s, cooldown until 71566.26s"
71576.04,INFO,"Mister pulse started; ON until 71576.29s, cooldown until 71580.29s"
71587.04,INFO,"Mister pulse started; ON until 71587.29s, cooldown until 71591.29s"
71601.04,INFO,"Mister pulse started; ON until 71601.29s, cooldown until 71605.29s"
71613.01,INFO,"Mister pulse started; ON until 71613.26s, cooldown until 71617.26s"
71618.02,INFO,"Mister pulse started; ON until 71618.27s, cooldown until 71622.27s"
71633.04,INFO,"Mister pulse started; ON until 71633.29s, cooldown until 71637.29s"
71646.01,INFO,"Mister pulse started; ON until 71646.26s, cooldown until 71650.26s"
71658.04,INFO,"Mister pulse started; ON until 71658.29s, cooldown until 71662.29s"
71671.05,INFO,"Mister pulse started; ON until 71671.30s, cooldown until 71675.30s"
71682.04,INFO,"Mister pulse started; ON until 71682.29s, cooldown until 71686.29s"
71697.02,INFO,"Mister pulse started; ON until 71697.27s, cooldown until 71701.27s"
71711.01,INFO,"Mister pulse started; ON until 71711.26s, cooldown until 71715.26s"
71719.02,INFO,"Mister pulse started; ON until 71719.27s, cooldown until 71723.27s"
71734.04,INFO,"Mister pulse started; ON until 71734.29s, cooldown until 71738.29s"
71745.04,INFO,"Mister pulse started; ON until 71745.29s, cooldown until 71749.29s"
71760.01,INFO,"Mister pulse started; ON until 71760.26s, cooldown until 71764.26s"
71775.03,INFO,"Mister pulse started; ON until 71775.28s, cooldown until 71779.28s"
71787.01,INFO,"Mister pulse started; ON until 71787.26s, cooldown until 71791.26s"
71792.02,INFO,"Mister pulse started; ON until 71792.27s, cooldown until 71796.27s"
71809.00,INFO,"Mister pulse started; ON until 71809.25s, cooldown until 71813.25s"
71814.01,INFO,"Mister pulse started; ON until 71814.26s, cooldown until 71818.26s"
71827.02,INFO,"Mister pulse started; ON until 71827.27s, cooldown until 71831.27s"
71834.04,INFO,"Mister pulse started; ON until 71834.29s, cooldown until 71838.29s"
71842.04,INFO,"Mister pulse started; ON until 71842.29s, cooldown until 71846.29s"
71848.03,INFO,"Mister pulse started; ON until 71848.28s, cooldown until 71852.28s"
71864.03,INFO,"Mister pulse started; ON until 71864.28s, cooldown until 71868.28s"
71878.02,INFO,"Mister pulse started; ON until 71878.27s, cooldown until 71882.27s"
71889.02,INFO,"Mister pulse started; ON until 71889.27s, cooldown until 71893.27s"
71894.03,INFO,"Mister pulse started; ON until 71894.28s, cooldown until 71898.28s"
71910.03,INFO,"Mister pulse started; ON until 71910.28s, cooldown until 71914.28s"
71920.05,INFO,"Mister pulse started; ON until 71920.30s, cooldown until 71924.30s"
71934.03,INFO,"Mister pulse started; ON until 71934.28s, cooldown until 71938.28s"
71947.05,INFO,"Mister pulse started; ON until 71947.30s, cooldown until 71951.30s"
71952.01,INFO,"Mister pulse started; ON until 71952.26s, cooldown until 71956.26s"
71962.02,INFO,"Mister pulse started; ON until 71962.27s, cooldown until 71966.27s"
71967.03,INFO,"Mister pulse started; ON until 71967.28s, cooldown until 71971.28s"
71985.04,INFO,"Mister pulse started; ON until 71985.29s, cooldown until 71989.29s"
71990.00,INFO,"Mister pulse started; ON until 71990.25s, cooldown until 71994.25s"
72005.02,INFO,"Mister pulse started; ON until 72005.27s, cooldown until 72009.27s"
72017.05,INFO,"Mister pulse started; ON until 72017.30s, cooldown until 72021.30s"
72022.01,INFO,"Mister pulse started; ON until 72022.26s, cooldown until 72026.26s"
72039.05,INFO,"Mister pulse started; ON until 72039.30s, cooldown until 72043.30s"
72052.01,INFO,"Mister pulse started; ON until 72052.26s, cooldown until 72056.26s"
72065.02,INFO,"Mister pulse started; ON until 72065.27s, cooldown until 72069.27s"
72070.03,INFO,"Mister pulse started; ON until 72070.28s, cooldown until 72074.28s"
72088.04,INFO,"Mister pulse started; ON until 72088.29s, cooldown until 72092.29s"
72093.01,INFO,"Mister pulse started; ON until 72093.26s, cooldown until 72097.26s"
72108.03,INFO,"Mister pulse started; ON until 72108.28s, cooldown until 72112.28s"
72120.00,INFO,"Mister pulse started; ON until 72120.25s, cooldown until 72124.25s"
72127.02,INFO,"Mister pulse started; ON until 72127.27s, cooldown until 72131.27s"
72133.01,INFO,"Mister pulse started; ON until 72133.26s, cooldown until 72137.26s"
72148.04,INFO,"Mister pulse started; ON until 72148.29s, cooldown until 72152.29s"
72161.04,INFO,"Mister pulse started; ON until 72161.29s, cooldown until 72165.29s"
72169.04,INFO,"Mister pulse started; ON until 72169.29s, cooldown until 72173.29s"
72179.01,INFO,"Mister pulse started; ON until 72179.26s, cooldown until 72183.26s"
72190.01,INFO,"Mister pulse started; ON until 72190.26s, cooldown until 72194.26s"
72195.02,INFO,"Mister pulse started; ON until 72195.27s, cooldown until 72199.27s"
72211.02,INFO,"Mister pulse started; ON until 72211.27s, cooldown until 72215.27s"
72222.01,INFO,"Mister pulse started; ON until 72222.26s, cooldown until 72226.26s"
72227.02,INFO,"Mister pulse started; ON until 72227.27s, cooldown until 72231.27s"
72242.04,INFO,"Mister pulse started; ON until 72242.29s, cooldown until 72246.29s"
72250.04,INFO,"Mister pulse started; ON until 72250.29s, cooldown until 72254.29s"
72263.01,INFO,"Mister pulse started; ON until 72263.26s, cooldown until 72267.26s"
72268.02,INFO,"Mister pulse started; ON until 72268.27s, cooldown until 72272.27s"
72286.04,INFO,"Mister pulse started; ON until 72286.29s, cooldown until 72290.29s"
72291.00,INFO,"Mister pulse started; ON until 72291.25s, cooldown until 72295.25s"
72307.00,INFO,"Mister pulse started; ON until 72307.25s, cooldown until 72311.25s"
72320.01,INFO,"Mister pulse started; ON until 72320.26s, cooldown until 72324.26s"
72331.02,INFO,"Mister pulse started; ON until 72331.27s, cooldown until 72335.27s"
72343.05,INFO,"Mister pulse started; ON until 72343.30s, cooldown until 72347.30s"
72354.00,INFO,"Mister pulse started; ON until 72354.25s, cooldown until 72358.25s"
72367.02,INFO,"Mister pulse started; ON until 72367.27s, cooldown until 72371.27s"
72372.03,INFO,"Mister pulse started; ON until 72372.28s, cooldown until 72376.28s"
72385.04,INFO,"Mister pulse started; ON until 72385.29s, cooldown until 72389.29s"
72397.02,INFO,"Mister pulse started; ON until 72397.27s, cooldown until 72401.27s"
72405.02,INFO,"Mister pulse started; ON until 72405.27s, cooldown until 72409.27s"
72416.02,INFO,"Mister pulse started; ON until 72416.27s, cooldown until 72420.27s"
72427.02,INFO,"Mister pulse started; ON until 72427.27s, cooldown until 72431.27s"
72432.03,INFO,"Mister pulse started; ON until 72432.28s, cooldown until 72436.28s"
72447.01,INFO,"Mister pulse started; ON until 72447.26s, cooldown until 72451.26s"
72459.03,INFO,"Mister pulse started; ON until 72459.28s, cooldown until 72463.28s"
72464.04,INFO,"Mister pulse started; ON until 72464.29s, cooldown until 72468.29s"
72478.03,INFO,"Mister pulse started; ON until 72478.28s, cooldown until 72482.28s"
72487.02,INFO,"Mister pulse started; ON until 72487.27s, cooldown until 72491.27s"
72501.01,INFO,"Mister pulse started; ON until 72501.26s, cooldown until 72505.26s"
72510.04,INFO,"Mister pulse started; ON until 72510.29s, cooldown until 72514.29s"
72518.04,INFO,"Mister pulse started; ON until 72518.29s, cooldown until 72522.29s"
72532.03,INFO,"Mister pulse started; ON until 72532.28s, cooldown until 72536.28s"
72538.02,INFO,"Mister pulse started; ON until 72538.27s, cooldown until 72542.27s"
72543.03,INFO,"Mister pulse started; ON until 72543.28s, cooldown until 72547.28s"
72559.03,INFO,"Mister pulse started; ON until 72559.28s, cooldown until 72563.28s"
72569.05,INFO,"Mister pulse started; ON until 72569.30s, cooldown until 72573.30s"
72582.01,INFO,"Mister pulse started; ON until 72582.26s, cooldown until 72586.26s"
72594.03,INFO,"Mister pulse started; ON until 72594.28s, cooldown until 72598.28s"
72599.05,INFO,"Mister pulse started; ON until 72599.30s, cooldown until 72603.30s"
72616.03,INFO,"Mister pulse started; ON until 72616.28s, cooldown until 72620.28s"
72629.03,INFO,"Mister pulse started; ON until 72629.28s, cooldown until 72633.28s"
72639.04,INFO,"Mister pulse started; ON until 72639.29s, cooldown until 72643.29s"
72652.00,INFO,"Mister pulse started; ON until 72652.25s, cooldown until 72656.25s"
72659.02,INFO,"Mister pulse started; ON until 72659.27s, cooldown until 72663.27s"
72670.03,INFO,"Mister pulse started; ON until 72670.28s, cooldown until 72674.28s"
72683.04,INFO,"Mister pulse started; ON until 72683.29s, cooldown until 72687.29s"
72688.05,INFO,"Mister pulse started; ON until 72688.30s, cooldown until 72692.30s"
72706.01,INFO,"Mister pulse started; ON until 72706.26s, cooldown until 72710.26s"
72711.03,INFO,"Mister pulse started; ON until 72711.28s, cooldown until 72715.28s"
72728.01,INFO,"Mister pulse started; ON until 72728.26s, cooldown until 72732.26s"
72733.02,INFO,"Mister pulse started; ON until 72733.27s, cooldown until 72737.27s"
72745.00,INFO,"Mister pulse started; ON until 72745.25s, cooldown until 72749.25s"
72752.02,INFO,"Mister pulse started; ON until 72752.27s, cooldown until 72756.27s"
72758.02,INFO,"Mister pulse started; ON until 72758.27s, cooldown until 72762.27s"
72774.02,INFO,"Mister pulse started; ON until 72774.27s, cooldown until 72778.27s"
72786.04,INFO,"Mister pulse started; ON until 72786.29s, cooldown until 72790.29s"
72791.05,INFO,"Mister pulse started; ON until 72791.30s, cooldown until 72795.30s"
72809.01,INFO,"Mister pulse started; ON until 72809.26s, cooldown until 72813.26s"
72814.02,INFO,"Mister pulse started; ON until 72814.27s, cooldown until 72818.27s"
72831.05,INFO,"Mister pulse started; ON until 72831.30s, cooldown until 72835.30s"
72842.05,INFO,"Mister pulse started; ON until 72842.30s, cooldown until 72846.30s"
72850.05,INFO,"Mister pulse started; ON until 72850.30s, cooldown until 72854.30s"
72855.00,INFO,"Mister pulse started; ON until 72855.25s, cooldown until 72859.25s"
72866.05,INFO,"Mister pulse started; ON until 72866.30s, cooldown until 72870.30s"
72875.03,INFO,"Mister pulse started; ON until 72875.28s, cooldown until 72879.28s"
72884.01,INFO,"Mister pulse started; ON until 72884.26s, cooldown until 72888.26s"
72898.01,INFO,"Mister pulse started; ON until 72898.26s, cooldown until 72902.26s"
72908.02,INFO,"Mister pulse started; ON until 72908.27s, cooldown until 72912.27s"
72921.03,INFO,"Mister pulse started; ON until 72921.28s, cooldown until 72925.28s"
72926.04,INFO,"Mister pulse started; ON until 72926.29s, cooldown until 72930.29s"
72945.04,INFO,"Mister pulse started; ON until 72945.29s, cooldown until 72949.29s"
72950.05,INFO,"Mister pulse started; ON until 72950.30s, cooldown until 72954.30s"
72966.05,INFO,"Mister pulse started; ON until 72966.30s, cooldown until 72970.30s"
72980.04,INFO,"Mister pulse started; ON until 72980.29s, cooldown until 72984.29s"
72992.02,INFO,"Mister pulse started; ON until 72992.27s, cooldown until 72996.27s"
72997.03,INFO,"Mister pulse started; ON until 72997.28s, cooldown until 73001.28s"
73015.05,INFO,"Mister pulse started; ON until 73015.30s, cooldown until 73019.30s"
73020.00,INFO,"Mister pulse started; ON until 73020.25s, cooldown until 73024.25s"
73035.03,INFO,"Mister pulse started; ON until 73035.28s, cooldown until 73039.28s"
73047.00,INFO,"Mister pulse started; ON until 73047.25s, cooldown until 73051.25s"
73052.01,INFO,"Mister pulse started; ON until 73052.26s, cooldown until 73056.26s"
73071.01,INFO,"Mister pulse started; ON until 73071.26s, cooldown until 73075.26s"
73076.02,INFO,"Mister pulse started; ON until 73076.27s, cooldown until 73080.27s"
73092.02,INFO,"Mister pulse started; ON until 73092.27s, cooldown until 73096.27s"
73107.04,INFO,"Mister pulse started; ON until 73107.29s, cooldown until 73111.29s"
73117.00,INFO,"Mister pulse started; ON until 73117.25s, cooldown until 73121.25s"
73122.01,INFO,"Mister pulse started; ON until 73122.26s, cooldown until 73126.26s"
73137.03,INFO,"Mister pulse started; ON until 73137.28s, cooldown until 73141.28s"
73142.03,INFO,"Mister pulse started; ON until 73142.28s, cooldown until 73146.28s"
73154.01,INFO,"Mister pulse started; ON until 73154.26s, cooldown until 73158.26s"
73165.01,INFO,"Mister pulse started; ON until 73165.26s, cooldown until 73169.26s"
73170.02,INFO,"Mister pulse started; ON until 73170.27s, cooldown until 73174.27s"
73184.01,INFO,"Mister pulse started; ON until 73184.26s, cooldown until 73188.26s"
73193.05,INFO,"Mister pulse started; ON until 73193.30s, cooldown until 73197.30s"
73204.05,INFO,"Mister pulse started; ON until 73204.30s, cooldown until 73208.30s"
73218.05,INFO,"Mister pulse started; ON until 73218.30s, cooldown until 73222.30s"
73231.01,INFO,"Mister pulse started; ON until 73231.26s, cooldown until 73235.26s"
73239.01,INFO,"Mister pulse started; ON until 73239.26s, cooldown until 73243.26s"
73251.04,INFO,"Mister pulse started; ON until 73251.29s, cooldown until 73255.29s"
73264.05,INFO,"Mister pulse started; ON until 73264.30s, cooldown until 73268.30s"
73273.03,INFO,"Mister pulse started; ON until 73273.28s, cooldown until 73277.28s"
73286.04,INFO,"Mister pulse started; ON until 73286.29s, cooldown until 73290.29s"
73291.05,INFO,"Mister pulse started; ON until 73291.30s, cooldown until 73295.30s"
73308.03,INFO,"Mister pulse started; ON until 73308.28s, cooldown until 73312.28s"
73313.04,INFO,"Mister pulse started; ON until 73313.29s, cooldown until 73317.29s"
73326.05,INFO,"Mister pulse started; ON until 73326.30s, cooldown until 73330.30s"
73335.03,INFO,"Mister pulse started; ON until 73335.28s, cooldown until 73339.28s"
73346.03,INFO,"Mister pulse started; ON until 73346.28s, cooldown until 73350.28s"
73360.03,INFO,"Mister pulse started; ON until 73360.28s, cooldown until 73364.28s"
73372.05,INFO,"Mister pulse started; ON until 73372.30s, cooldown until 73376.30s"
73377.01,INFO,"Mister pulse started; ON until 73377.26s, cooldown until 73381.26s"
73393.02,INFO,"Mister pulse started; ON until 73393.27s, cooldown until 73397.27s"
73407.01,INFO,"Mister pulse started; ON until 73407.26s, cooldown until 73411.26s"
73420.02,INFO,"Mister pulse started; ON until 73420.27s, cooldown until 73424.27s"
73425.03,INFO,"Mister pulse started; ON until 73425.28s, cooldown until 73429.28s"
73443.05,INFO,"Mister pulse started; ON until 73443.30s, cooldown until 73447.30s"
73448.01,INFO,"Mister pulse started; ON until 73448.26s, cooldown until 73452.26s"
73461.02,INFO,"Mister pulse started; ON until 73461.27s, cooldown until 73465.27s"
73471.04,INFO,"Mister pulse started; ON until 73471.29s, cooldown until 73475.29s"
73483.01,INFO,"Mister pulse started; ON until 73483.26s, cooldown until 73487.26s"
73488.03,INFO,"Mister pulse started; ON until 73488.28s, cooldown until 73492.28s"
73505.01,INFO,"Mister pulse started; ON until 73505.26s, cooldown until 73509.26s"
73510.02,INFO,"Mister pulse started; ON until 73510.27s, cooldown until 73514.27s"
73522.04,INFO,"Mister pulse started; ON until 73522.29s, cooldown until 73526.29s"
73527.01,INFO,"Mister pulse started; ON until 73527.26s, cooldown until 73531.26s"
73541.00,INFO,"Mister pulse started; ON until 73541.25s, cooldown until 73545.25s"
73553.03,INFO,"Mister pulse started; ON until 73553.28s, cooldown until 73557.28s"
73558.04,INFO,"Mister pulse started; ON until 73558.29s, cooldown until 73562.29s"
73571.00,INFO,"Mister pulse started; ON until 73571.25s, cooldown until 73575.25s"
73578.02,INFO,"Mister pulse started; ON until 73578.27s, cooldown until 73582.27s"
73588.03,INFO,"Mister pulse started; ON until 73588.28s, cooldown until 73592.28s"
73599.03,INFO,"Mister pulse started; ON until 73599.28s, cooldown until 73603.28s"
73612.04,INFO,"Mister pulse started; ON until 73612.29s, cooldown until 73616.29s"
73623.04,INFO,"Mister pulse started; ON until 73623.29s, cooldown until 73627.29s"
73634.03,INFO,"Mister pulse started; ON until 73634.28s, cooldown until 73638.28s"
73643.01,INFO,"Mister pulse started; ON until 73643.26s, cooldown until 73647.26s"
73653.02,INFO,"Mister pulse started; ON until 73653.27s, cooldown until 73657.27s"
73665.05,INFO,"Mister pulse started; ON until 73665.30s, cooldown until 73669.30s"
73670.01,INFO,"Mister pulse started; ON until 73670.26s, cooldown until 73674.26s"
73687.05,INFO,"Mister pulse started; ON until 73687.30s, cooldown until 73691.30s"
73698.04,INFO,"Mister pulse started; ON until 73698.29s, cooldown until 73702.29s"
73704.04,INFO,"Mister pulse started; ON until 73704.29s, cooldown until 73708.29s"
73714.01,INFO,"Mister pulse started; ON until 73714.26s, cooldown until 73718.26s"
73723.04,INFO,"Mister pulse started; ON until 73723.29s, cooldown until 73727.29s"
73733.00,INFO,"Mister pulse started; ON until 73733.25s, cooldown until 73737.25s"
73748.03,INFO,"Mister pulse started; ON until 73748.28s, cooldown until 73752.28s"
73756.03,INFO,"Mister pulse started; ON until 73756.28s, cooldown until 73760.28s"
73769.03,INFO,"Mister pulse started; ON until 73769.28s, cooldown until 73773.28s"
73778.02,INFO,"Mister pulse started; ON until 73778.27s, cooldown until 73782.27s"
73787.00,INFO,"Mister pulse started; ON until 73787.25s, cooldown until 73791.25s"
73799.03,INFO,"Mister pulse started; ON until 73799.28s, cooldown until 73803.28s"
73804.04,INFO,"Mister pulse started; ON until 73804.29s, cooldown until 73808.29s"
73817.01,INFO,"Mister pulse started; ON until 73817.26s, cooldown until 73821.26s"
73822.01,INFO,"Mister pulse started; ON until 73822.26s, cooldown until 73826.26s"
73833.01,INFO,"Mister pulse started; ON until 73833.26s, cooldown until 73837.26s"
73843.02,INFO,"Mister pulse started; ON until 73843.27s, cooldown until 73847.27s"
73855.00,INFO,"Mister pulse started; ON until 73855.25s, cooldown until 73859.25s"
73864.04,INFO,"Mister pulse started; ON until 73864.29s, cooldown until 73868.29s"
73869.05,INFO,"Mister pulse started; ON until 73869.30s, cooldown until 73873.30s"
73887.00,INFO,"Mister pulse started; ON until 73887.25s, cooldown until 73891.25s"
73892.02,INFO,"Mister pulse started; ON until 73892.27s, cooldown until 73896.27s"
73910.03,INFO,"Mister pulse started; ON until 73910.28s, cooldown until 73914.28s"
73915.04,INFO,"Mister pulse started; ON until 73915.29s, cooldown until 73919.29s"
73929.03,INFO,"Mister pulse started; ON until 73929.28s, cooldown until 73933.28s"
73934.04,INFO,"Mister pulse started; ON until 73934.29s, cooldown until 73938.29s"
73946.02,INFO,"Mister pulse started; ON until 73946.27s, cooldown until 73950.27s"
73958.00,INFO,"Mister pulse started; ON until 73958.25s, cooldown until 73962.25s"
73963.02,INFO,"Mister pulse started; ON until 73963.27s, cooldown until 73967.27s"
73983.04,INFO,"Mister pulse started; ON until 73983.29s, cooldown until 73987.29s"
73988.05,INFO,"Mister pulse started; ON until 73988.30s, cooldown until 73992.30s"
74006.01,INFO,"Mister pulse started; ON until 74006.26s, cooldown until 74010.26s"
74011.02,INFO,"Mister pulse started; ON until 74011.27s, cooldown until 74015.27s"
74026.04,INFO,"Mister pulse started; ON until 74026.29s, cooldown until 74030.29s"
74040.03,INFO,"Mister pulse started; ON until 74040.28s, cooldown until 74044.28s"
74049.02,INFO,"Mister pulse started; ON until 74049.27s, cooldown until 74053.27s"
74060.01,INFO,"Mister pulse started; ON until 74060.26s, cooldown until 74064.26s"
74065.02,INFO,"Mister pulse started; ON until 74065.27s, cooldown until 74069.27s"
74080.04,INFO,"Mister pulse started; ON until 74080.29s, cooldown until 74084.29s"
74089.03,INFO,"Mister pulse started; ON until 74089.28s, cooldown until 74093.28s"
74102.03,INFO,"Mister pulse started; ON until 74102.28s, cooldown until 74106.28s"
74107.05,INFO,"Mister pulse started; ON until 74107.30s, cooldown until 74111.30s"
74125.01,INFO,"Mister pulse started; ON until 74125.26s, cooldown until 74129.26s"
74130.02,INFO,"Mister pulse started; ON until 74130.27s, cooldown until 74134.27s"
74147.05,INFO,"Mister pulse started; ON until 74147.30s, cooldown until 74151.30s"
74160.00,INFO,"Mister pulse started; ON until 74160.25s, cooldown until 74164.25s"
74170.02,INFO,"Mister pulse started; ON until 74170.27s, cooldown until 74174.27s"
74187.05,INFO,"Mister pulse started; ON until 74187.30s, cooldown until 74191.30s"
74200.02,INFO,"Mister pulse started; ON until 74200.27s, cooldown until 74204.27s"
74213.03,INFO,"Mister pulse started; ON until 74213.28s, cooldown until 74217.28s"
74218.04,INFO,"Mister pulse started; ON until 74218.29s, cooldown until 74222.29s"
74235.03,INFO,"Mister pulse started; ON until 74235.28s, cooldown until 74239.28s"
74240.04,INFO,"Mister pulse started; ON until 74240.29s, cooldown until 74244.29s"
74254.03,INFO,"Mister pulse started; ON until 74254.28s, cooldown until 74258.28s"
74265.03,INFO,"Mister pulse started; ON until 74265.28s, cooldown until 74269.28s"
74278.03,INFO,"Mister pulse started; ON until 74278.28s, cooldown until 74282.28s"
74287.02,INFO,"Mister pulse started; ON until 74287.27s, cooldown until 74291.27s"
74299.04,INFO,"Mister pulse started; ON until 74299.29s, cooldown until 74303.29s"
74304.01,INFO,"Mister pulse started; ON until 74304.26s, cooldown until 74308.26s"
74320.01,INFO,"Mister pulse started; ON until 74320.26s, cooldown until 74324.26s"
74334.05,INFO,"Mister pulse started; ON until 74334.30s, cooldown until 74338.30s"
74343.03,INFO,"Mister pulse started; ON until 74343.28s, cooldown until 74347.28s"
74355.01,INFO,"Mister pulse started; ON until 74355.26s, cooldown until 74359.26s"
74364.04,INFO,"Mister pulse started; ON until 74364.29s, cooldown until 74368.29s"
74369.00,INFO,"Mister pulse started; ON until 74369.25s, cooldown until 74373.25s"
74379.02,INFO,"Mister pulse started; ON until 74379.27s, cooldown until 74383.27s"
74386.04,INFO,"Mister pulse started; ON until 74386.29s, cooldown until 74390.29s"
74395.02,INFO,"Mister pulse started; ON until 74395.27s, cooldown until 74399.27s"
74405.03,INFO,"Mister pulse started; ON until 74405.28s, cooldown until 74409.28s"
74410.03,INFO,"Mister pulse started; ON until 74410.28s, cooldown until 74414.28s"
74421.03,INFO,"Mister pulse started; ON until 74421.28s, cooldown until 74425.28s"
74432.04,INFO,"Mister pulse started; ON until 74432.29s, cooldown until 74436.29s"
74447.01,INFO,"Mister pulse started; ON until 74447.26s, cooldown until 74451.26s"
74460.02,INFO,"Mister pulse started; ON until 74460.27s, cooldown until 74464.27s"
74471.02,INFO,"Mister pulse started; ON until 74471.27s, cooldown until 74475.27s"
74485.02,INFO,"Mister pulse started; ON until 74485.27s, cooldown until 74489.27s"
74498.02,INFO,"Mister pulse started; ON until 74498.27s, cooldown until 74502.27s"
74505.04,INFO,"Mister pulse started; ON until 74505.29s, cooldown until 74509.29s"
74514.02,INFO,"Mister pulse started; ON until 74514.27s, cooldown until 74518.27s"
74519.03,INFO,"Mister pulse started; ON until 74519.28s, cooldown until 74523.28s"
74536.02,INFO,"Mister pulse started; ON until 74536.27s, cooldown until 74540.27s"
74541.02,INFO,"Mister pulse started; ON until 74541.27s, cooldown until 74545.27s"
74556.04,INFO,"Mister pulse started; ON until 74556.29s, cooldown until 74560.29s"
74566.01,INFO,"Mister pulse started; ON until 74566.26s, cooldown until 74570.26s"
74580.01,INFO,"Mister pulse started; ON until 74580.26s, cooldown until 74584.26s"
74592.04,INFO,"Mister pulse started; ON until 74592.29s, cooldown until 74596.29s"
74597.04,INFO,"Mister pulse started; ON until 74597.29s, cooldown until 74601.29s"
74610.00,INFO,"Mister pulse started; ON until 74610.25s, cooldown until 74614.25s"
74622.04,INFO,"Mister pulse started; ON until 74622.29s, cooldown until 74626.29s"
74635.05,INFO,"Mister pulse started; ON until 74635.30s, cooldown until 74639.30s"
74647.03,INFO,"Mister pulse started; ON until 74647.28s, cooldown until 74651.28s"
74652.04,INFO,"Mister pulse started; ON until 74652.29s, cooldown until 74656.29s"
74665.05,INFO,"Mister pulse started; ON until 74665.30s, cooldown until 74669.30s"
74675.01,INFO,"Mister pulse started; ON until 74675.26s, cooldown until 74679.26s"
74687.04,INFO,"Mister pulse started; ON until 74687.29s, cooldown until 74691.29s"
74692.00,INFO,"Mister pulse started; ON until 74692.25s, cooldown until 74696.25s"
74708.01,INFO,"Mister pulse started; ON until 74708.26s, cooldown until 74712.26s"
74721.01,INFO,"Mister pulse started; ON until 74721.26s, cooldown until 74725.26s"
74731.03,INFO,"Mister pulse started; ON until 74731.28s, cooldown until 74735.28s"
74743.01,INFO,"Mister pulse started; ON until 74743.26s, cooldown until 74747.26s"
74751.02,INFO,"Mister pulse started; ON until 74751.27s, cooldown until 74755.27s"
74761.03,INFO,"Mister pulse started; ON until 74761.28s, cooldown until 74765.28s"
74772.02,INFO,"Mister pulse started; ON until 74772.27s, cooldown until 74776.27s"
74785.03,INFO,"Mister pulse started; ON until 74785.28s, cooldown until 74789.28s"
74796.03,INFO,"Mister pulse started; ON until 74796.28s, cooldown until 74800.28s"
74810.03,INFO,"Mister pulse started; ON until 74810.28s, cooldown until 74814.28s"
74825.00,INFO,"Mister pulse started; ON until 74825.25s, cooldown until 74829.25s"
74835.01,INFO,"Mister pulse started; ON until 74835.26s, cooldown until 74839.26s"
74850.03,INFO,"Mister pulse started; ON until 74850.28s, cooldown until 74854.28s"
74863.04,INFO,"Mister pulse started; ON until 74863.29s, cooldown until 74867.29s"
74868.04,INFO,"Mister pulse started; ON until 74868.29s, cooldown until 74872.29s"
74886.00,INFO,"Mister pulse started; ON until 74886.25s, cooldown until 74890.25s"
74894.00,INFO,"Mister pulse started; ON until 74894.25s, cooldown until 74898.25s"
74901.02,INFO,"Mister pulse started; ON until 74901.27s, cooldown until 74905.27s"
74908.04,INFO,"Mister pulse started; ON until 74908.29s, cooldown until 74912.29s"
74925.02,INFO,"Mister pulse started; ON until 74925.27s, cooldown until 74929.27s"
74930.03,INFO,"Mister pulse started; ON until 74930.28s, cooldown until 74934.28s"
74943.04,INFO,"Mister pulse started; ON until 74943.29s, cooldown until 74947.29s"
74952.02,INFO,"Mister pulse started; ON until 74952.27s, cooldown until 74956.27s"
74963.02,INFO,"Mister pulse started; ON until 74963.27s, cooldown until 74967.27s"
74976.03,INFO,"Mister pulse started; ON until 74976.28s, cooldown until 74980.28s"
74985.01,INFO,"Mister pulse started; ON until 74985.26s, cooldown until 74989.26s"
74998.01,INFO,"Mister pulse started; ON until 74998.26s, cooldown until 75002.26s"
75003.03,INFO,"Mister pulse started; ON until 75003.28s, cooldown until 75007.28s"
75022.03,INFO,"Mister pulse started; ON until 75022.28s, cooldown until 75026.28s"
75027.04,INFO,"Mister pulse started; ON until 75027.29s, cooldown until 75031.29s"
75043.04,INFO,"Mister pulse started; ON until 75043.29s, cooldown until 75047.29s"
75057.03,INFO,"Mister pulse started; ON until 75057.28s, cooldown until 75061.28s"
75071.02,INFO,"Mister pulse started; ON until 75071.27s, cooldown until 75075.27s"
75078.04,INFO,"Mister pulse started; ON until 75078.29s, cooldown until 75082.29s"
75088.00,INFO,"Mister pulse started; ON until 75088.25s, cooldown until 75092.25s"
75101.01,INFO,"Mister pulse started; ON until 75101.26s, cooldown until 75105.26s"
75106.02,INFO,"Mister pulse started; ON until 75106.27s, cooldown until 75110.27s"
75123.01,INFO,"Mister pulse started; ON until 75123.26s, cooldown until 75127.26s"
75128.02,INFO,"Mister pulse started; ON until 75128.27s, cooldown until 75132.27s"
75141.02,INFO,"Mister pulse started; ON until 75141.27s, cooldown until 75145.27s"
75150.00,INFO,"Mister pulse started; ON until 75150.25s, cooldown until 75154.25s"
75161.05,INFO,"Mister pulse started; ON until 75161.30s, cooldown until 75165.30s"
75173.02,INFO,"Mister pulse started; ON until 75173.27s, cooldown until 75177.27s"
75178.03,INFO,"Mister pulse started; ON until 75178.28s, cooldown until 75182.28s"
75195.01,INFO,"Mister pulse started; ON until 75195.26s, cooldown until 75199.26s"
75200.01,INFO,"Mister pulse started; ON until 75200.26s, cooldown until 75204.26s"
75214.00,INFO,"Mister pulse started; ON until 75214.25s, cooldown until 75218.25s"
75223.04,INFO,"Mister pulse started; ON until 75223.29s, cooldown until 75227.29s"
75235.01,INFO,"Mister pulse started; ON until 75235.26s, cooldown until 75239.26s"
75240.02,INFO,"Mister pulse started; ON until 75240.27s, cooldown until 75244.27s"
75254.01,INFO,"Mister pulse started; ON until 75254.26s, cooldown until 75258.26s"
75264.03,INFO,"Mister pulse started; ON until 75264.28s, cooldown until 75268.28s"
75275.02,INFO,"Mister pulse started; ON until 75275.27s, cooldown until 75279.27s"
75280.03,INFO,"Mister pulse started; ON until 75280.28s, cooldown until 75284.28s"
75295.00,INFO,"Mister pulse started; ON until 75295.25s, cooldown until 75299.25s"
75305.02,INFO,"Mister pulse started; ON until 75305.27s, cooldown until 75309.27s"
75320.00,INFO,"Mister pulse started; ON until 75320.25s, cooldown until 75324.25s"
75332.03,INFO,"Mister pulse started; ON until 75332.28s, cooldown until 75336.28s"
75343.02,INFO,"Mister pulse started; ON until 75343.27s, cooldown until 75347.27s"
75354.02,INFO,"Mister pulse started; ON until 75354.27s, cooldown until 75358.27s"
75361.04,INFO,"Mister pulse started; ON until 75361.29s, cooldown until 75365.29s"
75377.04,INFO,"Mister pulse started; ON until 75377.29s, cooldown until 75381.29s"
75390.05,INFO,"Mister pulse started; ON until 75390.30s, cooldown until 75394.30s"
75395.00,INFO,"Mister pulse started; ON until 75395.25s, cooldown until 75399.25s"
75410.03,INFO,"Mister pulse started; ON until 75410.28s, cooldown until 75414.28s"
75415.04,INFO,"Mister pulse started; ON until 75415.29s, cooldown until 75419.29s"
75425.05,INFO,"Mister pulse started; ON until 75425.30s, cooldown until 75429.30s"
75442.03,INFO,"Mister pulse started; ON until 75442.28s, cooldown until 75446.28s"
75447.04,INFO,"Mister pulse started; ON until 75447.29s, cooldown until 75451.29s"
75461.03,INFO,"Mister pulse started; ON until 75461.28s, cooldown until 75465.28s"
75468.05,INFO,"Mister pulse started; ON until 75468.30s, cooldown until 75472.30s"
75479.05,INFO,"Mister pulse started; ON until 75479.30s, cooldown until 75483.30s"
75492.01,INFO,"Mister pulse started; ON until 75492.26s, cooldown until 75496.26s"
75502.02,INFO,"Mister pulse started; ON until 75502.27s, cooldown until 75506.27s"
75513.02,INFO,"Mister pulse started; ON until 75513.27s, cooldown until 75517.27s"
75521.02,INFO,"Mister pulse started; ON until 75521.27s, cooldown until 75525.27s"
75526.03,INFO,"Mister pulse started; ON until 75526.28s, cooldown until 75530.28s"
75540.02,INFO,"Mister pulse started; ON until 75540.27s, cooldown until 75544.27s"
75550.04,INFO,"Mister pulse started; ON until 75550.29s, cooldown until 75554.29s"
75563.04,INFO,"Mister pulse started; ON until 75563.29s, cooldown until 75567.29s"
75568.05,INFO,"Mister pulse started; ON until 75568.30s, cooldown until 75572.30s"
75586.01,INFO,"Mister pulse started; ON until 75586.26s, cooldown until 75590.26s"
75591.02,INFO,"Mister pulse started; ON until 75591.27s, cooldown until 75595.27s"
75607.02,INFO,"Mister pulse started; ON until 75607.27s, cooldown until 75611.27s"
75621.01,INFO,"Mister pulse started; ON until 75621.26s, cooldown until 75625.26s"
75632.05,INFO,"Mister pulse started; ON until 75632.30s, cooldown until 75636.30s"
75647.02,INFO,"Mister pulse started; ON until 75647.27s, cooldown until 75651.27s"
75663.03,INFO,"Mister pulse started; ON until 75663.28s, cooldown until 75667.28s"
75676.05,INFO,"Mister pulse started; ON until 75676.30s, cooldown until 75680.30s"
75686.01,INFO,"Mister pulse started; ON until 75686.26s, cooldown until 75690.26s"
75702.02,INFO,"Mister pulse started; ON until 75702.27s, cooldown until 75706.27s"
75715.02,INFO,"Mister pulse started; ON until 75715.27s, cooldown until 75719.27s"
75725.04,INFO,"Mister pulse started; ON until 75725.29s, cooldown until 75729.29s"
75736.04,INFO,"Mister pulse started; ON until 75736.29s, cooldown until 75740.29s"
75744.04,INFO,"Mister pulse started; ON until 75744.29s, cooldown until 75748.29s"
75749.00,INFO,"Mister pulse started; ON until 75749.25s, cooldown until 75753.25s"
75765.02,INFO,"Mister pulse started; ON until 75765.27s, cooldown until 75769.27s"
75778.04,INFO,"Mister pulse started; ON until 75778.29s, cooldown until 75782.29s"
75790.01,INFO,"Mister pulse started; ON until 75790.26s, cooldown until 75794.26s"
75795.02,INFO,"Mister pulse started; ON until 75795.27s, cooldown until 75799.27s"
75808.03,INFO,"Mister pulse started; ON until 75808.28s, cooldown until 75812.28s"
75815.00,INFO,"Mister pulse started; ON until 75815.25s, cooldown until 75819.25s"
75820.01,INFO,"Mister pulse started; ON until 75820.26s, cooldown until 75824.26s"
75838.03,INFO,"Mister pulse started; ON until 75838.28s, cooldown until 75842.28s"
75843.03,INFO,"Mister pulse started; ON until 75843.28s, cooldown until 75847.28s"
75857.02,INFO,"Mister pulse started; ON until 75857.27s, cooldown until 75861.27s"
75867.04,INFO,"Mister pulse started; ON until 75867.29s, cooldown until 75871.29s"
75878.03,INFO,"Mister pulse started; ON until 75878.28s, cooldown until 75882.28s"
75883.04,INFO,"Mister pulse started; ON until 75883.29s, cooldown until 75887.29s"
75899.05,INFO,"Mister pulse started; ON until 75899.30s, cooldown until 75903.30s"
75904.00,INFO,"Mister pulse started; ON until 75904.25s, cooldown until 75908.25s"
75921.04,INFO,"Mister pulse started; ON until 75921.29s, cooldown until 75925.29s"
75931.00,INFO,"Mister pulse started; ON until 75931.25s, cooldown until 75935.25s"
75945.04,INFO,"Mister pulse started; ON until 75945.29s, cooldown until 75949.29s"
75954.02,INFO,"Mister pulse started; ON until 75954.27s, cooldown until 75958.27s"
75967.03,INFO,"Mister pulse started; ON until 75967.28s, cooldown until 75971.28s"
75972.04,INFO,"Mister pulse started; ON until 75972.29s, cooldown until 75976.29s"
75990.05,INFO,"Mister pulse started; ON until 75990.30s, cooldown until 75994.30s"
75995.01,INFO,"Mister pulse started; ON until 75995.26s, cooldown until 75999.26s"
76013.02,INFO,"Mister pulse started; ON until 76013.27s, cooldown until 76017.27s"
76018.03,INFO,"Mister pulse started; ON until 76018.28s, cooldown until 76022.28s"
76031.05,INFO,"Mister pulse started; ON until 76031.30s, cooldown until 76035.30s"
76041.01,INFO,"Mister pulse started; ON until 76041.26s, cooldown until 76045.26s"
76052.00,INFO,"Mister pulse started; ON until 76052.25s, cooldown until 76056.25s"
76057.01,INFO,"Mister pulse started; ON until 76057.26s, cooldown until 76061.26s"
76072.04,INFO,"Mister pulse started; ON until 76072.29s, cooldown until 76076.29s"
76080.04,INFO,"Mister pulse started; ON until 76080.29s, cooldown until 76084.29s"
76092.02,INFO,"Mister pulse started; ON until 76092.27s, cooldown until 76096.27s"
76097.03,INFO,"Mister pulse started; ON until 76097.28s, cooldown until 76101.28s"
76113.04,INFO,"Mister pulse started; ON until 76113.29s, cooldown until 76117.29s"
76124.03,INFO,"Mister pulse started; ON until 76124.28s, cooldown until 76128.28s"
76129.04,INFO,"Mister pulse started; ON until 76129.29s, cooldown until 76133.29s"
76142.04,INFO,"Mister pulse started; ON until 76142.29s, cooldown until 76146.29s"
76152.01,INFO,"Mister pulse started; ON until 76152.26s, cooldown until 76156.26s"
76163.01,INFO,"Mister pulse started; ON until 76163.26s, cooldown until 76167.26s"
76168.01,INFO,"Mister pulse started; ON until 76168.26s, cooldown until 76172.26s"
76184.02,INFO,"Mister pulse started; ON until 76184.27s, cooldown until 76188.27s"
76196.00,INFO,"Mister pulse started; ON until 76196.25s, cooldown until 76200.25s"
76201.01,INFO,"Mister pulse started; ON until 76201.26s, cooldown until 76205.26s"
76218.04,INFO,"Mister pulse started; ON until 76218.29s, cooldown until 76222.29s"
76231.05,INFO,"Mister pulse started; ON until 76231.30s, cooldown until 76235.30s"
76244.01,INFO,"Mister pulse started; ON until 76244.26s, cooldown until 76248.26s"
76249.02,INFO,"Mister pulse started; ON until 76249.27s, cooldown until 76253.27s"
76266.05,INFO,"Mister pulse started; ON until 76266.30s, cooldown until 76270.30s"
76280.04,INFO,"Mister pulse started; ON until 76280.29s, cooldown until 76284.29s"
76292.01,INFO,"Mister pulse started; ON until 76292.26s, cooldown until 76296.26s"
76297.02,INFO,"Mister pulse started; ON until 76297.27s, cooldown until 76301.27s"
76315.04,INFO,"Mister pulse started; ON until 76315.29s, cooldown until 76319.29s"
76320.05,INFO,"Mister pulse started; ON until 76320.30s, cooldown until 76324.30s"
76334.04,INFO,"Mister pulse started; ON until 76334.29s, cooldown until 76338.29s"
76344.01,INFO,"Mister pulse started; ON until 76344.26s, cooldown until 76348.26s"
76358.01,INFO,"Mister pulse started; ON until 76358.26s, cooldown until 76362.26s"
76369.05,INFO,"Mister pulse started; ON until 76369.30s, cooldown until 76373.30s"
76385.05,INFO,"Mister pulse started; ON until 76385.30s, cooldown until 76389.30s"
76399.04,INFO,"Mister pulse started; ON until 76399.29s, cooldown until 76403.29s"
76410.03,INFO,"Mister pulse started; ON until 76410.28s, cooldown until 76414.28s"
76415.05,INFO,"Mister pulse started; ON until 76415.30s, cooldown until 76419.30s"
76429.04,INFO,"Mister pulse started; ON until 76429.29s, cooldown until 76433.29s"
76438.03,INFO,"Mister pulse started; ON until 76438.28s, cooldown until 76442.28s"
76451.04,INFO,"Mister pulse started; ON until 76451.29s, cooldown until 76455.29s"
76460.02,INFO,"Mister pulse started; ON until 76460.27s, cooldown until 76464.27s"
76471.02,INFO,"Mister pulse started; ON until 76471.27s, cooldown until 76475.27s"
76486.04,INFO,"Mister pulse started; ON until 76486.29s, cooldown until 76490.29s"
76497.03,INFO,"Mister pulse started; ON until 76497.28s, cooldown until 76501.28s"
76502.05,INFO,"Mister pulse started; ON until 76502.30s, cooldown until 76506.30s"
76518.05,INFO,"Mister pulse started; ON until 76518.30s, cooldown until 76522.30s"
76529.04,INFO,"Mister pulse started; ON until 76529.29s, cooldown until 76533.29s"
76537.05,INFO,"Mister pulse started; ON until 76537.30s, cooldown until 76541.30s"
76543.04,INFO,"Mister pulse started; ON until 76543.29s, cooldown until 76547.29s"
76558.01,INFO,"Mister pulse started; ON until 76558.26s, cooldown until 76562.26s"
76572.00,INFO,"Mister pulse started; ON until 76572.25s, cooldown until 76576.25s"
76585.00,INFO,"Mister pulse started; ON until 76585.25s, cooldown until 76589.25s"
76590.01,INFO,"Mister pulse started; ON until 76590.26s, cooldown until 76594.26s"
76608.03,INFO,"Mister pulse started; ON until 76608.28s, cooldown until 76612.28s"
76613.04,INFO,"Mister pulse started; ON until 76613.29s, cooldown until 76617.29s"
76626.05,INFO,"Mister pulse started; ON until 76626.30s, cooldown until 76630.30s"
76634.00,INFO,"Mister pulse started; ON until 76634.25s, cooldown until 76638.25s"
76645.04,INFO,"Mister pulse started; ON until 76645.29s, cooldown until 76649.29s"
76658.05,INFO,"Mister pulse started; ON until 76658.30s, cooldown until 76662.30s"
76663.00,INFO,"Mister pulse started; ON until 76663.25s, cooldown until 76667.25s"
76673.03,INFO,"Mister pulse started; ON until 76673.28s, cooldown until 76677.28s"
76679.01,INFO,"Mister pulse started; ON until 76679.26s, cooldown until 76683.26s"
76689.03,INFO,"Mister pulse started; ON until 76689.28s, cooldown until 76693.28s"
76696.05,INFO,"Mister pulse started; ON until 76696.30s, cooldown until 76700.30s"
76703.02,INFO,"Mister pulse started; ON until 76703.27s, cooldown until 76707.27s"
76708.04,INFO,"Mister pulse started; ON until 76708.29s, cooldown until 76712.29s"
76723.01,INFO,"Mister pulse started; ON until 76723.26s, cooldown until 76727.26s"
76734.05,INFO,"Mister pulse started; ON until 76734.30s, cooldown until 76738.30s"
76749.03,INFO,"Mister pulse started; ON until 76749.28s, cooldown until 76753.28s"
76762.05,INFO,"Mister pulse started; ON until 76762.30s, cooldown until 76766.30s"
76773.05,INFO,"Mister pulse started; ON until 76773.30s, cooldown until 76777.30s"
76787.04,INFO,"Mister pulse started; ON until 76787.29s, cooldown until 76791.29s"
76799.01,INFO,"Mister pulse started; ON until 76799.26s, cooldown until 76803.26s"
76807.02,INFO,"Mister pulse started; ON until 76807.27s, cooldown until 76811.27s"
76817.03,INFO,"Mister pulse started; ON until 76817.28s, cooldown until 76821.28s"
76829.01,INFO,"Mister pulse started; ON until 76829.26s, cooldown until 76833.26s"
76834.02,INFO,"Mister pulse started; ON until 76834.27s, cooldown until 76838.27s"
76847.03,INFO,"Mister pulse started; ON until 76847.28s, cooldown until 76851.28s"
76857.04,INFO,"Mister pulse started; ON until 76857.29s, cooldown until 76861.29s"
76868.04,INFO,"Mister pulse started; ON until 76868.29s, cooldown until 76872.29s"
76881.05,INFO,"Mister pulse started; ON until 76881.30s, cooldown until 76885.30s"
76890.03,INFO,"Mister pulse started; ON until 76890.28s, cooldown until 76894.28s"
76903.04,INFO,"Mister pulse started; ON until 76903.29s, cooldown until 76907.29s"
76911.04,INFO,"Mister pulse started; ON until 76911.29s, cooldown until 76915.29s"
76919.04,INFO,"Mister pulse started; ON until 76919.29s, cooldown until 76923.29s"
76928.02,INFO,"Mister pulse started; ON until 76928.27s, cooldown until 76932.27s"
76940.05,INFO,"Mister pulse started; ON until 76940.30s, cooldown until 76944.30s"
76955.02,INFO,"Mister pulse started; ON until 76955.27s, cooldown until 76959.27s"
76969.02,INFO,"Mister pulse started; ON until 76969.27s, cooldown until 76973.27s"
76979.03,INFO,"Mister pulse started; ON until 76979.28s, cooldown until 76983.28s"
76994.01,INFO,"Mister pulse started; ON until 76994.26s, cooldown until 76998.26s"
77009.03,INFO,"Mister pulse started; ON until 77009.28s, cooldown until 77013.28s"
77020.02,INFO,"Mister pulse started; ON until 77020.27s, cooldown until 77024.27s"
77025.04,INFO,"Mister pulse started; ON until 77025.29s, cooldown until 77029.29s"
77039.02,INFO,"Mister pulse started; ON until 77039.27s, cooldown until 77043.27s"
77051.05,INFO,"Mister pulse started; ON until 77051.30s, cooldown until 77055.30s"
77063.02,INFO,"Mister pulse started; ON until 77063.27s, cooldown until 77067.27s"
77074.02,INFO,"Mister pulse started; ON until 77074.27s, cooldown until 77078.27s"
77090.01,INFO,"Mister pulse started; ON until 77090.26s, cooldown until 77094.26s"
77103.02,INFO,"Mister pulse started; ON until 77103.27s, cooldown until 77107.27s"
77114.02,INFO,"Mister pulse started; ON until 77114.27s, cooldown until 77118.27s"
77126.00,INFO,"Mister pulse started; ON until 77126.25s, cooldown until 77130.25s"
77138.03,INFO,"Mister pulse started; ON until 77138.28s, cooldown until 77142.28s"
77152.01,INFO,"Mister pulse started; ON until 77152.26s, cooldown until 77156.26s"
77164.04,INFO,"Mister pulse started; ON until 77164.29s, cooldown until 77168.29s"
77169.04,INFO,"Mister pulse started; ON until 77169.29s, cooldown until 77173.29s"
77184.02,INFO,"Mister pulse started; ON until 77184.27s, cooldown until 77188.27s"
77194.03,INFO,"Mister pulse started; ON until 77194.28s, cooldown until 77198.28s"
77208.02,INFO,"Mister pulse started; ON until 77208.27s, cooldown until 77212.27s"
77221.03,INFO,"Mister pulse started; ON until 77221.28s, cooldown until 77225.28s"
77229.04,INFO,"Mister pulse started; ON until 77229.29s, cooldown until 77233.29s"
77239.05,INFO,"Mister pulse started; ON until 77239.30s, cooldown until 77243.30s"
77250.04,INFO,"Mister pulse started; ON until 77250.29s, cooldown until 77254.29s"
77264.03,INFO,"Mister pulse started; ON until 77264.28s, cooldown until 77268.28s"
77276.02,INFO,"Mister pulse started; ON until 77276.27s, cooldown until 77280.27s"
77281.02,INFO,"Mister pulse started; ON until 77281.27s, cooldown until 77285.27s"
77299.04,INFO,"Mister pulse started; ON until 77299.29s, cooldown until 77303.29s"
77304.05,INFO,"Mister pulse started; ON until 77304.30s, cooldown until 77308.30s"
77319.03,INFO,"Mister pulse started; ON until 77319.28s, cooldown until 77323.28s"
77328.01,INFO,"Mister pulse started; ON until 77328.26s, cooldown until 77332.26s"
77346.02,INFO,"Mister pulse started; ON until 77346.27s, cooldown until 77350.27s"
77351.03,INFO,"Mister pulse started; ON until 77351.28s, cooldown until 77355.28s"
77356.04,INFO,"Mister pulse started; ON until 77356.29s, cooldown until 77360.29s"
77371.01,INFO,"Mister pulse started; ON until 77371.26s, cooldown until 77375.26s"
77379.01,INFO,"Mister pulse started; ON until 77379.26s, cooldown until 77383.26s"
77389.03,INFO,"Mister pulse started; ON until 77389.28s, cooldown until 77393.28s"
77399.05,INFO,"Mister pulse started; ON until 77399.30s, cooldown until 77403.30s"
77413.04,INFO,"Mister pulse started; ON until 77413.29s, cooldown until 77417.29s"
77422.02,INFO,"Mister pulse started; ON until 77422.27s, cooldown until 77426.27s"
77435.03,INFO,"Mister pulse started; ON until 77435.28s, cooldown until 77439.28s"
77443.03,INFO,"Mister pulse started; ON until 77443.28s, cooldown until 77447.28s"
77453.05,INFO,"Mister pulse started; ON until 77453.30s, cooldown until 77457.30s"
77463.01,INFO,"Mister pulse started; ON until 77463.26s, cooldown until 77467.26s"
77478.03,INFO,"Mister pulse started; ON until 77478.28s, cooldown until 77482.28s"
77490.00,INFO,"Mister pulse started; ON until 77490.25s, cooldown until 77494.25s"
77499.04,INFO,"Mister pulse started; ON until 77499.29s, cooldown until 77503.29s"
77508.02,INFO,"Mister pulse started; ON until 77508.27s, cooldown until 77512.27s"
77513.02,INFO,"Mister pulse started; ON until 77513.27s, cooldown until 77517.27s"
77524.02,INFO,"Mister pulse started; ON until 77524.27s, cooldown until 77528.27s"
77535.02,INFO,"Mister pulse started; ON until 77535.27s, cooldown until 77539.27s"
77549.01,INFO,"Mister pulse started; ON until 77549.26s, cooldown until 77553.26s"
77561.04,INFO,"Mister pulse started; ON until 77561.29s, cooldown until 77565.29s"
77566.04,INFO,"Mister pulse started; ON until 77566.29s, cooldown until 77570.29s"
77578.02,INFO,"Mister pulse started; ON until 77578.27s, cooldown until 77582.27s"
77583.03,INFO,"Mister pulse started; ON until 77583.28s, cooldown until 77587.28s"
77602.03,INFO,"Mister pulse started; ON until 77602.28s, cooldown until 77606.28s"
77607.04,INFO,"Mister pulse started; ON until 77607.29s, cooldown until 77611.29s"
77625.00,INFO,"Mister pulse started; ON until 77625.25s, cooldown until 77629.25s"
77630.01,INFO,"Mister pulse started; ON until 77630.26s, cooldown until 77634.26s"
77648.02,INFO,"Mister pulse started; ON until 77648.27s, cooldown until 77652.27s"
77653.03,INFO,"Mister pulse started; ON until 77653.28s, cooldown until 77657.28s"
77665.00,INFO,"Mister pulse started; ON until 77665.25s, cooldown until 77669.25s"
77676.05,INFO,"Mister pulse started; ON until 77676.30s, cooldown until 77680.30s"
77686.02,INFO,"Mister pulse started; ON until 77686.27s, cooldown until 77690.27s"
77702.03,INFO,"Mister pulse started; ON until 77702.28s, cooldown until 77706.28s"
77715.03,INFO,"Mister pulse started; ON until 77715.28s, cooldown until 77719.28s"
77725.05,INFO,"Mister pulse started; ON until 77725.30s, cooldown until 77729.30s"
77738.01,INFO,"Mister pulse started; ON until 77738.26s, cooldown until 77742.26s"
77746.01,INFO,"Mister pulse started; ON until 77746.26s, cooldown until 77750.26s"
77758.03,INFO,"Mister pulse started; ON until 77758.28s, cooldown until 77762.28s"
77772.03,INFO,"Mister pulse started; ON until 77772.28s, cooldown until 77776.28s"
77782.04,INFO,"Mister pulse started; ON until 77782.29s, cooldown until 77786.29s"
77799.02,INFO,"Mister pulse started; ON until 77799.27s, cooldown until 77803.27s"
77804.03,INFO,"Mister pulse started; ON until 77804.28s, cooldown until 77808.28s"
77816.01,INFO,"Mister pulse started; ON until 77816.26s, cooldown until 77820.26s"
77826.03,INFO,"Mister pulse started; ON until 77826.28s, cooldown until 77830.28s"
77834.03,INFO,"Mister pulse started; ON until 77834.28s, cooldown until 77838.28s"
77847.03,INFO,"Mister pulse started; ON until 77847.28s, cooldown until 77851.28s"
77852.05,INFO,"Mister pulse started; ON until 77852.30s, cooldown until 77856.30s"
77866.04,INFO,"Mister pulse started; ON until 77866.29s, cooldown until 77870.29s"
77877.04,INFO,"Mister pulse started; ON until 77877.29s, cooldown until 77881.29s"
77892.01,INFO,"Mister pulse started; ON until 77892.26s, cooldown until 77896.26s"
77906.04,INFO,"Mister pulse started; ON until 77906.29s, cooldown until 77910.29s"
77911.00,INFO,"Mister pulse started; ON until 77911.25s, cooldown until 77915.25s"
77925.05,INFO,"Mister pulse started; ON until 77925.30s, cooldown until 77929.30s"
77939.03,INFO,"Mister pulse started; ON until 77939.28s, cooldown until 77943.28s"
77951.01,INFO,"Mister pulse started; ON until 77951.26s, cooldown until 77955.26s"
77961.02,INFO,"Mister pulse started; ON until 77961.27s, cooldown until 77965.27s"
77969.03,INFO,"Mister pulse started; ON until 77969.28s, cooldown until 77973.28s"
77980.02,INFO,"Mister pulse started; ON until 77980.27s, cooldown until 77984.27s"
77996.02,INFO,"Mister pulse started; ON until 77996.27s, cooldown until 78000.27s"
78008.00,INFO,"Mister pulse started; ON until 78008.25s, cooldown until 78012.25s"
78019.05,INFO,"Mister pulse started; ON until 78019.30s, cooldown until 78023.30s"
78032.01,INFO,"Mister pulse started; ON until 78032.26s, cooldown until 78036.26s"
78037.02,INFO,"Mister pulse started; ON until 78037.27s, cooldown until 78041.27s"
78049.05,INFO,"Mister pulse started; ON until 78049.30s, cooldown until 78053.30s"
78059.02,INFO,"Mister pulse started; ON until 78059.27s, cooldown until 78063.27s"
78073.01,INFO,"Mister pulse started; ON until 78073.26s, cooldown until 78077.26s"
78087.00,INFO,"Mister pulse started; ON until 78087.25s, cooldown until 78091.25s"
78097.02,INFO,"Mister pulse started; ON until 78097.27s, cooldown until 78101.27s"
78109.05,INFO,"Mister pulse started; ON until 78109.30s, cooldown until 78113.30s"
78114.01,INFO,"Mister pulse started; ON until 78114.26s, cooldown until 78118.26s"
78130.01,INFO,"Mister pulse started; ON until 78130.26s, cooldown until 78134.26s"
78144.01,INFO,"Mister pulse started; ON until 78144.26s, cooldown until 78148.26s"
78156.04,INFO,"Mister pulse started; ON until 78156.29s, cooldown until 78160.29s"
78163.01,INFO,"Mister pulse started; ON until 78163.26s, cooldown until 78167.26s"
78169.01,INFO,"Mister pulse started; ON until 78169.26s, cooldown until 78173.26s"
78184.03,INFO,"Mister pulse started; ON until 78184.28s, cooldown until 78188.28s"
78196.01,INFO,"Mister pulse started; ON until 78196.26s, cooldown until 78200.26s"
78206.03,INFO,"Mister pulse started; ON until 78206.28s, cooldown until 78210.28s"
78216.04,INFO,"Mister pulse started; ON until 78216.29s, cooldown until 78220.29s"
78229.01,INFO,"Mister pulse started; ON until 78229.26s, cooldown until 78233.26s"
78239.03,INFO,"Mister pulse started; ON until 78239.28s, cooldown until 78243.28s"
78251.01,INFO,"Mister pulse started; ON until 78251.26s, cooldown until 78255.26s"
78261.03,INFO,"Mister pulse started; ON until 78261.28s, cooldown until 78265.28s"
78266.03,INFO,"Mister pulse started; ON until 78266.28s, cooldown until 78270.28s"
78278.01,INFO,"Mister pulse started; ON until 78278.26s, cooldown until 78282.26s"
78290.04,INFO,"Mister pulse started; ON until 78290.29s, cooldown until 78294.29s"
78295.05,INFO,"Mister pulse started; ON until 78295.30s, cooldown until 78299.30s"
78311.04,INFO,"Mister pulse started; ON until 78311.29s, cooldown until 78315.29s"
78323.02,INFO,"Mister pulse started; ON until 78323.27s, cooldown until 78327.27s"
78330.04,INFO,"Mister pulse started; ON until 78330.29s, cooldown until 78334.29s"
78337.01,INFO,"Mister pulse started; ON until 78337.26s, cooldown until 78341.26s"
78343.05,INFO,"Mister pulse started; ON until 78343.30s, cooldown until 78347.30s"
78357.04,INFO,"Mister pulse started; ON until 78357.29s, cooldown until 78361.29s"
78369.02,INFO,"Mister pulse started; ON until 78369.27s, cooldown until 78373.27s"
78374.04,INFO,"Mister pulse started; ON until 78374.29s, cooldown until 78378.29s"
78388.03,INFO,"Mister pulse started; ON until 78388.28s, cooldown until 78392.28s"
78398.05,INFO,"Mister pulse started; ON until 78398.30s, cooldown until 78402.30s"
78410.02,INFO,"Mister pulse started; ON until 78410.27s, cooldown until 78414.27s"
78419.01,INFO,"Mister pulse started; ON until 78419.26s, cooldown until 78423.26s"
78428.04,INFO,"Mister pulse started; ON until 78428.29s, cooldown until 78432.29s"
78441.00,INFO,"Mister pulse started; ON until 78441.25s, cooldown until 78445.25s"
78447.05,INFO,"Mister pulse started; ON until 78447.30s, cooldown until 78451.30s"
78465.01,INFO,"Mister pulse started; ON until 78465.26s, cooldown until 78469.26s"
78473.01,INFO,"Mister pulse started; ON until 78473.26s, cooldown until 78477.26s"
78482.04,INFO,"Mister pulse started; ON until 78482.29s, cooldown until 78486.29s"
78488.03,INFO,"Mister pulse started; ON until 78488.28s, cooldown until 78492.28s"
78497.01,INFO,"Mister pulse started; ON until 78497.26s, cooldown until 78501.26s"
78505.01,INFO,"Mister pulse started; ON until 78505.26s, cooldown until 78509.26s"
78516.01,INFO,"Mister pulse started; ON until 78516.26s, cooldown until 78520.26s"
78528.04,INFO,"Mister pulse started; ON until 78528.29s, cooldown until 78532.29s"
78533.00,INFO,"Mister pulse started; ON until 78533.25s, cooldown until 78537.25s"
78551.02,INFO,"Mister pulse started; ON until 78551.27s, cooldown until 78555.27s"
78556.03,INFO,"Mister pulse started; ON until 78556.28s, cooldown until 78560.28s"
78569.03,INFO,"Mister pulse started; ON until 78569.28s, cooldown until 78573.28s"
78577.04,INFO,"Mister pulse started; ON until 78577.29s, cooldown until 78581.29s"
78586.02,INFO,"Mister pulse started; ON until 78586.27s, cooldown until 78590.27s"
78598.05,INFO,"Mister pulse started; ON until 78598.30s, cooldown until 78602.30s"
78613.02,INFO,"Mister pulse started; ON until 78613.27s, cooldown until 78617.27s"
78627.01,INFO,"Mister pulse started; ON until 78627.26s, cooldown until 78631.26s"
78639.04,INFO,"Mister pulse started; ON until 78639.29s, cooldown until 78643.29s"
78644.05,INFO,"Mister pulse started; ON until 78644.30s, cooldown until 78648.30s"
78658.04,INFO,"Mister pulse started; ON until 78658.29s, cooldown until 78662.29s"
78669.03,INFO,"Mister pulse started; ON until 78669.28s, cooldown until 78673.28s"
78683.02,INFO,"Mister pulse started; ON until 78683.27s, cooldown until 78687.27s"
78696.03,INFO,"Mister pulse started; ON until 78696.28s, cooldown until 78700.28s"
78706.04,INFO,"Mister pulse started; ON until 78706.29s, cooldown until 78710.29s"
78713.01,INFO,"Mister pulse started; ON until 78713.26s, cooldown until 78717.26s"
78727.04,INFO,"Mister pulse started; ON until 78727.29s, cooldown until 78731.29s"
78732.01,INFO,"Mister pulse started; ON until 78732.26s, cooldown until 78736.26s"
78748.01,INFO,"Mister pulse started; ON until 78748.26s, cooldown until 78752.26s"
78762.05,INFO,"Mister pulse started; ON until 78762.30s, cooldown until 78766.30s"
78772.01,INFO,"Mister pulse started; ON until 78772.26s, cooldown until 78776.26s"
78789.05,INFO,"Mister pulse started; ON until 78789.30s, cooldown until 78793.30s"
78802.00,INFO,"Mister pulse started; ON until 78802.25s, cooldown until 78806.25s"
78814.03,INFO,"Mister pulse started; ON until 78814.28s, cooldown until 78818.28s"
78819.04,INFO,"Mister pulse started; ON until 78819.29s, cooldown until 78823.29s"
78834.01,INFO,"Mister pulse started; ON until 78834.26s, cooldown until 78838.26s"
78847.02,INFO,"Mister pulse started; ON until 78847.27s, cooldown until 78851.27s"
78852.03,INFO,"Mister pulse started; ON until 78852.28s, cooldown until 78856.28s"
78872.01,INFO,"Mister pulse started; ON until 78872.26s, cooldown until 78876.26s"
78880.01,INFO,"Mister pulse started; ON until 78880.26s, cooldown until 78884.26s"
78892.05,INFO,"Mister pulse started; ON until 78892.30s, cooldown until 78896.30s"
78907.02,INFO,"Mister pulse started; ON until 78907.27s, cooldown until 78911.27s"
78922.04,INFO,"Mister pulse started; ON until 78922.29s, cooldown until 78926.29s"
78933.03,INFO,"Mister pulse started; ON until 78933.28s, cooldown until 78937.28s"
78939.02,INFO,"Mister pulse started; ON until 78939.27s, cooldown until 78943.27s"
78956.00,INFO,"Mister pulse started; ON until 78956.25s, cooldown until 78960.25s"
78961.01,INFO,"Mister pulse started; ON until 78961.26s, cooldown until 78965.26s"
78975.01,INFO,"Mister pulse started; ON until 78975.26s, cooldown until 78979.26s"
78980.01,INFO,"Mister pulse started; ON until 78980.26s, cooldown until 78984.26s"
78992.04,INFO,"Mister pulse started; ON until 78992.29s, cooldown until 78996.29s"
79002.01,INFO,"Mister pulse started; ON until 79002.26s, cooldown until 79006.26s"
79019.04,INFO,"Mister pulse started; ON until 79019.29s, cooldown until 79023.29s"
79033.04,INFO,"Mister pulse started; ON until 79033.29s, cooldown until 79037.29s"
79045.02,INFO,"Mister pulse started; ON until 79045.27s, cooldown until 79049.27s"
79050.03,INFO,"Mister pulse started; ON until 79050.28s, cooldown until 79054.28s"
79069.03,INFO,"Mister pulse started; ON until 79069.28s, cooldown until 79073.28s"
79074.05,INFO,"Mister pulse started; ON until 79074.30s, cooldown until 79078.30s"
79092.01,INFO,"Mister pulse started; ON until 79092.26s, cooldown until 79096.26s"
79097.02,INFO,"Mister pulse started; ON until 79097.27s, cooldown until 79101.27s"
79115.03,INFO,"Mister pulse started; ON until 79115.28s, cooldown until 79119.28s"
79120.04,INFO,"Mister pulse started; ON until 79120.29s, cooldown until 79124.29s"
79133.05,INFO,"Mister pulse started; ON until 79133.30s, cooldown until 79137.30s"
79141.00,INFO,"Mister pulse started; ON until 79141.25s, cooldown until 79145.25s"
79146.01,INFO,"Mister pulse started; ON until 79146.26s, cooldown until 79150.26s"
79159.02,INFO,"Mister pulse started; ON until 79159.27s, cooldown until 79163.27s"
79172.03,INFO,"Mister pulse started; ON until 79172.28s, cooldown until 79176.28s"
79179.01,INFO,"Mister pulse started; ON until 79179.26s, cooldown until 79183.26s"
79191.03,INFO,"Mister pulse started; ON until 79191.28s, cooldown until 79195.28s"
79204.04,INFO,"Mister pulse started; ON until 79204.29s, cooldown until 79208.29s"
79209.05,INFO,"Mister pulse started; ON until 79209.30s, cooldown until 79213.30s"
79227.02,INFO,"Mister pulse started; ON until 79227.27s, cooldown until 79231.27s"
79235.02,INFO,"Mister pulse started; ON until 79235.27s, cooldown until 79239.27s"
79245.04,INFO,"Mister pulse started; ON until 79245.29s, cooldown until 79249.29s"
79255.00,INFO,"Mister pulse started; ON until 79255.25s, cooldown until 79259.25s"
79271.00,INFO,"Mister pulse started; ON until 79271.25s, cooldown until 79275.25s"
79286.02,INFO,"Mister pulse started; ON until 79286.27s, cooldown until 79290.27s"
79298.00,INFO,"Mister pulse started; ON until 79298.25s, cooldown until 79302.25s"
79304.04,INFO,"Mister pulse started; ON until 79304.29s, cooldown until 79308.29s"
79322.01,INFO,"Mister pulse started; ON until 79322.26s, cooldown until 79326.26s"
79328.05,INFO,"Mister pulse started; ON until 79328.30s, cooldown until 79332.30s"
79345.03,INFO,"Mister pulse started; ON until 79345.28s, cooldown until 79349.28s"
79350.04,INFO,"Mister pulse started; ON until 79350.29s, cooldown until 79354.29s"
79365.01,INFO,"Mister pulse started; ON until 79365.26s, cooldown until 79369.26s"
79377.03,INFO,"Mister pulse started; ON until 79377.28s, cooldown until 79381.28s"
79382.04,INFO,"Mister pulse started; ON until 79382.29s, cooldown until 79386.29s"
79396.03,INFO,"Mister pulse started; ON until 79396.28s, cooldown until 79400.28s"
79409.04,INFO,"Mister pulse started; ON until 79409.29s, cooldown until 79413.29s"
79414.05,INFO,"Mister pulse started; ON until 79414.30s, cooldown until 79418.30s"
79427.01,INFO,"Mister pulse started; ON until 79427.26s, cooldown until 79431.26s"
79438.01,INFO,"Mister pulse started; ON until 79438.26s, cooldown until 79442.26s"
79453.03,INFO,"Mister pulse started; ON until 79453.28s, cooldown until 79457.28s"
79465.02,INFO,"Mister pulse started; ON until 79465.27s, cooldown until 79469.27s"
79470.03,INFO,"Mister pulse started; ON until 79470.28s, cooldown until 79474.28s"
79489.03,INFO,"Mister pulse started; ON until 79489.28s, cooldown until 79493.28s"
79494.04,INFO,"Mister pulse started; ON until 79494.29s, cooldown until 79498.29s"
79512.05,INFO,"Mister pulse started; ON until 79512.30s, cooldown until 79516.30s"
79517.01,INFO,"Mister pulse started; ON until 79517.26s, cooldown until 79521.26s"
79534.04,INFO,"Mister pulse started; ON until 79534.29s, cooldown until 79538.29s"
79548.03,INFO,"Mister pulse started; ON until 79548.28s, cooldown until 79552.28s"
79559.03,INFO,"Mister pulse started; ON until 79559.28s, cooldown until 79563.28s"
79564.04,INFO,"Mister pulse started; ON until 79564.29s, cooldown until 79568.29s"
79579.01,INFO,"Mister pulse started; ON until 79579.26s, cooldown until 79583.26s"
79592.02,INFO,"Mister pulse started; ON until 79592.27s, cooldown until 79596.27s"
79598.01,INFO,"Mister pulse started; ON until 79598.26s, cooldown until 79602.26s"
79607.05,INFO,"Mister pulse started; ON until 79607.30s, cooldown until 79611.30s"
79612.01,INFO,"Mister pulse started; ON until 79612.26s, cooldown until 79616.26s"
79628.01,INFO,"Mister pulse started; ON until 79628.26s, cooldown until 79632.26s"
79644.02,INFO,"Mister pulse started; ON until 79644.27s, cooldown until 79648.27s"
79658.01,INFO,"Mister pulse started; ON until 79658.26s, cooldown until 79662.26s"
79669.01,INFO,"Mister pulse started; ON until 79669.26s, cooldown until 79673.26s"
79676.03,INFO,"Mister pulse started; ON until 79676.28s, cooldown until 79680.28s"
79692.03,INFO,"Mister pulse started; ON until 79692.28s, cooldown until 79696.28s"
79706.03,INFO,"Mister pulse started; ON until 79706.28s, cooldown until 79710.28s"
79719.03,INFO,"Mister pulse started; ON until 79719.28s, cooldown until 79723.28s"
79724.04,INFO,"Mister pulse started; ON until 79724.29s, cooldown until 79728.29s"
79743.04,INFO,"Mister pulse started; ON until 79743.29s, cooldown until 79747.29s"
79748.05,INFO,"Mister pulse started; ON until 79748.30s, cooldown until 79752.30s"
79766.02,INFO,"Mister pulse started; ON until 79766.27s, cooldown until 79770.27s"
79771.02,INFO,"Mister pulse started; ON until 79771.27s, cooldown until 79775.27s"
79790.02,INFO,"Mister pulse started; ON until 79790.27s, cooldown until 79794.27s"
79796.01,INFO,"Mister pulse started; ON until 79796.26s, cooldown until 79800.26s"
79803.04,INFO,"Mister pulse started; ON until 79803.29s, cooldown until 79807.29s"
79820.02,INFO,"Mister pulse started; ON until 79820.27s, cooldown until 79824.27s"
79825.03,INFO,"Mister pulse started; ON until 79825.28s, cooldown until 79829.28s"
79838.04,INFO,"Mister pulse started; ON until 79838.29s, cooldown until 79842.29s"
79846.05,INFO,"Mister pulse started; ON until 79846.30s, cooldown until 79850.30s"
79856.01,INFO,"Mister pulse started; ON until 79856.26s, cooldown until 79860.26s"
79869.02,INFO,"Mister pulse started; ON until 79869.27s, cooldown until 79873.27s"
79877.02,INFO,"Mister pulse started; ON until 79877.27s, cooldown until 79881.27s"
79885.03,INFO,"Mister pulse started; ON until 79885.28s, cooldown until 79889.28s"
79895.04,INFO,"Mister pulse started; ON until 79895.29s, cooldown until 79899.29s"
79906.04,INFO,"Mister pulse started; ON until 79906.29s, cooldown until 79910.29s"
79922.04,INFO,"Mister pulse started; ON until 79922.29s, cooldown until 79926.29s"
79937.01,INFO,"Mister pulse started; ON until 79937.26s, cooldown until 79941.26s"
79951.01,INFO,"Mister pulse started; ON until 79951.26s, cooldown until 79955.26s"
79964.02,INFO,"Mister pulse started; ON until 79964.27s, cooldown until 79968.27s"
79970.00,INFO,"Mister pulse started; ON until 79970.25s, cooldown until 79974.25s"
79980.02,INFO,"Mister pulse started; ON until 79980.27s, cooldown until 79984.27s"
79985.03,INFO,"Mister pulse started; ON until 79985.28s, cooldown until 79989.28s"
80005.01,INFO,"Mister pulse started; ON until 80005.26s, cooldown until 80009.26s"
80010.02,INFO,"Mister pulse started; ON until 80010.27s, cooldown until 80014.27s"
80021.02,INFO,"Mister pulse started; ON until 80021.27s, cooldown until 80025.27s"
80032.01,INFO,"Mister pulse started; ON until 80032.26s, cooldown until 80036.26s"
80046.00,INFO,"Mister pulse started; ON until 80046.25s, cooldown until 80050.25s"
80060.04,INFO,"Mister pulse started; ON until 80060.29s, cooldown until 80064.29s"
80069.02,INFO,"Mister pulse started; ON until 80069.27s, cooldown until 80073.27s"
80080.02,INFO,"Mister pulse started; ON until 80080.27s, cooldown until 80084.27s"
80094.01,INFO,"Mister pulse started; ON until 80094.26s, cooldown until 80098.26s"
80106.04,INFO,"Mister pulse started; ON until 80106.29s, cooldown until 80110.29s"
80111.05,INFO,"Mister pulse started; ON until 80111.30s, cooldown until 80115.30s"
80128.03,INFO,"Mister pulse started; ON until 80128.28s, cooldown until 80132.28s"
80140.00,INFO,"Mister pulse started; ON until 80140.25s, cooldown until 80144.25s"
80152.03,INFO,"Mister pulse started; ON until 80152.28s, cooldown until 80156.28s"
80167.01,INFO,"Mister pulse started; ON until 80167.26s, cooldown until 80171.26s"
80182.03,INFO,"Mister pulse started; ON until 80182.28s, cooldown until 80186.28s"
80195.04,INFO,"Mister pulse started; ON until 80195.29s, cooldown until 80199.29s"
80200.05,INFO,"Mister pulse started; ON until 80200.30s, cooldown until 80204.30s"
80218.01,INFO,"Mister pulse started; ON until 80218.26s, cooldown until 80222.26s"
80223.02,INFO,"Mister pulse started; ON until 80223.27s, cooldown until 80227.27s"
80242.02,INFO,"Mister pulse started; ON until 80242.27s, cooldown until 80246.27s"
80247.03,INFO,"Mister pulse started; ON until 80247.28s, cooldown until 80251.28s"
80265.04,INFO,"Mister pulse started; ON until 80265.29s, cooldown until 80269.29s"
80270.00,INFO,"Mister pulse started; ON until 80270.25s, cooldown until 80274.25s"
80287.03,INFO,"Mister pulse started; ON until 80287.28s, cooldown until 80291.28s"
80301.02,INFO,"Mister pulse started; ON until 80301.27s, cooldown until 80305.27s"
80315.01,INFO,"Mister pulse started; ON until 80315.26s, cooldown until 80319.26s"
80324.04,INFO,"Mister pulse started; ON until 80324.29s, cooldown until 80328.29s"
80335.05,INFO,"Mister pulse started; ON until 80335.30s, cooldown until 80339.30s"
80351.00,INFO,"Mister pulse started; ON until 80351.25s, cooldown until 80355.25s"
80356.01,INFO,"Mister pulse started; ON until 80356.26s, cooldown until 80360.26s"
80371.03,INFO,"Mister pulse started; ON until 80371.28s, cooldown until 80375.28s"
80380.02,INFO,"Mister pulse started; ON until 80380.27s, cooldown until 80384.27s"
80393.03,INFO,"Mister pulse started; ON until 80393.28s, cooldown until 80397.28s"
80403.04,INFO,"Mister pulse started; ON until 80403.29s, cooldown until 80407.29s"
80414.04,INFO,"Mister pulse started; ON until 80414.29s, cooldown until 80418.29s"
80428.03,INFO,"Mister pulse started; ON until 80428.28s, cooldown until 80432.28s"
80440.00,INFO,"Mister pulse started; ON until 80440.25s, cooldown until 80444.25s"
80445.01,INFO,"Mister pulse started; ON until 80445.26s, cooldown until 80449.26s"
80465.04,INFO,"Mister pulse started; ON until 80465.29s, cooldown until 80469.29s"
80470.00,INFO,"Mister pulse started; ON until 80470.25s, cooldown until 80474.25s"
80481.05,INFO,"Mister pulse started; ON until 80481.30s, cooldown until 80485.30s"
80487.03,INFO,"Mister pulse started; ON until 80487.28s, cooldown until 80491.28s"
80496.01,INFO,"Mister pulse started; ON until 80496.26s, cooldown until 80500.26s"
80503.03,INFO,"Mister pulse started; ON until 80503.28s, cooldown until 80507.28s"
80513.05,INFO,"Mister pulse started; ON until 80513.30s, cooldown until 80517.30s"
80521.00,INFO,"Mister pulse started; ON until 80521.25s, cooldown until 80525.25s"
80534.01,INFO,"Mister pulse started; ON until 80534.26s, cooldown until 80538.26s"
80539.02,INFO,"Mister pulse started; ON until 80539.27s, cooldown until 80543.27s"
80554.04,INFO,"Mister pulse started; ON until 80554.29s, cooldown until 80558.29s"
80565.04,INFO,"Mister pulse started; ON until 80565.29s, cooldown until 80569.29s"
80580.01,INFO,"Mister pulse started; ON until 80580.26s, cooldown until 80584.26s"
80595.03,INFO,"Mister pulse started; ON until 80595.28s, cooldown until 80599.28s"
80607.00,INFO,"Mister pulse started; ON until 80607.25s, cooldown until 80611.25s"
80618.00,INFO,"Mister pulse started; ON until 80618.25s, cooldown until 80622.25s"
80630.02,INFO,"Mister pulse started; ON until 80630.27s, cooldown until 80634.27s"
80635.04,INFO,"Mister pulse started; ON until 80635.29s, cooldown until 80639.29s"
80650.01,INFO,"Mister pulse started; ON until 80650.26s, cooldown until 80654.26s"
80662.03,INFO,"Mister pulse started; ON until 80662.28s, cooldown until 80666.28s"
80667.04,INFO,"Mister pulse started; ON until 80667.29s, cooldown until 80671.29s"
80680.05,INFO,"Mister pulse started; ON until 80680.30s, cooldown until 80684.30s"
80688.04,INFO,"Mister pulse started; ON until 80688.29s, cooldown until 80692.29s"
80700.02,INFO,"Mister pulse started; ON until 80700.27s, cooldown until 80704.27s"
80713.03,INFO,"Mister pulse started; ON until 80713.28s, cooldown until 80717.28s"
80725.01,INFO,"Mister pulse started; ON until 80725.26s, cooldown until 80729.26s"
80730.02,INFO,"Mister pulse started; ON until 80730.27s, cooldown until 80734.27s"
80744.01,INFO,"Mister pulse started; ON until 80744.26s, cooldown until 80748.26s"
80754.03,INFO,"Mister pulse started; ON until 80754.28s, cooldown until 80758.28s"
80767.04,INFO,"Mister pulse started; ON until 80767.29s, cooldown until 80771.29s"
80775.04,INFO,"Mister pulse started; ON until 80775.29s, cooldown until 80779.29s"
80786.04,INFO,"Mister pulse started; ON until 80786.29s, cooldown until 80790.29s"
80798.01,INFO,"Mister pulse started; ON until 80798.26s, cooldown until 80802.26s"
80807.04,INFO,"Mister pulse started; ON until 80807.29s, cooldown until 80811.29s"
80816.03,INFO,"Mister pulse started; ON until 80816.28s, cooldown until 80820.28s"
80821.04,INFO,"Mister pulse started; ON until 80821.29s, cooldown until 80825.29s"
80835.05,INFO,"Mister pulse started; ON until 80835.30s, cooldown until 80839.30s"
80849.03,INFO,"Mister pulse started; ON until 80849.28s, cooldown until 80853.28s"
80861.01,INFO,"Mister pulse started; ON until 80861.26s, cooldown until 80865.26s"
80872.01,INFO,"Mister pulse started; ON until 80872.26s, cooldown until 80876.26s"
80883.01,INFO,"Mister pulse started; ON until 80883.26s, cooldown until 80887.26s"
80888.02,INFO,"Mister pulse started; ON until 80888.27s, cooldown until 80892.27s"
80904.02,INFO,"Mister pulse started; ON until 80904.27s, cooldown until 80908.27s"
80915.01,INFO,"Mister pulse started; ON until 80915.26s, cooldown until 80919.26s"
80920.02,INFO,"Mister pulse started; ON until 80920.27s, cooldown until 80924.27s"
80937.01,INFO,"Mister pulse started; ON until 80937.26s, cooldown until 80941.26s"
80948.01,INFO,"Mister pulse started; ON until 80948.26s, cooldown until 80952.26s"
80959.00,INFO,"Mister pulse started; ON until 80959.25s, cooldown until 80963.25s"
80970.05,INFO,"Mister pulse started; ON until 80970.30s, cooldown until 80974.30s"
80985.02,INFO,"Mister pulse started; ON until 80985.27s, cooldown until 80989.27s"
81000.04,INFO,"Mister pulse started; ON until 81000.29s, cooldown until 81004.29s"
81012.01,INFO,"Mister pulse started; ON until 81012.26s, cooldown until 81016.26s"
81017.02,INFO,"Mister pulse started; ON until 81017.27s, cooldown until 81021.27s"
81035.03,INFO,"Mister pulse started; ON until 81035.28s, cooldown until 81039.28s"
81041.03,INFO,"Mister pulse started; ON until 81041.28s, cooldown until 81045.28s"
81056.04,INFO,"Mister pulse started; ON until 81056.29s, cooldown until 81060.29s"
81070.03,INFO,"Mister pulse started; ON until 81070.28s, cooldown until 81074.28s"
81081.03,INFO,"Mister pulse started; ON until 81081.28s, cooldown until 81085.28s"
81093.05,INFO,"Mister pulse started; ON until 81093.30s, cooldown until 81097.30s"
81102.03,INFO,"Mister pulse started; ON until 81102.28s, cooldown until 81106.28s"
81116.02,INFO,"Mister pulse started; ON until 81116.27s, cooldown until 81120.27s"
81121.04,INFO,"Mister pulse started; ON until 81121.29s, cooldown until 81125.29s"
81137.05,INFO,"Mister pulse started; ON until 81137.30s, cooldown until 81141.30s"
81153.05,INFO,"Mister pulse started; ON until 81153.30s, cooldown until 81157.30s"
81168.03,INFO,"Mister pulse started; ON until 81168.28s, cooldown until 81172.28s"
81184.03,INFO,"Mister pulse started; ON until 81184.28s, cooldown until 81188.28s"
81198.01,INFO,"Mister pulse started; ON until 81198.26s, cooldown until 81202.26s"
81210.04,INFO,"Mister pulse started; ON until 81210.29s, cooldown until 81214.29s"
81215.05,INFO,"Mister pulse started; ON until 81215.30s, cooldown until 81219.30s"
81230.02,INFO,"Mister pulse started; ON until 81230.27s, cooldown until 81234.27s"
81242.04,INFO,"Mister pulse started; ON until 81242.29s, cooldown until 81246.29s"
81250.04,INFO,"Mister pulse started; ON until 81250.29s, cooldown until 81254.29s"
81255.05,INFO,"Mister pulse started; ON until 81255.30s, cooldown until 81259.30s"
81271.05,INFO,"Mister pulse started; ON until 81271.30s, cooldown until 81275.30s"
81281.01,INFO,"Mister pulse started; ON until 81281.26s, cooldown until 81285.26s"
81289.01,INFO,"Mister pulse started; ON until 81289.26s, cooldown until 81293.26s"
81296.03,INFO,"Mister pulse started; ON until 81296.28s, cooldown until 81300.28s"
81301.03,INFO,"Mister pulse started; ON until 81301.28s, cooldown until 81305.28s"
81306.04,INFO,"Mister pulse started; ON until 81306.29s, cooldown until 81310.29s"
81311.05,INFO,"Mister pulse started; ON until 81311.30s, cooldown until 81315.30s"
81316.01,INFO,"Mister pulse started; ON until 81316.26s, cooldown until 81320.26s"
81321.02,INFO,"Mister pulse started; ON until 81321.27s, cooldown until 81325.27s"
81326.03,INFO,"Mister pulse started; ON until 81326.28s, cooldown until 81330.28s"
81331.03,INFO,"Mister pulse started; ON until 81331.28s, cooldown until 81335.28s"
81336.04,INFO,"Mister pulse started; ON until 81336.29s, cooldown until 81340.29s"
81341.05,INFO,"Mister pulse started; ON until 81341.30s, cooldown until 81345.30s"
81346.01,INFO,"Mister pulse started; ON until 81346.26s, cooldown until 81350.26s"
81351.02,INFO,"Mister pulse started; ON until 81351.27s, cooldown until 81355.27s"
81356.02,INFO,"Mister pulse started; ON until 81356.27s, cooldown until 81360.27s"
81361.03,INFO,"Mister pulse started; ON until 81361.28s, cooldown until 81365.28s"
81366.04,INFO,"Mister pulse started; ON until 81366.29s, cooldown until 81370.29s"
81371.00,INFO,"Mister pulse started; ON until 81371.25s, cooldown until 81375.25s"
81376.01,INFO,"Mister pulse started; ON until 81376.26s, cooldown until 81380.26s"
81381.02,INFO,"Mister pulse started; ON until 81381.27s, cooldown until 81385.27s"
81386.03,INFO,"Mister pulse started; ON until 81386.28s, cooldown until 81390.28s"
81391.04,INFO,"Mister pulse started; ON until 81391.29s, cooldown until 81395.29s"
81396.04,INFO,"Mister pulse started; ON until 81396.29s, cooldown until 81400.29s"
81401.05,INFO,"Mister pulse started; ON until 81401.30s, cooldown until 81405.30s"
81406.01,INFO,"Mister pulse started; ON until 81406.26s, cooldown until 81410.26s"
81411.01,INFO,"Mister pulse started; ON until 81411.26s, cooldown until 81415.26s"
81416.02,INFO,"Mister pulse started; ON until 81416.27s, cooldown until 81420.27s"
81421.03,INFO,"Mister pulse started; ON until 81421.28s, cooldown until 81425.28s"
81426.03,INFO,"Mister pulse started; ON until 81426.28s, cooldown until 81430.28s"
81431.05,INFO,"Mister pulse started; ON until 81431.30s, cooldown until 81435.30s"
81436.00,INFO,"Mister pulse started; ON until 81436.25s, cooldown until 81440.25s"
81441.01,INFO,"Mister pulse started; ON until 81441.26s, cooldown until 81445.26s"
81446.02,INFO,"Mister pulse started; ON until 81446.27s, cooldown until 81450.27s"
81451.03,INFO,"Mister pulse started; ON until 81451.28s, cooldown until 81455.28s"
81456.04,INFO,"Mister pulse started; ON until 81456.29s, cooldown until 81460.29s"
81461.00,INFO,"Mister pulse started; ON until 81461.25s, cooldown until 81465.25s"
81466.01,INFO,"Mister pulse started; ON until 81466.26s, cooldown until 81470.26s"
81471.02,INFO,"Mister pulse started; ON until 81471.27s, cooldown until 81475.27s"
81476.03,INFO,"Mister pulse started; ON until 81476.28s, cooldown until 81480.28s"
81481.03,INFO,"Mister pulse started; ON until 81481.28s, cooldown until 81485.28s"
81486.04,INFO,"Mister pulse started; ON until 81486.29s, cooldown until 81490.29s"
81491.00,INFO,"Mister pulse started; ON until 81491.25s, cooldown until 81495.25s"
81496.01,INFO,"Mister pulse started; ON until 81496.26s, cooldown until 81500.26s"
81501.03,INFO,"Mister pulse started; ON until 81501.28s, cooldown until 81505.28s"
81506.04,INFO,"Mister pulse started; ON until 81506.29s, cooldown until 81510.29s"
81511.04,INFO,"Mister pulse started; ON until 81511.29s, cooldown until 81515.29s"
81516.00,INFO,"Mister pulse started; ON until 81516.25s, cooldown until 81520.25s"
81521.01,INFO,"Mister pulse started; ON until 81521.26s, cooldown until 81525.26s"
81526.01,INFO,"Mister pulse started; ON until 81526.26s, cooldown until 81530.26s"
81531.03,INFO,"Mister pulse started; ON until 81531.28s, cooldown until 81535.28s"
81536.03,INFO,"Mister pulse started; ON until 81536.28s, cooldown until 81540.28s"
81541.04,INFO,"Mister pulse started; ON until 81541.29s, cooldown until 81545.29s"
81546.05,INFO,"Mister pulse started; ON until 81546.30s, cooldown until 81550.30s"
81551.00,INFO,"Mister pulse started; ON until 81551.25s, cooldown until 81555.25s"
81556.01,INFO,"Mister pulse started; ON until 81556.26s, cooldown until 81560.26s"
81561.02,INFO,"Mister pulse started; ON until 81561.27s, cooldown until 81565.27s"
81566.03,INFO,"Mister pulse started; ON until 81566.28s, cooldown until 81570.28s"
81571.03,INFO,"Mister pulse started; ON until 81571.28s, cooldown until 81575.28s"
81576.04,INFO,"Mister pulse started; ON until 81576.29s, cooldown until 81580.29s"
81581.05,INFO,"Mister pulse started; ON until 81581.30s, cooldown until 81585.30s"
81592.04,INFO,"Mister pulse started; ON until 81592.29s, cooldown until 81596.29s"
81599.01,INFO,"Mister pulse started; ON until 81599.26s, cooldown until 81603.26s"
81608.04,INFO,"Mister pulse started; ON until 81608.29s, cooldown until 81612.29s"
81613.00,INFO,"Mister pulse started; ON until 81613.25s, cooldown until 81617.25s"
81623.02,INFO,"Mister pulse started; ON until 81623.27s, cooldown until 81627.27s"
81628.04,INFO,"Mister pulse started; ON until 81628.29s, cooldown until 81632.29s"
81643.03,INFO,"Mister pulse started; ON until 81643.28s, cooldown until 81647.28s"
81657.04,INFO,"Mister pulse started; ON until 81657.29s, cooldown until 81661.29s"
81668.04,INFO,"Mister pulse started; ON until 81668.29s, cooldown until 81672.29s"
81673.05,INFO,"Mister pulse started; ON until 81673.30s, cooldown until 81677.30s"
81687.04,INFO,"Mister pulse started; ON until 81687.29s, cooldown until 81691.29s"
81692.05,INFO,"Mister pulse started; ON until 81692.30s, cooldown until 81696.30s"
81702.02,INFO,"Mister pulse started; ON until 81702.27s, cooldown until 81706.27s"
81713.02,INFO,"Mister pulse started; ON until 81713.27s, cooldown until 81717.27s"
81728.05,INFO,"Mister pulse started; ON until 81728.30s, cooldown until 81732.30s"
81739.05,INFO,"Mister pulse started; ON until 81739.30s, cooldown until 81743.30s"
81744.01,INFO,"Mister pulse started; ON until 81744.26s, cooldown until 81748.26s"
81759.02,INFO,"Mister pulse started; ON until 81759.27s, cooldown until 81763.27s"
81772.03,INFO,"Mister pulse started; ON until 81772.28s, cooldown until 81776.28s"
81777.04,INFO,"Mister pulse started; ON until 81777.29s, cooldown until 81781.29s"
81795.01,INFO,"Mister pulse started; ON until 81795.26s, cooldown until 81799.26s"
81800.02,INFO,"Mister pulse started; ON until 81800.27s, cooldown until 81804.27s"
81817.00,INFO,"Mister pulse started; ON until 81817.25s, cooldown until 81821.25s"
81822.02,INFO,"Mister pulse started; ON until 81822.27s, cooldown until 81826.27s"
81837.03,INFO,"Mister pulse started; ON until 81837.28s, cooldown until 81841.28s"
81847.04,INFO,"Mister pulse started; ON until 81847.29s, cooldown until 81851.29s"
81860.00,INFO,"Mister pulse started; ON until 81860.25s, cooldown until 81864.25s"
81865.01,INFO,"Mister pulse started; ON until 81865.26s, cooldown until 81869.26s"
81876.00,INFO,"Mister pulse started; ON until 81876.25s, cooldown until 81880.25s"
81888.03,INFO,"Mister pulse started; ON until 81888.28s, cooldown until 81892.28s"
81902.03,INFO,"Mister pulse started; ON until 81902.28s, cooldown until 81906.28s"
81915.04,INFO,"Mister pulse started; ON until 81915.29s, cooldown until 81919.29s"
81924.04,INFO,"Mister pulse started; ON until 81924.29s, cooldown until 81928.29s"
81936.01,INFO,"Mister pulse started; ON until 81936.26s, cooldown until 81940.26s"
81941.03,INFO,"Mister pulse started; ON until 81941.28s, cooldown until 81945.28s"
81957.04,INFO,"Mister pulse started; ON until 81957.29s, cooldown until 81961.29s"
81970.05,INFO,"Mister pulse started; ON until 81970.30s, cooldown until 81974.30s"
81975.00,INFO,"Mister pulse started; ON until 81975.25s, cooldown until 81979.25s"
81986.00,INFO,"Mister pulse started; ON until 81986.25s, cooldown until 81990.25s"
81991.00,INFO,"Mister pulse started; ON until 81991.25s, cooldown until 81995.25s"
82003.04,INFO,"Mister pulse started; ON until 82003.29s, cooldown until 82007.29s"
82014.03,INFO,"Mister pulse started; ON until 82014.28s, cooldown until 82018.28s"
82030.04,INFO,"Mister pulse started; ON until 82030.29s, cooldown until 82034.29s"
82044.03,INFO,"Mister pulse started; ON until 82044.28s, cooldown until 82048.28s"
82059.00,INFO,"Mister pulse started; ON until 82059.25s, cooldown until 82063.25s"
82070.05,INFO,"Mister pulse started; ON until 82070.30s, cooldown until 82074.30s"
82087.02,INFO,"Mister pulse started; ON until 82087.27s, cooldown until 82091.27s"
82092.03,INFO,"Mister pulse started; ON until 82092.28s, cooldown until 82096.28s"
82107.05,INFO,"Mister pulse started; ON until 82107.30s, cooldown until 82111.30s"
82118.05,INFO,"Mister pulse started; ON until 82118.30s, cooldown until 82122.30s"
82134.05,INFO,"Mister pulse started; ON until 82134.30s, cooldown until 82138.30s"
82151.05,INFO,"Mister pulse started; ON until 82151.30s, cooldown until 82155.30s"
82156.01,INFO,"Mister pulse started; ON until 82156.26s, cooldown until 82160.26s"
82173.04,INFO,"Mister pulse started; ON until 82173.29s, cooldown until 82177.29s"
82189.00,INFO,"Mister pulse started; ON until 82189.25s, cooldown until 82193.25s"
82194.01,INFO,"Mister pulse started; ON until 82194.26s, cooldown until 82198.26s"
82211.00,INFO,"Mister pulse started; ON until 82211.25s, cooldown until 82215.25s"
82227.00,INFO,"Mister pulse started; ON until 82227.25s, cooldown until 82231.25s"
82242.02,INFO,"Mister pulse started; ON until 82242.27s, cooldown until 82246.27s"
82257.04,INFO,"Mister pulse started; ON until 82257.29s, cooldown until 82261.29s"
82266.03,INFO,"Mister pulse started; ON until 82266.28s, cooldown until 82270.28s"
82281.00,INFO,"Mister pulse started; ON until 82281.25s, cooldown until 82285.25s"
82294.01,INFO,"Mister pulse started; ON until 82294.26s, cooldown until 82298.26s"
82299.02,INFO,"Mister pulse started; ON until 82299.27s, cooldown until 82303.27s"
82317.03,INFO,"Mister pulse started; ON until 82317.28s, cooldown until 82321.28s"
82322.05,INFO,"Mister pulse started; ON until 82322.30s, cooldown until 82326.30s"
82338.05,INFO,"Mister pulse started; ON until 82338.30s, cooldown until 82342.30s"
82351.01,INFO,"Mister pulse started; ON until 82351.26s, cooldown until 82355.26s"
82361.02,INFO,"Mister pulse started; ON until 82361.27s, cooldown until 82365.27s"
82374.03,INFO,"Mister pulse started; ON until 82374.28s, cooldown until 82378.28s"
82384.05,INFO,"Mister pulse started; ON until 82384.30s, cooldown until 82388.30s"
82394.01,INFO,"Mister pulse started; ON until 82394.26s, cooldown until 82398.26s"
82410.01,INFO,"Mister pulse started; ON until 82410.26s, cooldown until 82414.26s"
82424.00,INFO,"Mister pulse started; ON until 82424.25s, cooldown until 82428.25s"
82439.03,INFO,"Mister pulse started; ON until 82439.28s, cooldown until 82443.28s"
82448.01,INFO,"Mister pulse started; ON until 82448.26s, cooldown until 82452.26s"
82462.00,INFO,"Mister pulse started; ON until 82462.25s, cooldown until 82466.25s"
82473.05,INFO,"Mister pulse started; ON until 82473.30s, cooldown until 82477.30s"
82485.02,INFO,"Mister pulse started; ON until 82485.27s, cooldown until 82489.27s"
82495.04,INFO,"Mister pulse started; ON until 82495.29s, cooldown until 82499.29s"
82507.02,INFO,"Mister pulse started; ON until 82507.27s, cooldown until 82511.27s"
82512.03,INFO,"Mister pulse started; ON until 82512.28s, cooldown until 82516.28s"
82529.02,INFO,"Mister pulse started; ON until 82529.27s, cooldown until 82533.27s"
82544.05,INFO,"Mister pulse started; ON until 82544.30s, cooldown until 82548.30s"
82556.02,INFO,"Mister pulse started; ON until 82556.27s, cooldown until 82560.27s"
82567.03,INFO,"Mister pulse started; ON until 82567.28s, cooldown until 82571.28s"
82580.03,INFO,"Mister pulse started; ON until 82580.28s, cooldown until 82584.28s"
82591.03,INFO,"Mister pulse started; ON until 82591.28s, cooldown until 82595.28s"
82606.00,INFO,"Mister pulse started; ON until 82606.25s, cooldown until 82610.25s"
82618.03,INFO,"Mister pulse started; ON until 82618.28s, cooldown until 82622.28s"
82623.04,INFO,"Mister pulse started; ON until 82623.29s, cooldown until 82627.29s"
82639.05,INFO,"Mister pulse started; ON until 82639.30s, cooldown until 82643.30s"
82652.00,INFO,"Mister pulse started; ON until 82652.25s, cooldown until 82656.25s"
82657.01,INFO,"Mister pulse started; ON until 82657.26s, cooldown until 82661.26s"
82662.02,INFO,"Mister pulse started; ON until 82662.27s, cooldown until 82666.27s"
82667.03,INFO,"Mister pulse started; ON until 82667.28s, cooldown until 82671.28s"
82672.04,INFO,"Mister pulse started; ON until 82672.29s, cooldown until 82676.29s"
82677.05,INFO,"Mister pulse started; ON until 82677.30s, cooldown until 82681.30s"
82682.01,INFO,"Mister pulse started; ON until 82682.26s, cooldown until 82686.26s"
82687.01,INFO,"Mister pulse started; ON until 82687.26s, cooldown until 82691.26s"
82692.02,INFO,"Mister pulse started; ON until 82692.27s, cooldown until 82696.27s"
82697.03,INFO,"Mister pulse started; ON until 82697.28s, cooldown until 82701.28s"
82702.04,INFO,"Mister pulse started; ON until 82702.29s, cooldown until 82706.29s"
82707.05,INFO,"Mister pulse started; ON until 82707.30s, cooldown until 82711.30s"
82712.00,INFO,"Mister pulse started; ON until 82712.25s, cooldown until 82716.25s"
82717.02,INFO,"Mister pulse started; ON until 82717.27s, cooldown until 82721.27s"
82722.02,INFO,"Mister pulse started; ON until 82722.27s, cooldown until 82726.27s"
82727.03,INFO,"Mister pulse started; ON until 82727.28s, cooldown until 82731.28s"
82732.04,INFO,"Mister pulse started; ON until 82732.29s, cooldown until 82736.29s"
82737.05,INFO,"Mister pulse started; ON until 82737.30s, cooldown until 82741.30s"
82742.01,INFO,"Mister pulse started; ON until 82742.26s, cooldown until 82746.26s"
82747.02,INFO,"Mister pulse started; ON until 82747.27s, cooldown until 82751.27s"
82752.02,INFO,"Mister pulse started; ON until 82752.27s, cooldown until 82756.27s"
82757.03,INFO,"Mister pulse started; ON until 82757.28s, cooldown until 82761.28s"
82762.04,INFO,"Mister pulse started; ON until 82762.29s, cooldown until 82766.29s"
82767.00,INFO,"Mister pulse started; ON until 82767.25s, cooldown until 82771.25s"
82772.01,INFO,"Mister pulse started; ON until 82772.26s, cooldown until 82776.26s"
82777.02,INFO,"Mister pulse started; ON until 82777.27s, cooldown until 82781.27s"
82782.03,INFO,"Mister pulse started; ON until 82782.28s, cooldown until 82786.28s"
82787.04,INFO,"Mister pulse started; ON until 82787.29s, cooldown until 82791.29s"
82792.05,INFO,"Mister pulse started; ON until 82792.30s, cooldown until 82796.30s"
82797.01,INFO,"Mister pulse started; ON until 82797.26s, cooldown until 82801.26s"
82802.01,INFO,"Mister pulse started; ON until 82802.26s, cooldown until 82806.26s"
82807.02,INFO,"Mister pulse started; ON until 82807.27s, cooldown until 82811.27s"
82812.03,INFO,"Mister pulse started; ON until 82812.28s, cooldown until 82816.28s"
82817.04,INFO,"Mister pulse started; ON until 82817.29s, cooldown until 82821.29s"
82822.05,INFO,"Mister pulse started; ON until 82822.30s, cooldown until 82826.30s"
82827.00,INFO,"Mister pulse started; ON until 82827.25s, cooldown until 82831.25s"
82832.01,INFO,"Mister pulse started; ON until 82832.26s, cooldown until 82836.26s"
82837.02,INFO,"Mister pulse started; ON until 82837.27s, cooldown until 82841.27s"
82842.03,INFO,"Mister pulse started; ON until 82842.28s, cooldown until 82846.28s"
82847.04,INFO,"Mister pulse started; ON until 82847.29s, cooldown until 82851.29s"
82852.05,INFO,"Mister pulse started; ON until 82852.30s, cooldown until 82856.30s"
82857.00,INFO,"Mister pulse started; ON until 82857.25s, cooldown until 82861.25s"
82862.01,INFO,"Mister pulse started; ON until 82862.26s, cooldown until 82866.26s"
82867.02,INFO,"Mister pulse started; ON until 82867.27s, cooldown until 82871.27s"
82872.03,INFO,"Mister pulse started; ON until 82872.28s, cooldown until 82876.28s"
82877.04,INFO,"Mister pulse started; ON until 82877.29s, cooldown until 82881.29s"
82882.00,INFO,"Mister pulse started; ON until 82882.25s, cooldown until 82886.25s"
82887.01,INFO,"Mister pulse started; ON until 82887.26s, cooldown until 82891.26s"
82892.01,INFO,"Mister pulse started; ON until 82892.26s, cooldown until 82896.26s"
82897.02,INFO,"Mister pulse started; ON until 82897.27s, cooldown until 82901.27s"
82902.03,INFO,"Mister pulse started; ON until 82902.28s, cooldown until 82906.28s"
82907.03,INFO,"Mister pulse started; ON until 82907.28s, cooldown until 82911.28s"
82912.04,INFO,"Mister pulse started; ON until 82912.29s, cooldown until 82916.29s"
82917.05,INFO,"Mister pulse started; ON until 82917.30s, cooldown until 82921.30s"
82922.01,INFO,"Mister pulse started; ON until 82922.26s, cooldown until 82926.26s"
82927.01,INFO,"Mister pulse started; ON until 82927.26s, cooldown until 82931.26s"
82932.02,INFO,"Mister pulse started; ON until 82932.27s, cooldown until 82936.27s"
82937.03,INFO,"Mister pulse started; ON until 82937.28s, cooldown until 82941.28s"
82942.04,INFO,"Mister pulse started; ON until 82942.29s, cooldown until 82946.29s"
82951.02,INFO,"Mister pulse started; ON until 82951.27s, cooldown until 82955.27s"
82959.03,INFO,"Mister pulse started; ON until 82959.28s, cooldown until 82963.28s"
82967.03,INFO,"Mister pulse started; ON until 82967.28s, cooldown until 82971.28s"
82976.01,INFO,"Mister pulse started; ON until 82976.26s, cooldown until 82980.26s"
82981.02,INFO,"Mister pulse started; ON until 82981.27s, cooldown until 82985.27s"
82992.01,INFO,"Mister pulse started; ON until 82992.26s, cooldown until 82996.26s"
82997.02,INFO,"Mister pulse started; ON until 82997.27s, cooldown until 83001.27s"
83007.04,INFO,"Mister pulse started; ON until 83007.29s, cooldown until 83011.29s"
83012.05,INFO,"Mister pulse started; ON until 83012.30s, cooldown until 83016.30s"
83029.03,INFO,"Mister pulse started; ON until 83029.28s, cooldown until 83033.28s"
83034.04,INFO,"Mister pulse started; ON until 83034.29s, cooldown until 83038.29s"
83047.05,INFO,"Mister pulse started; ON until 83047.30s, cooldown until 83051.30s"
83052.00,INFO,"Mister pulse started; ON until 83052.25s, cooldown until 83056.25s"
83060.00,INFO,"Mister pulse started; ON until 83060.25s, cooldown until 83064.25s"
83065.01,INFO,"Mister pulse started; ON until 83065.26s, cooldown until 83069.26s"
83079.01,INFO,"Mister pulse started; ON until 83079.26s, cooldown until 83083.26s"
83089.02,INFO,"Mister pulse started; ON until 83089.27s, cooldown until 83093.27s"
83101.05,INFO,"Mister pulse started; ON until 83101.30s, cooldown until 83105.30s"
83106.01,INFO,"Mister pulse started; ON until 83106.26s, cooldown until 83110.26s"
83121.03,INFO,"Mister pulse started; ON until 83121.28s, cooldown until 83125.28s"
83126.04,INFO,"Mister pulse started; ON until 83126.29s, cooldown until 83130.29s"
83142.04,INFO,"Mister pulse started; ON until 83142.29s, cooldown until 83146.29s"
83147.05,INFO,"Mister pulse started; ON until 83147.30s, cooldown until 83151.30s"
83163.05,INFO,"Mister pulse started; ON until 83163.30s, cooldown until 83167.30s"
83177.00,INFO,"Mister pulse started; ON until 83177.25s, cooldown until 83181.25s"
83193.01,INFO,"Mister pulse started; ON until 83193.26s, cooldown until 83197.26s"
83206.02,INFO,"Mister pulse started; ON until 83206.27s, cooldown until 83210.27s"
83215.05,INFO,"Mister pulse started; ON until 83215.30s, cooldown until 83219.30s"
83228.01,INFO,"Mister pulse started; ON until 83228.26s, cooldown until 83232.26s"
83233.02,INFO,"Mister pulse started; ON until 83233.27s, cooldown until 83237.27s"
83251.03,INFO,"Mister pulse started; ON until 83251.28s, cooldown until 83255.28s"
83256.04,INFO,"Mister pulse started; ON until 83256.29s, cooldown until 83260.29s"
83270.03,INFO,"Mister pulse started; ON until 83270.28s, cooldown until 83274.28s"
83280.04,INFO,"Mister pulse started; ON until 83280.29s, cooldown until 83284.29s"
83293.00,INFO,"Mister pulse started; ON until 83293.25s, cooldown until 83297.25s"
83302.03,INFO,"Mister pulse started; ON until 83302.28s, cooldown until 83306.28s"
83315.04,INFO,"Mister pulse started; ON until 83315.29s, cooldown until 83319.29s"
83320.00,INFO,"Mister pulse started; ON until 83320.25s, cooldown until 83324.25s"
83336.00,INFO,"Mister pulse started; ON until 83336.25s, cooldown until 83340.25s"
83351.02,INFO,"Mister pulse started; ON until 83351.27s, cooldown until 83355.27s"
83363.05,INFO,"Mister pulse started; ON until 83363.30s, cooldown until 83367.30s"
83368.00,INFO,"Mister pulse started; ON until 83368.25s, cooldown until 83372.25s"
83385.04,INFO,"Mister pulse started; ON until 83385.29s, cooldown until 83389.29s"
83401.01,INFO,"Mister pulse started; ON until 83401.26s, cooldown until 83405.26s"
83406.03,INFO,"Mister pulse started; ON until 83406.28s, cooldown until 83410.28s"
83421.05,INFO,"Mister pulse started; ON until 83421.30s, cooldown until 83425.30s"
83432.04,INFO,"Mister pulse started; ON until 83432.29s, cooldown until 83436.29s"
83447.02,INFO,"Mister pulse started; ON until 83447.27s, cooldown until 83451.27s"
83462.04,INFO,"Mister pulse started; ON until 83462.29s, cooldown until 83466.29s"
83476.04,INFO,"Mister pulse started; ON until 83476.29s, cooldown until 83480.29s"
83487.04,INFO,"Mister pulse started; ON until 83487.29s, cooldown until 83491.29s"
83501.04,INFO,"Mister pulse started; ON until 83501.29s, cooldown until 83505.29s"
83514.04,INFO,"Mister pulse started; ON until 83514.29s, cooldown until 83518.29s"
83524.01,INFO,"Mister pulse started; ON until 83524.26s, cooldown until 83528.26s"
83538.00,INFO,"Mister pulse started; ON until 83538.25s, cooldown until 83542.25s"
83549.05,INFO,"Mister pulse started; ON until 83549.30s, cooldown until 83553.30s"
83560.04,INFO,"Mister pulse started; ON until 83560.29s, cooldown until 83564.29s"
83566.04,INFO,"Mister pulse started; ON until 83566.29s, cooldown until 83570.29s"
83582.05,INFO,"Mister pulse started; ON until 83582.30s, cooldown until 83586.30s"
83595.00,INFO,"Mister pulse started; ON until 83595.25s, cooldown until 83599.25s"
83608.01,INFO,"Mister pulse started; ON until 83608.26s, cooldown until 83612.26s"
83616.01,INFO,"Mister pulse started; ON until 83616.26s, cooldown until 83620.26s"
83624.01,INFO,"Mister pulse started; ON until 83624.26s, cooldown until 83628.26s"
83634.03,INFO,"Mister pulse started; ON until 83634.28s, cooldown until 83638.28s"
83643.02,INFO,"Mister pulse started; ON until 83643.27s, cooldown until 83647.27s"
83658.04,INFO,"Mister pulse started; ON until 83658.29s, cooldown until 83662.29s"
83663.04,INFO,"Mister pulse started; ON until 83663.29s, cooldown until 83667.29s"
83676.00,INFO,"Mister pulse started; ON until 83676.25s, cooldown until 83680.25s"
83691.03,INFO,"Mister pulse started; ON until 83691.28s, cooldown until 83695.28s"
83704.04,INFO,"Mister pulse started; ON until 83704.29s, cooldown until 83708.29s"
83709.05,INFO,"Mister pulse started; ON until 83709.30s, cooldown until 83713.30s"
83728.04,INFO,"Mister pulse started; ON until 83728.29s, cooldown until 83732.29s"
83733.05,INFO,"Mister pulse started; ON until 83733.30s, cooldown until 83737.30s"
83751.02,INFO,"Mister pulse started; ON until 83751.27s, cooldown until 83755.27s"
83756.03,INFO,"Mister pulse started; ON until 83756.28s, cooldown until 83760.28s"
83777.00,INFO,"Mister pulse started; ON until 83777.25s, cooldown until 83781.25s"
83787.02,INFO,"Mister pulse started; ON until 83787.27s, cooldown until 83791.27s"
83804.05,INFO,"Mister pulse started; ON until 83804.30s, cooldown until 83808.30s"
83818.04,INFO,"Mister pulse started; ON until 83818.29s, cooldown until 83822.29s"
83831.04,INFO,"Mister pulse started; ON until 83831.29s, cooldown until 83835.29s"
83841.01,INFO,"Mister pulse started; ON until 83841.26s, cooldown until 83845.26s"
83853.04,INFO,"Mister pulse started; ON until 83853.29s, cooldown until 83857.29s"
83858.05,INFO,"Mister pulse started; ON until 83858.30s, cooldown until 83862.30s"
83872.05,INFO,"Mister pulse started; ON until 83872.30s, cooldown until 83876.30s"
83883.05,INFO,"Mister pulse started; ON until 83883.30s, cooldown until 83887.30s"
83898.02,INFO,"Mister pulse started; ON until 83898.27s, cooldown until 83902.27s"
83911.03,INFO,"Mister pulse started; ON until 83911.28s, cooldown until 83915.28s"
83923.01,INFO,"Mister pulse started; ON until 83923.26s, cooldown until 83927.26s"
83928.02,INFO,"Mister pulse started; ON until 83928.27s, cooldown until 83932.27s"
83942.02,INFO,"Mister pulse started; ON until 83942.27s, cooldown until 83946.27s"
83947.02,INFO,"Mister pulse started; ON until 83947.27s, cooldown until 83951.27s"
83958.02,INFO,"Mister pulse started; ON until 83958.27s, cooldown until 83962.27s"
83970.00,INFO,"Mister pulse started; ON until 83970.25s, cooldown until 83974.25s"
83975.01,INFO,"Mister pulse started; ON until 83975.26s, cooldown until 83979.26s"
83990.03,INFO,"Mister pulse started; ON until 83990.28s, cooldown until 83994.28s"
84001.03,INFO,"Mister pulse started; ON until 84001.28s, cooldown until 84005.28s"
84014.04,INFO,"Mister pulse started; ON until 84014.29s, cooldown until 84018.29s"
84025.04,INFO,"Mister pulse started; ON until 84025.29s, cooldown until 84029.29s"
84041.04,INFO,"Mister pulse started; ON until 84041.29s, cooldown until 84045.29s"
84056.01,INFO,"Mister pulse started; ON until 84056.26s, cooldown until 84060.26s"
84071.03,INFO,"Mister pulse started; ON until 84071.28s, cooldown until 84075.28s"
84086.00,INFO,"Mister pulse started; ON until 84086.25s, cooldown until 84090.25s"
84097.05,INFO,"Mister pulse started; ON until 84097.30s, cooldown until 84101.30s"
84109.02,INFO,"Mister pulse started; ON until 84109.27s, cooldown until 84113.27s"
84121.05,INFO,"Mister pulse started; ON until 84121.30s, cooldown until 84125.30s"
84136.02,INFO,"Mister pulse started; ON until 84136.27s, cooldown until 84140.27s"
84150.01,INFO,"Mister pulse started; ON until 84150.26s, cooldown until 84154.26s"
84163.02,INFO,"Mister pulse started; ON until 84163.27s, cooldown until 84167.27s"
84171.03,INFO,"Mister pulse started; ON until 84171.28s, cooldown until 84175.28s"
84182.02,INFO,"Mister pulse started; ON until 84182.27s, cooldown until 84186.27s"
84195.02,INFO,"Mister pulse started; ON until 84195.27s, cooldown until 84199.27s"
84200.03,INFO,"Mister pulse started; ON until 84200.28s, cooldown until 84204.28s"
84218.05,INFO,"Mister pulse started; ON until 84218.30s, cooldown until 84222.30s"
84223.01,INFO,"Mister pulse started; ON until 84223.26s, cooldown until 84227.26s"
84240.04,INFO,"Mister pulse started; ON until 84240.29s, cooldown until 84244.29s"
84255.02,INFO,"Mister pulse started; ON until 84255.27s, cooldown until 84259.27s"
84268.03,INFO,"Mister pulse started; ON until 84268.28s, cooldown until 84272.28s"
84280.00,INFO,"Mister pulse started; ON until 84280.25s, cooldown until 84284.25s"
84285.01,INFO,"Mister pulse started; ON until 84285.26s, cooldown until 84289.26s"
84300.04,INFO,"Mister pulse started; ON until 84300.29s, cooldown until 84304.29s"
84311.04,INFO,"Mister pulse started; ON until 84311.29s, cooldown until 84315.29s"
84326.01,INFO,"Mister pulse started; ON until 84326.26s, cooldown until 84330.26s"
84339.02,INFO,"Mister pulse started; ON until 84339.27s, cooldown until 84343.27s"
84351.05,INFO,"Mister pulse started; ON until 84351.30s, cooldown until 84355.30s"
84366.02,INFO,"Mister pulse started; ON until 84366.27s, cooldown until 84370.27s"
84381.04,INFO,"Mister pulse started; ON until 84381.29s, cooldown until 84385.29s"
84392.03,INFO,"Mister pulse started; ON until 84392.28s, cooldown until 84396.28s"
84399.00,INFO,"Mister pulse started; ON until 84399.25s, cooldown until 84403.25s"
84405.05,INFO,"Mister pulse started; ON until 84405.30s, cooldown until 84409.30s"
84421.04,INFO,"Mister pulse started; ON until 84421.29s, cooldown until 84425.29s"
84426.05,INFO,"Mister pulse started; ON until 84426.30s, cooldown until 84430.30s"
84442.01,INFO,"Mister pulse started; ON until 84442.26s, cooldown until 84446.26s"
84447.01,INFO,"Mister pulse started; ON until 84447.26s, cooldown until 84451.26s"
84460.02,INFO,"Mister pulse started; ON until 84460.27s, cooldown until 84464.27s"
84472.05,INFO,"Mister pulse started; ON until 84472.30s, cooldown until 84476.30s"
84477.01,INFO,"Mister pulse started; ON until 84477.26s, cooldown until 84481.26s"
84494.04,INFO,"Mister pulse started; ON until 84494.29s, cooldown until 84498.29s"
84508.03,INFO,"Mister pulse started; ON until 84508.28s, cooldown until 84512.28s"
84522.01,INFO,"Mister pulse started; ON until 84522.26s, cooldown until 84526.26s"
84530.01,INFO,"Mister pulse started; ON until 84530.26s, cooldown until 84534.26s"
84544.05,INFO,"Mister pulse started; ON until 84544.30s, cooldown until 84548.30s"
84549.01,INFO,"Mister pulse started; ON until 84549.26s, cooldown until 84553.26s"
84565.01,INFO,"Mister pulse started; ON until 84565.26s, cooldown until 84569.26s"
84580.04,INFO,"Mister pulse started; ON until 84580.29s, cooldown until 84584.29s"
84592.02,INFO,"Mister pulse started; ON until 84592.27s, cooldown until 84596.27s"
84601.01,INFO,"Mister pulse started; ON until 84601.26s, cooldown until 84605.26s"
84613.04,INFO,"Mister pulse started; ON until 84613.29s, cooldown until 84617.29s"
84627.03,INFO,"Mister pulse started; ON until 84627.28s, cooldown until 84631.28s"
84640.04,INFO,"Mister pulse started; ON until 84640.29s, cooldown until 84644.29s"
84645.05,INFO,"Mister pulse started; ON until 84645.30s, cooldown until 84649.30s"
84663.01,INFO,"Mister pulse started; ON until 84663.26s, cooldown until 84667.26s"
84668.02,INFO,"Mister pulse started; ON until 84668.27s, cooldown until 84672.27s"
84686.04,INFO,"Mister pulse started; ON until 84686.29s, cooldown until 84690.29s"
84691.04,INFO,"Mister pulse started; ON until 84691.29s, cooldown until 84695.29s"
84706.03,INFO,"Mister pulse started; ON until 84706.28s, cooldown until 84710.28s"
84719.05,INFO,"Mister pulse started; ON until 84719.30s, cooldown until 84723.30s"
84728.04,INFO,"Mister pulse started; ON until 84728.29s, cooldown until 84732.29s"
84739.04,INFO,"Mister pulse started; ON until 84739.29s, cooldown until 84743.29s"
84755.04,INFO,"Mister pulse started; ON until 84755.29s, cooldown until 84759.29s"
84769.03,INFO,"Mister pulse started; ON until 84769.28s, cooldown until 84773.28s"
84781.02,INFO,"Mister pulse started; ON until 84781.27s, cooldown until 84785.27s"
84786.02,INFO,"Mister pulse started; ON until 84786.27s, cooldown until 84790.27s"
84805.02,INFO,"Mister pulse started; ON until 84805.27s, cooldown until 84809.27s"
84810.03,INFO,"Mister pulse started; ON until 84810.28s, cooldown until 84814.28s"
84827.02,INFO,"Mister pulse started; ON until 84827.27s, cooldown until 84831.27s"
84832.03,INFO,"Mister pulse started; ON until 84832.28s, cooldown until 84836.28s"
84846.02,INFO,"Mister pulse started; ON until 84846.27s, cooldown until 84850.27s"
84857.02,INFO,"Mister pulse started; ON until 84857.27s, cooldown until 84861.27s"
84871.01,INFO,"Mister pulse started; ON until 84871.26s, cooldown until 84875.26s"
84883.04,INFO,"Mister pulse started; ON until 84883.29s, cooldown until 84887.29s"
84888.00,INFO,"Mister pulse started; ON until 84888.25s, cooldown until 84892.25s"
84905.04,INFO,"Mister pulse started; ON until 84905.29s, cooldown until 84909.29s"
84920.01,INFO,"Mister pulse started; ON until 84920.26s, cooldown until 84924.26s"
84934.00,INFO,"Mister pulse started; ON until 84934.25s, cooldown until 84938.25s"
84947.01,INFO,"Mister pulse started; ON until 84947.26s, cooldown until 84951.26s"
84955.01,INFO,"Mister pulse started; ON until 84955.26s, cooldown until 84959.26s"
84965.02,INFO,"Mister pulse started; ON until 84965.27s, cooldown until 84969.27s"
84976.02,INFO,"Mister pulse started; ON until 84976.27s, cooldown until 84980.27s"
84991.05,INFO,"Mister pulse started; ON until 84991.30s, cooldown until 84995.30s"
85003.03,INFO,"Mister pulse started; ON until 85003.28s, cooldown until 85007.28s"
85011.04,INFO,"Mister pulse started; ON until 85011.29s, cooldown until 85015.29s"
85021.00,INFO,"Mister pulse started; ON until 85021.25s, cooldown until 85025.25s"
85033.03,INFO,"Mister pulse started; ON until 85033.28s, cooldown until 85037.28s"
85039.02,INFO,"Mister pulse started; ON until 85039.27s, cooldown until 85043.27s"
85056.05,INFO,"Mister pulse started; ON until 85056.30s, cooldown until 85060.30s"
85071.02,INFO,"Mister pulse started; ON until 85071.27s, cooldown until 85075.27s"
85084.03,INFO,"Mister pulse started; ON until 85084.28s, cooldown until 85088.28s"
85096.00,INFO,"Mister pulse started; ON until 85096.25s, cooldown until 85100.25s"
85101.01,INFO,"Mister pulse started; ON until 85101.26s, cooldown until 85105.26s"
85116.03,INFO,"Mister pulse started; ON until 85116.28s, cooldown until 85120.28s"
85127.03,INFO,"Mister pulse started; ON until 85127.28s, cooldown until 85131.28s"
85141.02,INFO,"Mister pulse started; ON until 85141.27s, cooldown until 85145.27s"
85152.02,INFO,"Mister pulse started; ON until 85152.27s, cooldown until 85156.27s"
85160.02,INFO,"Mister pulse started; ON until 85160.27s, cooldown until 85164.27s"
85165.03,INFO,"Mister pulse started; ON until 85165.28s, cooldown until 85169.28s"
85180.01,INFO,"Mister pulse started; ON until 85180.26s, cooldown until 85184.26s"
85191.05,INFO,"Mister pulse started; ON until 85191.30s, cooldown until 85195.30s"
85208.03,INFO,"Mister pulse started; ON until 85208.28s, cooldown until 85212.28s"
85213.04,INFO,"Mister pulse started; ON until 85213.29s, cooldown until 85217.29s"
85227.03,INFO,"Mister pulse started; ON until 85227.28s, cooldown until 85231.28s"
85238.03,INFO,"Mister pulse started; ON until 85238.28s, cooldown until 85242.28s"
85251.03,INFO,"Mister pulse started; ON until 85251.28s, cooldown until 85255.28s"
85263.01,INFO,"Mister pulse started; ON until 85263.26s, cooldown until 85267.26s"
85270.03,INFO,"Mister pulse started; ON until 85270.28s, cooldown until 85274.28s"
85286.03,INFO,"Mister pulse started; ON until 85286.28s, cooldown until 85290.28s"
85300.02,INFO,"Mister pulse started; ON until 85300.27s, cooldown until 85304.27s"
85314.02,INFO,"Mister pulse started; ON until 85314.27s, cooldown until 85318.27s"
85319.02,INFO,"Mister pulse started; ON until 85319.27s, cooldown until 85323.27s"
85331.04,INFO,"Mister pulse started; ON until 85331.29s, cooldown until 85335.29s"
85340.03,INFO,"Mister pulse started; ON until 85340.28s, cooldown until 85344.28s"
85354.02,INFO,"Mister pulse started; ON until 85354.27s, cooldown until 85358.27s"
85366.05,INFO,"Mister pulse started; ON until 85366.30s, cooldown until 85370.30s"
85382.00,INFO,"Mister pulse started; ON until 85382.25s, cooldown until 85386.25s"
85387.01,INFO,"Mister pulse started; ON until 85387.26s, cooldown until 85391.26s"
85400.03,INFO,"Mister pulse started; ON until 85400.28s, cooldown until 85404.28s"
85408.03,INFO,"Mister pulse started; ON until 85408.28s, cooldown until 85412.28s"
85419.03,INFO,"Mister pulse started; ON until 85419.28s, cooldown until 85423.28s"
85432.03,INFO,"Mister pulse started; ON until 85432.28s, cooldown until 85436.28s"
85437.05,INFO,"Mister pulse started; ON until 85437.30s, cooldown until 85441.30s"
85456.05,INFO,"Mister pulse started; ON until 85456.30s, cooldown until 85460.30s"
85461.00,INFO,"Mister pulse started; ON until 85461.25s, cooldown until 85465.25s"
85472.00,INFO,"Mister pulse started; ON until 85472.25s, cooldown until 85476.25s"
85482.02,INFO,"Mister pulse started; ON until 85482.27s, cooldown until 85486.27s"
85494.04,INFO,"Mister pulse started; ON until 85494.29s, cooldown until 85498.29s"
85502.00,INFO,"Mister pulse started; ON until 85502.25s, cooldown until 85506.25s"
85512.02,INFO,"Mister pulse started; ON until 85512.27s, cooldown until 85516.27s"
85523.03,INFO,"Mister pulse started; ON until 85523.28s, cooldown until 85527.28s"
85537.01,INFO,"Mister pulse started; ON until 85537.26s, cooldown until 85541.26s"
85550.02,INFO,"Mister pulse started; ON until 85550.27s, cooldown until 85554.27s"
85555.03,INFO,"Mister pulse started; ON until 85555.28s, cooldown until 85559.28s"
85574.03,INFO,"Mister pulse started; ON until 85574.28s, cooldown until 85578.28s"
85579.04,INFO,"Mister pulse started; ON until 85579.29s, cooldown until 85583.29s"
85599.01,INFO,"Mister pulse started; ON until 85599.26s, cooldown until 85603.26s"
85605.00,INFO,"Mister pulse started; ON until 85605.25s, cooldown until 85609.25s"
85617.03,INFO,"Mister pulse started; ON until 85617.28s, cooldown until 85621.28s"
85629.01,INFO,"Mister pulse started; ON until 85629.26s, cooldown until 85633.26s"
85634.02,INFO,"Mister pulse started; ON until 85634.27s, cooldown until 85638.27s"
85653.02,INFO,"Mister pulse started; ON until 85653.27s, cooldown until 85657.27s"
85658.03,INFO,"Mister pulse started; ON until 85658.28s, cooldown until 85662.28s"
85677.03,INFO,"Mister pulse started; ON until 85677.28s, cooldown until 85681.28s"
85682.04,INFO,"Mister pulse started; ON until 85682.29s, cooldown until 85686.29s"
85700.01,INFO,"Mister pulse started; ON until 85700.26s, cooldown until 85704.26s"
85705.02,INFO,"Mister pulse started; ON until 85705.27s, cooldown until 85709.27s"
85723.03,INFO,"Mister pulse started; ON until 85723.28s, cooldown until 85727.28s"
85728.05,INFO,"Mister pulse started; ON until 85728.30s, cooldown until 85732.30s"
85745.03,INFO,"Mister pulse started; ON until 85745.28s, cooldown until 85749.28s"
85758.03,INFO,"Mister pulse started; ON until 85758.28s, cooldown until 85762.28s"
85772.02,INFO,"Mister pulse started; ON until 85772.27s, cooldown until 85776.27s"
85780.02,INFO,"Mister pulse started; ON until 85780.27s, cooldown until 85784.27s"
85787.05,INFO,"Mister pulse started; ON until 85787.30s, cooldown until 85791.30s"
85797.01,INFO,"Mister pulse started; ON until 85797.26s, cooldown until 85801.26s"
85809.05,INFO,"Mister pulse started; ON until 85809.30s, cooldown until 85813.30s"
85825.00,INFO,"Mister pulse started; ON until 85825.25s, cooldown until 85829.25s"
85830.01,INFO,"Mister pulse started; ON until 85830.26s, cooldown until 85834.26s"
85844.00,INFO,"Mister pulse started; ON until 85844.25s, cooldown until 85848.25s"
85855.01,INFO,"Mister pulse started; ON until 85855.26s, cooldown until 85859.26s"
85869.05,INFO,"Mister pulse started; ON until 85869.30s, cooldown until 85873.30s"
85881.03,INFO,"Mister pulse started; ON until 85881.28s, cooldown until 85885.28s"
85886.04,INFO,"Mister pulse started; ON until 85886.29s, cooldown until 85890.29s"
85902.04,INFO,"Mister pulse started; ON until 85902.29s, cooldown until 85906.29s"
85907.00,INFO,"Mister pulse started; ON until 85907.25s, cooldown until 85911.25s"
85925.02,INFO,"Mister pulse started; ON until 85925.27s, cooldown until 85929.27s"
85938.03,INFO,"Mister pulse started; ON until 85938.28s, cooldown until 85942.28s"
85943.04,INFO,"Mister pulse started; ON until 85943.29s, cooldown until 85947.29s"
85961.01,INFO,"Mister pulse started; ON until 85961.26s, cooldown until 85965.26s"
85968.03,INFO,"Mister pulse started; ON until 85968.28s, cooldown until 85972.28s"
85979.02,INFO,"Mister pulse started; ON until 85979.27s, cooldown until 85983.27s"
85984.03,INFO,"Mister pulse started; ON until 85984.28s, cooldown until 85988.28s"
85997.04,INFO,"Mister pulse started; ON until 85997.29s, cooldown until 86001.29s"
86009.02,INFO,"Mister pulse started; ON until 86009.27s, cooldown until 86013.27s"
86017.02,INFO,"Mister pulse started; ON until 86017.27s, cooldown until 86021.27s"
86027.04,INFO,"Mister pulse started; ON until 86027.29s, cooldown until 86031.29s"
86040.05,INFO,"Mister pulse started; ON until 86040.30s, cooldown until 86044.30s"
86045.01,INFO,"Mister pulse started; ON until 86045.26s, cooldown until 86049.26s"
86061.02,INFO,"Mister pulse started; ON until 86061.27s, cooldown until 86065.27s"
86076.04,INFO,"Mister pulse started; ON until 86076.29s, cooldown until 86080.29s"
86090.04,INFO,"Mister pulse started; ON until 86090.29s, cooldown until 86094.29s"
86101.04,INFO,"Mister pulse started; ON until 86101.29s, cooldown until 86105.29s"
86115.03,INFO,"Mister pulse started; ON until 86115.28s, cooldown until 86119.28s"
86127.00,INFO,"Mister pulse started; ON until 86127.25s, cooldown until 86131.25s"
86136.04,INFO,"Mister pulse started; ON until 86136.29s, cooldown until 86140.29s"
86146.01,INFO,"Mister pulse started; ON until 86146.26s, cooldown until 86150.26s"
86159.02,INFO,"Mister pulse started; ON until 86159.27s, cooldown until 86163.27s"
86164.03,INFO,"Mister pulse started; ON until 86164.28s, cooldown until 86168.28s"
86183.03,INFO,"Mister pulse started; ON until 86183.28s, cooldown until 86187.28s"
86188.04,INFO,"Mister pulse started; ON until 86188.29s, cooldown until 86192.29s"
86206.01,INFO,"Mister pulse started; ON until 86206.26s, cooldown until 86210.26s"
86217.01,INFO,"Mister pulse started; ON until 86217.26s, cooldown until 86221.26s"
86228.01,INFO,"Mister pulse started; ON until 86228.26s, cooldown until 86232.26s"
86233.03,INFO,"Mister pulse started; ON until 86233.28s, cooldown until 86237.28s"
86249.04,INFO,"Mister pulse started; ON until 86249.29s, cooldown until 86253.29s"
86262.00,INFO,"Mister pulse started; ON until 86262.25s, cooldown until 86266.25s"
86273.05,INFO,"Mister pulse started; ON until 86273.30s, cooldown until 86277.30s"
86285.03,INFO,"Mister pulse started; ON until 86285.28s, cooldown until 86289.28s"
86296.03,INFO,"Mister pulse started; ON until 86296.28s, cooldown until 86300.28s"
86308.01,INFO,"Mister pulse started; ON until 86308.26s, cooldown until 86312.26s"
86319.01,INFO,"Mister pulse started; ON until 86319.26s, cooldown until 86323.26s"
86330.00,INFO,"Mister pulse started; ON until 86330.25s, cooldown until 86334.25s"
86336.00,INFO,"Mister pulse started; ON until 86336.25s, cooldown until 86340.25s"
86353.04,INFO,"Mister pulse started; ON until 86353.29s, cooldown until 86357.29s"
86368.01,INFO,"Mister pulse started; ON until 86368.26s, cooldown until 86372.26s"
86382.05,INFO,"Mister pulse started; ON until 86382.30s, cooldown until 86386.30s"
86392.02,INFO,"Mister pulse started; ON until 86392.27s, cooldown until 86396.27s"
86408.02,INFO,"Mister pulse started; ON until 86408.27s, cooldown until 86412.27s"
86422.02,INFO,"Mister pulse started; ON until 86422.27s, cooldown until 86426.27s"
86435.03,INFO,"Mister pulse started; ON until 86435.28s, cooldown until 86439.28s"
86440.04,INFO,"Mister pulse started; ON until 86440.29s, cooldown until 86444.29s"
86458.05,INFO,"Mister pulse started; ON until 86458.30s, cooldown until 86462.30s"
86463.01,INFO,"Mister pulse started; ON until 86463.26s, cooldown until 86467.26s"
86481.03,INFO,"Mister pulse started; ON until 86481.28s, cooldown until 86485.28s"
86486.04,INFO,"Mister pulse started; ON until 86486.29s, cooldown until 86490.29s"
86500.03,INFO,"Mister pulse started; ON until 86500.28s, cooldown until 86504.28s"
86510.05,INFO,"Mister pulse started; ON until 86510.30s, cooldown until 86514.30s"
86524.04,INFO,"Mister pulse started; ON until 86524.29s, cooldown until 86528.29s"
86536.01,INFO,"Mister pulse started; ON until 86536.26s, cooldown until 86540.26s"
86541.02,INFO,"Mister pulse started; ON until 86541.27s, cooldown until 86545.27s"
86558.01,INFO,"Mister pulse started; ON until 86558.26s, cooldown until 86562.26s"
86571.02,INFO,"Mister pulse started; ON until 86571.27s, cooldown until 86575.27s"
86581.03,INFO,"Mister pulse started; ON until 86581.28s, cooldown until 86585.28s"
86596.01,INFO,"Mister pulse started; ON until 86596.26s, cooldown until 86600.26s"
86609.02,INFO,"Mister pulse started; ON until 86609.27s, cooldown until 86613.27s"
86614.03,INFO,"Mister pulse started; ON until 86614.28s, cooldown until 86618.28s"
86634.01,INFO,"Mister pulse started; ON until 86634.26s, cooldown until 86638.26s"
86639.02,INFO,"Mister pulse started; ON until 86639.27s, cooldown until 86643.27s"
86651.05,INFO,"Mister pulse started; ON until 86651.30s, cooldown until 86655.30s"
86662.05,INFO,"Mister pulse started; ON until 86662.30s, cooldown until 86666.30s"
86676.04,INFO,"Mister pulse started; ON until 86676.29s, cooldown until 86680.29s"
86689.00,INFO,"Mister pulse started; ON until 86689.25s, cooldown until 86693.25s"
86700.00,INFO,"Mister pulse started; ON until 86700.25s, cooldown until 86704.25s"
86716.01,INFO,"Mister pulse started; ON until 86716.26s, cooldown until 86720.26s"
86730.05,INFO,"Mister pulse started; ON until 86730.30s, cooldown until 86734.30s"
86741.05,INFO,"Mister pulse started; ON until 86741.30s, cooldown until 86745.30s"
86756.02,INFO,"Mister pulse started; ON until 86756.27s, cooldown until 86760.27s"
86770.01,INFO,"Mister pulse started; ON until 86770.26s, cooldown until 86774.26s"
86783.03,INFO,"Mister pulse started; ON until 86783.28s, cooldown until 86787.28s"
86793.05,INFO,"Mister pulse started; ON until 86793.30s, cooldown until 86797.30s"
86804.05,INFO,"Mister pulse started; ON until 86804.30s, cooldown until 86808.30s"
86820.05,INFO,"Mister pulse started; ON until 86820.30s, cooldown until 86824.30s"
86835.03,INFO,"Mister pulse started; ON until 86835.28s, cooldown until 86839.28s"
86850.05,INFO,"Mister pulse started; ON until 86850.30s, cooldown until 86854.30s"
86861.04,INFO,"Mister pulse started; ON until 86861.29s, cooldown until 86865.29s"
86869.05,INFO,"Mister pulse started; ON until 86869.30s, cooldown until 86873.30s"
86874.01,INFO,"Mister pulse started; ON until 86874.26s, cooldown until 86878.26s"
86892.02,INFO,"Mister pulse started; ON until 86892.27s, cooldown until 86896.27s"
86897.04,INFO,"Mister pulse started; ON until 86897.29s, cooldown until 86901.29s"
86911.03,INFO,"Mister pulse started; ON until 86911.28s, cooldown until 86915.28s"
86921.04,INFO,"Mister pulse started; ON until 86921.29s, cooldown until 86925.29s"
86936.02,INFO,"Mister pulse started; ON until 86936.27s, cooldown until 86940.27s"
86945.00,INFO,"Mister pulse started; ON until 86945.25s, cooldown until 86949.25s"
86964.01,INFO,"Mister pulse started; ON until 86964.26s, cooldown until 86968.26s"
86973.04,INFO,"Mister pulse started; ON until 86973.29s, cooldown until 86977.29s"
86978.05,INFO,"Mister pulse started; ON until 86978.30s, cooldown until 86982.30s"
86998.03,INFO,"Mister pulse started; ON until 86998.28s, cooldown until 87002.28s"
87003.03,INFO,"Mister pulse started; ON until 87003.28s, cooldown until 87007.28s"
87016.05,INFO,"Mister pulse started; ON until 87016.30s, cooldown until 87020.30s"
87029.00,INFO,"Mister pulse started; ON until 87029.25s, cooldown until 87033.25s"
87040.00,INFO,"Mister pulse started; ON until 87040.25s, cooldown until 87044.25s"
87055.02,INFO,"Mister pulse started; ON until 87055.27s, cooldown until 87059.27s"
87069.02,INFO,"Mister pulse started; ON until 87069.27s, cooldown until 87073.27s"
87080.02,INFO,"Mister pulse started; ON until 87080.27s, cooldown until 87084.27s"
87096.02,INFO,"Mister pulse started; ON until 87096.27s, cooldown until 87100.27s"
87111.04,INFO,"Mister pulse started; ON until 87111.29s, cooldown until 87115.29s"
87121.00,INFO,"Mister pulse started; ON until 87121.25s, cooldown until 87125.25s"
87131.02,INFO,"Mister pulse started; ON until 87131.27s, cooldown until 87135.27s"
87138.04,INFO,"Mister pulse started; ON until 87138.29s, cooldown until 87142.29s"
87146.04,INFO,"Mister pulse started; ON until 87146.29s, cooldown until 87150.29s"
87154.04,INFO,"Mister pulse started; ON until 87154.29s, cooldown until 87158.29s"
87159.00,INFO,"Mister pulse started; ON until 87159.25s, cooldown until 87163.25s"
87178.05,INFO,"Mister pulse started; ON until 87178.30s, cooldown until 87182.30s"
87183.00,INFO,"Mister pulse started; ON until 87183.25s, cooldown until 87187.25s"
87197.04,INFO,"Mister pulse started; ON until 87197.29s, cooldown until 87201.29s"
87210.05,INFO,"Mister pulse started; ON until 87210.30s, cooldown until 87214.30s"
87215.01,INFO,"Mister pulse started; ON until 87215.26s, cooldown until 87219.26s"
87231.02,INFO,"Mister pulse started; ON until 87231.27s, cooldown until 87235.27s"
87245.01,INFO,"Mister pulse started; ON until 87245.26s, cooldown until 87249.26s"
87260.03,INFO,"Mister pulse started; ON until 87260.28s, cooldown until 87264.28s"
87270.04,INFO,"Mister pulse started; ON until 87270.29s, cooldown until 87274.29s"
87284.03,INFO,"Mister pulse started; ON until 87284.28s, cooldown until 87288.28s"
87294.00,INFO,"Mister pulse started; ON until 87294.25s, cooldown until 87298.25s"
87309.02,INFO,"Mister pulse started; ON until 87309.27s, cooldown until 87313.27s"
87324.05,INFO,"Mister pulse started; ON until 87324.30s, cooldown until 87328.30s"
87333.04,INFO,"Mister pulse started; ON until 87333.29s, cooldown until 87337.29s"
87347.03,INFO,"Mister pulse started; ON until 87347.28s, cooldown until 87351.28s"
87359.01,INFO,"Mister pulse started; ON until 87359.26s, cooldown until 87363.26s"
87364.02,INFO,"Mister pulse started; ON until 87364.27s, cooldown until 87368.27s"
87377.03,INFO,"Mister pulse started; ON until 87377.28s, cooldown until 87381.28s"
87386.01,INFO,"Mister pulse started; ON until 87386.26s, cooldown until 87390.26s"
87398.04,INFO,"Mister pulse started; ON until 87398.29s, cooldown until 87402.29s"
87414.04,INFO,"Mister pulse started; ON until 87414.29s, cooldown until 87418.29s"
87428.03,INFO,"Mister pulse started; ON until 87428.28s, cooldown until 87432.28s"
87442.02,INFO,"Mister pulse started; ON until 87442.27s, cooldown until 87446.27s"
87451.01,INFO,"Mister pulse started; ON until 87451.26s, cooldown until 87455.26s"
87466.03,INFO,"Mister pulse started; ON until 87466.28s, cooldown until 87470.28s"
87477.03,INFO,"Mister pulse started; ON until 87477.28s, cooldown until 87481.28s"
87492.00,INFO,"Mister pulse started; ON until 87492.25s, cooldown until 87496.25s"
87505.01,INFO,"Mister pulse started; ON until 87505.26s, cooldown until 87509.26s"
87518.02,INFO,"Mister pulse started; ON until 87518.27s, cooldown until 87522.27s"
87523.03,INFO,"Mister pulse started; ON until 87523.28s, cooldown until 87527.28s"
87539.03,INFO,"Mister pulse started; ON until 87539.28s, cooldown until 87543.28s"
87552.04,INFO,"Mister pulse started; ON until 87552.29s, cooldown until 87556.29s"
87560.04,INFO,"Mister pulse started; ON until 87560.29s, cooldown until 87564.29s"
87571.04,INFO,"Mister pulse started; ON until 87571.29s, cooldown until 87575.29s"
87584.04,INFO,"Mister pulse started; ON until 87584.29s, cooldown until 87588.29s"
87593.02,INFO,"Mister pulse started; ON until 87593.27s, cooldown until 87597.27s"
87605.05,INFO,"Mister pulse started; ON until 87605.30s, cooldown until 87609.30s"
87621.05,INFO,"Mister pulse started; ON until 87621.30s, cooldown until 87625.30s"
87635.05,INFO,"Mister pulse started; ON until 87635.30s, cooldown until 87639.30s"
87648.01,INFO,"Mister pulse started; ON until 87648.26s, cooldown until 87652.26s"
87659.01,INFO,"Mister pulse started; ON until 87659.26s, cooldown until 87663.26s"
87674.04,INFO,"Mister pulse started; ON until 87674.29s, cooldown until 87678.29s"
87687.04,INFO,"Mister pulse started; ON until 87687.29s, cooldown until 87691.29s"
87692.05,INFO,"Mister pulse started; ON until 87692.30s, cooldown until 87696.30s"
87712.03,INFO,"Mister pulse started; ON until 87712.28s, cooldown until 87716.28s"
87720.03,INFO,"Mister pulse started; ON until 87720.28s, cooldown until 87724.28s"
87734.02,INFO,"Mister pulse started; ON until 87734.27s, cooldown until 87738.27s"
87743.00,INFO,"Mister pulse started; ON until 87743.25s, cooldown until 87747.25s"
87755.04,INFO,"Mister pulse started; ON until 87755.29s, cooldown until 87759.29s"
87769.03,INFO,"Mister pulse started; ON until 87769.28s, cooldown until 87773.28s"
87783.02,INFO,"Mister pulse started; ON until 87783.27s, cooldown until 87787.27s"
87795.05,INFO,"Mister pulse started; ON until 87795.30s, cooldown until 87799.30s"
87810.02,INFO,"Mister pulse started; ON until 87810.27s, cooldown until 87814.27s"
87825.05,INFO,"Mister pulse started; ON until 87825.30s, cooldown until 87829.30s"
87838.02,INFO,"Mister pulse started; ON until 87838.27s, cooldown until 87842.27s"
87848.04,INFO,"Mister pulse started; ON until 87848.29s, cooldown until 87852.29s"
87861.04,INFO,"Mister pulse started; ON until 87861.29s, cooldown until 87865.29s"
87872.04,INFO,"Mister pulse started; ON until 87872.29s, cooldown until 87876.29s"
87885.00,INFO,"Mister pulse started; ON until 87885.25s, cooldown until 87889.25s"
87896.00,INFO,"Mister pulse started; ON until 87896.25s, cooldown until 87900.25s"
87911.02,INFO,"Mister pulse started; ON until 87911.27s, cooldown until 87915.27s"
87923.05,INFO,"Mister pulse started; ON until 87923.30s, cooldown until 87927.30s"
87931.01,INFO,"Mister pulse started; ON until 87931.26s, cooldown until 87935.26s"
87940.04,INFO,"Mister pulse started; ON until 87940.29s, cooldown until 87944.29s"
87948.04,INFO,"Mister pulse started; ON until 87948.29s, cooldown until 87952.29s"
87961.00,INFO,"Mister pulse started; ON until 87961.25s, cooldown until 87965.25s"
87966.01,INFO,"Mister pulse started; ON until 87966.26s, cooldown until 87970.26s"
87980.01,INFO,"Mister pulse started; ON until 87980.26s, cooldown until 87984.26s"
87992.04,INFO,"Mister pulse started; ON until 87992.29s, cooldown until 87996.29s"
88007.01,INFO,"Mister pulse started; ON until 88007.26s, cooldown until 88011.26s"
88021.04,INFO,"Mister pulse started; ON until 88021.29s, cooldown until 88025.29s"
88033.02,INFO,"Mister pulse started; ON until 88033.27s, cooldown until 88037.27s"
88040.04,INFO,"Mister pulse started; ON until 88040.29s, cooldown until 88044.29s"
88057.03,INFO,"Mister pulse started; ON until 88057.28s, cooldown until 88061.28s"
88062.04,INFO,"Mister pulse started; ON until 88062.29s, cooldown until 88066.29s"
88078.00,INFO,"Mister pulse started; ON until 88078.25s, cooldown until 88082.25s"
88092.05,INFO,"Mister pulse started; ON until 88092.30s, cooldown until 88096.30s"
88097.00,INFO,"Mister pulse started; ON until 88097.25s, cooldown until 88101.25s"
88113.01,INFO,"Mister pulse started; ON until 88113.26s, cooldown until 88117.26s"
88118.02,INFO,"Mister pulse started; ON until 88118.27s, cooldown until 88122.27s"
88137.02,INFO,"Mister pulse started; ON until 88137.27s, cooldown until 88141.27s"
88142.03,INFO,"Mister pulse started; ON until 88142.28s, cooldown until 88146.28s"
88160.04,INFO,"Mister pulse started; ON until 88160.29s, cooldown until 88164.29s"
88165.00,INFO,"Mister pulse started; ON until 88165.25s, cooldown until 88169.25s"
88183.01,INFO,"Mister pulse started; ON until 88183.26s, cooldown until 88187.26s"
88188.03,INFO,"Mister pulse started; ON until 88188.28s, cooldown until 88192.28s"
88204.03,INFO,"Mister pulse started; ON until 88204.28s, cooldown until 88208.28s"
88215.02,INFO,"Mister pulse started; ON until 88215.27s, cooldown until 88219.27s"
88224.01,INFO,"Mister pulse started; ON until 88224.26s, cooldown until 88228.26s"
88229.02,INFO,"Mister pulse started; ON until 88229.27s, cooldown until 88233.27s"
88248.01,INFO,"Mister pulse started; ON until 88248.26s, cooldown until 88252.26s"
88256.01,INFO,"Mister pulse started; ON until 88256.26s, cooldown until 88260.26s"
88266.03,INFO,"Mister pulse started; ON until 88266.28s, cooldown until 88270.28s"
88280.02,INFO,"Mister pulse started; ON until 88280.27s, cooldown until 88284.27s"
88285.03,INFO,"Mister pulse started; ON until 88285.28s, cooldown until 88289.28s"
88304.03,INFO,"Mister pulse started; ON until 88304.28s, cooldown until 88308.28s"
88309.04,INFO,"Mister pulse started; ON until 88309.29s, cooldown until 88313.29s"
88328.05,INFO,"Mister pulse started; ON until 88328.30s, cooldown until 88332.30s"
88333.00,INFO,"Mister pulse started; ON until 88333.25s, cooldown until 88337.25s"
88344.00,INFO,"Mister pulse started; ON until 88344.25s, cooldown until 88348.25s"
88355.00,INFO,"Mister pulse started; ON until 88355.25s, cooldown until 88359.25s"
88369.04,INFO,"Mister pulse started; ON until 88369.29s, cooldown until 88373.29s"
88379.01,INFO,"Mister pulse started; ON until 88379.26s, cooldown until 88383.26s"
88398.01,INFO,"Mister pulse started; ON until 88398.26s, cooldown until 88402.26s"
88403.02,INFO,"Mister pulse started; ON until 88403.27s, cooldown until 88407.27s"
88421.04,INFO,"Mister pulse started; ON until 88421.29s, cooldown until 88425.29s"
88426.04,INFO,"Mister pulse started; ON until 88426.29s, cooldown until 88430.29s"
88442.05,INFO,"Mister pulse started; ON until 88442.30s, cooldown until 88446.30s"
88455.00,INFO,"Mister pulse started; ON until 88455.25s, cooldown until 88459.25s"
88465.03,INFO,"Mister pulse started; ON until 88465.28s, cooldown until 88469.28s"
88480.00,INFO,"Mister pulse started; ON until 88480.25s, cooldown until 88484.25s"
88492.02,INFO,"Mister pulse started; ON until 88492.27s, cooldown until 88496.27s"
88498.01,INFO,"Mister pulse started; ON until 88498.26s, cooldown until 88502.26s"
88516.04,INFO,"Mister pulse started; ON until 88516.29s, cooldown until 88520.29s"
88521.05,INFO,"Mister pulse started; ON until 88521.30s, cooldown until 88525.30s"
88538.03,INFO,"Mister pulse started; ON until 88538.28s, cooldown until 88542.28s"
88553.00,INFO,"Mister pulse started; ON until 88553.25s, cooldown until 88557.25s"
88568.02,INFO,"Mister pulse started; ON until 88568.27s, cooldown until 88572.27s"
88580.00,INFO,"Mister pulse started; ON until 88580.25s, cooldown until 88584.25s"
88590.02,INFO,"Mister pulse started; ON until 88590.27s, cooldown until 88594.27s"
88604.01,INFO,"Mister pulse started; ON until 88604.26s, cooldown until 88608.26s"
88609.02,INFO,"Mister pulse started; ON until 88609.27s, cooldown until 88613.27s"
88627.04,INFO,"Mister pulse started; ON until 88627.29s, cooldown until 88631.29s"
88632.05,INFO,"Mister pulse started; ON until 88632.30s, cooldown until 88636.30s"
88649.04,INFO,"Mister pulse started; ON until 88649.29s, cooldown until 88653.29s"
88664.01,INFO,"Mister pulse started; ON until 88664.26s, cooldown until 88668.26s"
88679.03,INFO,"Mister pulse started; ON until 88679.28s, cooldown until 88683.28s"
88693.02,INFO,"Mister pulse started; ON until 88693.27s, cooldown until 88697.27s"
88698.02,INFO,"Mister pulse started; ON until 88698.27s, cooldown until 88702.27s"
88710.00,INFO,"Mister pulse started; ON until 88710.25s, cooldown until 88714.25s"
88725.03,INFO,"Mister pulse started; ON until 88725.28s, cooldown until 88729.28s"
88735.05,INFO,"Mister pulse started; ON until 88735.30s, cooldown until 88739.30s"
88749.04,INFO,"Mister pulse started; ON until 88749.29s, cooldown until 88753.29s"
88759.00,INFO,"Mister pulse started; ON until 88759.25s, cooldown until 88763.25s"
88774.03,INFO,"Mister pulse started; ON until 88774.28s, cooldown until 88778.28s"
88789.05,INFO,"Mister pulse started; ON until 88789.30s, cooldown until 88793.30s"
88799.01,INFO,"Mister pulse started; ON until 88799.26s, cooldown until 88803.26s"
88815.02,INFO,"Mister pulse started; ON until 88815.27s, cooldown until 88819.27s"
88831.02,INFO,"Mister pulse started; ON until 88831.27s, cooldown until 88835.27s"
88846.03,INFO,"Mister pulse started; ON until 88846.28s, cooldown until 88850.28s"
88858.01,INFO,"Mister pulse started; ON until 88858.26s, cooldown until 88862.26s"
88868.03,INFO,"Mister pulse started; ON until 88868.28s, cooldown until 88872.28s"
88879.03,INFO,"Mister pulse started; ON until 88879.28s, cooldown until 88883.28s"
88897.04,INFO,"Mister pulse started; ON until 88897.29s, cooldown until 88901.29s"
88902.01,INFO,"Mister pulse started; ON until 88902.26s, cooldown until 88906.26s"
88920.01,INFO,"Mister pulse started; ON until 88920.26s, cooldown until 88924.26s"
88925.03,INFO,"Mister pulse started; ON until 88925.28s, cooldown until 88929.28s"
88940.04,INFO,"Mister pulse started; ON until 88940.29s, cooldown until 88944.29s"
88953.00,INFO,"Mister pulse started; ON until 88953.25s, cooldown until 88957.25s"
88958.01,INFO,"Mister pulse started; ON until 88958.26s, cooldown until 88962.26s"
88977.02,INFO,"Mister pulse started; ON until 88977.27s, cooldown until 88981.27s"
88982.03,INFO,"Mister pulse started; ON until 88982.28s, cooldown until 88986.28s"
89002.01,INFO,"Mister pulse started; ON until 89002.26s, cooldown until 89006.26s"
89013.01,INFO,"Mister pulse started; ON until 89013.26s, cooldown until 89017.26s"
89029.01,INFO,"Mister pulse started; ON until 89029.26s, cooldown until 89033.26s"
89041.04,INFO,"Mister pulse started; ON until 89041.29s, cooldown until 89045.29s"
89052.04,INFO,"Mister pulse started; ON until 89052.29s, cooldown until 89056.29s"
89065.04,INFO,"Mister pulse started; ON until 89065.29s, cooldown until 89069.29s"
89075.01,INFO,"Mister pulse started; ON until 89075.26s, cooldown until 89079.26s"
89089.00,INFO,"Mister pulse started; ON until 89089.25s, cooldown until 89093.25s"
89100.00,INFO,"Mister pulse started; ON until 89100.25s, cooldown until 89104.25s"
89116.01,INFO,"Mister pulse started; ON until 89116.26s, cooldown until 89120.26s"
89131.04,INFO,"Mister pulse started; ON until 89131.29s, cooldown until 89135.29s"
89143.02,INFO,"Mister pulse started; ON until 89143.27s, cooldown until 89147.27s"
89148.03,INFO,"Mister pulse started; ON until 89148.28s, cooldown until 89152.28s"
89168.01,INFO,"Mister pulse started; ON until 89168.26s, cooldown until 89172.26s"
89179.01,INFO,"Mister pulse started; ON until 89179.26s, cooldown until 89183.26s"
89195.01,INFO,"Mister pulse started; ON until 89195.26s, cooldown until 89199.26s"
89209.05,INFO,"Mister pulse started; ON until 89209.30s, cooldown until 89213.30s"
89222.00,INFO,"Mister pulse started; ON until 89222.25s, cooldown until 89226.25s"
89227.01,INFO,"Mister pulse started; ON until 89227.26s, cooldown until 89231.26s"
89245.02,INFO,"Mister pulse started; ON until 89245.27s, cooldown until 89249.27s"
89250.04,INFO,"Mister pulse started; ON until 89250.29s, cooldown until 89254.29s"
89267.02,INFO,"Mister pulse started; ON until 89267.27s, cooldown until 89271.27s"
89282.00,INFO,"Mister pulse started; ON until 89282.25s, cooldown until 89286.25s"
89297.02,INFO,"Mister pulse started; ON until 89297.27s, cooldown until 89301.27s"
89311.02,INFO,"Mister pulse started; ON until 89311.27s, cooldown until 89315.27s"
89321.03,INFO,"Mister pulse started; ON until 89321.28s, cooldown until 89325.28s"
89335.02,INFO,"Mister pulse started; ON until 89335.27s, cooldown until 89339.27s"
89346.02,INFO,"Mister pulse started; ON until 89346.27s, cooldown until 89350.27s"
89362.02,INFO,"Mister pulse started; ON until 89362.27s, cooldown until 89366.27s"
89378.03,INFO,"Mister pulse started; ON until 89378.28s, cooldown until 89382.28s"
89392.02,INFO,"Mister pulse started; ON until 89392.27s, cooldown until 89396.27s"
89405.03,INFO,"Mister pulse started; ON until 89405.28s, cooldown until 89409.28s"
89413.03,INFO,"Mister pulse started; ON until 89413.28s, cooldown until 89417.28s"
89425.02,INFO,"Mister pulse started; ON until 89425.27s, cooldown until 89429.27s"
89439.01,INFO,"Mister pulse started; ON until 89439.26s, cooldown until 89443.26s"
89453.05,INFO,"Mister pulse started; ON until 89453.30s, cooldown until 89457.30s"
89463.01,INFO,"Mister pulse started; ON until 89463.26s, cooldown until 89467.26s"
89476.02,INFO,"Mister pulse started; ON until 89476.27s, cooldown until 89480.27s"
89485.01,INFO,"Mister pulse started; ON until 89485.26s, cooldown until 89489.26s"
89494.05,INFO,"Mister pulse started; ON until 89494.30s, cooldown until 89498.30s"
89509.02,INFO,"Mister pulse started; ON until 89509.27s, cooldown until 89513.27s"
89514.03,INFO,"Mister pulse started; ON until 89514.28s, cooldown until 89518.28s"
89527.04,INFO,"Mister pulse started; ON until 89527.29s, cooldown until 89531.29s"
89541.03,INFO,"Mister pulse started; ON until 89541.28s, cooldown until 89545.28s"
89552.04,INFO,"Mister pulse started; ON until 89552.29s, cooldown until 89556.29s"
89569.02,INFO,"Mister pulse started; ON until 89569.27s, cooldown until 89573.27s"
89574.03,INFO,"Mister pulse started; ON until 89574.28s, cooldown until 89578.28s"
89589.00,INFO,"Mister pulse started; ON until 89589.25s, cooldown until 89593.25s"
89601.03,INFO,"Mister pulse started; ON until 89601.28s, cooldown until 89605.28s"
89606.04,INFO,"Mister pulse started; ON until 89606.29s, cooldown until 89610.29s"
89623.03,INFO,"Mister pulse started; ON until 89623.28s, cooldown until 89627.28s"
89637.02,INFO,"Mister pulse started; ON until 89637.27s, cooldown until 89641.27s"
89652.04,INFO,"Mister pulse started; ON until 89652.29s, cooldown until 89656.29s"
89662.01,INFO,"Mister pulse started; ON until 89662.26s, cooldown until 89666.26s"
89679.05,INFO,"Mister pulse started; ON until 89679.30s, cooldown until 89683.30s"
89693.04,INFO,"Mister pulse started; ON until 89693.29s, cooldown until 89697.29s"
89706.05,INFO,"Mister pulse started; ON until 89706.30s, cooldown until 89710.30s"
89711.01,INFO,"Mister pulse started; ON until 89711.26s, cooldown until 89715.26s"
89721.03,INFO,"Mister pulse started; ON until 89721.28s, cooldown until 89725.28s"
89730.01,INFO,"Mister pulse started; ON until 89730.26s, cooldown until 89734.26s"
89742.04,INFO,"Mister pulse started; ON until 89742.29s, cooldown until 89746.29s"
89758.05,INFO,"Mister pulse started; ON until 89758.30s, cooldown until 89762.30s"
89772.04,INFO,"Mister pulse started; ON until 89772.29s, cooldown until 89776.29s"
89786.03,INFO,"Mister pulse started; ON until 89786.28s, cooldown until 89790.28s"
89791.04,INFO,"Mister pulse started; ON until 89791.29s, cooldown until 89795.29s"
89803.02,INFO,"Mister pulse started; ON until 89803.27s, cooldown until 89807.27s"
89817.00,INFO,"Mister pulse started; ON until 89817.25s, cooldown until 89821.25s"
89822.01,INFO,"Mister pulse started; ON until 89822.26s, cooldown until 89826.26s"
89835.02,INFO,"Mister pulse started; ON until 89835.27s, cooldown until 89839.27s"
89848.02,INFO,"Mister pulse started; ON until 89848.27s, cooldown until 89852.27s"
89853.04,INFO,"Mister pulse started; ON until 89853.29s, cooldown until 89857.29s"
89873.01,INFO,"Mister pulse started; ON until 89873.26s, cooldown until 89877.26s"
89884.01,INFO,"Mister pulse started; ON until 89884.26s, cooldown until 89888.26s"
89900.02,INFO,"Mister pulse started; ON until 89900.27s, cooldown until 89904.27s"
89915.04,INFO,"Mister pulse started; ON until 89915.29s, cooldown until 89919.29s"
89927.01,INFO,"Mister pulse started; ON until 89927.26s, cooldown until 89931.26s"
89934.03,INFO,"Mister pulse started; ON until 89934.28s, cooldown until 89938.28s"
89942.03,INFO,"Mister pulse started; ON until 89942.28s, cooldown until 89946.28s"
89947.04,INFO,"Mister pulse started; ON until 89947.29s, cooldown until 89951.29s"
89963.04,INFO,"Mister pulse started; ON until 89963.29s, cooldown until 89967.29s"
89977.03,INFO,"Mister pulse started; ON until 89977.28s, cooldown until 89981.28s"
89988.03,INFO,"Mister pulse started; ON until 89988.28s, cooldown until 89992.28s"
90003.00,INFO,"Mister pulse started; ON until 90003.25s, cooldown until 90007.25s"
90019.01,INFO,"Mister pulse started; ON until 90019.26s, cooldown until 90023.26s"
90033.00,INFO,"Mister pulse started; ON until 90033.25s, cooldown until 90037.25s"
90045.03,INFO,"Mister pulse started; ON until 90045.28s, cooldown until 90049.28s"
90050.04,INFO,"Mister pulse started; ON until 90050.29s, cooldown until 90054.29s"
90067.02,INFO,"Mister pulse started; ON until 90067.27s, cooldown until 90071.27s"
90081.01,INFO,"Mister pulse started; ON until 90081.26s, cooldown until 90085.26s"
90093.03,INFO,"Mister pulse started; ON until 90093.28s, cooldown until 90097.28s"
90098.04,INFO,"Mister pulse started; ON until 90098.29s, cooldown until 90102.29s"
90114.05,INFO,"Mister pulse started; ON until 90114.30s, cooldown until 90118.30s"
90128.04,INFO,"Mister pulse started; ON until 90128.29s, cooldown until 90132.29s"
90138.00,INFO,"Mister pulse started; ON until 90138.25s, cooldown until 90142.25s"
90153.03,INFO,"Mister pulse started; ON until 90153.28s, cooldown until 90157.28s"
90169.02,INFO,"Mister pulse started; ON until 90169.27s, cooldown until 90173.27s"
90182.03,INFO,"Mister pulse started; ON until 90182.28s, cooldown until 90186.28s"
90189.05,INFO,"Mister pulse started; ON until 90189.30s, cooldown until 90193.30s"
90194.01,INFO,"Mister pulse started; ON until 90194.26s, cooldown until 90198.26s"
90214.04,INFO,"Mister pulse started; ON until 90214.29s, cooldown until 90218.29s"
90222.04,INFO,"Mister pulse started; ON until 90222.29s, cooldown until 90226.29s"
90227.05,INFO,"Mister pulse started; ON until 90227.30s, cooldown until 90231.30s"
90246.05,INFO,"Mister pulse started; ON until 90246.30s, cooldown until 90250.30s"
90253.02,INFO,"Mister pulse started; ON until 90253.27s, cooldown until 90257.27s"
90264.03,INFO,"Mister pulse started; ON until 90264.28s, cooldown until 90268.28s"
90277.04,INFO,"Mister pulse started; ON until 90277.29s, cooldown until 90281.29s"
90286.03,INFO,"Mister pulse started; ON until 90286.28s, cooldown until 90290.28s"
90298.01,INFO,"Mister pulse started; ON until 90298.26s, cooldown until 90302.26s"
90303.01,INFO,"Mister pulse started; ON until 90303.26s, cooldown until 90307.26s"
90318.04,INFO,"Mister pulse started; ON until 90318.29s, cooldown until 90322.29s"
90329.04,INFO,"Mister pulse started; ON until 90329.29s, cooldown until 90333.29s"
90342.00,INFO,"Mister pulse started; ON until 90342.25s, cooldown until 90346.25s"
90357.02,INFO,"Mister pulse started; ON until 90357.27s, cooldown until 90361.27s"
90367.04,INFO,"Mister pulse started; ON until 90367.29s, cooldown until 90371.29s"
90382.01,INFO,"Mister pulse started; ON until 90382.26s, cooldown until 90386.26s"
90393.01,INFO,"Mister pulse started; ON until 90393.26s, cooldown until 90397.26s"
90398.02,INFO,"Mister pulse started; ON until 90398.27s, cooldown until 90402.27s"
90415.05,INFO,"Mister pulse started; ON until 90415.30s, cooldown until 90419.30s"
90429.04,INFO,"Mister pulse started; ON until 90429.29s, cooldown until 90433.29s"
90439.00,INFO,"Mister pulse started; ON until 90439.25s, cooldown until 90443.25s"
90453.04,INFO,"Mister pulse started; ON until 90453.29s, cooldown until 90457.29s"
90466.05,INFO,"Mister pulse started; ON until 90466.30s, cooldown until 90470.30s"
90471.01,INFO,"Mister pulse started; ON until 90471.26s, cooldown until 90475.26s"
90489.03,INFO,"Mister pulse started; ON until 90489.28s, cooldown until 90493.28s"
90494.05,INFO,"Mister pulse started; ON until 90494.30s, cooldown until 90498.30s"
90509.02,INFO,"Mister pulse started; ON until 90509.27s, cooldown until 90513.27s"
90514.03,INFO,"Mister pulse started; ON until 90514.28s, cooldown until 90518.28s"
90531.01,INFO,"Mister pulse started; ON until 90531.26s, cooldown until 90535.26s"
90541.02,INFO,"Mister pulse started; ON until 90541.27s, cooldown until 90545.27s"
90556.04,INFO,"Mister pulse started; ON until 90556.29s, cooldown until 90560.29s"
90567.04,INFO,"Mister pulse started; ON until 90567.29s, cooldown until 90571.29s"
90584.03,INFO,"Mister pulse started; ON until 90584.28s, cooldown until 90588.28s"
90589.04,INFO,"Mister pulse started; ON until 90589.29s, cooldown until 90593.29s"
90603.03,INFO,"Mister pulse started; ON until 90603.28s, cooldown until 90607.28s"
90617.02,INFO,"Mister pulse started; ON until 90617.27s, cooldown until 90621.27s"
90622.03,INFO,"Mister pulse started; ON until 90622.28s, cooldown until 90626.28s"
90642.01,INFO,"Mister pulse started; ON until 90642.26s, cooldown until 90646.26s"
90654.04,INFO,"Mister pulse started; ON until 90654.29s, cooldown until 90658.29s"
90670.05,INFO,"Mister pulse started; ON until 90670.30s, cooldown until 90674.30s"
90686.01,INFO,"Mister pulse started; ON until 90686.26s, cooldown until 90690.26s"
90691.02,INFO,"Mister pulse started; ON until 90691.27s, cooldown until 90695.27s"
90706.04,INFO,"Mister pulse started; ON until 90706.29s, cooldown until 90710.29s"
90717.04,INFO,"Mister pulse started; ON until 90717.29s, cooldown until 90721.29s"
90731.03,INFO,"Mister pulse started; ON until 90731.28s, cooldown until 90735.28s"
90746.02,INFO,"Mister pulse started; ON until 90746.27s, cooldown until 90750.27s"
90760.02,INFO,"Mister pulse started; ON until 90760.27s, cooldown until 90764.27s"
90770.04,INFO,"Mister pulse started; ON until 90770.29s, cooldown until 90774.29s"
90784.03,INFO,"Mister pulse started; ON until 90784.28s, cooldown until 90788.28s"
90798.02,INFO,"Mister pulse started; ON until 90798.27s, cooldown until 90802.27s"
90803.04,INFO,"Mister pulse started; ON until 90803.29s, cooldown until 90807.29s"
90822.04,INFO,"Mister pulse started; ON until 90822.29s, cooldown until 90826.29s"
90831.03,INFO,"Mister pulse started; ON until 90831.28s, cooldown until 90835.28s"
90843.01,INFO,"Mister pulse started; ON until 90843.26s, cooldown until 90847.26s"
90848.01,INFO,"Mister pulse started; ON until 90848.26s, cooldown until 90852.26s"
90865.05,INFO,"Mister pulse started; ON until 90865.30s, cooldown until 90869.30s"
90879.03,INFO,"Mister pulse started; ON until 90879.28s, cooldown until 90883.28s"
90891.01,INFO,"Mister pulse started; ON until 90891.26s, cooldown until 90895.26s"
90898.04,INFO,"Mister pulse started; ON until 90898.29s, cooldown until 90902.29s"
90914.05,INFO,"Mister pulse started; ON until 90914.30s, cooldown until 90918.30s"
90930.05,INFO,"Mister pulse started; ON until 90930.30s, cooldown until 90934.30s"
90945.02,INFO,"Mister pulse started; ON until 90945.27s, cooldown until 90949.27s"
90962.00,INFO,"Mister pulse started; ON until 90962.25s, cooldown until 90966.25s"
90967.01,INFO,"Mister pulse started; ON until 90967.26s, cooldown until 90971.26s"
90983.01,INFO,"Mister pulse started; ON until 90983.26s, cooldown until 90987.26s"
90995.04,INFO,"Mister pulse started; ON until 90995.29s, cooldown until 90999.29s"
91000.01,INFO,"Mister pulse started; ON until 91000.26s, cooldown until 91004.26s"
91017.04,INFO,"Mister pulse started; ON until 91017.29s, cooldown until 91021.29s"
91035.00,INFO,"Mister pulse started; ON until 91035.25s, cooldown until 91039.25s"
91040.02,INFO,"Mister pulse started; ON until 91040.27s, cooldown until 91044.27s"
91059.01,INFO,"Mister pulse started; ON until 91059.26s, cooldown until 91063.26s"
91068.05,INFO,"Mister pulse started; ON until 91068.30s, cooldown until 91072.30s"
91079.04,INFO,"Mister pulse started; ON until 91079.29s, cooldown until 91083.29s"
91091.02,INFO,"Mister pulse started; ON until 91091.27s, cooldown until 91095.27s"
91100.00,INFO,"Mister pulse started; ON until 91100.25s, cooldown until 91104.25s"
91114.04,INFO,"Mister pulse started; ON until 91114.29s, cooldown until 91118.29s"
91119.01,INFO,"Mister pulse started; ON until 91119.26s, cooldown until 91123.26s"
91137.02,INFO,"Mister pulse started; ON until 91137.27s, cooldown until 91141.27s"
91142.03,INFO,"Mister pulse started; ON until 91142.28s, cooldown until 91146.28s"
91158.03,INFO,"Mister pulse started; ON until 91158.28s, cooldown until 91162.28s"
91172.02,INFO,"Mister pulse started; ON until 91172.27s, cooldown until 91176.27s"
91177.03,INFO,"Mister pulse started; ON until 91177.28s, cooldown until 91181.28s"
91190.04,INFO,"Mister pulse started; ON until 91190.29s, cooldown until 91194.29s"
91203.05,INFO,"Mister pulse started; ON until 91203.30s, cooldown until 91207.30s"
91213.02,INFO,"Mister pulse started; ON until 91213.27s, cooldown until 91217.27s"
91227.00,INFO,"Mister pulse started; ON until 91227.25s, cooldown until 91231.25s"
91232.01,INFO,"Mister pulse started; ON until 91232.26s, cooldown until 91236.26s"
91246.05,INFO,"Mister pulse started; ON until 91246.30s, cooldown until 91250.30s"
91257.04,INFO,"Mister pulse started; ON until 91257.29s, cooldown until 91261.29s"
91262.00,INFO,"Mister pulse started; ON until 91262.25s, cooldown until 91266.25s"
91281.00,INFO,"Mister pulse started; ON until 91281.25s, cooldown until 91285.25s"
91290.04,INFO,"Mister pulse started; ON until 91290.29s, cooldown until 91294.29s"
91300.05,INFO,"Mister pulse started; ON until 91300.30s, cooldown until 91304.30s"
91310.02,INFO,"Mister pulse started; ON until 91310.27s, cooldown until 91314.27s"
91328.04,INFO,"Mister pulse started; ON until 91328.29s, cooldown until 91332.29s"
91333.00,INFO,"Mister pulse started; ON until 91333.25s, cooldown until 91337.25s"
91350.04,INFO,"Mister pulse started; ON until 91350.29s, cooldown until 91354.29s"
91366.04,INFO,"Mister pulse started; ON until 91366.29s, cooldown until 91370.29s"
91380.04,INFO,"Mister pulse started; ON until 91380.29s, cooldown until 91384.29s"
91394.02,INFO,"Mister pulse started; ON until 91394.27s, cooldown until 91398.27s"
91404.04,INFO,"Mister pulse started; ON until 91404.29s, cooldown until 91408.29s"
91419.01,INFO,"Mister pulse started; ON until 91419.26s, cooldown until 91423.26s"
91433.00,INFO,"Mister pulse started; ON until 91433.25s, cooldown until 91437.25s"
91444.05,INFO,"Mister pulse started; ON until 91444.30s, cooldown until 91448.30s"
91458.04,INFO,"Mister pulse started; ON until 91458.29s, cooldown until 91462.29s"
91468.01,INFO,"Mister pulse started; ON until 91468.26s, cooldown until 91472.26s"
91486.02,INFO,"Mister pulse started; ON until 91486.27s, cooldown until 91490.27s"
91491.04,INFO,"Mister pulse started; ON until 91491.29s, cooldown until 91495.29s"
91506.00,INFO,"Mister pulse started; ON until 91506.25s, cooldown until 91510.25s"
91519.02,INFO,"Mister pulse started; ON until 91519.27s, cooldown until 91523.27s"
91528.05,INFO,"Mister pulse started; ON until 91528.30s, cooldown until 91532.30s"
91539.05,INFO,"Mister pulse started; ON until 91539.30s, cooldown until 91543.30s"
91549.01,INFO,"Mister pulse started; ON until 91549.26s, cooldown until 91553.26s"
91556.03,INFO,"Mister pulse started; ON until 91556.28s, cooldown until 91560.28s"
91575.02,INFO,"Mister pulse started; ON until 91575.27s, cooldown until 91579.27s"
91582.04,INFO,"Mister pulse started; ON until 91582.29s, cooldown until 91586.29s"
91591.03,INFO,"Mister pulse started; ON until 91591.28s, cooldown until 91595.28s"
91601.05,INFO,"Mister pulse started; ON until 91601.30s, cooldown until 91605.30s"
91612.04,INFO,"Mister pulse started; ON until 91612.29s, cooldown until 91616.29s"
91630.01,INFO,"Mister pulse started; ON until 91630.26s, cooldown until 91634.26s"
91635.02,INFO,"Mister pulse started; ON until 91635.27s, cooldown until 91639.27s"
91655.00,INFO,"Mister pulse started; ON until 91655.25s, cooldown until 91659.25s"
91666.00,INFO,"Mister pulse started; ON until 91666.25s, cooldown until 91670.25s"
91682.01,INFO,"Mister pulse started; ON until 91682.26s, cooldown until 91686.26s"
91697.03,INFO,"Mister pulse started; ON until 91697.28s, cooldown until 91701.28s"
91710.04,INFO,"Mister pulse started; ON until 91710.29s, cooldown until 91714.29s"
91720.01,INFO,"Mister pulse started; ON until 91720.26s, cooldown until 91724.26s"
91734.00,INFO,"Mister pulse started; ON until 91734.25s, cooldown until 91738.25s"
91744.02,INFO,"Mister pulse started; ON until 91744.27s, cooldown until 91748.27s"
91760.02,INFO,"Mister pulse started; ON until 91760.27s, cooldown until 91764.27s"
91772.04,INFO,"Mister pulse started; ON until 91772.29s, cooldown until 91776.29s"
91777.04,INFO,"Mister pulse started; ON until 91777.29s, cooldown until 91781.29s"
91793.05,INFO,"Mister pulse started; ON until 91793.30s, cooldown until 91797.30s"
91806.01,INFO,"Mister pulse started; ON until 91806.26s, cooldown until 91810.26s"
91817.01,INFO,"Mister pulse started; ON until 91817.26s, cooldown until 91821.26s"
91834.05,INFO,"Mister pulse started; ON until 91834.30s, cooldown until 91838.30s"
91849.03,INFO,"Mister pulse started; ON until 91849.28s, cooldown until 91853.28s"
91864.01,INFO,"Mister pulse started; ON until 91864.26s, cooldown until 91868.26s"
91881.05,INFO,"Mister pulse started; ON until 91881.30s, cooldown until 91885.30s"
91896.02,INFO,"Mister pulse started; ON until 91896.27s, cooldown until 91900.27s"
91911.05,INFO,"Mister pulse started; ON until 91911.30s, cooldown until 91915.30s"
91925.04,INFO,"Mister pulse started; ON until 91925.29s, cooldown until 91929.29s"
91935.01,INFO,"Mister pulse started; ON until 91935.26s, cooldown until 91939.26s"
91953.02,INFO,"Mister pulse started; ON until 91953.27s, cooldown until 91957.27s"
91958.03,INFO,"Mister pulse started; ON until 91958.28s, cooldown until 91962.28s"
91972.02,INFO,"Mister pulse started; ON until 91972.27s, cooldown until 91976.27s"
91983.02,INFO,"Mister pulse started; ON until 91983.27s, cooldown until 91987.27s"
92000.01,INFO,"Mister pulse started; ON until 92000.26s, cooldown until 92004.26s"
92005.01,INFO,"Mister pulse started; ON until 92005.26s, cooldown until 92009.26s"
92020.04,INFO,"Mister pulse started; ON until 92020.29s, cooldown until 92024.29s"
92031.04,INFO,"Mister pulse started; ON until 92031.29s, cooldown until 92035.29s"
92044.00,INFO,"Mister pulse started; ON until 92044.25s, cooldown until 92048.25s"
92060.01,INFO,"Mister pulse started; ON until 92060.26s, cooldown until 92064.26s"
92073.02,INFO,"Mister pulse started; ON until 92073.27s, cooldown until 92077.27s"
92082.00,INFO,"Mister pulse started; ON until 92082.25s, cooldown until 92086.25s"
92095.01,INFO,"Mister pulse started; ON until 92095.26s, cooldown until 92099.26s"
92100.02,INFO,"Mister pulse started; ON until 92100.27s, cooldown until 92104.27s"
92116.03,INFO,"Mister pulse started; ON until 92116.28s, cooldown until 92120.28s"
92129.04,INFO,"Mister pulse started; ON until 92129.29s, cooldown until 92133.29s"
92137.04,INFO,"Mister pulse started; ON until 92137.29s, cooldown until 92141.29s"
92148.04,INFO,"Mister pulse started; ON until 92148.29s, cooldown until 92152.29s"
92161.04,INFO,"Mister pulse started; ON until 92161.29s, cooldown until 92165.29s"
92171.01,INFO,"Mister pulse started; ON until 92171.26s, cooldown until 92175.26s"
92184.02,INFO,"Mister pulse started; ON until 92184.27s, cooldown until 92188.27s"
92193.05,INFO,"Mister pulse started; ON until 92193.30s, cooldown until 92197.30s"
92201.05,INFO,"Mister pulse started; ON until 92201.30s, cooldown until 92205.30s"
92212.00,INFO,"Mister pulse started; ON until 92212.25s, cooldown until 92216.25s"
92226.04,INFO,"Mister pulse started; ON until 92226.29s, cooldown until 92230.29s"
92238.02,INFO,"Mister pulse started; ON until 92238.27s, cooldown until 92242.27s"
92243.03,INFO,"Mister pulse started; ON until 92243.28s, cooldown until 92247.28s"
92258.01,INFO,"Mister pulse started; ON until 92258.26s, cooldown until 92262.26s"
92272.04,INFO,"Mister pulse started; ON until 92272.29s, cooldown until 92276.29s"
92282.01,INFO,"Mister pulse started; ON until 92282.26s, cooldown until 92286.26s"
92295.02,INFO,"Mister pulse started; ON until 92295.27s, cooldown until 92299.27s"
92304.01,INFO,"Mister pulse started; ON until 92304.26s, cooldown until 92308.26s"
92315.00,INFO,"Mister pulse started; ON until 92315.25s, cooldown until 92319.25s"
92332.04,INFO,"Mister pulse started; ON until 92332.29s, cooldown until 92336.29s"
92348.05,INFO,"Mister pulse started; ON until 92348.30s, cooldown until 92352.30s"
92361.00,INFO,"Mister pulse started; ON until 92361.25s, cooldown until 92365.25s"
92374.01,INFO,"Mister pulse started; ON until 92374.26s, cooldown until 92378.26s"
92384.03,INFO,"Mister pulse started; ON until 92384.28s, cooldown until 92388.28s"
92396.01,INFO,"Mister pulse started; ON until 92396.26s, cooldown until 92400.26s"
92401.02,INFO,"Mister pulse started; ON until 92401.27s, cooldown until 92405.27s"
92417.03,INFO,"Mister pulse started; ON until 92417.28s, cooldown until 92421.28s"
92430.03,INFO,"Mister pulse started; ON until 92430.28s, cooldown until 92434.28s"
92439.02,INFO,"Mister pulse started; ON until 92439.27s, cooldown until 92443.27s"
92451.05,INFO,"Mister pulse started; ON until 92451.30s, cooldown until 92455.30s"
92466.03,INFO,"Mister pulse started; ON until 92466.28s, cooldown until 92470.28s"
92482.02,INFO,"Mister pulse started; ON until 92482.27s, cooldown until 92486.27s"
92497.04,INFO,"Mister pulse started; ON until 92497.29s, cooldown until 92501.29s"
92510.01,INFO,"Mister pulse started; ON until 92510.26s, cooldown until 92514.26s"
92520.03,INFO,"Mister pulse started; ON until 92520.28s, cooldown until 92524.28s"
92535.05,INFO,"Mister pulse started; ON until 92535.30s, cooldown until 92539.30s"
92540.00,INFO,"Mister pulse started; ON until 92540.25s, cooldown until 92544.25s"
92555.02,INFO,"Mister pulse started; ON until 92555.27s, cooldown until 92559.27s"
92560.04,INFO,"Mister pulse started; ON until 92560.29s, cooldown until 92564.29s"
92576.04,INFO,"Mister pulse started; ON until 92576.29s, cooldown until 92580.29s"
92589.05,INFO,"Mister pulse started; ON until 92589.30s, cooldown until 92593.30s"
92598.03,INFO,"Mister pulse started; ON until 92598.28s, cooldown until 92602.28s"
92610.01,INFO,"Mister pulse started; ON until 92610.26s, cooldown until 92614.26s"
92615.02,INFO,"Mister pulse started; ON until 92615.27s, cooldown until 92619.27s"
92629.01,INFO,"Mister pulse started; ON until 92629.26s, cooldown until 92633.26s"
92640.01,INFO,"Mister pulse started; ON until 92640.26s, cooldown until 92644.26s"
92655.03,INFO,"Mister pulse started; ON until 92655.28s, cooldown until 92659.28s"
92668.04,INFO,"Mister pulse started; ON until 92668.29s, cooldown until 92672.29s"
92673.05,INFO,"Mister pulse started; ON until 92673.30s, cooldown until 92677.30s"
92692.01,INFO,"Mister pulse started; ON until 92692.26s, cooldown until 92696.26s"
92703.01,INFO,"Mister pulse started; ON until 92703.26s, cooldown until 92707.26s"
92718.04,INFO,"Mister pulse started; ON until 92718.29s, cooldown until 92722.29s"
92732.03,INFO,"Mister pulse started; ON until 92732.28s, cooldown until 92736.28s"
92737.04,INFO,"Mister pulse started; ON until 92737.29s, cooldown until 92741.29s"
92749.02,INFO,"Mister pulse started; ON until 92749.27s, cooldown until 92753.27s"
92763.01,INFO,"Mister pulse started; ON until 92763.26s, cooldown until 92767.26s"
92773.03,INFO,"Mister pulse started; ON until 92773.28s, cooldown until 92777.28s"
92786.05,INFO,"Mister pulse started; ON until 92786.30s, cooldown until 92790.30s"
92795.03,INFO,"Mister pulse started; ON until 92795.28s, cooldown until 92799.28s"
92807.01,INFO,"Mister pulse started; ON until 92807.26s, cooldown until 92811.26s"
92814.03,INFO,"Mister pulse started; ON until 92814.28s, cooldown until 92818.28s"
92832.04,INFO,"Mister pulse started; ON until 92832.29s, cooldown until 92836.29s"
92837.05,INFO,"Mister pulse started; ON until 92837.30s, cooldown until 92841.30s"
92852.02,INFO,"Mister pulse started; ON until 92852.27s, cooldown until 92856.27s"
92865.03,INFO,"Mister pulse started; ON until 92865.28s, cooldown until 92869.28s"
92870.04,INFO,"Mister pulse started; ON until 92870.29s, cooldown until 92874.29s"
92888.05,INFO,"Mister pulse started; ON until 92888.30s, cooldown until 92892.30s"
92895.02,INFO,"Mister pulse started; ON until 92895.27s, cooldown until 92899.27s"
92900.03,INFO,"Mister pulse started; ON until 92900.28s, cooldown until 92904.28s"
92916.04,INFO,"Mister pulse started; ON until 92916.29s, cooldown until 92920.29s"
92929.04,INFO,"Mister pulse started; ON until 92929.29s, cooldown until 92933.29s"
92939.01,INFO,"Mister pulse started; ON until 92939.26s, cooldown until 92943.26s"
92951.04,INFO,"Mister pulse started; ON until 92951.29s, cooldown until 92955.29s"
92959.04,INFO,"Mister pulse started; ON until 92959.29s, cooldown until 92963.29s"
92964.01,INFO,"Mister pulse started; ON until 92964.26s, cooldown until 92968.26s"
92982.02,INFO,"Mister pulse started; ON until 92982.27s, cooldown until 92986.27s"
92987.03,INFO,"Mister pulse started; ON until 92987.28s, cooldown until 92991.28s"
93003.04,INFO,"Mister pulse started; ON until 93003.29s, cooldown until 93007.29s"
93017.02,INFO,"Mister pulse started; ON until 93017.27s, cooldown until 93021.27s"
93027.04,INFO,"Mister pulse started; ON until 93027.29s, cooldown until 93031.29s"
93041.03,INFO,"Mister pulse started; ON until 93041.28s, cooldown until 93045.28s"
93053.05,INFO,"Mister pulse started; ON until 93053.30s, cooldown until 93057.30s"
93066.01,INFO,"Mister pulse started; ON until 93066.26s, cooldown until 93070.26s"
93081.03,INFO,"Mister pulse started; ON until 93081.28s, cooldown until 93085.28s"
93092.03,INFO,"Mister pulse started; ON until 93092.28s, cooldown until 93096.28s"
93108.03,INFO,"Mister pulse started; ON until 93108.28s, cooldown until 93112.28s"
93125.01,INFO,"Mister pulse started; ON until 93125.26s, cooldown until 93129.26s"
93131.05,INFO,"Mister pulse started; ON until 93131.30s, cooldown until 93135.30s"
93147.01,INFO,"Mister pulse started; ON until 93147.26s, cooldown until 93151.26s"
93161.04,INFO,"Mister pulse started; ON until 93161.29s, cooldown until 93165.29s"
93172.05,INFO,"Mister pulse started; ON until 93172.30s, cooldown until 93176.30s"
93189.03,INFO,"Mister pulse started; ON until 93189.28s, cooldown until 93193.28s"
93194.04,INFO,"Mister pulse started; ON until 93194.29s, cooldown until 93198.29s"
93210.05,INFO,"Mister pulse started; ON until 93210.30s, cooldown until 93214.30s"
93223.01,INFO,"Mister pulse started; ON until 93223.26s, cooldown until 93227.26s"
93234.01,INFO,"Mister pulse started; ON until 93234.26s, cooldown until 93238.26s"
93251.04,INFO,"Mister pulse started; ON until 93251.29s, cooldown until 93255.29s"
93265.04,INFO,"Mister pulse started; ON until 93265.29s, cooldown until 93269.29s"
93279.02,INFO,"Mister pulse started; ON until 93279.27s, cooldown until 93283.27s"
93291.05,INFO,"Mister pulse started; ON until 93291.30s, cooldown until 93295.30s"
93307.05,INFO,"Mister pulse started; ON until 93307.30s, cooldown until 93311.30s"
93322.02,INFO,"Mister pulse started; ON until 93322.27s, cooldown until 93326.27s"
93335.03,INFO,"Mister pulse started; ON until 93335.28s, cooldown until 93339.28s"
93347.01,INFO,"Mister pulse started; ON until 93347.26s, cooldown until 93351.26s"
93354.04,INFO,"Mister pulse started; ON until 93354.29s, cooldown until 93358.29s"
93370.04,INFO,"Mister pulse started; ON until 93370.29s, cooldown until 93374.29s"
93386.05,INFO,"Mister pulse started; ON until 93386.30s, cooldown until 93390.30s"
93400.04,INFO,"Mister pulse started; ON until 93400.29s, cooldown until 93404.29s"
93413.04,INFO,"Mister pulse started; ON until 93413.29s, cooldown until 93417.29s"
93423.01,INFO,"Mister pulse started; ON until 93423.26s, cooldown until 93427.26s"
93436.02,INFO,"Mister pulse started; ON until 93436.27s, cooldown until 93440.27s"
93444.02,INFO,"Mister pulse started; ON until 93444.27s, cooldown until 93448.27s"
93454.03,INFO,"Mister pulse started; ON until 93454.28s, cooldown until 93458.28s"
93465.03,INFO,"Mister pulse started; ON until 93465.28s, cooldown until 93469.28s"
93483.05,INFO,"Mister pulse started; ON until 93483.30s, cooldown until 93487.30s"
93488.01,INFO,"Mister pulse started; ON until 93488.26s, cooldown until 93492.26s"
93506.03,INFO,"Mister pulse started; ON until 93506.28s, cooldown until 93510.28s"
93511.04,INFO,"Mister pulse started; ON until 93511.29s, cooldown until 93515.29s"
93526.01,INFO,"Mister pulse started; ON until 93526.26s, cooldown until 93530.26s"
93541.04,INFO,"Mister pulse started; ON until 93541.29s, cooldown until 93545.29s"
93552.03,INFO,"Mister pulse started; ON until 93552.28s, cooldown until 93556.28s"
93568.03,INFO,"Mister pulse started; ON until 93568.28s, cooldown until 93572.28s"
93583.01,INFO,"Mister pulse started; ON until 93583.26s, cooldown until 93587.26s"
93598.03,INFO,"Mister pulse started; ON until 93598.28s, cooldown until 93602.28s"
93611.03,INFO,"Mister pulse started; ON until 93611.28s, cooldown until 93615.28s"
93620.02,INFO,"Mister pulse started; ON until 93620.27s, cooldown until 93624.27s"
93633.03,INFO,"Mister pulse started; ON until 93633.28s, cooldown until 93637.28s"
93638.05,INFO,"Mister pulse started; ON until 93638.30s, cooldown until 93642.30s"
93655.03,INFO,"Mister pulse started; ON until 93655.28s, cooldown until 93659.28s"
93670.05,INFO,"Mister pulse started; ON until 93670.30s, cooldown until 93674.30s"
93684.04,INFO,"Mister pulse started; ON until 93684.29s, cooldown until 93688.29s"
93694.01,INFO,"Mister pulse started; ON until 93694.26s, cooldown until 93698.26s"
93711.04,INFO,"Mister pulse started; ON until 93711.29s, cooldown until 93715.29s"
93727.05,INFO,"Mister pulse started; ON until 93727.30s, cooldown until 93731.30s"
93743.00,INFO,"Mister pulse started; ON until 93743.25s, cooldown until 93747.25s"
93748.01,INFO,"Mister pulse started; ON until 93748.26s, cooldown until 93752.26s"
93763.03,INFO,"Mister pulse started; ON until 93763.28s, cooldown until 93767.28s"
93776.04,INFO,"Mister pulse started; ON until 93776.29s, cooldown until 93780.29s"
93781.05,INFO,"Mister pulse started; ON until 93781.30s, cooldown until 93785.30s"
93797.05,INFO,"Mister pulse started; ON until 93797.30s, cooldown until 93801.30s"
93808.04,INFO,"Mister pulse started; ON until 93808.29s, cooldown until 93812.29s"
93817.03,INFO,"Mister pulse started; ON until 93817.28s, cooldown until 93821.28s"
93827.00,INFO,"Mister pulse started; ON until 93827.25s, cooldown until 93831.25s"
93840.01,INFO,"Mister pulse started; ON until 93840.26s, cooldown until 93844.26s"
93848.02,INFO,"Mister pulse started; ON until 93848.27s, cooldown until 93852.27s"
93859.02,INFO,"Mister pulse started; ON until 93859.27s, cooldown until 93863.27s"
93872.03,INFO,"Mister pulse started; ON until 93872.28s, cooldown until 93876.28s"
93882.05,INFO,"Mister pulse started; ON until 93882.30s, cooldown until 93886.30s"
93892.01,INFO,"Mister pulse started; ON until 93892.26s, cooldown until 93896.26s"
93908.02,INFO,"Mister pulse started; ON until 93908.27s, cooldown until 93912.27s"
93924.02,INFO,"Mister pulse started; ON until 93924.27s, cooldown until 93928.27s"
93939.04,INFO,"Mister pulse started; ON until 93939.29s, cooldown until 93943.29s"
93950.04,INFO,"Mister pulse started; ON until 93950.29s, cooldown until 93954.29s"
93960.01,INFO,"Mister pulse started; ON until 93960.26s, cooldown until 93964.26s"
93965.02,INFO,"Mister pulse started; ON until 93965.27s, cooldown until 93969.27s"
93978.04,INFO,"Mister pulse started; ON until 93978.29s, cooldown until 93982.29s"
93992.02,INFO,"Mister pulse started; ON until 93992.27s, cooldown until 93996.27s"
94003.02,INFO,"Mister pulse started; ON until 94003.27s, cooldown until 94007.27s"
94019.02,INFO,"Mister pulse started; ON until 94019.27s, cooldown until 94023.27s"
94034.04,INFO,"Mister pulse started; ON until 94034.29s, cooldown until 94038.29s"
94047.05,INFO,"Mister pulse started; ON until 94047.30s, cooldown until 94051.30s"
94058.05,INFO,"Mister pulse started; ON until 94058.30s, cooldown until 94062.30s"
94070.02,INFO,"Mister pulse started; ON until 94070.27s, cooldown until 94074.27s"
94080.03,INFO,"Mister pulse started; ON until 94080.28s, cooldown until 94084.28s"
94092.00,INFO,"Mister pulse started; ON until 94092.25s, cooldown until 94096.25s"
94099.03,INFO,"Mister pulse started; ON until 94099.28s, cooldown until 94103.28s"
94115.03,INFO,"Mister pulse started; ON until 94115.28s, cooldown until 94119.28s"
94131.04,INFO,"Mister pulse started; ON until 94131.29s, cooldown until 94135.29s"
94146.01,INFO,"Mister pulse started; ON until 94146.26s, cooldown until 94150.26s"
94161.03,INFO,"Mister pulse started; ON until 94161.28s, cooldown until 94165.28s"
94173.01,INFO,"Mister pulse started; ON until 94173.26s, cooldown until 94177.26s"
94184.00,INFO,"Mister pulse started; ON until 94184.25s, cooldown until 94188.25s"
94198.04,INFO,"Mister pulse started; ON until 94198.29s, cooldown until 94202.29s"
94203.05,INFO,"Mister pulse started; ON until 94203.30s, cooldown until 94207.30s"
94222.05,INFO,"Mister pulse started; ON until 94222.30s, cooldown until 94226.30s"
94227.01,INFO,"Mister pulse started; ON until 94227.26s, cooldown until 94231.26s"
94238.01,INFO,"Mister pulse started; ON until 94238.26s, cooldown until 94242.26s"
94250.04,INFO,"Mister pulse started; ON until 94250.29s, cooldown until 94254.29s"
94266.04,INFO,"Mister pulse started; ON until 94266.29s, cooldown until 94270.29s"
94281.01,INFO,"Mister pulse started; ON until 94281.26s, cooldown until 94285.26s"
94296.04,INFO,"Mister pulse started; ON until 94296.29s, cooldown until 94300.29s"
94310.03,INFO,"Mister pulse started; ON until 94310.28s, cooldown until 94314.28s"
94321.03,INFO,"Mister pulse started; ON until 94321.28s, cooldown until 94325.28s"
94337.03,INFO,"Mister pulse started; ON until 94337.28s, cooldown until 94341.28s"
94352.01,INFO,"Mister pulse started; ON until 94352.26s, cooldown until 94356.26s"
94367.03,INFO,"Mister pulse started; ON until 94367.28s, cooldown until 94371.28s"
94381.03,INFO,"Mister pulse started; ON until 94381.28s, cooldown until 94385.28s"
94391.04,INFO,"Mister pulse started; ON until 94391.29s, cooldown until 94395.29s"
94405.03,INFO,"Mister pulse started; ON until 94405.28s, cooldown until 94409.28s"
94416.03,INFO,"Mister pulse started; ON until 94416.28s, cooldown until 94420.28s"
94433.01,INFO,"Mister pulse started; ON until 94433.26s, cooldown until 94437.26s"
94438.03,INFO,"Mister pulse started; ON until 94438.28s, cooldown until 94442.28s"
94451.04,INFO,"Mister pulse started; ON until 94451.29s, cooldown until 94455.29s"
94456.05,INFO,"Mister pulse started; ON until 94456.30s, cooldown until 94460.30s"
94475.04,INFO,"Mister pulse started; ON until 94475.29s, cooldown until 94479.29s"
94485.01,INFO,"Mister pulse started; ON until 94485.26s, cooldown until 94489.26s"
94498.03,INFO,"Mister pulse started; ON until 94498.28s, cooldown until 94502.28s"
94507.01,INFO,"Mister pulse started; ON until 94507.26s, cooldown until 94511.26s"
94518.01,INFO,"Mister pulse started; ON until 94518.26s, cooldown until 94522.26s"
94534.02,INFO,"Mister pulse started; ON until 94534.27s, cooldown until 94538.27s"
94551.05,INFO,"Mister pulse started; ON until 94551.30s, cooldown until 94555.30s"
94565.04,INFO,"Mister pulse started; ON until 94565.29s, cooldown until 94569.29s"
94580.01,INFO,"Mister pulse started; ON until 94580.26s, cooldown until 94584.26s"
94591.00,INFO,"Mister pulse started; ON until 94591.25s, cooldown until 94595.25s"
94598.03,INFO,"Mister pulse started; ON until 94598.28s, cooldown until 94602.28s"
94615.01,INFO,"Mister pulse started; ON until 94615.26s, cooldown until 94619.26s"
94620.02,INFO,"Mister pulse started; ON until 94620.27s, cooldown until 94624.27s"
94634.01,INFO,"Mister pulse started; ON until 94634.26s, cooldown until 94638.26s"
94647.02,INFO,"Mister pulse started; ON until 94647.27s, cooldown until 94651.27s"
94652.04,INFO,"Mister pulse started; ON until 94652.29s, cooldown until 94656.29s"
94667.01,INFO,"Mister pulse started; ON until 94667.26s, cooldown until 94671.26s"
94678.05,INFO,"Mister pulse started; ON until 94678.30s, cooldown until 94682.30s"
94695.04,INFO,"Mister pulse started; ON until 94695.29s, cooldown until 94699.29s"
94700.04,INFO,"Mister pulse started; ON until 94700.29s, cooldown until 94704.29s"
94715.02,INFO,"Mister pulse started; ON until 94715.27s, cooldown until 94719.27s"
94728.04,INFO,"Mister pulse started; ON until 94728.29s, cooldown until 94732.29s"
94733.05,INFO,"Mister pulse started; ON until 94733.30s, cooldown until 94737.30s"
94754.01,INFO,"Mister pulse started; ON until 94754.26s, cooldown until 94758.26s"
94765.01,INFO,"Mister pulse started; ON until 94765.26s, cooldown until 94769.26s"
94770.02,INFO,"Mister pulse started; ON until 94770.27s, cooldown until 94774.27s"
94787.01,INFO,"Mister pulse started; ON until 94787.26s, cooldown until 94791.26s"
94803.01,INFO,"Mister pulse started; ON until 94803.26s, cooldown until 94807.26s"
94817.00,INFO,"Mister pulse started; ON until 94817.25s, cooldown until 94821.25s"
94831.04,INFO,"Mister pulse started; ON until 94831.29s, cooldown until 94835.29s"
94839.05,INFO,"Mister pulse started; ON until 94839.30s, cooldown until 94843.30s"
94849.01,INFO,"Mister pulse started; ON until 94849.26s, cooldown until 94853.26s"
94864.03,INFO,"Mister pulse started; ON until 94864.28s, cooldown until 94868.28s"
94875.03,INFO,"Mister pulse started; ON until 94875.28s, cooldown until 94879.28s"
94890.02,INFO,"Mister pulse started; ON until 94890.27s, cooldown until 94894.27s"
94906.03,INFO,"Mister pulse started; ON until 94906.28s, cooldown until 94910.28s"
94918.05,INFO,"Mister pulse started; ON until 94918.30s, cooldown until 94922.30s"
94929.05,INFO,"Mister pulse started; ON until 94929.30s, cooldown until 94933.30s"
94942.01,INFO,"Mister pulse started; ON until 94942.26s, cooldown until 94946.26s"
94955.02,INFO,"Mister pulse started; ON until 94955.27s, cooldown until 94959.27s"
94960.03,INFO,"Mister pulse started; ON until 94960.28s, cooldown until 94964.28s"
94976.03,INFO,"Mister pulse started; ON until 94976.28s, cooldown until 94980.28s"
94989.04,INFO,"Mister pulse started; ON until 94989.29s, cooldown until 94993.29s"
94994.05,INFO,"Mister pulse started; ON until 94994.30s, cooldown until 94998.30s"
95013.04,INFO,"Mister pulse started; ON until 95013.29s, cooldown until 95017.29s"
95018.01,INFO,"Mister pulse started; ON until 95018.26s, cooldown until 95022.26s"
95030.04,INFO,"Mister pulse started; ON until 95030.29s, cooldown until 95034.29s"
95042.02,INFO,"Mister pulse started; ON until 95042.27s, cooldown until 95046.27s"
95047.03,INFO,"Mister pulse started; ON until 95047.28s, cooldown until 95051.28s"
95062.01,INFO,"Mister pulse started; ON until 95062.26s, cooldown until 95066.26s"
95075.01,INFO,"Mister pulse started; ON until 95075.26s, cooldown until 95079.26s"
95083.01,INFO,"Mister pulse started; ON until 95083.26s, cooldown until 95087.26s"
95095.04,INFO,"Mister pulse started; ON until 95095.29s, cooldown until 95099.29s"
95100.05,INFO,"Mister pulse started; ON until 95100.30s, cooldown until 95104.30s"
95118.02,INFO,"Mister pulse started; ON until 95118.27s, cooldown until 95122.27s"
95129.01,INFO,"Mister pulse started; ON until 95129.26s, cooldown until 95133.26s"
95134.02,INFO,"Mister pulse started; ON until 95134.27s, cooldown until 95138.27s"
95151.01,INFO,"Mister pulse started; ON until 95151.26s, cooldown until 95155.26s"
95166.03,INFO,"Mister pulse started; ON until 95166.28s, cooldown until 95170.28s"
95177.02,INFO,"Mister pulse started; ON until 95177.27s, cooldown until 95181.27s"
95186.01,INFO,"Mister pulse started; ON until 95186.26s, cooldown until 95190.26s"
95196.02,INFO,"Mister pulse started; ON until 95196.27s, cooldown until 95200.27s"
95206.04,INFO,"Mister pulse started; ON until 95206.29s, cooldown until 95210.29s"
95221.01,INFO,"Mister pulse started; ON until 95221.26s, cooldown until 95225.26s"
95231.03,INFO,"Mister pulse started; ON until 95231.28s, cooldown until 95235.28s"
95248.02,INFO,"Mister pulse started; ON until 95248.27s, cooldown until 95252.27s"
95254.01,INFO,"Mister pulse started; ON until 95254.26s, cooldown until 95258.26s"
95271.05,INFO,"Mister pulse started; ON until 95271.30s, cooldown until 95275.30s"
95287.05,INFO,"Mister pulse started; ON until 95287.30s, cooldown until 95291.30s"
95303.00,INFO,"Mister pulse started; ON until 95303.25s, cooldown until 95307.25s"
95309.04,INFO,"Mister pulse started; ON until 95309.29s, cooldown until 95313.29s"
95323.03,INFO,"Mister pulse started; ON until 95323.28s, cooldown until 95327.28s"
95335.01,INFO,"Mister pulse started; ON until 95335.26s, cooldown until 95339.26s"
95340.02,INFO,"Mister pulse started; ON until 95340.27s, cooldown until 95344.27s"
95355.04,INFO,"Mister pulse started; ON until 95355.29s, cooldown until 95359.29s"
95368.00,INFO,"Mister pulse started; ON until 95368.25s, cooldown until 95372.25s"
95373.01,INFO,"Mister pulse started; ON until 95373.26s, cooldown until 95377.26s"
95390.05,INFO,"Mister pulse started; ON until 95390.30s, cooldown until 95394.30s"
95407.02,INFO,"Mister pulse started; ON until 95407.27s, cooldown until 95411.27s"
95412.03,INFO,"Mister pulse started; ON until 95412.28s, cooldown until 95416.28s"
95427.00,INFO,"Mister pulse started; ON until 95427.25s, cooldown until 95431.25s"
95438.00,INFO,"Mister pulse started; ON until 95438.25s, cooldown until 95442.25s"
95448.02,INFO,"Mister pulse started; ON until 95448.27s, cooldown until 95452.27s"
95457.00,INFO,"Mister pulse started; ON until 95457.25s, cooldown until 95461.25s"
95466.04,INFO,"Mister pulse started; ON until 95466.29s, cooldown until 95470.29s"
95480.03,INFO,"Mister pulse started; ON until 95480.28s, cooldown until 95484.28s"
95489.02,INFO,"Mister pulse started; ON until 95489.27s, cooldown until 95493.27s"
95500.01,INFO,"Mister pulse started; ON until 95500.26s, cooldown until 95504.26s"
95517.05,INFO,"Mister pulse started; ON until 95517.30s, cooldown until 95521.30s"
95531.05,INFO,"Mister pulse started; ON until 95531.30s, cooldown until 95535.30s"
95545.03,INFO,"Mister pulse started; ON until 95545.28s, cooldown until 95549.28s"
95556.03,INFO,"Mister pulse started; ON until 95556.28s, cooldown until 95560.28s"
95572.03,INFO,"Mister pulse started; ON until 95572.28s, cooldown until 95576.28s"
95586.02,INFO,"Mister pulse started; ON until 95586.27s, cooldown until 95590.27s"
95600.01,INFO,"Mister pulse started; ON until 95600.26s, cooldown until 95604.26s"
95612.04,INFO,"Mister pulse started; ON until 95612.29s, cooldown until 95616.29s"
95625.00,INFO,"Mister pulse started; ON until 95625.25s, cooldown until 95629.25s"
95638.01,INFO,"Mister pulse started; ON until 95638.26s, cooldown until 95642.26s"
95647.05,INFO,"Mister pulse started; ON until 95647.30s, cooldown until 95651.30s"
95657.01,INFO,"Mister pulse started; ON until 95657.26s, cooldown until 95661.26s"
95670.02,INFO,"Mister pulse started; ON until 95670.27s, cooldown until 95674.27s"
95675.03,INFO,"Mister pulse started; ON until 95675.28s, cooldown until 95679.28s"
95695.01,INFO,"Mister pulse started; ON until 95695.26s, cooldown until 95699.26s"
95706.00,INFO,"Mister pulse started; ON until 95706.25s, cooldown until 95710.25s"
95723.04,INFO,"Mister pulse started; ON until 95723.29s, cooldown until 95727.29s"
95737.03,INFO,"Mister pulse started; ON until 95737.28s, cooldown until 95741.28s"
95751.01,INFO,"Mister pulse started; ON until 95751.26s, cooldown until 95755.26s"
95762.01,INFO,"Mister pulse started; ON until 95762.26s, cooldown until 95766.26s"
95777.03,INFO,"Mister pulse started; ON until 95777.28s, cooldown until 95781.28s"
95792.00,INFO,"Mister pulse started; ON until 95792.25s, cooldown until 95796.25s"
95804.02,INFO,"Mister pulse started; ON until 95804.27s, cooldown until 95808.27s"
95810.02,INFO,"Mister pulse started; ON until 95810.27s, cooldown until 95814.27s"
95827.05,INFO,"Mister pulse started; ON until 95827.30s, cooldown until 95831.30s"
95843.01,INFO,"Mister pulse started; ON until 95843.26s, cooldown until 95847.26s"
95848.02,INFO,"Mister pulse started; ON until 95848.27s, cooldown until 95852.27s"
95863.04,INFO,"Mister pulse started; ON until 95863.29s, cooldown until 95867.29s"
95874.04,INFO,"Mister pulse started; ON until 95874.29s, cooldown until 95878.29s"
95890.04,INFO,"Mister pulse started; ON until 95890.29s, cooldown until 95894.29s"
95904.03,INFO,"Mister pulse started; ON until 95904.28s, cooldown until 95908.28s"
95918.02,INFO,"Mister pulse started; ON until 95918.27s, cooldown until 95922.27s"
95929.02,INFO,"Mister pulse started; ON until 95929.27s, cooldown until 95933.27s"
95945.03,INFO,"Mister pulse started; ON until 95945.28s, cooldown until 95949.28s"
95961.03,INFO,"Mister pulse started; ON until 95961.28s, cooldown until 95965.28s"
95976.00,INFO,"Mister pulse started; ON until 95976.25s, cooldown until 95980.25s"
95991.03,INFO,"Mister pulse started; ON until 95991.28s, cooldown until 95995.28s"
96006.05,INFO,"Mister pulse started; ON until 96006.30s, cooldown until 96010.30s"
96016.01,INFO,"Mister pulse started; ON until 96016.26s, cooldown until 96020.26s"
96033.05,INFO,"Mister pulse started; ON until 96033.30s, cooldown until 96037.30s"
96048.01,INFO,"Mister pulse started; ON until 96048.26s, cooldown until 96052.26s"
96063.03,INFO,"Mister pulse started; ON until 96063.28s, cooldown until 96067.28s"
96077.02,INFO,"Mister pulse started; ON until 96077.27s, cooldown until 96081.27s"
96090.04,INFO,"Mister pulse started; ON until 96090.29s, cooldown until 96094.29s"
96095.04,INFO,"Mister pulse started; ON until 96095.29s, cooldown until 96099.29s"
96109.04,INFO,"Mister pulse started; ON until 96109.29s, cooldown until 96113.29s"
96121.02,INFO,"Mister pulse started; ON until 96121.27s, cooldown until 96125.27s"
96126.03,INFO,"Mister pulse started; ON until 96126.28s, cooldown until 96130.28s"
96142.03,INFO,"Mister pulse started; ON until 96142.28s, cooldown until 96146.28s"
96155.04,INFO,"Mister pulse started; ON until 96155.29s, cooldown until 96159.29s"
96164.03,INFO,"Mister pulse started; ON until 96164.28s, cooldown until 96168.28s"
96176.00,INFO,"Mister pulse started; ON until 96176.25s, cooldown until 96180.25s"
96181.01,INFO,"Mister pulse started; ON until 96181.26s, cooldown until 96185.26s"
96198.05,INFO,"Mister pulse started; ON until 96198.30s, cooldown until 96202.30s"
96210.03,INFO,"Mister pulse started; ON until 96210.28s, cooldown until 96214.28s"
96219.01,INFO,"Mister pulse started; ON until 96219.26s, cooldown until 96223.26s"
96231.05,INFO,"Mister pulse started; ON until 96231.30s, cooldown until 96235.30s"
96247.05,INFO,"Mister pulse started; ON until 96247.30s, cooldown until 96251.30s"
96264.03,INFO,"Mister pulse started; ON until 96264.28s, cooldown until 96268.28s"
96269.04,INFO,"Mister pulse started; ON until 96269.29s, cooldown until 96273.29s"
96274.05,INFO,"Mister pulse started; ON until 96274.30s, cooldown until 96278.30s"
96279.01,INFO,"Mister pulse started; ON until 96279.26s, cooldown until 96283.26s"
96284.02,INFO,"Mister pulse started; ON until 96284.27s, cooldown until 96288.27s"
96289.03,INFO,"Mister pulse started; ON until 96289.28s, cooldown until 96293.28s"
96294.04,INFO,"Mister pulse started; ON until 96294.29s, cooldown until 96298.29s"
96299.05,INFO,"Mister pulse started; ON until 96299.30s, cooldown until 96303.30s"
96304.00,INFO,"Mister pulse started; ON until 96304.25s, cooldown until 96308.25s"
96309.02,INFO,"Mister pulse started; ON until 96309.27s, cooldown until 96313.27s"
96314.02,INFO,"Mister pulse started; ON until 96314.27s, cooldown until 96318.27s"
96319.03,INFO,"Mister pulse started; ON until 96319.28s, cooldown until 96323.28s"
96324.04,INFO,"Mister pulse started; ON until 96324.29s, cooldown until 96328.29s"
96329.04,INFO,"Mister pulse started; ON until 96329.29s, cooldown until 96333.29s"
96334.05,INFO,"Mister pulse started; ON until 96334.30s, cooldown until 96338.30s"
96339.01,INFO,"Mister pulse started; ON until 96339.26s, cooldown until 96343.26s"
96344.01,INFO,"Mister pulse started; ON until 96344.26s, cooldown until 96348.26s"
96349.02,INFO,"Mister pulse started; ON until 96349.27s, cooldown until 96353.27s"
96354.03,INFO,"Mister pulse started; ON until 96354.28s, cooldown until 96358.28s"
96359.03,INFO,"Mister pulse started; ON until 96359.28s, cooldown until 96363.28s"
96364.04,INFO,"Mister pulse started; ON until 96364.29s, cooldown until 96368.29s"
96369.00,INFO,"Mister pulse started; ON until 96369.25s, cooldown until 96373.25s"
96374.01,INFO,"Mister pulse started; ON until 96374.26s, cooldown until 96378.26s"
96379.02,INFO,"Mister pulse started; ON until 96379.27s, cooldown until 96383.27s"
96384.02,INFO,"Mister pulse started; ON until 96384.27s, cooldown until 96388.27s"
96389.03,INFO,"Mister pulse started; ON until 96389.28s, cooldown until 96393.28s"
96394.04,INFO,"Mister pulse started; ON until 96394.29s, cooldown until 96398.29s"
96399.05,INFO,"Mister pulse started; ON until 96399.30s, cooldown until 96403.30s"
96404.01,INFO,"Mister pulse started; ON until 96404.26s, cooldown until 96408.26s"
96409.01,INFO,"Mister pulse started; ON until 96409.26s, cooldown until 96413.26s"
96414.02,INFO,"Mister pulse started; ON until 96414.27s, cooldown until 96418.27s"
96419.03,INFO,"Mister pulse started; ON until 96419.28s, cooldown until 96423.28s"
96424.03,INFO,"Mister pulse started; ON until 96424.28s, cooldown until 96428.28s"
96429.05,INFO,"Mister pulse started; ON until 96429.30s, cooldown until 96433.30s"
96434.00,INFO,"Mister pulse started; ON until 96434.25s, cooldown until 96438.25s"
96439.01,INFO,"Mister pulse started; ON until 96439.26s, cooldown until 96443.26s"
96444.02,INFO,"Mister pulse started; ON until 96444.27s, cooldown until 96448.27s"
96449.03,INFO,"Mister pulse started; ON until 96449.28s, cooldown until 96453.28s"
96454.03,INFO,"Mister pulse started; ON until 96454.28s, cooldown until 96458.28s"
96459.04,INFO,"Mister pulse started; ON until 96459.29s, cooldown until 96463.29s"
96464.05,INFO,"Mister pulse started; ON until 96464.30s, cooldown until 96468.30s"
96469.01,INFO,"Mister pulse started; ON until 96469.26s, cooldown until 96473.26s"
96474.02,INFO,"Mister pulse started; ON until 96474.27s, cooldown until 96478.27s"
96479.02,INFO,"Mister pulse started; ON until 96479.27s, cooldown until 96483.27s"
96484.03,INFO,"Mister pulse started; ON until 96484.28s, cooldown until 96488.28s"
96489.04,INFO,"Mister pulse started; ON until 96489.29s, cooldown until 96493.29s"
96494.04,INFO,"Mister pulse started; ON until 96494.29s, cooldown until 96498.29s"
96499.00,INFO,"Mister pulse started; ON until 96499.25s, cooldown until 96503.25s"
96504.01,INFO,"Mister pulse started; ON until 96504.26s, cooldown until 96508.26s"
96509.01,INFO,"Mister pulse started; ON until 96509.26s, cooldown until 96513.26s"
96514.03,INFO,"Mister pulse started; ON until 96514.28s, cooldown until 96518.28s"
96519.03,INFO,"Mister pulse started; ON until 96519.28s, cooldown until 96523.28s"
96524.04,INFO,"Mister pulse started; ON until 96524.29s, cooldown until 96528.29s"
96537.05,INFO,"Mister pulse started; ON until 96537.30s, cooldown until 96541.30s"
96548.05,INFO,"Mister pulse started; ON until 96548.30s, cooldown until 96552.30s"
96563.02,INFO,"Mister pulse started; ON until 96563.27s, cooldown until 96567.27s"
96577.01,INFO,"Mister pulse started; ON until 96577.26s, cooldown until 96581.26s"
96588.00,INFO,"Mister pulse started; ON until 96588.25s, cooldown until 96592.25s"
96593.01,INFO,"Mister pulse started; ON until 96593.26s, cooldown until 96597.26s"
96609.01,INFO,"Mister pulse started; ON until 96609.26s, cooldown until 96613.26s"
96621.04,INFO,"Mister pulse started; ON until 96621.29s, cooldown until 96625.29s"
96626.01,INFO,"Mister pulse started; ON until 96626.26s, cooldown until 96630.26s"
96642.01,INFO,"Mister pulse started; ON until 96642.26s, cooldown until 96646.26s"
96658.02,INFO,"Mister pulse started; ON until 96658.27s, cooldown until 96662.27s"
96672.01,INFO,"Mister pulse started; ON until 96672.26s, cooldown until 96676.26s"
96686.01,INFO,"Mister pulse started; ON until 96686.26s, cooldown until 96690.26s"
96697.01,INFO,"Mister pulse started; ON until 96697.26s, cooldown until 96701.26s"
96713.01,INFO,"Mister pulse started; ON until 96713.26s, cooldown until 96717.26s"
96728.03,INFO,"Mister pulse started; ON until 96728.28s, cooldown until 96732.28s"
96742.02,INFO,"Mister pulse started; ON until 96742.27s, cooldown until 96746.27s"
96752.04,INFO,"Mister pulse started; ON until 96752.29s, cooldown until 96756.29s"
96768.05,INFO,"Mister pulse started; ON until 96768.30s, cooldown until 96772.30s"
96781.01,INFO,"Mister pulse started; ON until 96781.26s, cooldown until 96785.26s"
96795.05,INFO,"Mister pulse started; ON until 96795.30s, cooldown until 96799.30s"
96800.01,INFO,"Mister pulse started; ON until 96800.26s, cooldown until 96804.26s"
96818.03,INFO,"Mister pulse started; ON until 96818.28s, cooldown until 96822.28s"
96823.04,INFO,"Mister pulse started; ON until 96823.29s, cooldown until 96827.29s"
96840.03,INFO,"Mister pulse started; ON until 96840.28s, cooldown until 96844.28s"
96857.01,INFO,"Mister pulse started; ON until 96857.26s, cooldown until 96861.26s"
96862.02,INFO,"Mister pulse started; ON until 96862.27s, cooldown until 96866.27s"
96878.03,INFO,"Mister pulse started; ON until 96878.28s, cooldown until 96882.28s"
96893.00,INFO,"Mister pulse started; ON until 96893.25s, cooldown until 96897.25s"
96907.05,INFO,"Mister pulse started; ON until 96907.30s, cooldown until 96911.30s"
96917.01,INFO,"Mister pulse started; ON until 96917.26s, cooldown until 96921.26s"
96931.01,INFO,"Mister pulse started; ON until 96931.26s, cooldown until 96935.26s"
96945.00,INFO,"Mister pulse started; ON until 96945.25s, cooldown until 96949.25s"
96950.01,INFO,"Mister pulse started; ON until 96950.26s, cooldown until 96954.26s"
96971.02,INFO,"Mister pulse started; ON until 96971.27s, cooldown until 96975.27s"
96983.00,INFO,"Mister pulse started; ON until 96983.25s, cooldown until 96987.25s"
96988.01,INFO,"Mister pulse started; ON until 96988.26s, cooldown until 96992.26s"
97006.03,INFO,"Mister pulse started; ON until 97006.28s, cooldown until 97010.28s"
97024.04,INFO,"Mister pulse started; ON until 97024.29s, cooldown until 97028.29s"
97029.05,INFO,"Mister pulse started; ON until 97029.30s, cooldown until 97033.30s"
97046.03,INFO,"Mister pulse started; ON until 97046.28s, cooldown until 97050.28s"
97064.05,INFO,"Mister pulse started; ON until 97064.30s, cooldown until 97068.30s"
97069.01,INFO,"Mister pulse started; ON until 97069.26s, cooldown until 97073.26s"
97089.03,INFO,"Mister pulse started; ON until 97089.28s, cooldown until 97093.28s"
97098.02,INFO,"Mister pulse started; ON until 97098.27s, cooldown until 97102.27s"
97112.01,INFO,"Mister pulse started; ON until 97112.26s, cooldown until 97116.26s"
97123.01,INFO,"Mister pulse started; ON until 97123.26s, cooldown until 97127.26s"
97139.01,INFO,"Mister pulse started; ON until 97139.26s, cooldown until 97143.26s"
97153.01,INFO,"Mister pulse started; ON until 97153.26s, cooldown until 97157.26s"
97165.04,INFO,"Mister pulse started; ON until 97165.29s, cooldown until 97169.29s"
97182.02,INFO,"Mister pulse started; ON until 97182.27s, cooldown until 97186.27s"
97187.03,INFO,"Mister pulse started; ON until 97187.28s, cooldown until 97191.28s"
97204.03,INFO,"Mister pulse started; ON until 97204.28s, cooldown until 97208.28s"
97221.02,INFO,"Mister pulse started; ON until 97221.27s, cooldown until 97225.27s"
97228.04,INFO,"Mister pulse started; ON until 97228.29s, cooldown until 97232.29s"
97246.00,INFO,"Mister pulse started; ON until 97246.25s, cooldown until 97250.25s"
97256.02,INFO,"Mister pulse started; ON until 97256.27s, cooldown until 97260.27s"
97268.04,INFO,"Mister pulse started; ON until 97268.29s, cooldown until 97272.29s"
97285.02,INFO,"Mister pulse started; ON until 97285.27s, cooldown until 97289.27s"
97290.03,INFO,"Mister pulse started; ON until 97290.28s, cooldown until 97294.28s"
97307.02,INFO,"Mister pulse started; ON until 97307.27s, cooldown until 97311.27s"
97323.02,INFO,"Mister pulse started; ON until 97323.27s, cooldown until 97327.27s"
97340.05,INFO,"Mister pulse started; ON until 97340.30s, cooldown until 97344.30s"
97356.00,INFO,"Mister pulse started; ON until 97356.25s, cooldown until 97360.25s"
97361.01,INFO,"Mister pulse started; ON until 97361.26s, cooldown until 97365.26s"
97379.03,INFO,"Mister pulse started; ON until 97379.28s, cooldown until 97383.28s"
97397.04,INFO,"Mister pulse started; ON until 97397.29s, cooldown until 97401.29s"
97402.00,INFO,"Mister pulse started; ON until 97402.25s, cooldown until 97406.25s"
97422.03,INFO,"Mister pulse started; ON until 97422.28s, cooldown until 97426.28s"
97430.03,INFO,"Mister pulse started; ON until 97430.28s, cooldown until 97434.28s"
97441.03,INFO,"Mister pulse started; ON until 97441.28s, cooldown until 97445.28s"
97456.01,INFO,"Mister pulse started; ON until 97456.26s, cooldown until 97460.26s"
97471.04,INFO,"Mister pulse started; ON until 97471.29s, cooldown until 97475.29s"
97485.03,INFO,"Mister pulse started; ON until 97485.28s, cooldown until 97489.28s"
97494.02,INFO,"Mister pulse started; ON until 97494.27s, cooldown until 97498.27s"
97508.01,INFO,"Mister pulse started; ON until 97508.26s, cooldown until 97512.26s"
97518.03,INFO,"Mister pulse started; ON until 97518.28s, cooldown until 97522.28s"
97531.03,INFO,"Mister pulse started; ON until 97531.28s, cooldown until 97535.28s"
97536.04,INFO,"Mister pulse started; ON until 97536.29s, cooldown until 97540.29s"
97553.03,INFO,"Mister pulse started; ON until 97553.28s, cooldown until 97557.28s"
97569.03,INFO,"Mister pulse started; ON until 97569.28s, cooldown until 97573.28s"
97587.04,INFO,"Mister pulse started; ON until 97587.29s, cooldown until 97591.29s"
97592.00,INFO,"Mister pulse started; ON until 97592.25s, cooldown until 97596.25s"
97610.02,INFO,"Mister pulse started; ON until 97610.27s, cooldown until 97614.27s"
97615.03,INFO,"Mister pulse started; ON until 97615.28s, cooldown until 97619.28s"
97632.01,INFO,"Mister pulse started; ON until 97632.26s, cooldown until 97636.26s"
97649.05,INFO,"Mister pulse started; ON until 97649.30s, cooldown until 97653.30s"
97665.01,INFO,"Mister pulse started; ON until 97665.26s, cooldown until 97669.26s"
97670.02,INFO,"Mister pulse started; ON until 97670.27s, cooldown until 97674.27s"
97687.02,INFO,"Mister pulse started; ON until 97687.27s, cooldown until 97691.27s"
97703.02,INFO,"Mister pulse started; ON until 97703.27s, cooldown until 97707.27s"
97720.01,INFO,"Mister pulse started; ON until 97720.26s, cooldown until 97724.26s"
97727.03,INFO,"Mister pulse started; ON until 97727.28s, cooldown until 97731.28s"
97745.04,INFO,"Mister pulse started; ON until 97745.29s, cooldown until 97749.29s"
97750.00,INFO,"Mister pulse started; ON until 97750.25s, cooldown until 97754.25s"
97771.01,INFO,"Mister pulse started; ON until 97771.26s, cooldown until 97775.26s"
97782.01,INFO,"Mister pulse started; ON until 97782.26s, cooldown until 97786.26s"
97800.02,INFO,"Mister pulse started; ON until 97800.27s, cooldown until 97804.27s"
97807.05,INFO,"Mister pulse started; ON until 97807.30s, cooldown until 97811.30s"
97826.04,INFO,"Mister pulse started; ON until 97826.29s, cooldown until 97830.29s"
97835.02,INFO,"Mister pulse started; ON until 97835.27s, cooldown until 97839.27s"
97850.04,INFO,"Mister pulse started; ON until 97850.29s, cooldown until 97854.29s"
97859.03,INFO,"Mister pulse started; ON until 97859.28s, cooldown until 97863.28s"
97874.00,INFO,"Mister pulse started; ON until 97874.25s, cooldown until 97878.25s"
97887.01,INFO,"Mister pulse started; ON until 97887.26s, cooldown until 97891.26s"
97892.02,INFO,"Mister pulse started; ON until 97892.27s, cooldown until 97896.27s"
97909.01,INFO,"Mister pulse started; ON until 97909.26s, cooldown until 97913.26s"
97927.02,INFO,"Mister pulse started; ON until 97927.27s, cooldown until 97931.27s"
97932.03,INFO,"Mister pulse started; ON until 97932.28s, cooldown until 97936.28s"
97950.05,INFO,"Mister pulse started; ON until 97950.30s, cooldown until 97954.30s"
97967.03,INFO,"Mister pulse started; ON until 97967.28s, cooldown until 97971.28s"
97972.04,INFO,"Mister pulse started; ON until 97972.29s, cooldown until 97976.29s"
97992.02,INFO,"Mister pulse started; ON until 97992.27s, cooldown until 97996.27s"
97997.02,INFO,"Mister pulse started; ON until 97997.27s, cooldown until 98001.27s"
98020.04,INFO,"Mister pulse started; ON until 98020.29s, cooldown until 98024.29s"
98035.02,INFO,"Mister pulse started; ON until 98035.27s, cooldown until 98039.27s"
98050.04,INFO,"Mister pulse started; ON until 98050.29s, cooldown until 98054.29s"
98062.01,INFO,"Mister pulse started; ON until 98062.26s, cooldown until 98066.26s"
98067.02,INFO,"Mister pulse started; ON until 98067.27s, cooldown until 98071.27s"
98087.05,INFO,"Mister pulse started; ON until 98087.30s, cooldown until 98091.30s"
98092.01,INFO,"Mister pulse started; ON until 98092.26s, cooldown until 98096.26s"
98113.02,INFO,"Mister pulse started; ON until 98113.27s, cooldown until 98117.27s"
98127.00,INFO,"Mister pulse started; ON until 98127.25s, cooldown until 98131.25s"
98138.03,INFO,"Mister pulse started; ON until 98138.28s, cooldown until 98142.28s"
98153.05,INFO,"Mister pulse started; ON until 98153.30s, cooldown until 98157.30s"
98166.01,INFO,"Mister pulse started; ON until 98166.26s, cooldown until 98170.26s"
98171.02,INFO,"Mister pulse started; ON until 98171.27s, cooldown until 98175.27s"
98193.01,INFO,"Mister pulse started; ON until 98193.26s, cooldown until 98197.26s"
98207.05,INFO,"Mister pulse started; ON until 98207.30s, cooldown until 98211.30s"
98218.04,INFO,"Mister pulse started; ON until 98218.29s, cooldown until 98222.29s"
98233.02,INFO,"Mister pulse started; ON until 98233.27s, cooldown until 98237.27s"
98246.04,INFO,"Mister pulse started; ON until 98246.29s, cooldown until 98250.29s"
98256.01,INFO,"Mister pulse started; ON until 98256.26s, cooldown until 98260.26s"
98271.03,INFO,"Mister pulse started; ON until 98271.28s, cooldown until 98275.28s"
98285.03,INFO,"Mister pulse started; ON until 98285.28s, cooldown until 98289.28s"
98294.01,INFO,"Mister pulse started; ON until 98294.26s, cooldown until 98298.26s"
98307.02,INFO,"Mister pulse started; ON until 98307.27s, cooldown until 98311.27s"
98312.03,INFO,"Mister pulse started; ON until 98312.28s, cooldown until 98316.28s"
98331.03,INFO,"Mister pulse started; ON until 98331.28s, cooldown until 98335.28s"
98336.04,INFO,"Mister pulse started; ON until 98336.29s, cooldown until 98340.29s"
98354.05,INFO,"Mister pulse started; ON until 98354.30s, cooldown until 98358.30s"
98372.02,INFO,"Mister pulse started; ON until 98372.27s, cooldown until 98376.27s"
98381.00,INFO,"Mister pulse started; ON until 98381.25s, cooldown until 98385.25s"
98394.00,INFO,"Mister pulse started; ON until 98394.25s, cooldown until 98398.25s"
98399.02,INFO,"Mister pulse started; ON until 98399.27s, cooldown until 98403.27s"
98418.01,INFO,"Mister pulse started; ON until 98418.26s, cooldown until 98422.26s"
98423.03,INFO,"Mister pulse started; ON until 98423.28s, cooldown until 98427.28s"
98441.05,INFO,"Mister pulse started; ON until 98441.30s, cooldown until 98445.30s"
98456.01,INFO,"Mister pulse started; ON until 98456.26s, cooldown until 98460.26s"
98474.04,INFO,"Mister pulse started; ON until 98474.29s, cooldown until 98478.29s"
98479.00,INFO,"Mister pulse started; ON until 98479.25s, cooldown until 98483.25s"
98500.01,INFO,"Mister pulse started; ON until 98500.26s, cooldown until 98504.26s"
98511.01,INFO,"Mister pulse started; ON until 98511.26s, cooldown until 98515.26s"
98529.02,INFO,"Mister pulse started; ON until 98529.27s, cooldown until 98533.27s"
98534.04,INFO,"Mister pulse started; ON until 98534.29s, cooldown until 98538.29s"
98553.03,INFO,"Mister pulse started; ON until 98553.28s, cooldown until 98557.28s"
98560.01,INFO,"Mister pulse started; ON until 98560.26s, cooldown until 98564.26s"
98568.01,INFO,"Mister pulse started; ON until 98568.26s, cooldown until 98572.26s"
98577.04,INFO,"Mister pulse started; ON until 98577.29s, cooldown until 98581.29s"
98582.05,INFO,"Mister pulse started; ON until 98582.30s, cooldown until 98586.30s"
98601.00,INFO,"Mister pulse started; ON until 98601.25s, cooldown until 98605.25s"
98612.05,INFO,"Mister pulse started; ON until 98612.30s, cooldown until 98616.30s"
98625.01,INFO,"Mister pulse started; ON until 98625.26s, cooldown until 98629.26s"
98636.01,INFO,"Mister pulse started; ON until 98636.26s, cooldown until 98640.26s"
98650.05,INFO,"Mister pulse started; ON until 98650.30s, cooldown until 98654.30s"
98663.01,INFO,"Mister pulse started; ON until 98663.26s, cooldown until 98667.26s"
98668.02,INFO,"Mister pulse started; ON until 98668.27s, cooldown until 98672.27s"
98686.03,INFO,"Mister pulse started; ON until 98686.28s, cooldown until 98690.28s"
98704.04,INFO,"Mister pulse started; ON until 98704.29s, cooldown until 98708.29s"
98709.05,INFO,"Mister pulse started; ON until 98709.30s, cooldown until 98713.30s"
98725.01,INFO,"Mister pulse started; ON until 98725.26s, cooldown until 98729.26s"
98743.02,INFO,"Mister pulse started; ON until 98743.27s, cooldown until 98747.27s"
98748.03,INFO,"Mister pulse started; ON until 98748.28s, cooldown until 98752.28s"
98766.04,INFO,"Mister pulse started; ON until 98766.29s, cooldown until 98770.29s"
98782.04,INFO,"Mister pulse started; ON until 98782.29s, cooldown until 98786.29s"
98799.02,INFO,"Mister pulse started; ON until 98799.27s, cooldown until 98803.27s"
98804.03,INFO,"Mister pulse started; ON until 98804.28s, cooldown until 98808.28s"
98821.02,INFO,"Mister pulse started; ON until 98821.27s, cooldown until 98825.27s"
98839.03,INFO,"Mister pulse started; ON until 98839.28s, cooldown until 98843.28s"
98844.04,INFO,"Mister pulse started; ON until 98844.29s, cooldown until 98848.29s"
98861.02,INFO,"Mister pulse started; ON until 98861.27s, cooldown until 98865.27s"
98879.05,INFO,"Mister pulse started; ON until 98879.30s, cooldown until 98883.30s"
98884.01,INFO,"Mister pulse started; ON until 98884.26s, cooldown until 98888.26s"
98905.02,INFO,"Mister pulse started; ON until 98905.27s, cooldown until 98909.27s"
98917.05,INFO,"Mister pulse started; ON until 98917.30s, cooldown until 98921.30s"
98934.04,INFO,"Mister pulse started; ON until 98934.29s, cooldown until 98938.29s"
98939.05,INFO,"Mister pulse started; ON until 98939.30s, cooldown until 98943.30s"
98957.01,INFO,"Mister pulse started; ON until 98957.26s, cooldown until 98961.26s"
98962.02,INFO,"Mister pulse started; ON until 98962.27s, cooldown until 98966.27s"
98981.02,INFO,"Mister pulse started; ON until 98981.27s, cooldown until 98985.27s"
98986.03,INFO,"Mister pulse started; ON until 98986.28s, cooldown until 98990.28s"
99004.05,INFO,"Mister pulse started; ON until 99004.30s, cooldown until 99008.30s"
99021.04,INFO,"Mister pulse started; ON until 99021.29s, cooldown until 99025.29s"
99028.01,INFO,"Mister pulse started; ON until 99028.26s, cooldown until 99032.26s"
99033.03,INFO,"Mister pulse started; ON until 99033.28s, cooldown until 99037.28s"
99053.01,INFO,"Mister pulse started; ON until 99053.26s, cooldown until 99057.26s"
99061.01,INFO,"Mister pulse started; ON until 99061.26s, cooldown until 99065.26s"
99073.05,INFO,"Mister pulse started; ON until 99073.30s, cooldown until 99077.30s"
99089.01,INFO,"Mister pulse started; ON until 99089.26s, cooldown until 99093.26s"
99106.04,INFO,"Mister pulse started; ON until 99106.29s, cooldown until 99110.29s"
99123.03,INFO,"Mister pulse started; ON until 99123.28s, cooldown until 99127.28s"
99128.05,INFO,"Mister pulse started; ON until 99128.30s, cooldown until 99132.30s"
99147.00,INFO,"Mister pulse started; ON until 99147.25s, cooldown until 99151.25s"
99152.01,INFO,"Mister pulse started; ON until 99152.26s, cooldown until 99156.26s"
99174.01,INFO,"Mister pulse started; ON until 99174.26s, cooldown until 99178.26s"
99190.01,INFO,"Mister pulse started; ON until 99190.26s, cooldown until 99194.26s"
99204.00,INFO,"Mister pulse started; ON until 99204.25s, cooldown until 99208.25s"
99217.01,INFO,"Mister pulse started; ON until 99217.26s, cooldown until 99221.26s"
99222.02,INFO,"Mister pulse started; ON until 99222.27s, cooldown until 99226.27s"
99242.00,INFO,"Mister pulse started; ON until 99242.25s, cooldown until 99246.25s"
99247.02,INFO,"Mister pulse started; ON until 99247.27s, cooldown until 99251.27s"
99268.03,INFO,"Mister pulse started; ON until 99268.28s, cooldown until 99272.28s"
99281.03,INFO,"Mister pulse started; ON until 99281.28s, cooldown until 99285.28s"
99286.05,INFO,"Mister pulse started; ON until 99286.30s, cooldown until 99290.30s"
99305.05,INFO,"Mister pulse started; ON until 99305.30s, cooldown until 99309.30s"
99310.01,INFO,"Mister pulse started; ON until 99310.26s, cooldown until 99314.26s"
99330.03,INFO,"Mister pulse started; ON until 99330.28s, cooldown until 99334.28s"
99340.05,INFO,"Mister pulse started; ON until 99340.30s, cooldown until 99344.30s"
99354.03,INFO,"Mister pulse started; ON until 99354.28s, cooldown until 99358.28s"
99364.00,INFO,"Mister pulse started; ON until 99364.25s, cooldown until 99368.25s"
99380.01,INFO,"Mister pulse started; ON until 99380.26s, cooldown until 99384.26s"
99394.05,INFO,"Mister pulse started; ON until 99394.30s, cooldown until 99398.30s"
99406.02,INFO,"Mister pulse started; ON until 99406.27s, cooldown until 99410.27s"
99422.03,INFO,"Mister pulse started; ON until 99422.28s, cooldown until 99426.28s"
99440.00,INFO,"Mister pulse started; ON until 99440.25s, cooldown until 99444.25s"
99445.01,INFO,"Mister pulse started; ON until 99445.26s, cooldown until 99449.26s"
99467.00,INFO,"Mister pulse started; ON until 99467.25s, cooldown until 99471.25s"
99482.02,INFO,"Mister pulse started; ON until 99482.27s, cooldown until 99486.27s"
99495.03,INFO,"Mister pulse started; ON until 99495.28s, cooldown until 99499.28s"
99500.03,INFO,"Mister pulse started; ON until 99500.28s, cooldown until 99504.28s"
99519.03,INFO,"Mister pulse started; ON until 99519.28s, cooldown until 99523.28s"
99524.04,INFO,"Mister pulse started; ON until 99524.29s, cooldown until 99528.29s"
99541.03,INFO,"Mister pulse started; ON until 99541.28s, cooldown until 99545.28s"
99559.05,INFO,"Mister pulse started; ON until 99559.30s, cooldown until 99563.30s"
99564.01,INFO,"Mister pulse started; ON until 99564.26s, cooldown until 99568.26s"
99584.04,INFO,"Mister pulse started; ON until 99584.29s, cooldown until 99588.29s"
99595.04,INFO,"Mister pulse started; ON until 99595.29s, cooldown until 99599.29s"
99611.04,INFO,"Mister pulse started; ON until 99611.29s, cooldown until 99615.29s"
99625.03,INFO,"Mister pulse started; ON until 99625.28s, cooldown until 99629.28s"
99640.00,INFO,"Mister pulse started; ON until 99640.25s, cooldown until 99644.25s"
99645.01,INFO,"Mister pulse started; ON until 99645.26s, cooldown until 99649.26s"
99659.05,INFO,"Mister pulse started; ON until 99659.30s, cooldown until 99663.30s"
99676.03,INFO,"Mister pulse started; ON until 99676.28s, cooldown until 99680.28s"
99693.02,INFO,"Mister pulse started; ON until 99693.27s, cooldown until 99697.27s"
99698.03,INFO,"Mister pulse started; ON until 99698.28s, cooldown until 99702.28s"
99716.05,INFO,"Mister pulse started; ON until 99716.30s, cooldown until 99720.30s"
99735.00,INFO,"Mister pulse started; ON until 99735.25s, cooldown until 99739.25s"
99748.02,INFO,"Mister pulse started; ON until 99748.27s, cooldown until 99752.27s"
99753.03,INFO,"Mister pulse started; ON until 99753.28s, cooldown until 99757.28s"
99773.01,INFO,"Mister pulse started; ON until 99773.26s, cooldown until 99777.26s"
99783.02,INFO,"Mister pulse started; ON until 99783.27s, cooldown until 99787.27s"
99796.03,INFO,"Mister pulse started; ON until 99796.28s, cooldown until 99800.28s"
99805.01,INFO,"Mister pulse started; ON until 99805.26s, cooldown until 99809.26s"
99815.03,INFO,"Mister pulse started; ON until 99815.28s, cooldown until 99819.28s"
99830.05,INFO,"Mister pulse started; ON until 99830.30s, cooldown until 99834.30s"
99840.01,INFO,"Mister pulse started; ON until 99840.26s, cooldown until 99844.26s"
99857.05,INFO,"Mister pulse started; ON until 99857.30s, cooldown until 99861.30s"
99870.01,INFO,"Mister pulse started; ON until 99870.26s, cooldown until 99874.26s"
99885.03,INFO,"Mister pulse started; ON until 99885.28s, cooldown until 99889.28s"
99893.03,INFO,"Mister pulse started; ON until 99893.28s, cooldown until 99897.28s"
99903.00,INFO,"Mister pulse started; ON until 99903.25s, cooldown until 99907.25s"
99920.03,INFO,"Mister pulse started; ON until 99920.28s, cooldown until 99924.28s"
99936.04,INFO,"Mister pulse started; ON until 99936.29s, cooldown until 99940.29s"
99950.02,INFO,"Mister pulse started; ON until 99950.27s, cooldown until 99954.27s"
99963.03,INFO,"Mister pulse started; ON until 99963.28s, cooldown until 99967.28s"
99968.03,INFO,"Mister pulse started; ON until 99968.28s, cooldown until 99972.28s"
99986.01,INFO,"Mister pulse started; ON until 99986.26s, cooldown until 99990.26s"
99995.04,INFO,"Mister pulse started; ON until 99995.29s, cooldown until 99999.29s"
100000.02,INFO,"Mister pulse started; ON until 100000.27s, cooldown until 100004.27s"
100021.02,INFO,"Mister pulse started; ON until 100021.27s, cooldown until 100025.27s"
100035.01,INFO,"Mister pulse started; ON until 100035.26s, cooldown until 100039.26s"
100042.03,INFO,"Mister pulse started; ON until 100042.28s, cooldown until 100046.28s"
100054.02,INFO,"Mister pulse started; ON until 100054.27s, cooldown until 100058.27s"
100068.01,INFO,"Mister pulse started; ON until 100068.26s, cooldown until 100072.26s"
100082.02,INFO,"Mister pulse started; ON until 100082.27s, cooldown until 100086.27s"
100093.01,INFO,"Mister pulse started; ON until 100093.26s, cooldown until 100097.26s"
100107.00,INFO,"Mister pulse started; ON until 100107.25s, cooldown until 100111.25s"
100120.01,INFO,"Mister pulse started; ON until 100120.26s, cooldown until 100124.26s"
100125.02,INFO,"Mister pulse started; ON until 100125.27s, cooldown until 100129.27s"
100143.04,INFO,"Mister pulse started; ON until 100143.29s, cooldown until 100147.29s"
100161.00,INFO,"Mister pulse started; ON until 100161.25s, cooldown until 100165.25s"
100172.01,INFO,"Mister pulse started; ON until 100172.26s, cooldown until 100176.26s"
100187.03,INFO,"Mister pulse started; ON until 100187.28s, cooldown until 100191.28s"
100200.04,INFO,"Mister pulse started; ON until 100200.29s, cooldown until 100204.29s"
100206.03,INFO,"Mister pulse started; ON until 100206.28s, cooldown until 100210.28s"
100226.01,INFO,"Mister pulse started; ON until 100226.26s, cooldown until 100230.26s"
100238.05,INFO,"Mister pulse started; ON until 100238.30s, cooldown until 100242.30s"
100256.01,INFO,"Mister pulse started; ON until 100256.26s, cooldown until 100260.26s"
100264.01,INFO,"Mister pulse started; ON until 100264.26s, cooldown until 100268.26s"
100269.02,INFO,"Mister pulse started; ON until 100269.27s, cooldown until 100273.27s"
100274.03,INFO,"Mister pulse started; ON until 100274.28s, cooldown until 100278.28s"
100279.03,INFO,"Mister pulse started; ON until 100279.28s, cooldown until 100283.28s"
100284.04,INFO,"Mister pulse started; ON until 100284.29s, cooldown until 100288.29s"
100289.05,INFO,"Mister pulse started; ON until 100289.30s, cooldown until 100293.30s"
100294.00,INFO,"Mister pulse started; ON until 100294.25s, cooldown until 100298.25s"
100299.02,INFO,"Mister pulse started; ON until 100299.27s, cooldown until 100303.27s"
100304.03,INFO,"Mister pulse started; ON until 100304.28s, cooldown until 100308.28s"
100309.04,INFO,"Mister pulse started; ON until 100309.29s, cooldown until 100313.29s"
100314.05,INFO,"Mister pulse started; ON until 100314.30s, cooldown until 100318.30s"
100319.01,INFO,"Mister pulse started; ON until 100319.26s, cooldown until 100323.26s"
100324.02,INFO,"Mister pulse started; ON until 100324.27s, cooldown until 100328.27s"
100329.03,INFO,"Mister pulse started; ON until 100329.28s, cooldown until 100333.28s"
100334.03,INFO,"Mister pulse started; ON until 100334.28s, cooldown until 100338.28s"
100339.04,INFO,"Mister pulse started; ON until 100339.29s, cooldown until 100343.29s"
100344.05,INFO,"Mister pulse started; ON until 100344.30s, cooldown until 100348.30s"
100349.01,INFO,"Mister pulse started; ON until 100349.26s, cooldown until 100353.26s"
100354.02,INFO,"Mister pulse started; ON until 100354.27s, cooldown until 100358.27s"
100359.02,INFO,"Mister pulse started; ON until 100359.27s, cooldown until 100363.27s"
100364.03,INFO,"Mister pulse started; ON until 100364.28s, cooldown until 100368.28s"
100369.04,INFO,"Mister pulse started; ON until 100369.29s, cooldown until 100373.29s"
100374.05,INFO,"Mister pulse started; ON until 100374.30s, cooldown until 100378.30s"
100379.01,INFO,"Mister pulse started; ON until 100379.26s, cooldown until 100383.26s"
100384.01,INFO,"Mister pulse started; ON until 100384.26s, cooldown until 100388.26s"
100389.02,INFO,"Mister pulse started; ON until 100389.27s, cooldown until 100393.27s"
100394.03,INFO,"Mister pulse started; ON until 100394.28s, cooldown until 100398.28s"
100399.03,INFO,"Mister pulse started; ON until 100399.28s, cooldown until 100403.28s"
100404.04,INFO,"Mister pulse started; ON until 100404.29s, cooldown until 100408.29s"
100409.05,INFO,"Mister pulse started; ON until 100409.30s, cooldown until 100413.30s"
100414.01,INFO,"Mister pulse started; ON until 100414.26s, cooldown until 100418.26s"
100419.02,INFO,"Mister pulse started; ON until 100419.27s, cooldown until 100423.27s"
100424.02,INFO,"Mister pulse started; ON until 100424.27s, cooldown until 100428.27s"
100429.03,INFO,"Mister pulse started; ON until 100429.28s, cooldown until 100433.28s"
100434.04,INFO,"Mister pulse started; ON until 100434.29s, cooldown until 100438.29s"
100439.05,INFO,"Mister pulse started; ON until 100439.30s, cooldown until 100443.30s"
100444.01,INFO,"Mister pulse started; ON until 100444.26s, cooldown until 100448.26s"
100449.02,INFO,"Mister pulse started; ON until 100449.27s, cooldown until 100453.27s"
100454.02,INFO,"Mister pulse started; ON until 100454.27s, cooldown until 100458.27s"
100459.03,INFO,"Mister pulse started; ON until 100459.28s, cooldown until 100463.28s"
100464.04,INFO,"Mister pulse started; ON until 100464.29s, cooldown until 100468.29s"
100469.05,INFO,"Mister pulse started; ON until 100469.30s, cooldown until 100473.30s"
100474.01,INFO,"Mister pulse started; ON until 100474.26s, cooldown until 100478.26s"
100479.02,INFO,"Mister pulse started; ON until 100479.27s, cooldown until 100483.27s"
100484.03,INFO,"Mister pulse started; ON until 100484.28s, cooldown until 100488.28s"
100489.04,INFO,"Mister pulse started; ON until 100489.29s, cooldown until 100493.29s"
100494.04,INFO,"Mister pulse started; ON until 100494.29s, cooldown until 100498.29s"
100499.05,INFO,"Mister pulse started; ON until 100499.30s, cooldown until 100503.30s"
100504.01,INFO,"Mister pulse started; ON until 100504.26s, cooldown until 100508.26s"
100509.01,INFO,"Mister pulse started; ON until 100509.26s, cooldown until 100513.26s"
100514.02,INFO,"Mister pulse started; ON until 100514.27s, cooldown until 100518.27s"
100519.03,INFO,"Mister pulse started; ON until 100519.28s, cooldown until 100523.28s"
100524.03,INFO,"Mister pulse started; ON until 100524.28s, cooldown until 100528.28s"
100529.04,INFO,"Mister pulse started; ON until 100529.29s, cooldown until 100533.29s"
100534.05,INFO,"Mister pulse started; ON until 100534.30s, cooldown until 100538.30s"
100539.00,INFO,"Mister pulse started; ON until 100539.25s, cooldown until 100543.25s"
100544.01,INFO,"Mister pulse started; ON until 100544.26s, cooldown until 100548.26s"
100549.02,INFO,"Mister pulse started; ON until 100549.27s, cooldown until 100553.27s"
100554.03,INFO,"Mister pulse started; ON until 100554.28s, cooldown until 100558.28s"
100559.04,INFO,"Mister pulse started; ON until 100559.29s, cooldown until 100563.29s"
100564.04,INFO,"Mister pulse started; ON until 100564.29s, cooldown until 100568.29s"
100569.01,INFO,"Mister pulse started; ON until 100569.26s, cooldown until 100573.26s"
100574.01,INFO,"Mister pulse started; ON until 100574.26s, cooldown until 100578.26s"
100579.02,INFO,"Mister pulse started; ON until 100579.27s, cooldown until 100583.27s"
100584.03,INFO,"Mister pulse started; ON until 100584.28s, cooldown until 100588.28s"
100589.04,INFO,"Mister pulse started; ON until 100589.29s, cooldown until 100593.29s"
100594.05,INFO,"Mister pulse started; ON until 100594.30s, cooldown until 100598.30s"
100599.00,INFO,"Mister pulse started; ON until 100599.25s, cooldown until 100603.25s"
100604.01,INFO,"Mister pulse started; ON until 100604.26s, cooldown until 100608.26s"
100609.02,INFO,"Mister pulse started; ON until 100609.27s, cooldown until 100613.27s"
100614.03,INFO,"Mister pulse started; ON until 100614.28s, cooldown until 100618.28s"
100619.03,INFO,"Mister pulse started; ON until 100619.28s, cooldown until 100623.28s"
100624.05,INFO,"Mister pulse started; ON until 100624.30s, cooldown until 100628.30s"
100629.00,INFO,"Mister pulse started; ON until 100629.25s, cooldown until 100633.25s"
100634.01,INFO,"Mister pulse started; ON until 100634.26s, cooldown until 100638.26s"
100639.02,INFO,"Mister pulse started; ON until 100639.27s, cooldown until 100643.27s"
100644.02,INFO,"Mister pulse started; ON until 100644.27s, cooldown until 100648.27s"
100649.03,INFO,"Mister pulse started; ON until 100649.28s, cooldown until 100653.28s"
100654.04,INFO,"Mister pulse started; ON until 100654.29s, cooldown until 100658.29s"
100659.05,INFO,"Mister pulse started; ON until 100659.30s, cooldown until 100663.30s"
100664.01,INFO,"Mister pulse started; ON until 100664.26s, cooldown until 100668.26s"
100669.02,INFO,"Mister pulse started; ON until 100669.27s, cooldown until 100673.27s"
100674.03,INFO,"Mister pulse started; ON until 100674.28s, cooldown until 100678.28s"
100679.03,INFO,"Mister pulse started; ON until 100679.28s, cooldown until 100683.28s"
100684.04,INFO,"Mister pulse started; ON until 100684.29s, cooldown until 100688.29s"
100694.01,INFO,"Mister pulse started; ON until 100694.26s, cooldown until 100698.26s"
100705.05,INFO,"Mister pulse started; ON until 100705.30s, cooldown until 100709.30s"
100710.01,INFO,"Mister pulse started; ON until 100710.26s, cooldown until 100714.26s"
100715.02,INFO,"Mister pulse started; ON until 100715.27s, cooldown until 100719.27s"
100720.03,INFO,"Mister pulse started; ON until 100720.28s, cooldown until 100724.28s"
100725.03,INFO,"Mister pulse started; ON until 100725.28s, cooldown until 100729.28s"
100730.04,INFO,"Mister pulse started; ON until 100730.29s, cooldown until 100734.29s"
100735.00,INFO,"Mister pulse started; ON until 100735.25s, cooldown until 100739.25s"
100740.01,INFO,"Mister pulse started; ON until 100740.26s, cooldown until 100744.26s"
100745.01,INFO,"Mister pulse started; ON until 100745.26s, cooldown until 100749.26s"
100750.02,INFO,"Mister pulse started; ON until 100750.27s, cooldown until 100754.27s"
100755.03,INFO,"Mister pulse started; ON until 100755.28s, cooldown until 100759.28s"
100760.04,INFO,"Mister pulse started; ON until 100760.29s, cooldown until 100764.29s"
100765.01,INFO,"Mister pulse started; ON until 100765.26s, cooldown until 100769.26s"
100770.01,INFO,"Mister pulse started; ON until 100770.26s, cooldown until 100774.26s"
100775.02,INFO,"Mister pulse started; ON until 100775.27s, cooldown until 100779.27s"
100780.03,INFO,"Mister pulse started; ON until 100780.28s, cooldown until 100784.28s"
100785.03,INFO,"Mister pulse started; ON until 100785.28s, cooldown until 100789.28s"
100790.04,INFO,"Mister pulse started; ON until 100790.29s, cooldown until 100794.29s"
100795.05,INFO,"Mister pulse started; ON until 100795.30s, cooldown until 100799.30s"
100800.01,INFO,"Mister pulse started; ON until 100800.26s, cooldown until 100804.26s"
100805.01,INFO,"Mister pulse started; ON until 100805.26s, cooldown until 100809.26s"
100810.02,INFO,"Mister pulse started; ON until 100810.27s, cooldown until 100814.27s"
100815.03,INFO,"Mister pulse started; ON until 100815.28s, cooldown until 100819.28s"
100820.04,INFO,"Mister pulse started; ON until 100820.29s, cooldown until 100824.29s"
100825.00,INFO,"Mister pulse started; ON until 100825.25s, cooldown until 100829.25s"
100830.01,INFO,"Mister pulse started; ON until 100830.26s, cooldown until 100834.26s"
100835.02,INFO,"Mister pulse started; ON until 100835.27s, cooldown until 100839.27s"
100840.02,INFO,"Mister pulse started; ON until 100840.27s, cooldown until 100844.27s"
100845.03,INFO,"Mister pulse started; ON until 100845.28s, cooldown until 100849.28s"
100850.04,INFO,"Mister pulse started; ON until 100850.29s, cooldown until 100854.29s"
100855.05,INFO,"Mister pulse started; ON until 100855.30s, cooldown until 100859.30s"
100860.00,INFO,"Mister pulse started; ON until 100860.25s, cooldown until 100864.25s"
100865.01,INFO,"Mister pulse started; ON until 100865.26s, cooldown until 100869.26s"
100870.02,INFO,"Mister pulse started; ON until 100870.27s, cooldown until 100874.27s"
100875.03,INFO,"Mister pulse started; ON until 100875.28s, cooldown until 100879.28s"
100880.04,INFO,"Mister pulse started; ON until 100880.29s, cooldown until 100884.29s"
100885.05,INFO,"Mister pulse started; ON until 100885.30s, cooldown until 100889.30s"
100890.00,INFO,"Mister pulse started; ON until 100890.25s, cooldown until 100894.25s"
100895.01,INFO,"Mister pulse started; ON until 100895.26s, cooldown until 100899.26s"
100900.02,INFO,"Mister pulse started; ON until 100900.27s, cooldown until 100904.27s"
100905.03,INFO,"Mister pulse started; ON until 100905.28s, cooldown until 100909.28s"
100910.04,INFO,"Mister pulse started; ON until 100910.29s, cooldown until 100914.29s"
100915.05,INFO,"Mister pulse started; ON until 100915.30s, cooldown until 100919.30s"
100920.01,INFO,"Mister pulse started; ON until 100920.26s, cooldown until 100924.26s"
100925.02,INFO,"Mister pulse started; ON until 100925.27s, cooldown until 100929.27s"
100930.03,INFO,"Mister pulse started; ON until 100930.28s, cooldown until 100934.28s"
100935.04,INFO,"Mister pulse started; ON until 100935.29s, cooldown until 100939.29s"
100940.04,INFO,"Mister pulse started; ON until 100940.29s, cooldown until 100944.29s"
100945.05,INFO,"Mister pulse started; ON until 100945.30s, cooldown until 100949.30s"
100950.01,INFO,"Mister pulse started; ON until 100950.26s, cooldown until 100954.26s"
100955.02,INFO,"Mister pulse started; ON until 100955.27s, cooldown until 100959.27s"
100960.02,INFO,"Mister pulse started; ON until 100960.27s, cooldown until 100964.27s"
100965.03,INFO,"Mister pulse started; ON until 100965.28s, cooldown until 100969.28s"
100970.04,INFO,"Mister pulse started; ON until 100970.29s, cooldown until 100974.29s"
100975.00,INFO,"Mister pulse started; ON until 100975.25s, cooldown until 100979.25s"
100980.02,INFO,"Mister pulse started; ON until 100980.27s, cooldown until 100984.27s"
100985.03,INFO,"Mister pulse started; ON until 100985.28s, cooldown until 100989.28s"
100990.03,INFO,"Mister pulse started; ON until 100990.28s, cooldown until 100994.28s"
100995.04,INFO,"Mister pulse started; ON until 100995.29s, cooldown until 100999.29s"
101000.05,INFO,"Mister pulse started; ON until 101000.30s, cooldown until 101004.30s"
101005.01,INFO,"Mister pulse started; ON until 101005.26s, cooldown until 101009.26s"
101010.02,INFO,"Mister pulse started; ON until 101010.27s, cooldown until 101014.27s"
101015.03,INFO,"Mister pulse started; ON until 101015.28s, cooldown until 101019.28s"
101020.04,INFO,"Mister pulse started; ON until 101020.29s, cooldown until 101024.29s"
101025.04,INFO,"Mister pulse started; ON until 101025.29s, cooldown until 101029.29s"
101030.05,INFO,"Mister pulse started; ON until 101030.30s, cooldown until 101034.30s"
101035.01,INFO,"Mister pulse started; ON until 101035.26s, cooldown until 101039.26s"
101040.02,INFO,"Mister pulse started; ON until 101040.27s, cooldown until 101044.27s"
101054.01,INFO,"Mister pulse started; ON until 101054.26s, cooldown until 101058.26s"
101061.03,INFO,"Mister pulse started; ON until 101061.28s, cooldown until 101065.28s"
101066.04,INFO,"Mister pulse started; ON until 101066.29s, cooldown until 101070.29s"
101078.02,INFO,"Mister pulse started; ON until 101078.27s, cooldown until 101082.27s"
101083.03,INFO,"Mister pulse started; ON until 101083.28s, cooldown until 101087.28s"
101098.00,INFO,"Mister pulse started; ON until 101098.25s, cooldown until 101102.25s"
101109.04,INFO,"Mister pulse started; ON until 101109.29s, cooldown until 101113.29s"
101114.00,INFO,"Mister pulse started; ON until 101114.25s, cooldown until 101118.25s"
101127.01,INFO,"Mister pulse started; ON until 101127.26s, cooldown until 101131.26s"
101136.04,INFO,"Mister pulse started; ON until 101136.29s, cooldown until 101140.29s"
101147.04,INFO,"Mister pulse started; ON until 101147.29s, cooldown until 101151.29s"
101161.03,INFO,"Mister pulse started; ON until 101161.28s, cooldown until 101165.28s"
101171.05,INFO,"Mister pulse started; ON until 101171.30s, cooldown until 101175.30s"
101185.04,INFO,"Mister pulse started; ON until 101185.29s, cooldown until 101189.29s"
101197.02,INFO,"Mister pulse started; ON until 101197.27s, cooldown until 101201.27s"
101205.02,INFO,"Mister pulse started; ON until 101205.27s, cooldown until 101209.27s"
101211.01,INFO,"Mister pulse started; ON until 101211.26s, cooldown until 101215.26s"
101216.02,INFO,"Mister pulse started; ON until 101216.27s, cooldown until 101220.27s"
101231.05,INFO,"Mister pulse started; ON until 101231.30s, cooldown until 101235.30s"
101242.05,INFO,"Mister pulse started; ON until 101242.30s, cooldown until 101246.30s"
101255.01,INFO,"Mister pulse started; ON until 101255.26s, cooldown until 101259.26s"
101268.02,INFO,"Mister pulse started; ON until 101268.27s, cooldown until 101272.27s"
101273.03,INFO,"Mister pulse started; ON until 101273.28s, cooldown until 101277.28s"
101290.02,INFO,"Mister pulse started; ON until 101290.27s, cooldown until 101294.27s"
101295.02,INFO,"Mister pulse started; ON until 101295.27s, cooldown until 101299.27s"
101306.02,INFO,"Mister pulse started; ON until 101306.27s, cooldown until 101310.27s"
101314.02,INFO,"Mister pulse started; ON until 101314.27s, cooldown until 101318.27s"
101320.01,INFO,"Mister pulse started; ON until 101320.26s, cooldown until 101324.26s"
101337.05,INFO,"Mister pulse started; ON until 101337.30s, cooldown until 101341.30s"
101352.02,INFO,"Mister pulse started; ON until 101352.27s, cooldown until 101356.27s"
101363.01,INFO,"Mister pulse started; ON until 101363.26s, cooldown until 101367.26s"
101373.02,INFO,"Mister pulse started; ON until 101373.27s, cooldown until 101377.27s"
101384.02,INFO,"Mister pulse started; ON until 101384.27s, cooldown until 101388.27s"
101399.04,INFO,"Mister pulse started; ON until 101399.29s, cooldown until 101403.29s"
101411.01,INFO,"Mister pulse started; ON until 101411.26s, cooldown until 101415.26s"
101419.01,INFO,"Mister pulse started; ON until 101419.26s, cooldown until 101423.26s"
101431.05,INFO,"Mister pulse started; ON until 101431.30s, cooldown until 101435.30s"
101442.05,INFO,"Mister pulse started; ON until 101442.30s, cooldown until 101446.30s"
101448.04,INFO,"Mister pulse started; ON until 101448.29s, cooldown until 101452.29s"
101466.00,INFO,"Mister pulse started; ON until 101466.25s, cooldown until 101470.25s"
101471.01,INFO,"Mister pulse started; ON until 101471.26s, cooldown until 101475.26s"
101490.01,INFO,"Mister pulse started; ON until 101490.26s, cooldown until 101494.26s"
101498.02,INFO,"Mister pulse started; ON until 101498.27s, cooldown until 101502.27s"
101508.03,INFO,"Mister pulse started; ON until 101508.28s, cooldown until 101512.28s"
101520.02,INFO,"Mister pulse started; ON until 101520.27s, cooldown until 101524.27s"
101525.03,INFO,"Mister pulse started; ON until 101525.28s, cooldown until 101529.28s"
101542.02,INFO,"Mister pulse started; ON until 101542.27s, cooldown until 101546.27s"
101556.01,INFO,"Mister pulse started; ON until 101556.26s, cooldown until 101560.26s"
101571.03,INFO,"Mister pulse started; ON until 101571.28s, cooldown until 101575.28s"
101581.00,INFO,"Mister pulse started; ON until 101581.25s, cooldown until 101585.25s"
101598.04,INFO,"Mister pulse started; ON until 101598.29s, cooldown until 101602.29s"
101613.01,INFO,"Mister pulse started; ON until 101613.26s, cooldown until 101617.26s"
101629.03,INFO,"Mister pulse started; ON until 101629.28s, cooldown until 101633.28s"
101646.00,INFO,"Mister pulse started; ON until 101646.25s, cooldown until 101650.25s"
101651.01,INFO,"Mister pulse started; ON until 101651.26s, cooldown until 101655.26s"
101667.01,INFO,"Mister pulse started; ON until 101667.26s, cooldown until 101671.26s"
101681.00,INFO,"Mister pulse started; ON until 101681.25s, cooldown until 101685.25s"
101694.01,INFO,"Mister pulse started; ON until 101694.26s, cooldown until 101698.26s"
101699.02,INFO,"Mister pulse started; ON until 101699.27s, cooldown until 101703.27s"
101715.03,INFO,"Mister pulse started; ON until 101715.28s, cooldown until 101719.28s"
101729.02,INFO,"Mister pulse started; ON until 101729.27s, cooldown until 101733.27s"
101740.02,INFO,"Mister pulse started; ON until 101740.27s, cooldown until 101744.27s"
101757.01,INFO,"Mister pulse started; ON until 101757.26s, cooldown until 101761.26s"
101763.05,INFO,"Mister pulse started; ON until 101763.30s, cooldown until 101767.30s"
101779.01,INFO,"Mister pulse started; ON until 101779.26s, cooldown until 101783.26s"
101797.02,INFO,"Mister pulse started; ON until 101797.27s, cooldown until 101801.27s"
101802.03,INFO,"Mister pulse started; ON until 101802.28s, cooldown until 101806.28s"
101820.05,INFO,"Mister pulse started; ON until 101820.30s, cooldown until 101824.30s"
101835.02,INFO,"Mister pulse started; ON until 101835.27s, cooldown until 101839.27s"
101852.00,INFO,"Mister pulse started; ON until 101852.25s, cooldown until 101856.25s"
101857.01,INFO,"Mister pulse started; ON until 101857.26s, cooldown until 101861.26s"
101874.00,INFO,"Mister pulse started; ON until 101874.25s, cooldown until 101878.25s"
101891.03,INFO,"Mister pulse started; ON until 101891.28s, cooldown until 101895.28s"
101907.04,INFO,"Mister pulse started; ON until 101907.29s, cooldown until 101911.29s"
101912.05,INFO,"Mister pulse started; ON until 101912.30s, cooldown until 101916.30s"
101917.00,INFO,"Mister pulse started; ON until 101917.25s, cooldown until 101921.25s"
101922.02,INFO,"Mister pulse started; ON until 101922.27s, cooldown until 101926.27s"
101927.02,INFO,"Mister pulse started; ON until 101927.27s, cooldown until 101931.27s"
101932.03,INFO,"Mister pulse started; ON until 101932.28s, cooldown until 101936.28s"
101937.04,INFO,"Mister pulse started; ON until 101937.29s, cooldown until 101941.29s"
101942.05,INFO,"Mister pulse started; ON until 101942.30s, cooldown until 101946.30s"
101947.01,INFO,"Mister pulse started; ON until 101947.26s, cooldown until 101951.26s"
101952.02,INFO,"Mister pulse started; ON until 101952.27s, cooldown until 101956.27s"
101957.02,INFO,"Mister pulse started; ON until 101957.27s, cooldown until 101961.27s"
101962.04,INFO,"Mister pulse started; ON until 101962.29s, cooldown until 101966.29s"
101967.01,INFO,"Mister pulse started; ON until 101967.26s, cooldown until 101971.26s"
101972.02,INFO,"Mister pulse started; ON until 101972.27s, cooldown until 101976.27s"
101977.02,INFO,"Mister pulse started; ON until 101977.27s, cooldown until 101981.27s"
101982.03,INFO,"Mister pulse started; ON until 101982.28s, cooldown until 101986.28s"
101987.04,INFO,"Mister pulse started; ON until 101987.29s, cooldown until 101991.29s"
101992.05,INFO,"Mister pulse started; ON until 101992.30s, cooldown until 101996.30s"
101997.01,INFO,"Mister pulse started; ON until 101997.26s, cooldown until 102001.26s"
102002.02,INFO,"Mister pulse started; ON until 102002.27s, cooldown until 102006.27s"
102007.02,INFO,"Mister pulse started; ON until 102007.27s, cooldown until 102011.27s"
102012.03,INFO,"Mister pulse started; ON until 102012.28s, cooldown until 102016.28s"
102017.04,INFO,"Mister pulse started; ON until 102017.29s, cooldown until 102021.29s"
102022.05,INFO,"Mister pulse started; ON until 102022.30s, cooldown until 102026.30s"
102027.05,INFO,"Mister pulse started; ON until 102027.30s, cooldown until 102031.30s"
102032.01,INFO,"Mister pulse started; ON until 102032.26s, cooldown until 102036.26s"
102037.02,INFO,"Mister pulse started; ON until 102037.27s, cooldown until 102041.27s"
102042.03,INFO,"Mister pulse started; ON until 102042.28s, cooldown until 102046.28s"
102047.04,INFO,"Mister pulse started; ON until 102047.29s, cooldown until 102051.29s"
102052.05,INFO,"Mister pulse started; ON until 102052.30s, cooldown until 102056.30s"
102057.00,INFO,"Mister pulse started; ON until 102057.25s, cooldown until 102061.25s"
102062.01,INFO,"Mister pulse started; ON until 102062.26s, cooldown until 102066.26s"
102067.02,INFO,"Mister pulse started; ON until 102067.27s, cooldown until 102071.27s"
102072.03,INFO,"Mister pulse started; ON until 102072.28s, cooldown until 102076.28s"
102077.03,INFO,"Mister pulse started; ON until 102077.28s, cooldown until 102081.28s"
102082.04,INFO,"Mister pulse started; ON until 102082.29s, cooldown until 102086.29s"
102087.05,INFO,"Mister pulse started; ON until 102087.30s, cooldown until 102091.30s"
102092.01,INFO,"Mister pulse started; ON until 102092.26s, cooldown until 102096.26s"
102097.01,INFO,"Mister pulse started; ON until 102097.26s, cooldown until 102101.26s"
102102.02,INFO,"Mister pulse started; ON until 102102.27s, cooldown until 102106.27s"
102107.03,INFO,"Mister pulse started; ON until 102107.28s, cooldown until 102111.28s"
102112.04,INFO,"Mister pulse started; ON until 102112.29s, cooldown until 102116.29s"
102117.04,INFO,"Mister pulse started; ON until 102117.29s, cooldown until 102121.29s"
102122.05,INFO,"Mister pulse started; ON until 102122.30s, cooldown until 102126.30s"
102127.01,INFO,"Mister pulse started; ON until 102127.26s, cooldown until 102131.26s"
102132.02,INFO,"Mister pulse started; ON until 102132.27s, cooldown until 102136.27s"
102137.03,INFO,"Mister pulse started; ON until 102137.28s, cooldown until 102141.28s"
102142.04,INFO,"Mister pulse started; ON until 102142.29s, cooldown until 102146.29s"
102147.04,INFO,"Mister pulse started; ON until 102147.29s, cooldown until 102151.29s"
102152.01,INFO,"Mister pulse started; ON until 102152.26s, cooldown until 102156.26s"
102157.02,INFO,"Mister pulse started; ON until 102157.27s, cooldown until 102161.27s"
102162.02,INFO,"Mister pulse started; ON until 102162.27s, cooldown until 102166.27s"
102167.04,INFO,"Mister pulse started; ON until 102167.29s, cooldown until 102171.29s"
102172.04,INFO,"Mister pulse started; ON until 102172.29s, cooldown until 102176.29s"
102177.05,INFO,"Mister pulse started; ON until 102177.30s, cooldown until 102181.30s"
102182.01,INFO,"Mister pulse started; ON until 102182.26s, cooldown until 102186.26s"
102187.02,INFO,"Mister pulse started; ON until 102187.27s, cooldown until 102191.27s"
102192.03,INFO,"Mister pulse started; ON until 102192.28s, cooldown until 102196.28s"
102197.04,INFO,"Mister pulse started; ON until 102197.29s, cooldown until 102201.29s"
102202.05,INFO,"Mister pulse started; ON until 102202.30s, cooldown until 102206.30s"
102207.00,INFO,"Mister pulse started; ON until 102207.25s, cooldown until 102211.25s"
102212.02,INFO,"Mister pulse started; ON until 102212.27s, cooldown until 102216.27s"
102217.02,INFO,"Mister pulse started; ON until 102217.27s, cooldown until 102221.27s"
102222.03,INFO,"Mister pulse started; ON until 102222.28s, cooldown until 102226.28s"
102227.04,INFO,"Mister pulse started; ON until 102227.29s, cooldown until 102231.29s"
102232.05,INFO,"Mister pulse started; ON until 102232.30s, cooldown until 102236.30s"
102237.01,INFO,"Mister pulse started; ON until 102237.26s, cooldown until 102241.26s"
102242.01,INFO,"Mister pulse started; ON until 102242.26s, cooldown until 102246.26s"
102247.02,INFO,"Mister pulse started; ON until 102247.27s, cooldown until 102251.27s"
102252.03,INFO,"Mister pulse started; ON until 102252.28s, cooldown until 102256.28s"
102257.04,INFO,"Mister pulse started; ON until 102257.29s, cooldown until 102261.29s"
102262.05,INFO,"Mister pulse started; ON until 102262.30s, cooldown until 102266.30s"
102267.01,INFO,"Mister pulse started; ON until 102267.26s, cooldown until 102271.26s"
102272.02,INFO,"Mister pulse started; ON until 102272.27s, cooldown until 102276.27s"
102277.03,INFO,"Mister pulse started; ON until 102277.28s, cooldown until 102281.28s"
102282.03,INFO,"Mister pulse started; ON until 102282.28s, cooldown until 102286.28s"
102287.04,INFO,"Mister pulse started; ON until 102287.29s, cooldown until 102291.29s"
102292.01,INFO,"Mister pulse started; ON until 102292.26s, cooldown until 102296.26s"
102297.01,INFO,"Mister pulse started; ON until 102297.26s, cooldown until 102301.26s"
102302.02,INFO,"Mister pulse started; ON until 102302.27s, cooldown until 102306.27s"
102307.03,INFO,"Mister pulse started; ON until 102307.28s, cooldown until 102311.28s"
102312.03,INFO,"Mister pulse started; ON until 102312.28s, cooldown until 102316.28s"
102317.04,INFO,"Mister pulse started; ON until 102317.29s, cooldown until 102321.29s"
102322.05,INFO,"Mister pulse started; ON until 102322.30s, cooldown until 102326.30s"
102327.01,INFO,"Mister pulse started; ON until 102327.26s, cooldown until 102331.26s"
102332.02,INFO,"Mister pulse started; ON until 102332.27s, cooldown until 102336.27s"
102337.02,INFO,"Mister pulse started; ON until 102337.27s, cooldown until 102341.27s"
102342.02,INFO,"Mister pulse started; ON until 102342.27s, cooldown until 102346.27s"
102347.03,INFO,"Mister pulse started; ON until 102347.28s, cooldown until 102351.28s"
102352.05,INFO,"Mister pulse started; ON until 102352.30s, cooldown until 102356.30s"
102357.00,INFO,"Mister pulse started; ON until 102357.25s, cooldown until 102361.25s"
102362.02,INFO,"Mister pulse started; ON until 102362.27s, cooldown until 102366.27s"
102367.02,INFO,"Mister pulse started; ON until 102367.27s, cooldown until 102371.27s"
102372.03,INFO,"Mister pulse started; ON until 102372.28s, cooldown until 102376.28s"
102377.04,INFO,"Mister pulse started; ON until 102377.29s, cooldown until 102381.29s"
102382.05,INFO,"Mister pulse started; ON until 102382.30s, cooldown until 102386.30s"
102387.01,INFO,"Mister pulse started; ON until 102387.26s, cooldown until 102391.26s"
102392.02,INFO,"Mister pulse started; ON until 102392.27s, cooldown until 102396.27s"
102397.02,INFO,"Mister pulse started; ON until 102397.27s, cooldown until 102401.27s"
102402.04,INFO,"Mister pulse started; ON until 102402.29s, cooldown until 102406.29s"
102407.04,INFO,"Mister pulse started; ON until 102407.29s, cooldown until 102411.29s"
102412.00,INFO,"Mister pulse started; ON until 102412.25s, cooldown until 102416.25s"
102417.02,INFO,"Mister pulse started; ON until 102417.27s, cooldown until 102421.27s"
102422.02,INFO,"Mister pulse started; ON until 102422.27s, cooldown until 102426.27s"
102427.03,INFO,"Mister pulse started; ON until 102427.28s, cooldown until 102431.28s"
102432.04,INFO,"Mister pulse started; ON until 102432.29s, cooldown until 102436.29s"
102437.05,INFO,"Mister pulse started; ON until 102437.30s, cooldown until 102441.30s"
102442.01,INFO,"Mister pulse started; ON until 102442.26s, cooldown until 102446.26s"
102447.01,INFO,"Mister pulse started; ON until 102447.26s, cooldown until 102451.26s"
102452.02,INFO,"Mister pulse started; ON until 102452.27s, cooldown until 102456.27s"
102457.04,INFO,"Mister pulse started; ON until 102457.29s, cooldown until 102461.29s"
102462.04,INFO,"Mister pulse started; ON until 102462.29s, cooldown until 102466.29s"
102467.05,INFO,"Mister pulse started; ON until 102467.30s, cooldown until 102471.30s"
102472.01,INFO,"Mister pulse started; ON until 102472.26s, cooldown until 102476.26s"
102477.02,INFO,"Mister pulse started; ON until 102477.27s, cooldown until 102481.27s"
102482.03,INFO,"Mister pulse started; ON until 102482.28s, cooldown until 102486.28s"
102487.03,INFO,"Mister pulse started; ON until 102487.28s, cooldown until 102491.28s"
102492.03,INFO,"Mister pulse started; ON until 102492.28s, cooldown until 102496.28s"
102497.04,INFO,"Mister pulse started; ON until 102497.29s, cooldown until 102501.29s"
102502.00,INFO,"Mister pulse started; ON until 102502.25s, cooldown until 102506.25s"
102507.00,INFO,"Mister pulse started; ON until 102507.25s, cooldown until 102511.25s"
102512.01,INFO,"Mister pulse started; ON until 102512.26s, cooldown until 102516.26s"
102517.02,INFO,"Mister pulse started; ON until 102517.27s, cooldown until 102521.27s"
102522.03,INFO,"Mister pulse started; ON until 102522.28s, cooldown until 102526.28s"
102527.03,INFO,"Mister pulse started; ON until 102527.28s, cooldown until 102531.28s"
102532.04,INFO,"Mister pulse started; ON until 102532.29s, cooldown until 102536.29s"
102537.01,INFO,"Mister pulse started; ON until 102537.26s, cooldown until 102541.26s"
102542.01,INFO,"Mister pulse started; ON until 102542.26s, cooldown until 102546.26s"
102547.02,INFO,"Mister pulse started; ON until 102547.27s, cooldown until 102551.27s"
102552.03,INFO,"Mister pulse started; ON until 102552.28s, cooldown until 102556.28s"
102557.04,INFO,"Mister pulse started; ON until 102557.29s, cooldown until 102561.29s"
102562.05,INFO,"Mister pulse started; ON until 102562.30s, cooldown until 102566.30s"
102567.01,INFO,"Mister pulse started; ON until 102567.26s, cooldown until 102571.26s"
102572.02,INFO,"Mister pulse started; ON until 102572.27s, cooldown until 102576.27s"
102577.03,INFO,"Mister pulse started; ON until 102577.28s, cooldown until 102581.28s"
102582.04,INFO,"Mister pulse started; ON until 102582.29s, cooldown until 102586.29s"
102587.05,INFO,"Mister pulse started; ON until 102587.30s, cooldown until 102591.30s"
102592.01,INFO,"Mister pulse started; ON until 102592.26s, cooldown until 102596.26s"
102597.01,INFO,"Mister pulse started; ON until 102597.26s, cooldown until 102601.26s"
102602.02,INFO,"Mister pulse started; ON until 102602.27s, cooldown until 102606.27s"
102607.03,INFO,"Mister pulse started; ON until 102607.28s, cooldown until 102611.28s"
102612.04,INFO,"Mister pulse started; ON until 102612.29s, cooldown until 102616.29s"
102617.00,INFO,"Mister pulse started; ON until 102617.25s, cooldown until 102621.25s"
102622.01,INFO,"Mister pulse started; ON until 102622.26s, cooldown until 102626.26s"
102627.02,INFO,"Mister pulse started; ON until 102627.27s, cooldown until 102631.27s"
102632.03,INFO,"Mister pulse started; ON until 102632.28s, cooldown until 102636.28s"
102637.03,INFO,"Mister pulse started; ON until 102637.28s, cooldown until 102641.28s"
102642.04,INFO,"Mister pulse started; ON until 102642.29s, cooldown until 102646.29s"
102647.05,INFO,"Mister pulse started; ON until 102647.30s, cooldown until 102651.30s"
102652.01,INFO,"Mister pulse started; ON until 102652.26s, cooldown until 102656.26s"
102657.01,INFO,"Mister pulse started; ON until 102657.26s, cooldown until 102661.26s"
102662.02,INFO,"Mister pulse started; ON until 102662.27s, cooldown until 102666.27s"
102667.03,INFO,"Mister pulse started; ON until 102667.28s, cooldown until 102671.28s"
102672.04,INFO,"Mister pulse started; ON until 102672.29s, cooldown until 102676.29s"
102677.05,INFO,"Mister pulse started; ON until 102677.30s, cooldown until 102681.30s"
102682.01,INFO,"Mister pulse started; ON until 102682.26s, cooldown until 102686.26s"
102687.02,INFO,"Mister pulse started; ON until 102687.27s, cooldown until 102691.27s"
102692.02,INFO,"Mister pulse started; ON until 102692.27s, cooldown until 102696.27s"
102697.03,INFO,"Mister pulse started; ON until 102697.28s, cooldown until 102701.28s"
102702.04,INFO,"Mister pulse started; ON until 102702.29s, cooldown until 102706.29s"
102707.05,INFO,"Mister pulse started; ON until 102707.30s, cooldown until 102711.30s"
102712.01,INFO,"Mister pulse started; ON until 102712.26s, cooldown until 102716.26s"
102717.02,INFO,"Mister pulse started; ON until 102717.27s, cooldown until 102721.27s"
102722.03,INFO,"Mister pulse started; ON until 102722.28s, cooldown until 102726.28s"
102727.04,INFO,"Mister pulse started; ON until 102727.29s, cooldown until 102731.29s"
102732.04,INFO,"Mister pulse started; ON until 102732.29s, cooldown until 102736.29s"
102737.00,INFO,"Mister pulse started; ON until 102737.25s, cooldown until 102741.25s"
102742.01,INFO,"Mister pulse started; ON until 102742.26s, cooldown until 102746.26s"
102747.02,INFO,"Mister pulse started; ON until 102747.27s, cooldown until 102751.27s"
102752.03,INFO,"Mister pulse started; ON until 102752.28s, cooldown until 102756.28s"
102757.04,INFO,"Mister pulse started; ON until 102757.29s, cooldown until 102761.29s"
102762.04,INFO,"Mister pulse started; ON until 102762.29s, cooldown until 102766.29s"
102767.05,INFO,"Mister pulse started; ON until 102767.30s, cooldown until 102771.30s"
102772.01,INFO,"Mister pulse started; ON until 102772.26s, cooldown until 102776.26s"
102777.02,INFO,"Mister pulse started; ON until 102777.27s, cooldown until 102781.27s"
102782.03,INFO,"Mister pulse started; ON until 102782.28s, cooldown until 102786.28s"
102787.04,INFO,"Mister pulse started; ON until 102787.29s, cooldown until 102791.29s"
102792.05,INFO,"Mister pulse started; ON until 102792.30s, cooldown until 102796.30s"
102797.01,INFO,"Mister pulse started; ON until 102797.26s, cooldown until 102801.26s"
102802.01,INFO,"Mister pulse started; ON until 102802.26s, cooldown until 102806.26s"
102807.02,INFO,"Mister pulse started; ON until 102807.27s, cooldown until 102811.27s"
102812.03,INFO,"Mister pulse started; ON until 102812.28s, cooldown until 102816.28s"
102817.04,INFO,"Mister pulse started; ON until 102817.29s, cooldown until 102821.29s"
102822.05,INFO,"Mister pulse started; ON until 102822.30s, cooldown until 102826.30s"
102827.01,INFO,"Mister pulse started; ON until 102827.26s, cooldown until 102831.26s"
102832.02,INFO,"Mister pulse started; ON until 102832.27s, cooldown until 102836.27s"
102837.03,INFO,"Mister pulse started; ON until 102837.28s, cooldown until 102841.28s"
102842.04,INFO,"Mister pulse started; ON until 102842.29s, cooldown until 102846.29s"
102847.04,INFO,"Mister pulse started; ON until 102847.29s, cooldown until 102851.29s"
102852.01,INFO,"Mister pulse started; ON until 102852.26s, cooldown until 102856.26s"
102857.01,INFO,"Mister pulse started; ON until 102857.26s, cooldown until 102861.26s"
102862.02,INFO,"Mister pulse started; ON until 102862.27s, cooldown until 102866.27s"
102867.03,INFO,"Mister pulse started; ON until 102867.28s, cooldown until 102871.28s"
102872.03,INFO,"Mister pulse started; ON until 102872.28s, cooldown until 102876.28s"
102877.04,INFO,"Mister pulse started; ON until 102877.29s, cooldown until 102881.29s"
102882.00,INFO,"Mister pulse started; ON until 102882.25s, cooldown until 102886.25s"
102887.01,INFO,"Mister pulse started; ON until 102887.26s, cooldown until 102891.26s"
102892.02,INFO,"Mister pulse started; ON until 102892.27s, cooldown until 102896.27s"
102897.03,INFO,"Mister pulse started; ON until 102897.28s, cooldown until 102901.28s"
102902.03,INFO,"Mister pulse started; ON until 102902.28s, cooldown until 102906.28s"
102907.04,INFO,"Mister pulse started; ON until 102907.29s, cooldown until 102911.29s"
102912.00,INFO,"Mister pulse started; ON until 102912.25s, cooldown until 102916.25s"
102917.01,INFO,"Mister pulse started; ON until 102917.26s, cooldown until 102921.26s"
102922.02,INFO,"Mister pulse started; ON until 102922.27s, cooldown until 102926.27s"
102927.02,INFO,"Mister pulse started; ON until 102927.27s, cooldown until 102931.27s"
102932.03,INFO,"Mister pulse started; ON until 102932.28s, cooldown until 102936.28s"
102937.04,INFO,"Mister pulse started; ON until 102937.29s, cooldown until 102941.29s"
102942.04,INFO,"Mister pulse started; ON until 102942.29s, cooldown until 102946.29s"
102947.01,INFO,"Mister pulse started; ON until 102947.26s, cooldown until 102951.26s"
102952.01,INFO,"Mister pulse started; ON until 102952.26s, cooldown until 102956.26s"
102957.02,INFO,"Mister pulse started; ON until 102957.27s, cooldown until 102961.27s"
102962.03,INFO,"Mister pulse started; ON until 102962.28s, cooldown until 102966.28s"
102967.04,INFO,"Mister pulse started; ON until 102967.29s, cooldown until 102971.29s"
102972.05,INFO,"Mister pulse started; ON until 102972.30s, cooldown until 102976.30s"
102977.00,INFO,"Mister pulse started; ON until 102977.25s, cooldown until 102981.25s"
102982.01,INFO,"Mister pulse started; ON until 102982.26s, cooldown until 102986.26s"
102987.02,INFO,"Mister pulse started; ON until 102987.27s, cooldown until 102991.27s"
102992.03,INFO,"Mister pulse started; ON until 102992.28s, cooldown until 102996.28s"
102997.04,INFO,"Mister pulse started; ON until 102997.29s, cooldown until 103001.29s"
103002.05,INFO,"Mister pulse started; ON until 103002.30s, cooldown until 103006.30s"
103007.00,INFO,"Mister pulse started; ON until 103007.25s, cooldown until 103011.25s"
103012.01,INFO,"Mister pulse started; ON until 103012.26s, cooldown until 103016.26s"
103017.02,INFO,"Mister pulse started; ON until 103017.27s, cooldown until 103021.27s"
103022.03,INFO,"Mister pulse started; ON until 103022.28s, cooldown until 103026.28s"
103027.04,INFO,"Mister pulse started; ON until 103027.29s, cooldown until 103031.29s"
103032.05,INFO,"Mister pulse started; ON until 103032.30s, cooldown until 103036.30s"
103037.00,INFO,"Mister pulse started; ON until 103037.25s, cooldown until 103041.25s"
103042.02,INFO,"Mister pulse started; ON until 103042.27s, cooldown until 103046.27s"
103047.02,INFO,"Mister pulse started; ON until 103047.27s, cooldown until 103051.27s"
103052.03,INFO,"Mister pulse started; ON until 103052.28s, cooldown until 103056.28s"
103057.04,INFO,"Mister pulse started; ON until 103057.29s, cooldown until 103061.29s"
103062.00,INFO,"Mister pulse started; ON until 103062.25s, cooldown until 103066.25s"
103067.01,INFO,"Mister pulse started; ON until 103067.26s, cooldown until 103071.26s"
103072.02,INFO,"Mister pulse started; ON until 103072.27s, cooldown until 103076.27s"
103077.03,INFO,"Mister pulse started; ON until 103077.28s, cooldown until 103081.28s"
103082.04,INFO,"Mister pulse started; ON until 103082.29s, cooldown until 103086.29s"
103087.04,INFO,"Mister pulse started; ON until 103087.29s, cooldown until 103091.29s"
103092.00,INFO,"Mister pulse started; ON until 103092.25s, cooldown until 103096.25s"
103097.01,INFO,"Mister pulse started; ON until 103097.26s, cooldown until 103101.26s"
103102.02,INFO,"Mister pulse started; ON until 103102.27s, cooldown until 103106.27s"
103107.03,INFO,"Mister pulse started; ON until 103107.28s, cooldown until 103111.28s"
103112.04,INFO,"Mister pulse started; ON until 103112.29s, cooldown until 103116.29s"
103117.04,INFO,"Mister pulse started; ON until 103117.29s, cooldown until 103121.29s"
103122.00,INFO,"Mister pulse started; ON until 103122.25s, cooldown until 103126.25s"
103127.01,INFO,"Mister pulse started; ON until 103127.26s, cooldown until 103131.26s"
103132.02,INFO,"Mister pulse started; ON until 103132.27s, cooldown until 103136.27s"
103137.03,INFO,"Mister pulse started; ON until 103137.28s, cooldown until 103141.28s"
103142.04,INFO,"Mister pulse started; ON until 103142.29s, cooldown until 103146.29s"
103147.05,INFO,"Mister pulse started; ON until 103147.30s, cooldown until 103151.30s"
103152.01,INFO,"Mister pulse started; ON until 103152.26s, cooldown until 103156.26s"
103157.02,INFO,"Mister pulse started; ON until 103157.27s, cooldown until 103161.27s"
103162.03,INFO,"Mister pulse started; ON until 103162.28s, cooldown until 103166.28s"
103167.04,INFO,"Mister pulse started; ON until 103167.29s, cooldown until 103171.29s"
103172.04,INFO,"Mister pulse started; ON until 103172.29s, cooldown until 103176.29s"
103177.05,INFO,"Mister pulse started; ON until 103177.30s, cooldown until 103181.30s"
103182.01,INFO,"Mister pulse started; ON until 103182.26s, cooldown until 103186.26s"
103187.01,INFO,"Mister pulse started; ON until 103187.26s, cooldown until 103191.26s"
103192.02,INFO,"Mister pulse started; ON until 103192.27s, cooldown until 103196.27s"
103197.03,INFO,"Mister pulse started; ON until 103197.28s, cooldown until 103201.28s"
103202.04,INFO,"Mister pulse started; ON until 103202.29s, cooldown until 103206.29s"
103207.05,INFO,"Mister pulse started; ON until 103207.30s, cooldown until 103211.30s"
103212.00,INFO,"Mister pulse started; ON until 103212.25s, cooldown until 103216.25s"
103217.01,INFO,"Mister pulse started; ON until 103217.26s, cooldown until 103221.26s"
103222.02,INFO,"Mister pulse started; ON until 103222.27s, cooldown until 103226.27s"
103227.02,INFO,"Mister pulse started; ON until 103227.27s, cooldown until 103231.27s"
103232.04,INFO,"Mister pulse started; ON until 103232.29s, cooldown until 103236.29s"
103237.04,INFO,"Mister pulse started; ON until 103237.29s, cooldown until 103241.29s"
103242.05,INFO,"Mister pulse started; ON until 103242.30s, cooldown until 103246.30s"
103247.00,INFO,"Mister pulse started; ON until 103247.25s, cooldown until 103251.25s"
103252.01,INFO,"Mister pulse started; ON until 103252.26s, cooldown until 103256.26s"
103257.01,INFO,"Mister pulse started; ON until 103257.26s, cooldown until 103261.26s"
103262.02,INFO,"Mister pulse started; ON until 103262.27s, cooldown until 103266.27s"
103267.03,INFO,"Mister pulse started; ON until 103267.28s, cooldown until 103271.28s"
103272.04,INFO,"Mister pulse started; ON until 103272.29s, cooldown until 103276.29s"
103277.04,INFO,"Mister pulse started; ON until 103277.29s, cooldown until 103281.29s"
103282.04,INFO,"Mister pulse started; ON until 103282.29s, cooldown until 103286.29s"
103287.00,INFO,"Mister pulse started; ON until 103287.25s, cooldown until 103291.25s"
103292.01,INFO,"Mister pulse started; ON until 103292.26s, cooldown until 103296.26s"
103297.01,INFO,"Mister pulse started; ON until 103297.26s, cooldown until 103301.26s"
103302.02,INFO,"Mister pulse started; ON until 103302.27s, cooldown until 103306.27s"
103307.03,INFO,"Mister pulse started; ON until 103307.28s, cooldown until 103311.28s"
103312.03,INFO,"Mister pulse started; ON until 103312.28s, cooldown until 103316.28s"
103317.04,INFO,"Mister pulse started; ON until 103317.29s, cooldown until 103321.29s"
103322.05,INFO,"Mister pulse started; ON until 103322.30s, cooldown until 103326.30s"
103327.01,INFO,"Mister pulse started; ON until 103327.26s, cooldown until 103331.26s"
103332.02,INFO,"Mister pulse started; ON until 103332.27s, cooldown until 103336.27s"
103337.02,INFO,"Mister pulse started; ON until 103337.27s, cooldown until 103341.27s"
103342.03,INFO,"Mister pulse started; ON until 103342.28s, cooldown until 103346.28s"
103347.04,INFO,"Mister pulse started; ON until 103347.29s, cooldown until 103351.29s"
103352.05,INFO,"Mister pulse started; ON until 103352.30s, cooldown until 103356.30s"
103357.00,INFO,"Mister pulse started; ON until 103357.25s, cooldown until 103361.25s"
103362.01,INFO,"Mister pulse started; ON until 103362.26s, cooldown until 103366.26s"
103367.02,INFO,"Mister pulse started; ON until 103367.27s, cooldown until 103371.27s"
103372.03,INFO,"Mister pulse started; ON until 103372.28s, cooldown until 103376.28s"
103377.04,INFO,"Mister pulse started; ON until 103377.29s, cooldown until 103381.29s"
103382.01,INFO,"Mister pulse started; ON until 103382.26s, cooldown until 103386.26s"
103387.01,INFO,"Mister pulse started; ON until 103387.26s, cooldown until 103391.26s"
103392.03,INFO,"Mister pulse started; ON until 103392.28s, cooldown until 103396.28s"
103397.03,INFO,"Mister pulse started; ON until 103397.28s, cooldown until 103401.28s"
103402.04,INFO,"Mister pulse started; ON until 103402.29s, cooldown until 103406.29s"
103407.05,INFO,"Mister pulse started; ON until 103407.30s, cooldown until 103411.30s"
103412.01,INFO,"Mister pulse started; ON until 103412.26s, cooldown until 103416.26s"
103417.02,INFO,"Mister pulse started; ON until 103417.27s, cooldown until 103421.27s"
103422.03,INFO,"Mister pulse started; ON until 103422.28s, cooldown until 103426.28s"
103427.04,INFO,"Mister pulse started; ON until 103427.29s, cooldown until 103431.29s"
103432.05,INFO,"Mister pulse started; ON until 103432.30s, cooldown until 103436.30s"
103437.01,INFO,"Mister pulse started; ON until 103437.26s, cooldown until 103441.26s"
103442.01,INFO,"Mister pulse started; ON until 103442.26s, cooldown until 103446.26s"
103447.02,INFO,"Mister pulse started; ON until 103447.27s, cooldown until 103451.27s"
103452.03,INFO,"Mister pulse started; ON until 103452.28s, cooldown until 103456.28s"
103457.04,INFO,"Mister pulse started; ON until 103457.29s, cooldown until 103461.29s"
103462.05,INFO,"Mister pulse started; ON until 103462.30s, cooldown until 103466.30s"
103467.00,INFO,"Mister pulse started; ON until 103467.25s, cooldown until 103471.25s"
103472.01,INFO,"Mister pulse started; ON until 103472.26s, cooldown until 103476.26s"
103477.03,INFO,"Mister pulse started; ON until 103477.28s, cooldown until 103481.28s"
103482.03,INFO,"Mister pulse started; ON until 103482.28s, cooldown until 103486.28s"
103487.00,INFO,"Mister pulse started; ON until 103487.25s, cooldown until 103491.25s"
103492.01,INFO,"Mister pulse started; ON until 103492.26s, cooldown until 103496.26s"
103497.01,INFO,"Mister pulse started; ON until 103497.26s, cooldown until 103501.26s"
103502.02,INFO,"Mister pulse started; ON until 103502.27s, cooldown until 103506.27s"
103507.03,INFO,"Mister pulse started; ON until 103507.28s, cooldown until 103511.28s"
103512.04,INFO,"Mister pulse started; ON until 103512.29s, cooldown until 103516.29s"
103517.05,INFO,"Mister pulse started; ON until 103517.30s, cooldown until 103521.30s"
103522.03,INFO,"Mister pulse started; ON until 103522.28s, cooldown until 103526.28s"
103527.03,INFO,"Mister pulse started; ON until 103527.28s, cooldown until 103531.28s"
103532.04,INFO,"Mister pulse started; ON until 103532.29s, cooldown until 103536.29s"
103537.01,INFO,"Mister pulse started; ON until 103537.26s, cooldown until 103541.26s"
103542.02,INFO,"Mister pulse started; ON until 103542.27s, cooldown until 103546.27s"
103547.03,INFO,"Mister pulse started; ON until 103547.28s, cooldown until 103551.28s"
103552.04,INFO,"Mister pulse started; ON until 103552.29s, cooldown until 103556.29s"
103557.05,INFO,"Mister pulse started; ON until 103557.30s, cooldown until 103561.30s"
103562.01,INFO,"Mister pulse started; ON until 103562.26s, cooldown until 103566.26s"
103567.02,INFO,"Mister pulse started; ON until 103567.27s, cooldown until 103571.27s"
103572.03,INFO,"Mister pulse started; ON until 103572.28s, cooldown until 103576.28s"
103577.04,INFO,"Mister pulse started; ON until 103577.29s, cooldown until 103581.29s"
103582.00,INFO,"Mister pulse started; ON until 103582.25s, cooldown until 103586.25s"
103587.01,INFO,"Mister pulse started; ON until 103587.26s, cooldown until 103591.26s"
103592.03,INFO,"Mister pulse started; ON until 103592.28s, cooldown until 103596.28s"
103597.03,INFO,"Mister pulse started; ON until 103597.28s, cooldown until 103601.28s"
103602.05,INFO,"Mister pulse started; ON until 103602.30s, cooldown until 103606.30s"
103607.00,INFO,"Mister pulse started; ON until 103607.25s, cooldown until 103611.25s"
103612.01,INFO,"Mister pulse started; ON until 103612.26s, cooldown until 103616.26s"
103617.02,INFO,"Mister pulse started; ON until 103617.27s, cooldown until 103621.27s"
103622.03,INFO,"Mister pulse started; ON until 103622.28s, cooldown until 103626.28s"
103627.04,INFO,"Mister pulse started; ON until 103627.29s, cooldown until 103631.29s"
103632.01,INFO,"Mister pulse started; ON until 103632.26s, cooldown until 103636.26s"
103637.02,INFO,"Mister pulse started; ON until 103637.27s, cooldown until 103641.27s"
103642.03,INFO,"Mister pulse started; ON until 103642.28s, cooldown until 103646.28s"
103647.04,INFO,"Mister pulse started; ON until 103647.29s, cooldown until 103651.29s"
103652.05,INFO,"Mister pulse started; ON until 103652.30s, cooldown until 103656.30s"
103657.01,INFO,"Mister pulse started; ON until 103657.26s, cooldown until 103661.26s"
103662.02,INFO,"Mister pulse started; ON until 103662.27s, cooldown until 103666.27s"
103667.03,INFO,"Mister pulse started; ON until 103667.28s, cooldown until 103671.28s"
103672.04,INFO,"Mister pulse started; ON until 103672.29s, cooldown until 103676.29s"
103677.05,INFO,"Mister pulse started; ON until 103677.30s, cooldown until 103681.30s"
103682.01,INFO,"Mister pulse started; ON until 103682.26s, cooldown until 103686.26s"
103687.02,INFO,"Mister pulse started; ON until 103687.27s, cooldown until 103691.27s"
103692.03,INFO,"Mister pulse started; ON until 103692.28s, cooldown until 103696.28s"
103697.04,INFO,"Mister pulse started; ON until 103697.29s, cooldown until 103701.29s"
103702.05,INFO,"Mister pulse started; ON until 103702.30s, cooldown until 103706.30s"
103707.01,INFO,"Mister pulse started; ON until 103707.26s, cooldown until 103711.26s"
103712.01,INFO,"Mister pulse started; ON until 103712.26s, cooldown until 103716.26s"
103717.03,INFO,"Mister pulse started; ON until 103717.28s, cooldown until 103721.28s"
103722.03,INFO,"Mister pulse started; ON until 103722.28s, cooldown until 103726.28s"
103727.04,INFO,"Mister pulse started; ON until 103727.29s, cooldown until 103731.29s"
103732.00,INFO,"Mister pulse started; ON until 103732.25s, cooldown until 103736.25s"
103737.01,INFO,"Mister pulse started; ON until 103737.26s, cooldown until 103741.26s"
103742.03,INFO,"Mister pulse started; ON until 103742.28s, cooldown until 103746.28s"
103747.03,INFO,"Mister pulse started; ON until 103747.28s, cooldown until 103751.28s"
103752.05,INFO,"Mister pulse started; ON until 103752.30s, cooldown until 103756.30s"
103762.02,INFO,"Mister pulse started; ON until 103762.27s, cooldown until 103766.27s"
103767.02,INFO,"Mister pulse started; ON until 103767.27s, cooldown until 103771.27s"
103781.02,INFO,"Mister pulse started; ON until 103781.27s, cooldown until 103785.27s"
103791.03,INFO,"Mister pulse started; ON until 103791.28s, cooldown until 103795.28s"
103796.05,INFO,"Mister pulse started; ON until 103796.30s, cooldown until 103800.30s"
103801.01,INFO,"Mister pulse started; ON until 103801.26s, cooldown until 103805.26s"
103806.01,INFO,"Mister pulse started; ON until 103806.26s, cooldown until 103810.26s"
103811.03,INFO,"Mister pulse started; ON until 103811.28s, cooldown until 103815.28s"
103816.04,INFO,"Mister pulse started; ON until 103816.29s, cooldown until 103820.29s"
103821.05,INFO,"Mister pulse started; ON until 103821.30s, cooldown until 103825.30s"
103826.01,INFO,"Mister pulse started; ON until 103826.26s, cooldown until 103830.26s"
103831.02,INFO,"Mister pulse started; ON until 103831.27s, cooldown until 103835.27s"
103836.04,INFO,"Mister pulse started; ON until 103836.29s, cooldown until 103840.29s"
103841.05,INFO,"Mister pulse started; ON until 103841.30s, cooldown until 103845.30s"
103846.01,INFO,"Mister pulse started; ON until 103846.26s, cooldown until 103850.26s"
103851.02,INFO,"Mister pulse started; ON until 103851.27s, cooldown until 103855.27s"
103856.03,INFO,"Mister pulse started; ON until 103856.28s, cooldown until 103860.28s"
103861.04,INFO,"Mister pulse started; ON until 103861.29s, cooldown until 103865.29s"
103866.05,INFO,"Mister pulse started; ON until 103866.30s, cooldown until 103870.30s"
103871.01,INFO,"Mister pulse started; ON until 103871.26s, cooldown until 103875.26s"
103876.01,INFO,"Mister pulse started; ON until 103876.26s, cooldown until 103880.26s"
103881.03,INFO,"Mister pulse started; ON until 103881.28s, cooldown until 103885.28s"
103886.04,INFO,"Mister pulse started; ON until 103886.29s, cooldown until 103890.29s"
103891.04,INFO,"Mister pulse started; ON until 103891.29s, cooldown until 103895.29s"
103896.05,INFO,"Mister pulse started; ON until 103896.30s, cooldown until 103900.30s"
103901.00,INFO,"Mister pulse started; ON until 103901.25s, cooldown until 103905.25s"
103906.01,INFO,"Mister pulse started; ON until 103906.26s, cooldown until 103910.26s"
103911.02,INFO,"Mister pulse started; ON until 103911.27s, cooldown until 103915.27s"
103916.03,INFO,"Mister pulse started; ON until 103916.28s, cooldown until 103920.28s"
103921.04,INFO,"Mister pulse started; ON until 103921.29s, cooldown until 103925.29s"
103926.00,INFO,"Mister pulse started; ON until 103926.25s, cooldown until 103930.25s"
103931.01,INFO,"Mister pulse started; ON until 103931.26s, cooldown until 103935.26s"
103936.02,INFO,"Mister pulse started; ON until 103936.27s, cooldown until 103940.27s"
103941.03,INFO,"Mister pulse started; ON until 103941.28s, cooldown until 103945.28s"
103946.04,INFO,"Mister pulse started; ON until 103946.29s, cooldown until 103950.29s"
103951.05,INFO,"Mister pulse started; ON until 103951.30s, cooldown until 103955.30s"
103956.01,INFO,"Mister pulse started; ON until 103956.26s, cooldown until 103960.26s"
103961.02,INFO,"Mister pulse started; ON until 103961.27s, cooldown until 103965.27s"
103966.03,INFO,"Mister pulse started; ON until 103966.28s, cooldown until 103970.28s"
103971.04,INFO,"Mister pulse started; ON until 103971.29s, cooldown until 103975.29s"
103976.00,INFO,"Mister pulse started; ON until 103976.25s, cooldown until 103980.25s"
103981.01,INFO,"Mister pulse started; ON until 103981.26s, cooldown until 103985.26s"
103986.02,INFO,"Mister pulse started; ON until 103986.27s, cooldown until 103990.27s"
103991.03,INFO,"Mister pulse started; ON until 103991.28s, cooldown until 103995.28s"
103996.03,INFO,"Mister pulse started; ON until 103996.28s, cooldown until 104000.28s"
104001.05,INFO,"Mister pulse started; ON until 104001.30s, cooldown until 104005.30s"
104006.01,INFO,"Mister pulse started; ON until 104006.26s, cooldown until 104010.26s"
104011.02,INFO,"Mister pulse started; ON until 104011.27s, cooldown until 104015.27s"
104016.03,INFO,"Mister pulse started; ON until 104016.28s, cooldown until 104020.28s"
104021.04,INFO,"Mister pulse started; ON until 104021.29s, cooldown until 104025.29s"
104026.00,INFO,"Mister pulse started; ON until 104026.25s, cooldown until 104030.25s"
104031.01,INFO,"Mister pulse started; ON until 104031.26s, cooldown until 104035.26s"
104036.02,INFO,"Mister pulse started; ON until 104036.27s, cooldown until 104040.27s"
104041.03,INFO,"Mister pulse started; ON until 104041.28s, cooldown until 104045.28s"
104046.04,INFO,"Mister pulse started; ON until 104046.29s, cooldown until 104050.29s"
104051.05,INFO,"Mister pulse started; ON until 104051.30s, cooldown until 104055.30s"
104056.02,INFO,"Mister pulse started; ON until 104056.27s, cooldown until 104060.27s"
104061.03,INFO,"Mister pulse started; ON until 104061.28s, cooldown until 104065.28s"
104066.04,INFO,"Mister pulse started; ON until 104066.29s, cooldown until 104070.29s"
104071.05,INFO,"Mister pulse started; ON until 104071.30s, cooldown until 104075.30s"
104076.01,INFO,"Mister pulse started; ON until 104076.26s, cooldown until 104080.26s"
104081.02,INFO,"Mister pulse started; ON until 104081.27s, cooldown until 104085.27s"
104086.03,INFO,"Mister pulse started; ON until 104086.28s, cooldown until 104090.28s"
104091.04,INFO,"Mister pulse started; ON until 104091.29s, cooldown until 104095.29s"
104096.04,INFO,"Mister pulse started; ON until 104096.29s, cooldown until 104100.29s"
104101.00,INFO,"Mister pulse started; ON until 104101.25s, cooldown until 104105.25s"
104106.01,INFO,"Mister pulse started; ON until 104106.26s, cooldown until 104110.26s"
104111.02,INFO,"Mister pulse started; ON until 104111.27s, cooldown until 104115.27s"
104116.03,INFO,"Mister pulse started; ON until 104116.28s, cooldown until 104120.28s"
104121.04,INFO,"Mister pulse started; ON until 104121.29s, cooldown until 104125.29s"
104126.05,INFO,"Mister pulse started; ON until 104126.30s, cooldown until 104130.30s"
104131.00,INFO,"Mister pulse started; ON until 104131.25s, cooldown until 104135.25s"
104136.01,INFO,"Mister pulse started; ON until 104136.26s, cooldown until 104140.26s"
104141.02,INFO,"Mister pulse started; ON until 104141.27s, cooldown until 104145.27s"
104146.03,INFO,"Mister pulse started; ON until 104146.28s, cooldown until 104150.28s"
104151.04,INFO,"Mister pulse started; ON until 104151.29s, cooldown until 104155.29s"
104156.05,INFO,"Mister pulse started; ON until 104156.30s, cooldown until 104160.30s"
104161.00,INFO,"Mister pulse started; ON until 104161.25s, cooldown until 104165.25s"
104166.01,INFO,"Mister pulse started; ON until 104166.26s, cooldown until 104170.26s"
104171.02,INFO,"Mister pulse started; ON until 104171.27s, cooldown until 104175.27s"
104176.03,INFO,"Mister pulse started; ON until 104176.28s, cooldown until 104180.28s"
104181.04,INFO,"Mister pulse started; ON until 104181.29s, cooldown until 104185.29s"
104186.00,INFO,"Mister pulse started; ON until 104186.25s, cooldown until 104190.25s"
104191.01,INFO,"Mister pulse started; ON until 104191.26s, cooldown until 104195.26s"
104196.02,INFO,"Mister pulse started; ON until 104196.27s, cooldown until 104200.27s"
104201.03,INFO,"Mister pulse started; ON until 104201.28s, cooldown until 104205.28s"
104206.04,INFO,"Mister pulse started; ON until 104206.29s, cooldown until 104210.29s"
104211.00,INFO,"Mister pulse started; ON until 104211.25s, cooldown until 104215.25s"
104216.01,INFO,"Mister pulse started; ON until 104216.26s, cooldown until 104220.26s"
104221.02,INFO,"Mister pulse started; ON until 104221.27s, cooldown until 104225.27s"
104226.03,INFO,"Mister pulse started; ON until 104226.28s, cooldown until 104230.28s"
104231.04,INFO,"Mister pulse started; ON until 104231.29s, cooldown until 104235.29s"
104236.05,INFO,"Mister pulse started; ON until 104236.30s, cooldown until 104240.30s"
104241.01,INFO,"Mister pulse started; ON until 104241.26s, cooldown until 104245.26s"
104246.01,INFO,"Mister pulse started; ON until 104246.26s, cooldown until 104250.26s"
104251.02,INFO,"Mister pulse started; ON until 104251.27s, cooldown until 104255.27s"
104256.03,INFO,"Mister pulse started; ON until 104256.28s, cooldown until 104260.28s"
104261.04,INFO,"Mister pulse started; ON until 104261.29s, cooldown until 104265.29s"
104266.05,INFO,"Mister pulse started; ON until 104266.30s, cooldown until 104270.30s"
104271.00,INFO,"Mister pulse started; ON until 104271.25s, cooldown until 104275.25s"
104276.01,INFO,"Mister pulse started; ON until 104276.26s, cooldown until 104280.26s"
104281.02,INFO,"Mister pulse started; ON until 104281.27s, cooldown until 104285.27s"
104286.02,INFO,"Mister pulse started; ON until 104286.27s, cooldown until 104290.27s"
104291.04,INFO,"Mister pulse started; ON until 104291.29s, cooldown until 104295.29s"
104305.03,INFO,"Mister pulse started; ON until 104305.28s, cooldown until 104309.28s"
104317.01,INFO,"Mister pulse started; ON until 104317.26s, cooldown until 104321.26s"
104325.01,INFO,"Mister pulse started; ON until 104325.26s, cooldown until 104329.26s"
104335.03,INFO,"Mister pulse started; ON until 104335.28s, cooldown until 104339.28s"
104344.01,INFO,"Mister pulse started; ON until 104344.26s, cooldown until 104348.26s"
104358.00,INFO,"Mister pulse started; ON until 104358.25s, cooldown until 104362.25s"
104367.04,INFO,"Mister pulse started; ON until 104367.29s, cooldown until 104371.29s"
104378.04,INFO,"Mister pulse started; ON until 104378.29s, cooldown until 104382.29s"
104393.02,INFO,"Mister pulse started; ON until 104393.27s, cooldown until 104397.27s"
104408.04,INFO,"Mister pulse started; ON until 104408.29s, cooldown until 104412.29s"
104421.05,INFO,"Mister pulse started; ON until 104421.30s, cooldown until 104425.30s"
104426.01,INFO,"Mister pulse started; ON until 104426.26s, cooldown until 104430.26s"
104437.00,INFO,"Mister pulse started; ON until 104437.25s, cooldown until 104441.25s"
104448.00,INFO,"Mister pulse started; ON until 104448.25s, cooldown until 104452.25s"
104465.03,INFO,"Mister pulse started; ON until 104465.28s, cooldown until 104469.28s"
104478.05,INFO,"Mister pulse started; ON until 104478.30s, cooldown until 104482.30s"
104490.03,INFO,"Mister pulse started; ON until 104490.28s, cooldown until 104494.28s"
104495.03,INFO,"Mister pulse started; ON until 104495.28s, cooldown until 104499.28s"
104513.05,INFO,"Mister pulse started; ON until 104513.30s, cooldown until 104517.30s"
104527.05,INFO,"Mister pulse started; ON until 104527.30s, cooldown until 104531.30s"
104541.04,INFO,"Mister pulse started; ON until 104541.29s, cooldown until 104545.29s"
104554.00,INFO,"Mister pulse started; ON until 104554.25s, cooldown until 104558.25s"
104559.02,INFO,"Mister pulse started; ON until 104559.27s, cooldown until 104563.27s"
104579.05,INFO,"Mister pulse started; ON until 104579.30s, cooldown until 104583.30s"
104587.05,INFO,"Mister pulse started; ON until 104587.30s, cooldown until 104591.30s"
104599.03,INFO,"Mister pulse started; ON until 104599.28s, cooldown until 104603.28s"
104614.00,INFO,"Mister pulse started; ON until 104614.25s, cooldown until 104618.25s"
104631.04,INFO,"Mister pulse started; ON until 104631.29s, cooldown until 104635.29s"
104648.03,INFO,"Mister pulse started; ON until 104648.28s, cooldown until 104652.28s"
104653.04,INFO,"Mister pulse started; ON until 104653.29s, cooldown until 104657.29s"
104670.03,INFO,"Mister pulse started; ON until 104670.28s, cooldown until 104674.28s"
104687.02,INFO,"Mister pulse started; ON until 104687.27s, cooldown until 104691.27s"
104692.03,INFO,"Mister pulse started; ON until 104692.28s, cooldown until 104696.28s"
104711.04,INFO,"Mister pulse started; ON until 104711.29s, cooldown until 104715.29s"
104716.01,INFO,"Mister pulse started; ON until 104716.26s, cooldown until 104720.26s"
104736.04,INFO,"Mister pulse started; ON until 104736.29s, cooldown until 104740.29s"
104741.00,INFO,"Mister pulse started; ON until 104741.25s, cooldown until 104745.25s"
104754.02,INFO,"Mister pulse started; ON until 104754.27s, cooldown until 104758.27s"
104769.00,INFO,"Mister pulse started; ON until 104769.25s, cooldown until 104773.25s"
104783.00,INFO,"Mister pulse started; ON until 104783.25s, cooldown until 104787.25s"
104797.04,INFO,"Mister pulse started; ON until 104797.29s, cooldown until 104801.29s"
104802.01,INFO,"Mister pulse started; ON until 104802.26s, cooldown until 104806.26s"
104822.04,INFO,"Mister pulse started; ON until 104822.29s, cooldown until 104826.29s"
104828.03,INFO,"Mister pulse started; ON until 104828.28s, cooldown until 104832.28s"
104840.02,INFO,"Mister pulse started; ON until 104840.27s, cooldown until 104844.27s"
104856.03,INFO,"Mister pulse started; ON until 104856.28s, cooldown until 104860.28s"
104871.05,INFO,"Mister pulse started; ON until 104871.30s, cooldown until 104875.30s"
104885.04,INFO,"Mister pulse started; ON until 104885.29s, cooldown until 104889.29s"
104890.00,INFO,"Mister pulse started; ON until 104890.25s, cooldown until 104894.25s"
104904.05,INFO,"Mister pulse started; ON until 104904.30s, cooldown until 104908.30s"
104921.05,INFO,"Mister pulse started; ON until 104921.30s, cooldown until 104925.30s"
104938.04,INFO,"Mister pulse started; ON until 104938.29s, cooldown until 104942.29s"
104944.03,INFO,"Mister pulse started; ON until 104944.28s, cooldown until 104948.28s"
104965.01,INFO,"Mister pulse started; ON until 104965.26s, cooldown until 104969.26s"
104981.02,INFO,"Mister pulse started; ON until 104981.27s, cooldown until 104985.27s"
104996.04,INFO,"Mister pulse started; ON until 104996.29s, cooldown until 105000.29s"
105010.03,INFO,"Mister pulse started; ON until 105010.28s, cooldown until 105014.28s"
105020.01,INFO,"Mister pulse started; ON until 105020.26s, cooldown until 105024.26s"
105036.01,INFO,"Mister pulse started; ON until 105036.26s, cooldown until 105040.26s"
105053.00,INFO,"Mister pulse started; ON until 105053.25s, cooldown until 105057.25s"
105069.01,INFO,"Mister pulse started; ON until 105069.26s, cooldown until 105073.26s"
105087.04,INFO,"Mister pulse started; ON until 105087.29s, cooldown until 105091.29s"
105092.00,INFO,"Mister pulse started; ON until 105092.25s, cooldown until 105096.25s"
105111.00,INFO,"Mister pulse started; ON until 105111.25s, cooldown until 105115.25s"
105117.04,INFO,"Mister pulse started; ON until 105117.29s, cooldown until 105121.29s"
105140.02,INFO,"Mister pulse started; ON until 105140.27s, cooldown until 105144.27s"
105157.01,INFO,"Mister pulse started; ON until 105157.26s, cooldown until 105161.26s"
105162.02,INFO,"Mister pulse started; ON until 105162.27s, cooldown until 105166.27s"
105180.03,INFO,"Mister pulse started; ON until 105180.28s, cooldown until 105184.28s"
105197.02,INFO,"Mister pulse started; ON until 105197.27s, cooldown until 105201.27s"
105202.03,INFO,"Mister pulse started; ON until 105202.28s, cooldown until 105206.28s"
105221.03,INFO,"Mister pulse started; ON until 105221.28s, cooldown until 105225.28s"
105226.04,INFO,"Mister pulse started; ON until 105226.29s, cooldown until 105230.29s"
105244.01,INFO,"Mister pulse started; ON until 105244.26s, cooldown until 105248.26s"
105249.02,INFO,"Mister pulse started; ON until 105249.27s, cooldown until 105253.27s"
105267.04,INFO,"Mister pulse started; ON until 105267.29s, cooldown until 105271.29s"
105286.04,INFO,"Mister pulse started; ON until 105286.29s, cooldown until 105290.29s"
105291.00,INFO,"Mister pulse started; ON until 105291.25s, cooldown until 105295.25s"
105305.05,INFO,"Mister pulse started; ON until 105305.30s, cooldown until 105309.30s"
105321.01,INFO,"Mister pulse started; ON until 105321.26s, cooldown until 105325.26s"
105339.03,INFO,"Mister pulse started; ON until 105339.28s, cooldown until 105343.28s"
105344.04,INFO,"Mister pulse started; ON until 105344.29s, cooldown until 105348.29s"
105363.04,INFO,"Mister pulse started; ON until 105363.29s, cooldown until 105367.29s"
105368.00,INFO,"Mister pulse started; ON until 105368.25s, cooldown until 105372.25s"
105390.01,INFO,"Mister pulse started; ON until 105390.26s, cooldown until 105394.26s"
105405.03,INFO,"Mister pulse started; ON until 105405.28s, cooldown until 105409.28s"
105416.04,INFO,"Mister pulse started; ON until 105416.29s, cooldown until 105420.29s"
105435.04,INFO,"Mister pulse started; ON until 105435.29s, cooldown until 105439.29s"
105442.01,INFO,"Mister pulse started; ON until 105442.26s, cooldown until 105446.26s"
105456.05,INFO,"Mister pulse started; ON until 105456.30s, cooldown until 105460.30s"
105474.02,INFO,"Mister pulse started; ON until 105474.27s, cooldown until 105478.27s"
105479.03,INFO,"Mister pulse started; ON until 105479.28s, cooldown until 105483.28s"
105501.02,INFO,"Mister pulse started; ON until 105501.27s, cooldown until 105505.27s"
105516.05,INFO,"Mister pulse started; ON until 105516.30s, cooldown until 105520.30s"
105528.02,INFO,"Mister pulse started; ON until 105528.27s, cooldown until 105532.27s"
105533.03,INFO,"Mister pulse started; ON until 105533.28s, cooldown until 105537.28s"
105552.03,INFO,"Mister pulse started; ON until 105552.28s, cooldown until 105556.28s"
105558.03,INFO,"Mister pulse started; ON until 105558.28s, cooldown until 105562.28s"
105579.04,INFO,"Mister pulse started; ON until 105579.29s, cooldown until 105583.29s"
105591.02,INFO,"Mister pulse started; ON until 105591.27s, cooldown until 105595.27s"
105596.03,INFO,"Mister pulse started; ON until 105596.28s, cooldown until 105600.28s"
105616.01,INFO,"Mister pulse started; ON until 105616.26s, cooldown until 105620.26s"
105621.02,INFO,"Mister pulse started; ON until 105621.27s, cooldown until 105625.27s"
105646.01,INFO,"Mister pulse started; ON until 105646.26s, cooldown until 105650.26s"
105651.02,INFO,"Mister pulse started; ON until 105651.27s, cooldown until 105655.27s"
105670.02,INFO,"Mister pulse started; ON until 105670.27s, cooldown until 105674.27s"
105675.03,INFO,"Mister pulse started; ON until 105675.28s, cooldown until 105679.28s"
105693.05,INFO,"Mister pulse started; ON until 105693.30s, cooldown until 105697.30s"
105712.00,INFO,"Mister pulse started; ON until 105712.25s, cooldown until 105716.25s"
105725.01,INFO,"Mister pulse started; ON until 105725.26s, cooldown until 105729.26s"
105730.02,INFO,"Mister pulse started; ON until 105730.27s, cooldown until 105734.27s"
105749.02,INFO,"Mister pulse started; ON until 105749.27s, cooldown until 105753.27s"
105754.03,INFO,"Mister pulse started; ON until 105754.28s, cooldown until 105758.28s"
105773.00,INFO,"Mister pulse started; ON until 105773.25s, cooldown until 105777.25s"
105781.00,INFO,"Mister pulse started; ON until 105781.25s, cooldown until 105785.25s"
105794.02,INFO,"Mister pulse started; ON until 105794.27s, cooldown until 105798.27s"
105812.04,INFO,"Mister pulse started; ON until 105812.29s, cooldown until 105816.29s"
105817.05,INFO,"Mister pulse started; ON until 105817.30s, cooldown until 105821.30s"
105836.04,INFO,"Mister pulse started; ON until 105836.29s, cooldown until 105840.29s"
105841.00,INFO,"Mister pulse started; ON until 105841.25s, cooldown until 105845.25s"
105862.02,INFO,"Mister pulse started; ON until 105862.27s, cooldown until 105866.27s"
105874.05,INFO,"Mister pulse started; ON until 105874.30s, cooldown until 105878.30s"
105893.05,INFO,"Mister pulse started; ON until 105893.30s, cooldown until 105897.30s"
105898.00,INFO,"Mister pulse started; ON until 105898.25s, cooldown until 105902.25s"
105913.03,INFO,"Mister pulse started; ON until 105913.28s, cooldown until 105917.28s"
105931.01,INFO,"Mister pulse started; ON until 105931.26s, cooldown until 105935.26s"
105940.05,INFO,"Mister pulse started; ON until 105940.30s, cooldown until 105944.30s"
105953.01,INFO,"Mister pulse started; ON until 105953.26s, cooldown until 105957.26s"
105958.02,INFO,"Mister pulse started; ON until 105958.27s, cooldown until 105962.27s"
105978.00,INFO,"Mister pulse started; ON until 105978.25s, cooldown until 105982.25s"
105983.01,INFO,"Mister pulse started; ON until 105983.26s, cooldown until 105987.26s"
106007.03,INFO,"Mister pulse started; ON until 106007.28s, cooldown until 106011.28s"
106026.04,INFO,"Mister pulse started; ON until 106026.29s, cooldown until 106030.29s"
106036.01,INFO,"Mister pulse started; ON until 106036.26s, cooldown until 106040.26s"
106053.05,INFO,"Mister pulse started; ON until 106053.30s, cooldown until 106057.30s"
106069.00,INFO,"Mister pulse started; ON until 106069.25s, cooldown until 106073.25s"
106085.01,INFO,"Mister pulse started; ON until 106085.26s, cooldown until 106089.26s"
106102.05,INFO,"Mister pulse started; ON until 106102.30s, cooldown until 106106.30s"
106120.02,INFO,"Mister pulse started; ON until 106120.27s, cooldown until 106124.27s"
106125.04,INFO,"Mister pulse started; ON until 106125.29s, cooldown until 106129.29s"
106149.05,INFO,"Mister pulse started; ON until 106149.30s, cooldown until 106153.30s"
106167.01,INFO,"Mister pulse started; ON until 106167.26s, cooldown until 106171.26s"
106172.02,INFO,"Mister pulse started; ON until 106172.27s, cooldown until 106176.27s"
106195.01,INFO,"Mister pulse started; ON until 106195.26s, cooldown until 106199.26s"
106214.00,INFO,"Mister pulse started; ON until 106214.25s, cooldown until 106218.25s"
106224.02,INFO,"Mister pulse started; ON until 106224.27s, cooldown until 106228.27s"
106238.01,INFO,"Mister pulse started; ON until 106238.26s, cooldown until 106242.26s"
106247.05,INFO,"Mister pulse started; ON until 106247.30s, cooldown until 106251.30s"
106260.01,INFO,"Mister pulse started; ON until 106260.26s, cooldown until 106264.26s"
106265.02,INFO,"Mister pulse started; ON until 106265.27s, cooldown until 106269.27s"
106286.05,INFO,"Mister pulse started; ON until 106286.30s, cooldown until 106290.30s"
106291.00,INFO,"Mister pulse started; ON until 106291.25s, cooldown until 106295.25s"
106305.00,INFO,"Mister pulse started; ON until 106305.25s, cooldown until 106309.25s"
106324.00,INFO,"Mister pulse started; ON until 106324.25s, cooldown until 106328.25s"
106329.01,INFO,"Mister pulse started; ON until 106329.26s, cooldown until 106333.26s"
106353.02,INFO,"Mister pulse started; ON until 106353.27s, cooldown until 106357.27s"
106369.03,INFO,"Mister pulse started; ON until 106369.28s, cooldown until 106373.28s"
106387.00,INFO,"Mister pulse started; ON until 106387.25s, cooldown until 106391.25s"
106397.02,INFO,"Mister pulse started; ON until 106397.27s, cooldown until 106401.27s"
106411.01,INFO,"Mister pulse started; ON until 106411.26s, cooldown until 106415.26s"
106422.02,INFO,"Mister pulse started; ON until 106422.27s, cooldown until 106426.27s"
106436.01,INFO,"Mister pulse started; ON until 106436.26s, cooldown until 106440.26s"
106451.04,INFO,"Mister pulse started; ON until 106451.29s, cooldown until 106455.29s"
106456.01,INFO,"Mister pulse started; ON until 106456.26s, cooldown until 106460.26s"
106464.01,INFO,"Mister pulse started; ON until 106464.26s, cooldown until 106468.26s"
106469.02,INFO,"Mister pulse started; ON until 106469.27s, cooldown until 106473.27s"
106474.03,INFO,"Mister pulse started; ON until 106474.28s, cooldown until 106478.28s"
106479.00,INFO,"Mister pulse started; ON until 106479.25s, cooldown until 106483.25s"
106484.02,INFO,"Mister pulse started; ON until 106484.27s, cooldown until 106488.27s"
106489.03,INFO,"Mister pulse started; ON until 106489.28s, cooldown until 106493.28s"
106494.04,INFO,"Mister pulse started; ON until 106494.29s, cooldown until 106498.29s"
106499.05,INFO,"Mister pulse started; ON until 106499.30s, cooldown until 106503.30s"
106504.00,INFO,"Mister pulse started; ON until 106504.25s, cooldown until 106508.25s"
106509.01,INFO,"Mister pulse started; ON until 106509.26s, cooldown until 106513.26s"
106514.02,INFO,"Mister pulse started; ON until 106514.27s, cooldown until 106518.27s"
106519.03,INFO,"Mister pulse started; ON until 106519.28s, cooldown until 106523.28s"
106524.04,INFO,"Mister pulse started; ON until 106524.29s, cooldown until 106528.29s"
106529.01,INFO,"Mister pulse started; ON until 106529.26s, cooldown until 106533.26s"
106534.01,INFO,"Mister pulse started; ON until 106534.26s, cooldown until 106538.26s"
106539.02,INFO,"Mister pulse started; ON until 106539.27s, cooldown until 106543.27s"
106544.03,INFO,"Mister pulse started; ON until 106544.28s, cooldown until 106548.28s"
106549.04,INFO,"Mister pulse started; ON until 106549.29s, cooldown until 106553.29s"
106554.04,INFO,"Mister pulse started; ON until 106554.29s, cooldown until 106558.29s"
106559.05,INFO,"Mister pulse started; ON until 106559.30s, cooldown until 106563.30s"
106564.01,INFO,"Mister pulse started; ON until 106564.26s, cooldown until 106568.26s"
106569.01,INFO,"Mister pulse started; ON until 106569.26s, cooldown until 106573.26s"
106574.03,INFO,"Mister pulse started; ON until 106574.28s, cooldown until 106578.28s"
106579.04,INFO,"Mister pulse started; ON until 106579.29s, cooldown until 106583.29s"
106584.04,INFO,"Mister pulse started; ON until 106584.29s, cooldown until 106588.29s"
106589.05,INFO,"Mister pulse started; ON until 106589.30s, cooldown until 106593.30s"
106594.01,INFO,"Mister pulse started; ON until 106594.26s, cooldown until 106598.26s"
106599.02,INFO,"Mister pulse started; ON until 106599.27s, cooldown until 106603.27s"
106604.03,INFO,"Mister pulse started; ON until 106604.28s, cooldown until 106608.28s"
106609.04,INFO,"Mister pulse started; ON until 106609.29s, cooldown until 106613.29s"
106614.05,INFO,"Mister pulse started; ON until 106614.30s, cooldown until 106618.30s"
106619.02,INFO,"Mister pulse started; ON until 106619.27s, cooldown until 106623.27s"
106624.03,INFO,"Mister pulse started; ON until 106624.28s, cooldown until 106628.28s"
106629.03,INFO,"Mister pulse started; ON until 106629.28s, cooldown until 106633.28s"
106634.05,INFO,"Mister pulse started; ON until 106634.30s, cooldown until 106638.30s"
106639.01,INFO,"Mister pulse started; ON until 106639.26s, cooldown until 106643.26s"
106644.01,INFO,"Mister pulse started; ON until 106644.26s, cooldown until 106648.26s"
106649.03,INFO,"Mister pulse started; ON until 106649.28s, cooldown until 106653.28s"
106654.03,INFO,"Mister pulse started; ON until 106654.28s, cooldown until 106658.28s"
106659.04,INFO,"Mister pulse started; ON until 106659.29s, cooldown until 106663.29s"
106664.00,INFO,"Mister pulse started; ON until 106664.25s, cooldown until 106668.25s"
106669.01,INFO,"Mister pulse started; ON until 106669.26s, cooldown until 106673.26s"
106674.02,INFO,"Mister pulse started; ON until 106674.27s, cooldown until 106678.27s"
106679.03,INFO,"Mister pulse started; ON until 106679.28s, cooldown until 106683.28s"
106684.04,INFO,"Mister pulse started; ON until 106684.29s, cooldown until 106688.29s"
106689.01,INFO,"Mister pulse started; ON until 106689.26s, cooldown until 106693.26s"
106694.02,INFO,"Mister pulse started; ON until 106694.27s, cooldown until 106698.27s"
106699.03,INFO,"Mister pulse started; ON until 106699.28s, cooldown until 106703.28s"
106704.04,INFO,"Mister pulse started; ON until 106704.29s, cooldown until 106708.29s"
106709.05,INFO,"Mister pulse started; ON until 106709.30s, cooldown until 106713.30s"
106714.00,INFO,"Mister pulse started; ON until 106714.25s, cooldown until 106718.25s"
106719.02,INFO,"Mister pulse started; ON until 106719.27s, cooldown until 106723.27s"
106724.03,INFO,"Mister pulse started; ON until 106724.28s, cooldown until 106728.28s"
106729.04,INFO,"Mister pulse started; ON until 106729.29s, cooldown until 106733.29s"
106748.05,INFO,"Mister pulse started; ON until 106748.30s, cooldown until 106752.30s"
106753.01,INFO,"Mister pulse started; ON until 106753.26s, cooldown until 106757.26s"
106758.02,INFO,"Mister pulse started; ON until 106758.27s, cooldown until 106762.27s"
106776.04,INFO,"Mister pulse started; ON until 106776.29s, cooldown until 106780.29s"
106789.00,INFO,"Mister pulse started; ON until 106789.25s, cooldown until 106793.25s"
106801.03,INFO,"Mister pulse started; ON until 106801.28s, cooldown until 106805.28s"
106806.04,INFO,"Mister pulse started; ON until 106806.29s, cooldown until 106810.29s"
106820.04,INFO,"Mister pulse started; ON until 106820.29s, cooldown until 106824.29s"
106833.00,INFO,"Mister pulse started; ON until 106833.25s, cooldown until 106837.25s"
106838.01,INFO,"Mister pulse started; ON until 106838.26s, cooldown until 106842.26s"
106856.03,INFO,"Mister pulse started; ON until 106856.28s, cooldown until 106860.28s"
106861.04,INFO,"Mister pulse started; ON until 106861.29s, cooldown until 106865.29s"
106877.00,INFO,"Mister pulse started; ON until 106877.25s, cooldown until 106881.25s"
106892.03,INFO,"Mister pulse started; ON until 106892.28s, cooldown until 106896.28s"
106904.00,INFO,"Mister pulse started; ON until 106904.25s, cooldown until 106908.25s"
106914.02,INFO,"Mister pulse started; ON until 106914.27s, cooldown until 106918.27s"
106927.03,INFO,"Mister pulse started; ON until 106927.28s, cooldown until 106931.28s"
106932.04,INFO,"Mister pulse started; ON until 106932.29s, cooldown until 106936.29s"
106949.03,INFO,"Mister pulse started; ON until 106949.28s, cooldown until 106953.28s"
106964.01,INFO,"Mister pulse started; ON until 106964.26s, cooldown until 106968.26s"
106980.01,INFO,"Mister pulse started; ON until 106980.26s, cooldown until 106984.26s"
106994.01,INFO,"Mister pulse started; ON until 106994.26s, cooldown until 106998.26s"
107008.02,INFO,"Mister pulse started; ON until 107008.27s, cooldown until 107012.27s"
107020.05,INFO,"Mister pulse started; ON until 107020.30s, cooldown until 107024.30s"
107036.01,INFO,"Mister pulse started; ON until 107036.26s, cooldown until 107040.26s"
107041.02,INFO,"Mister pulse started; ON until 107041.27s, cooldown until 107045.27s"
107057.04,INFO,"Mister pulse started; ON until 107057.29s, cooldown until 107061.29s"
107072.01,INFO,"Mister pulse started; ON until 107072.26s, cooldown until 107076.26s"
107086.05,INFO,"Mister pulse started; ON until 107086.30s, cooldown until 107090.30s"
107091.01,INFO,"Mister pulse started; ON until 107091.26s, cooldown until 107095.26s"
107103.05,INFO,"Mister pulse started; ON until 107103.30s, cooldown until 107107.30s"
107116.01,INFO,"Mister pulse started; ON until 107116.26s, cooldown until 107120.26s"
107127.02,INFO,"Mister pulse started; ON until 107127.27s, cooldown until 107131.27s"
107141.01,INFO,"Mister pulse started; ON until 107141.26s, cooldown until 107145.26s"
107153.04,INFO,"Mister pulse started; ON until 107153.29s, cooldown until 107157.29s"
107165.02,INFO,"Mister pulse started; ON until 107165.27s, cooldown until 107169.27s"
107170.02,INFO,"Mister pulse started; ON until 107170.27s, cooldown until 107174.27s"
107175.03,INFO,"Mister pulse started; ON until 107175.28s, cooldown until 107179.28s"
107180.04,INFO,"Mister pulse started; ON until 107180.29s, cooldown until 107184.29s"
107185.05,INFO,"Mister pulse started; ON until 107185.30s, cooldown until 107189.30s"
107190.01,INFO,"Mister pulse started; ON until 107190.26s, cooldown until 107194.26s"
107195.02,INFO,"Mister pulse started; ON until 107195.27s, cooldown until 107199.27s"
107200.03,INFO,"Mister pulse started; ON until 107200.28s, cooldown until 107204.28s"
107205.04,INFO,"Mister pulse started; ON until 107205.29s, cooldown until 107209.29s"
107210.04,INFO,"Mister pulse started; ON until 107210.29s, cooldown until 107214.29s"
107215.00,INFO,"Mister pulse started; ON until 107215.25s, cooldown until 107219.25s"
107220.01,INFO,"Mister pulse started; ON until 107220.26s, cooldown until 107224.26s"
107225.02,INFO,"Mister pulse started; ON until 107225.27s, cooldown until 107229.27s"
107230.02,INFO,"Mister pulse started; ON until 107230.27s, cooldown until 107234.27s"
107235.03,INFO,"Mister pulse started; ON until 107235.28s, cooldown until 107239.28s"
107240.04,INFO,"Mister pulse started; ON until 107240.29s, cooldown until 107244.29s"
107245.05,INFO,"Mister pulse started; ON until 107245.30s, cooldown until 107249.30s"
107250.01,INFO,"Mister pulse started; ON until 107250.26s, cooldown until 107254.26s"
107255.03,INFO,"Mister pulse started; ON until 107255.28s, cooldown until 107259.28s"
107260.04,INFO,"Mister pulse started; ON until 107260.29s, cooldown until 107264.29s"
107265.04,INFO,"Mister pulse started; ON until 107265.29s, cooldown until 107269.29s"
107270.01,INFO,"Mister pulse started; ON until 107270.26s, cooldown until 107274.26s"
107275.01,INFO,"Mister pulse started; ON until 107275.26s, cooldown until 107279.26s"
107280.02,INFO,"Mister pulse started; ON until 107280.27s, cooldown until 107284.27s"
107285.04,INFO,"Mister pulse started; ON until 107285.29s, cooldown until 107289.29s"
107290.00,INFO,"Mister pulse started; ON until 107290.25s, cooldown until 107294.25s"
107295.01,INFO,"Mister pulse started; ON until 107295.26s, cooldown until 107299.26s"
107300.02,INFO,"Mister pulse started; ON until 107300.27s, cooldown until 107304.27s"
107305.03,INFO,"Mister pulse started; ON until 107305.28s, cooldown until 107309.28s"
107310.04,INFO,"Mister pulse started; ON until 107310.29s, cooldown until 107314.29s"
107315.00,INFO,"Mister pulse started; ON until 107315.25s, cooldown until 107319.25s"
107320.01,INFO,"Mister pulse started; ON until 107320.26s, cooldown until 107324.26s"
107325.03,INFO,"Mister pulse started; ON until 107325.28s, cooldown until 107329.28s"
107330.04,INFO,"Mister pulse started; ON until 107330.29s, cooldown until 107334.29s"
107335.04,INFO,"Mister pulse started; ON until 107335.29s, cooldown until 107339.29s"
107340.00,INFO,"Mister pulse started; ON until 107340.25s, cooldown until 107344.25s"
107345.01,INFO,"Mister pulse started; ON until 107345.26s, cooldown until 107349.26s"
107350.02,INFO,"Mister pulse started; ON until 107350.27s, cooldown until 107354.27s"
107355.03,INFO,"Mister pulse started; ON until 107355.28s, cooldown until 107359.28s"
107369.02,INFO,"Mister pulse started; ON until 107369.27s, cooldown until 107373.27s"
107380.02,INFO,"Mister pulse started; ON until 107380.27s, cooldown until 107384.27s"
107395.04,INFO,"Mister pulse started; ON until 107395.29s, cooldown until 107399.29s"
107408.00,INFO,"Mister pulse started; ON until 107408.25s, cooldown until 107412.25s"
107415.03,INFO,"Mister pulse started; ON until 107415.28s, cooldown until 107419.28s"
107428.05,INFO,"Mister pulse started; ON until 107428.30s, cooldown until 107432.30s"
107442.04,INFO,"Mister pulse started; ON until 107442.29s, cooldown until 107446.29s"
107455.05,INFO,"Mister pulse started; ON until 107455.30s, cooldown until 107459.30s"
107460.00,INFO,"Mister pulse started; ON until 107460.25s, cooldown until 107464.25s"
107471.00,INFO,"Mister pulse started; ON until 107471.25s, cooldown until 107475.25s"
107477.04,INFO,"Mister pulse started; ON until 107477.29s, cooldown until 107481.29s"
107490.01,INFO,"Mister pulse started; ON until 107490.26s, cooldown until 107494.26s"
107506.01,INFO,"Mister pulse started; ON until 107506.26s, cooldown until 107510.26s"
107521.04,INFO,"Mister pulse started; ON until 107521.29s, cooldown until 107525.29s"
107537.04,INFO,"Mister pulse started; ON until 107537.29s, cooldown until 107541.29s"
107550.04,INFO,"Mister pulse started; ON until 107550.29s, cooldown until 107554.29s"
107557.01,INFO,"Mister pulse started; ON until 107557.26s, cooldown until 107561.26s"
107569.05,INFO,"Mister pulse started; ON until 107569.30s, cooldown until 107573.30s"
107584.02,INFO,"Mister pulse started; ON until 107584.27s, cooldown until 107588.27s"
107597.03,INFO,"Mister pulse started; ON until 107597.28s, cooldown until 107601.28s"
107602.05,INFO,"Mister pulse started; ON until 107602.30s, cooldown until 107606.30s"
107624.04,INFO,"Mister pulse started; ON until 107624.29s, cooldown until 107628.29s"
107638.04,INFO,"Mister pulse started; ON until 107638.29s, cooldown until 107642.29s"
107650.02,INFO,"Mister pulse started; ON until 107650.27s, cooldown until 107654.27s"
107655.04,INFO,"Mister pulse started; ON until 107655.29s, cooldown until 107659.29s"
107673.00,INFO,"Mister pulse started; ON until 107673.25s, cooldown until 107677.25s"
107678.01,INFO,"Mister pulse started; ON until 107678.26s, cooldown until 107682.26s"
107695.01,INFO,"Mister pulse started; ON until 107695.26s, cooldown until 107699.26s"
107712.05,INFO,"Mister pulse started; ON until 107712.30s, cooldown until 107716.30s"
107728.00,INFO,"Mister pulse started; ON until 107728.25s, cooldown until 107732.25s"
107735.02,INFO,"Mister pulse started; ON until 107735.27s, cooldown until 107739.27s"
107754.02,INFO,"Mister pulse started; ON until 107754.27s, cooldown until 107758.27s"
107759.04,INFO,"Mister pulse started; ON until 107759.29s, cooldown until 107763.29s"
107781.03,INFO,"Mister pulse started; ON until 107781.28s, cooldown until 107785.28s"
107795.03,INFO,"Mister pulse started; ON until 107795.28s, cooldown until 107799.28s"
107807.02,INFO,"Mister pulse started; ON until 107807.27s, cooldown until 107811.27s"
107812.03,INFO,"Mister pulse started; ON until 107812.28s, cooldown until 107816.28s"
107831.03,INFO,"Mister pulse started; ON until 107831.28s, cooldown until 107835.28s"
107833.77,INFO,Stop requested by signal
