time_from_start_s,temp_setpoint_c,measured_temp_c,humidity_program_setpoint_rh,humidity_control_target_rh,measured_humidity_rh,primary_heater_active,assist_heater_active,mister_active
0,30.00,29.81,39.60,39.60,39.96,1,0,0
1,30.00,29.81,39.60,39.60,39.97,1,0,0
2,30.00,29.83,39.60,39.60,39.98,1,0,0
3,30.00,29.83,39.60,39.60,39.98,1,0,0
4,30.00,29.81,39.60,39.60,39.95,1,0,0
5,30.00,29.81,39.60,39.60,39.94,1,0,0
6,30.00,29.81,39.60,39.60,39.94,1,0,0
7,30.00,29.84,39.60,39.60,39.93,1,0,0
8,30.00,29.82,39.60,39.60,39.95,1,0,0
9,30.00,29.81,39.60,39.60,39.94,1,0,0
10,30.00,29.80,39.60,39.60,39.96,1,0,0
11,30.00,29.81,39.60,39.60,39.91,1,0,0
12,30.00,29.80,39.60,39.60,39.92,1,0,0
13,30.00,29.80,39.60,39.60,39.94,1,0,0
14,30.00,29.80,39.60,39.60,39.94,1,0,0
15,30.00,29.81,39.60,39.60,39.89,1,0,0
16,30.00,29.82,39.60,39.60,39.90,1,0,0
17,30.00,29.80,39.60,39.60,39.92,1,0,0
18,30.00,29.80,39.60,39.60,39.93,1,0,0
19,30.00,29.80,39.60,39.60,39.90,1,0,0
20,30.00,29.81,39.60,39.60,39.88,1,0,0
21,30.00,29.79,39.60,39.60,39.92,1,0,0
22,30.00,29.81,39.60,39.60,39.91,1,0,0
23,30.00,29.80,39.60,39.60,39.91,1,0,0
24,30.00,29.81,39.60,39.60,39.89,1,0,0
25,30.00,29.79,39.60,39.60,39.88,1,0,0
26,30.00,29.80,39.60,39.60,39.89,1,0,0
27,30.00,29.80,39.60,39.60,39.86,1,0,0
28,30.00,29.81,39.60,39.60,39.89,1,0,0
29,30.00,29.80,39.60,39.60,39.88,1,0,0
30,30.00,29.79,39.60,39.60,39.87,1,0,0
31,30.00,29.80,39.60,39.60,39.86,1,0,0
32,30.00,29.80,39.60,39.60,39.90,1,0,0
33,30.00,29.79,39.60,39.60,39.89,1,0,0
34,30.00,29.80,39.60,39.60,39.88,1,0,0
35,30.00,29.80,39.60,39.60,39.91,1,0,0
36,30.00,29.77,39.60,39.60,39.88,1,0,0
37,30.00,29.79,39.60,39.60,39.82,1,0,0
38,30.00,29.80,39.60,39.60,39.84,1,0,0
39,30.00,29.79,39.60,39.60,39.83,1,0,0
40,30.00,29.78,39.60,39.60,39.83,1,0,0
41,30.00,29.79,39.60,39.60,39.80,1,0,0
42,30.00,29.78,39.60,39.60,39.81,1,0,0
43,30.00,29.77,39.60,39.60,39.79,1,0,0
44,30.00,29.79,39.60,39.60,39.86,1,0,0
45,30.00,29.80,39.60,39.60,39.85,1,0,0
46,30.00,29.77,39.60,39.60,39.81,1,0,0
47,30.00,29.79,39.60,39.60,39.82,1,0,0
48,30.00,29.79,39.60,39.60,39.81,1,0,0
49,30.00,29.80,39.60,39.60,39.82,1,0,0
50,30.00,29.79,39.60,39.60,39.82,1,0,0
51,30.00,29.79,39.60,39.60,39.81,1,0,0
52,30.00,29.78,39.60,39.60,39.79,1,0,0
53,30.00,29.79,39.60,39.60,39.79,1,0,0
54,30.00,29.79,39.60,39.60,39.76,1,0,0
55,30.00,29.79,39.60,39.60,39.77,1,0,0
56,30.00,29.80,39.60,39.60,39.76,1,0,0
57,30.00,29.79,39.60,39.60,39.79,1,0,0
58,30.00,29.79,39.60,39.60,39.77,1,0,0
59,30.00,29.79,39.60,39.60,39.75,1,0,0
60,30.00,29.77,39.60,39.60,39.76,1,0,0
61,30.00,29.79,39.60,39.60,39.75,1,0,0
62,30.00,29.76,39.60,39.60,39.74,1,0,0
63,30.00,29.79,39.60,39.60,39.75,1,0,0
64,30.00,29.79,39.60,39.60,39.73,1,0,0
65,30.00,29.77,39.60,39.60,39.73,1,0,0
66,30.00,29.80,39.60,39.60,39.74,1,0,0
67,30.00,29.79,39.60,39.60,39.70,1,0,0
68,30.00,29.79,39.60,39.60,39.70,1,0,0
69,30.00,29.79,39.60,39.60,39.72,1,0,0
70,30.00,29.80,39.60,39.60,39.73,1,0,0
71,30.00,29.79,39.60,39.60,39.69,1,0,0
72,30.00,29.81,39.60,39.60,39.71,1,0,0
73,30.00,29.78,39.60,39.60,39.69,1,0,0
74,30.00,29.78,39.60,39.60,39.69,1,0,0
75,30.00,29.79,39.60,39.60,39.69,1,0,0
76,30.00,29.79,39.60,39.60,39.69,1,0,0
77,30.00,29.80,39.60,39.60,39.65,1,0,0
78,30.00,29.80,39.60,39.60,39.67,1,0,0
79,30.00,29.80,39.60,39.60,39.66,1,0,0
80,30.00,29.81,39.60,39.60,39.66,1,0,0
81,30.00,29.80,39.60,39.60,39.66,1,0,0
82,30.00,29.82,39.60,39.60,39.66,1,0,0
83,30.00,29.79,39.60,39.60,39.63,1,0,0
84,30.00,29.80,39.60,39.60,39.66,1,0,0
85,30.00,29.80,39.60,39.60,39.64,1,0,0
86,30.00,29.80,39.60,39.60,39.60,1,0,0
87,30.00,29.81,39.60,39.60,39.61,1,0,0
88,30.00,29.81,39.60,39.60,39.61,1,0,0
89,30.00,29.81,39.60,39.60,39.60,1,0,0
90,30.00,29.80,39.60,39.60,39.60,1,0,0
91,30.00,29.81,39.60,39.60,39.56,1,0,1
92,30.00,29.81,39.60,39.60,39.60,1,0,0
93,30.00,29.81,39.60,39.60,39.61,1,0,0
94,30.00,29.81,39.60,39.60,39.75,1,0,0
95,30.00,29.80,39.60,39.60,39.90,1,0,0
96,30.00,29.81,39.60,39.60,40.00,1,0,0
97,30.00,29.81,39.60,39.60,40.04,1,0,0
98,30.00,29.81,39.60,39.60,40.07,1,0,0
99,30.00,29.81,39.60,39.60,40.12,1,0,0
100,30.00,29.82,39.60,39.60,40.17,1,0,0
101,30.00,29.81,39.60,39.60,40.19,1,0,0
102,30.00,29.82,39.60,39.60,40.18,1,0,0
103,30.00,29.82,39.60,39.60,40.18,1,0,0
104,30.00,29.82,39.60,39.60,40.18,1,0,0
105,30.00,29.84,39.60,39.60,40.17,1,0,0
106,30.00,29.79,39.60,39.60,40.14,1,0,0
107,30.00,29.83,39.60,39.60,40.18,1,0,0
108,30.00,29.82,39.60,39.60,40.14,1,0,0
109,30.00,29.83,39.60,39.60,40.14,1,0,0
110,30.00,29.81,39.60,39.60,40.11,1,0,0
111,30.00,29.83,39.60,39.60,40.14,1,0,0
112,30.00,29.84,39.60,39.60,40.13,1,0,0
113,30.00,29.81,39.60,39.60,40.14,1,0,0
114,30.00,29.85,39.60,39.60,40.11,1,0,0
115,30.00,29.84,39.60,39.60,40.14,1,0,0
116,30.00,29.84,39.60,39.60,40.14,1,0,0
117,30.00,29.85,39.60,39.60,40.11,1,0,0
118,30.00,29.84,39.60,39.60,40.09,1,0,0
119,30.00,29.84,39.60,39.60,40.10,1,0,0
120,30.00,29.84,39.60,39.60,40.05,1,0,0
121,30.00,29.87,39.60,39.60,40.10,1,0,0
122,30.00,29.83,39.60,39.60,40.06,1,0,0
123,30.00,29.84,39.60,39.60,40.02,1,0,0
124,30.00,29.84,39.60,39.60,40.04,1,0,0
125,30.00,29.85,39.60,39.60,40.06,1,0,0
126,30.00,29.86,39.60,39.60,40.03,1,0,0
127,30.00,29.85,39.60,39.60,40.01,1,0,0
128,30.00,29.85,39.60,39.60,40.02,1,0,0
129,30.00,29.86,39.60,39.60,40.01,1,0,0
130,30.00,29.87,39.60,39.60,39.99,1,0,0
131,30.00,29.85,39.60,39.60,40.00,1,0,0
132,30.00,29.84,39.60,39.60,39.93,1,0,0
133,30.00,29.87,39.60,39.60,39.98,1,0,0
134,30.00,29.87,39.60,39.60,39.95,1,0,0
135,30.00,29.85,39.60,39.60,39.94,1,0,0
136,30.00,29.86,39.60,39.60,39.97,1,0,0
137,30.00,29.87,39.60,39.60,39.94,1,0,0
138,30.00,29.85,39.60,39.60,39.94,1,0,0
139,30.00,29.87,39.60,39.60,39.94,1,0,0
140,30.00,29.86,39.60,39.60,39.93,1,0,0
141,30.00,29.87,39.60,39.60,39.91,1,0,0
142,30.00,29.87,39.60,39.60,39.91,1,0,0
143,30.00,29.88,39.60,39.60,39.92,1,0,0
144,30.00,29.89,39.60,39.60,39.88,1,0,0
145,30.00,29.88,39.60,39.60,39.89,1,0,0
146,30.00,29.88,39.60,39.60,39.87,1,0,0
147,30.00,29.87,39.60,39.60,39.87,1,0,0
148,30.00,29.87,39.60,39.60,39.83,1,0,0
149,30.00,29.88,39.60,39.60,39.84,1,0,0
150,30.00,29.87,39.60,39.60,39.86,1,0,0
151,30.00,29.88,39.60,39.60,39.83,1,0,0
152,30.00,29.88,39.60,39.60,39.82,1,0,0
153,30.00,29.88,39.60,39.60,39.80,1,0,0
154,30.00,29.88,39.60,39.60,39.81,1,0,0
155,30.00,29.89,39.60,39.60,39.82,1,0,0
156,30.00,29.88,39.60,39.60,39.77,1,0,0
157,30.00,29.90,39.60,39.60,39.77,1,0,0
158,30.00,29.88,39.60,39.60,39.75,1,0,0
159,30.00,29.89,39.60,39.60,39.76,1,0,0
160,30.00,29.88,39.60,39.60,39.75,1,0,0
161,30.00,29.90,39.60,39.60,39.71,1,0,0
162,30.00,29.92,39.60,39.60,39.69,1,0,0
163,30.00,29.89,39.60,39.60,39.72,1,0,0
164,30.00,29.91,39.60,39.60,39.71,1,0,0
165,30.00,29.92,39.60,39.60,39.71,1,0,0
166,30.00,29.91,39.60,39.60,39.69,1,0,0
167,30.00,29.93,39.60,39.60,39.68,1,0,0
168,30.00,29.90,39.60,39.60,39.66,1,0,0
169,30.00,29.93,39.60,39.60,39.68,1,0,0
170,30.00,29.92,39.60,39.60,39.64,1,0,0
171,30.00,29.94,39.60,39.60,39.66,1,0,0
172,30.00,29.93,39.60,39.60,39.63,1,0,0
173,30.00,29.93,39.60,39.60,39.62,1,0,0
174,30.00,29.94,39.60,39.60,39.65,1,0,0
175,30.00,29.93,39.60,39.60,39.63,1,0,0
176,30.00,29.92,39.60,39.60,39.62,1,0,0
177,30.00,29.93,39.60,39.60,39.59,1,0,1
178,30.00,29.92,39.60,39.60,39.59,1,0,0
179,30.00,29.94,39.60,39.60,39.61,1,0,0
180,30.00,29.93,39.60,39.60,39.68,1,0,0
181,30.00,29.94,39.60,39.60,39.78,1,0,0
182,30.00,29.93,39.60,39.60,39.88,1,0,0
183,30.00,29.95,39.60,39.60,39.93,1,0,0
184,30.00,29.93,39.60,39.60,39.99,1,0,0
185,30.00,29.94,39.60,39.60,40.04,1,0,0
186,30.00,29.94,39.60,39.60,40.03,1,0,0
187,30.00,29.96,39.60,39.60,40.07,1,0,0
188,30.00,29.96,39.60,39.60,40.03,1,0,0
189,30.00,29.97,39.60,39.60,40.00,1,0,0
190,30.00,29.94,39.60,39.60,40.02,1,0,0
191,30.00,29.98,39.60,39.60,40.03,1,0,0
192,30.00,29.96,39.60,39.60,40.02,1,0,0
193,30.00,29.96,39.60,39.60,40.03,1,0,0
194,30.00,29.96,39.60,39.60,40.01,1,0,0
195,30.00,29.96,39.60,39.60,40.01,1,0,0
196,30.00,29.96,39.60,39.60,40.03,1,0,0
197,30.00,29.94,39.60,39.60,39.99,1,0,0
198,30.00,29.98,39.60,39.60,39.98,1,0,0
199,30.00,29.95,39.60,39.60,39.99,1,0,0
200,30.00,29.98,39.60,39.60,39.97,1,0,0
201,30.00,29.96,39.60,39.60,39.97,1,0,0
202,30.00,29.96,39.60,39.60,39.96,1,0,0
203,30.00,29.99,39.60,39.60,39.94,1,0,0
204,30.00,29.98,39.60,39.60,39.91,1,0,0
205,30.00,29.99,39.60,39.60,39.95,1,0,0
206,30.00,30.00,39.60,39.60,39.93,0,0,0
207,30.00,30.01,39.60,39.60,39.89,0,0,0
208,30.00,29.99,39.60,39.60,39.87,1,0,0
209,30.00,29.99,39.60,39.60,39.88,1,0,0
210,30.00,30.00,39.60,39.60,39.86,1,0,0
211,30.00,30.00,39.60,39.60,39.86,0,0,0
212,30.00,30.00,39.60,39.60,39.83,1,0,0
213,30.00,30.01,39.60,39.60,39.85,0,0,0
214,30.00,30.01,39.60,39.60,39.87,0,0,0
215,30.00,30.01,39.60,39.60,39.83,0,0,0
216,30.00,30.00,39.60,39.60,39.85,0,0,0
217,30.00,30.01,39.60,39.60,39.83,0,0,0
218,30.00,30.01,39.60,39.60,39.81,0,0,0
219,30.00,30.01,39.60,39.60,39.80,0,0,0
220,30.00,30.01,39.60,39.60,39.81,0,0,0
221,30.00,29.99,39.60,39.60,39.79,1,0,0
222,30.00,30.01,39.60,39.60,39.75,0,0,0
223,30.00,30.02,39.60,39.60,39.74,0,0,0
224,30.00,30.03,39.60,39.60,39.74,0,0,0
225,30.00,30.03,39.60,39.60,39.71,0,0,0
226,30.00,30.03,39.60,39.60,39.70,0,0,0
227,30.00,30.04,39.60,39.60,39.71,0,0,0
228,30.00,30.04,39.60,39.60,39.72,0,0,0
229,30.00,30.05,39.60,39.60,39.72,0,0,0
230,30.00,30.03,39.60,39.60,39.71,0,0,0
231,30.00,30.04,39.60,39.60,39.68,0,0,0
232,30.00,30.04,39.60,39.60,39.66,0,0,0
233,30.00,30.04,39.60,39.60,39.64,0,0,0
234,30.00,30.05,39.60,39.60,39.63,0,0,0
235,30.00,30.04,39.60,39.60,39.63,0,0,0
236,30.00,30.05,39.60,39.60,39.64,0,0,0
237,30.00,30.05,39.60,39.60,39.65,0,0,0
238,30.00,30.06,39.60,39.60,39.61,0,0,0
239,30.00,30.07,39.60,39.60,39.58,0,0,1
240,30.00,30.06,39.60,39.60,39.58,0,0,0
241,30.00,30.06,39.60,39.60,39.60,0,0,0
242,30.00,30.04,39.60,39.60,39.71,0,0,0
243,30.00,30.05,39.60,39.60,39.85,0,0,0
244,30.00,30.04,39.60,39.60,39.93,0,0,0
245,30.00,30.06,39.60,39.60,40.03,0,0,0
246,30.00,30.05,39.60,39.60,40.03,0,0,0
247,30.00,30.05,39.60,39.60,40.12,0,0,0
248,30.00,30.05,39.60,39.60,40.13,0,0,0
249,30.00,30.07,39.60,39.60,40.14,0,0,0
250,30.00,30.06,39.60,39.60,40.18,0,0,0
251,30.00,30.08,39.60,39.60,40.14,0,0,0
252,30.00,30.08,39.60,39.60,40.14,0,0,0
253,30.00,30.08,39.60,39.60,40.18,0,0,0
254,30.00,30.09,39.60,39.60,40.13,0,0,0
255,30.00,30.08,39.60,39.60,40.12,0,0,0
256,30.00,30.08,39.60,39.60,40.10,0,0,0
257,30.00,30.08,39.60,39.60,40.10,0,0,0
258,30.00,30.09,39.60,39.60,40.12,0,0,0
259,30.00,30.09,39.60,39.60,40.11,0,0,0
260,30.00,30.12,39.60,39.60,40.10,0,0,0
261,30.00,30.08,39.60,39.60,40.06,0,0,0
262,30.00,30.09,39.60,39.60,40.09,0,0,0
263,30.00,30.10,39.60,39.60,40.07,0,0,0
264,30.00,30.10,39.60,39.60,40.06,0,0,0
265,30.00,30.10,39.60,39.60,40.05,0,0,0
266,30.00,30.06,39.60,39.60,40.01,0,0,0
267,30.00,30.08,39.60,39.60,40.04,0,0,0
268,30.00,30.07,39.60,39.60,39.98,0,0,0
269,30.00,30.08,39.60,39.60,39.99,0,0,0
270,30.00,30.10,39.60,39.60,40.00,0,0,0
271,30.00,30.09,39.60,39.60,39.99,0,0,0
272,30.00,30.10,39.60,39.60,39.98,0,0,0
273,30.00,30.10,39.60,39.60,39.98,0,0,0
274,30.00,30.09,39.60,39.60,39.95,0,0,0
275,30.00,30.11,39.60,39.60,39.94,0,0,0
276,30.00,30.10,39.60,39.60,39.92,0,0,0
277,30.00,30.10,39.60,39.60,39.89,0,0,0
278,30.00,30.12,39.60,39.60,39.90,0,0,0
279,30.00,30.10,39.60,39.60,39.90,0,0,0
280,30.00,30.13,39.60,39.60,39.90,0,0,0
281,30.00,30.12,39.60,39.60,39.90,0,0,0
282,30.00,30.13,39.60,39.60,39.86,0,0,0
283,30.00,30.12,39.60,39.60,39.85,0,0,0
284,30.00,30.11,39.60,39.60,39.85,0,0,0
285,30.00,30.10,39.60,39.60,39.86,0,0,0
286,30.00,30.10,39.60,39.60,39.86,0,0,0
287,30.00,30.09,39.60,39.60,39.81,0,0,0
288,30.00,30.11,39.60,39.60,39.82,0,0,0
289,30.00,30.11,39.60,39.60,39.82,0,0,0
290,30.00,30.12,39.60,39.60,39.78,0,0,0
291,30.00,30.12,39.60,39.60,39.79,0,0,0
292,30.00,30.12,39.60,39.60,39.77,0,0,0
293,30.00,30.13,39.60,39.60,39.78,0,0,0
294,30.00,30.13,39.60,39.60,39.76,0,0,0
295,30.00,30.11,39.60,39.60,39.73,0,0,0
296,30.00,30.12,39.60,39.60,39.78,0,0,0
297,30.00,30.12,39.60,39.60,39.71,0,0,0
298,30.00,30.12,39.60,39.60,39.70,0,0,0
299,30.00,30.11,39.60,39.60,39.74,0,0,0
300,30.00,30.12,39.60,39.60,39.70,0,0,0
301,30.00,30.12,39.60,39.60,39.70,0,0,0
302,30.00,30.14,39.60,39.60,39.67,0,0,0
303,30.00,30.12,39.60,39.60,39.66,0,0,0
304,30.00,30.13,39.60,39.60,39.67,0,0,0
305,30.00,30.13,39.60,39.60,39.61,0,0,0
306,30.00,30.13,39.60,39.60,39.61,0,0,0
307,30.00,30.14,39.60,39.60,39.65,0,0,0
308,30.00,30.14,39.60,39.60,39.64,0,0,0
309,30.00,30.14,39.60,39.60,39.63,0,0,0
310,30.00,30.14,39.60,39.60,39.59,0,0,1
311,30.00,30.11,39.60,39.60,39.59,0,0,0
312,30.00,30.14,39.60,39.60,39.60,0,0,0
313,30.00,30.14,39.60,39.60,39.65,0,0,0
314,30.00,30.12,39.60,39.60,39.77,0,0,0
315,30.00,30.13,39.60,39.60,39.80,0,0,0
316,30.00,30.15,39.60,39.60,39.85,0,0,0
317,30.00,30.12,39.60,39.60,39.92,0,0,0
318,30.00,30.14,39.60,39.60,39.92,0,0,0
319,30.00,30.14,39.60,39.60,39.93,0,0,0
320,30.00,30.14,39.60,39.60,39.93,0,0,0
321,30.00,30.12,39.60,39.60,39.96,0,0,0
322,30.00,30.14,39.60,39.60,39.91,0,0,0
323,30.00,30.14,39.60,39.60,39.90,0,0,0
324,30.00,30.15,39.60,39.60,39.92,0,0,0
325,30.00,30.13,39.60,39.60,39.92,0,0,0
326,30.00,30.13,39.60,39.60,39.91,0,0,0
327,30.00,30.14,39.60,39.60,39.92,0,0,0
328,30.00,30.13,39.60,39.60,39.89,0,0,0
329,30.00,30.14,39.60,39.60,39.82,0,0,0
330,30.00,30.16,39.60,39.60,39.84,0,0,0
331,30.00,30.14,39.60,39.60,39.82,0,0,0
332,30.00,30.14,39.60,39.60,39.83,0,0,0
333,30.00,30.14,39.60,39.60,39.86,0,0,0
334,30.00,30.15,39.60,39.60,39.83,0,0,0
335,30.00,30.16,39.60,39.60,39.81,0,0,0
336,30.00,30.14,39.60,39.60,39.81,0,0,0
337,30.00,30.13,39.60,39.60,39.78,0,0,0
338,30.00,30.15,39.60,39.60,39.78,0,0,0
339,30.00,30.16,39.60,39.60,39.78,0,0,0
340,30.00,30.16,39.60,39.60,39.77,0,0,0
341,30.00,30.14,39.60,39.60,39.73,0,0,0
342,30.00,30.15,39.60,39.60,39.77,0,0,0
343,30.00,30.14,39.60,39.60,39.69,0,0,0
344,30.00,30.15,39.60,39.60,39.74,0,0,0
345,30.00,30.14,39.60,39.60,39.73,0,0,0
346,30.00,30.15,39.60,39.60,39.70,0,0,0
347,30.00,30.14,39.60,39.60,39.73,0,0,0
348,30.00,30.15,39.60,39.60,39.70,0,0,0
349,30.00,30.16,39.60,39.60,39.71,0,0,0
350,30.00,30.14,39.60,39.60,39.64,0,0,0
351,30.00,30.16,39.60,39.60,39.72,0,0,0
352,30.00,30.13,39.60,39.60,39.65,0,0,0
353,30.00,30.15,39.60,39.60,39.67,0,0,0
354,30.00,30.15,39.60,39.60,39.61,0,0,0
355,30.00,30.11,39.60,39.60,39.61,0,0,0
356,30.00,30.15,39.60,39.60,39.60,0,0,1
357,30.00,30.15,39.60,39.60,39.61,0,0,0
358,30.00,30.16,39.60,39.60,39.60,0,0,0
359,30.00,30.14,39.60,39.60,39.80,0,0,0
360,30.00,30.15,39.60,39.60,39.99,0,0,0
361,30.00,30.14,39.60,39.60,40.13,0,0,0
362,30.00,30.14,39.60,39.60,40.24,0,0,0
363,30.00,30.14,39.60,39.60,40.27,0,0,0
364,30.00,30.16,39.60,39.60,40.36,0,0,0
365,30.00,30.13,39.60,39.60,40.39,0,0,0
366,30.00,30.15,39.60,39.60,40.39,0,0,0
367,30.00,30.15,39.60,39.60,40.39,0,0,0
368,30.00,30.16,39.60,39.60,40.44,0,0,0
369,30.00,30.13,39.60,39.60,40.36,0,0,0
370,30.00,30.14,39.60,39.60,40.43,0,0,0
371,30.00,30.15,39.60,39.60,40.36,0,0,0
372,30.00,30.14,39.60,39.60,40.35,0,0,0
373,30.00,30.16,39.60,39.60,40.34,0,0,0
374,30.00,30.16,39.60,39.60,40.40,0,0,0
375,30.00,30.15,39.60,39.60,40.32,0,0,0
376,30.00,30.14,39.60,39.60,40.33,0,0,0
377,30.00,30.14,39.60,39.60,40.31,0,0,0
378,30.00,30.15,39.60,39.60,40.30,0,0,0
379,30.00,30.15,39.60,39.60,40.30,0,0,0
380,30.00,30.15,39.60,39.60,40.30,0,0,0
381,30.00,30.17,39.60,39.60,40.29,0,0,0
382,30.00,30.14,39.60,39.60,40.28,0,0,0
383,30.00,30.15,39.60,39.60,40.26,0,0,0
384,30.00,30.15,39.60,39.60,40.23,0,0,0
385,30.00,30.14,39.60,39.60,40.26,0,0,0
386,30.00,30.13,39.60,39.60,40.21,0,0,0
387,30.00,30.15,39.60,39.60,40.25,0,0,0
388,30.00,30.15,39.60,39.60,40.21,0,0,0
389,30.00,30.14,39.60,39.60,40.21,0,0,0
390,30.00,30.14,39.60,39.60,40.19,0,0,0
391,30.00,30.15,39.60,39.60,40.16,0,0,0
392,30.00,30.14,39.60,39.60,40.18,0,0,0
393,30.00,30.14,39.60,39.60,40.15,0,0,0
394,30.00,30.15,39.60,39.60,40.10,0,0,0
395,30.00,30.15,39.60,39.60,40.10,0,0,0
396,30.00,30.15,39.60,39.60,40.15,0,0,0
397,30.00,30.14,39.60,39.60,40.10,0,0,0
398,30.00,30.13,39.60,39.60,40.13,0,0,0
399,30.00,30.14,39.60,39.60,40.12,0,0,0
400,30.00,30.15,39.60,39.60,40.11,0,0,0
401,30.00,30.13,39.60,39.60,40.09,0,0,0
402,30.00,30.15,39.60,39.60,40.07,0,0,0
403,30.00,30.14,39.60,39.60,40.04,0,0,0
404,30.00,30.14,39.60,39.60,40.07,0,0,0
405,30.00,30.14,39.60,39.60,40.06,0,0,0
406,30.00,30.14,39.60,39.60,40.06,0,0,0
407,30.00,30.13,39.60,39.60,40.07,0,0,0
408,30.00,30.14,39.60,39.60,40.03,0,0,0
409,30.00,30.13,39.60,39.60,40.00,0,0,0
410,30.00,30.14,39.60,39.60,40.02,0,0,0
411,30.00,30.10,39.60,39.60,39.99,0,0,0
412,30.00,30.13,39.60,39.60,39.99,0,0,0
413,30.00,30.13,39.60,39.60,39.98,0,0,0
414,30.00,30.15,39.60,39.60,39.95,0,0,0
415,30.00,30.12,39.60,39.60,39.97,0,0,0
416,30.00,30.14,39.60,39.60,39.96,0,0,0
417,30.00,30.15,39.60,39.60,39.95,0,0,0
418,30.00,30.13,39.60,39.60,39.94,0,0,0
419,30.00,30.16,39.60,39.60,39.93,0,0,0
420,30.00,30.14,39.60,39.60,39.93,0,0,0
421,30.00,30.14,39.60,39.60,39.94,0,0,0
422,30.00,30.15,39.60,39.60,39.94,0,0,0
423,30.00,30.15,39.60,39.60,39.88,0,0,0
424,30.00,30.15,39.60,39.60,39.90,0,0,0
425,30.00,30.15,39.60,39.60,39.90,0,0,0
426,30.00,30.13,39.60,39.60,39.88,0,0,0
427,30.00,30.15,39.60,39.60,39.86,0,0,0
428,30.00,30.14,39.60,39.60,39.88,0,0,0
429,30.00,30.14,39.60,39.60,39.86,0,0,0
430,30.00,30.13,39.60,39.60,39.86,0,0,0
431,30.00,30.16,39.60,39.60,39.86,0,0,0
432,30.00,30.16,39.60,39.60,39.82,0,0,0
433,30.00,30.15,39.60,39.60,39.84,0,0,0
434,30.00,30.13,39.60,39.60,39.89,0,0,0
435,30.00,30.14,39.60,39.60,39.84,0,0,0
436,30.00,30.15,39.60,39.60,39.83,0,0,0
437,30.00,30.14,39.60,39.60,39.79,0,0,0
438,30.00,30.13,39.60,39.60,39.79,0,0,0
439,30.00,30.13,39.60,39.60,39.77,0,0,0
440,30.00,30.13,39.60,39.60,39.78,0,0,0
441,30.00,30.13,39.60,39.60,39.76,0,0,0
442,30.00,30.12,39.60,39.60,39.78,0,0,0
443,30.00,30.13,39.60,39.60,39.75,0,0,0
444,30.00,30.12,39.60,39.60,39.77,0,0,0
445,30.00,30.12,39.60,39.60,39.76,0,0,0
446,30.00,30.13,39.60,39.60,39.71,0,0,0
447,30.00,30.15,39.60,39.60,39.71,0,0,0
448,30.00,30.13,39.60,39.60,39.71,0,0,0
449,30.00,30.12,39.60,39.60,39.73,0,0,0
450,30.00,30.11,39.60,39.60,39.70,0,0,0
451,30.00,30.12,39.60,39.60,39.69,0,0,0
452,30.00,30.12,39.60,39.60,39.71,0,0,0
453,30.00,30.12,39.60,39.60,39.69,0,0,0
454,30.00,30.12,39.60,39.60,39.65,0,0,0
455,30.00,30.14,39.60,39.60,39.68,0,0,0
456,30.00,30.14,39.60,39.60,39.68,0,0,0
457,30.00,30.13,39.60,39.60,39.64,0,0,0
458,30.00,30.13,39.60,39.60,39.67,0,0,0
459,30.00,30.11,39.60,39.60,39.62,0,0,0
460,30.00,30.14,39.60,39.60,39.62,0,0,0
461,30.00,30.13,39.60,39.60,39.62,0,0,0
462,30.00,30.13,39.60,39.60,39.65,0,0,0
463,30.00,30.12,39.60,39.60,39.62,0,0,0
464,30.00,30.13,39.60,39.60,39.63,0,0,0
465,30.00,30.13,39.60,39.60,39.57,0,0,1
466,30.00,30.13,39.60,39.60,39.63,0,0,0
467,30.00,30.12,39.60,39.60,39.61,0,0,0
468,30.00,30.11,39.60,39.60,39.71,0,0,0
469,30.00,30.10,39.60,39.60,39.89,0,0,0
470,30.00,30.12,39.60,39.60,39.93,0,0,0
471,30.00,30.10,39.60,39.60,40.00,0,0,0
472,30.00,30.12,39.60,39.60,40.06,0,0,0
473,30.00,30.11,39.60,39.60,40.07,0,0,0
474,30.00,30.13,39.60,39.60,40.07,0,0,0
475,30.00,30.10,39.60,39.60,40.07,0,0,0
476,30.00,30.13,39.60,39.60,40.07,0,0,0
477,30.00,30.12,39.60,39.60,40.09,0,0,0
478,30.00,30.11,39.60,39.60,40.09,0,0,0
479,30.00,30.13,39.60,39.60,40.07,0,0,0
480,30.00,30.13,39.60,39.60,40.11,0,0,0
481,30.00,30.10,39.60,39.60,40.08,0,0,0
482,30.00,30.12,39.60,39.60,40.05,0,0,0
483,30.00,30.10,39.60,39.60,40.04,0,0,0
484,30.00,30.12,39.60,39.60,40.05,0,0,0
485,30.00,30.11,39.60,39.60,40.02,0,0,0
486,30.00,30.09,39.60,39.60,40.01,0,0,0
487,30.00,30.12,39.60,39.60,40.04,0,0,0
488,30.00,30.10,39.60,39.60,39.99,0,0,0
489,30.00,30.13,39.60,39.60,40.01,0,0,0
490,30.00,30.10,39.60,39.60,40.00,0,0,0
491,30.00,30.10,39.60,39.60,39.94,0,0,0
492,30.00,30.12,39.60,39.60,40.01,0,0,0
493,30.00,30.11,39.60,39.60,39.98,0,0,0
494,30.00,30.10,39.60,39.60,39.94,0,0,0
495,30.00,30.11,39.60,39.60,39.96,0,0,0
496,30.00,30.10,39.60,39.60,39.94,0,0,0
497,30.00,30.10,39.60,39.60,39.91,0,0,0
498,30.00,30.12,39.60,39.60,39.93,0,0,0
499,30.00,30.09,39.60,39.60,39.93,0,0,0
500,30.00,30.08,39.60,39.60,39.95,0,0,0
501,30.00,30.10,39.60,39.60,39.88,0,0,0
502,30.00,30.09,39.60,39.60,39.90,0,0,0
503,30.00,30.09,39.60,39.60,39.88,0,0,0
504,30.00,30.09,39.60,39.60,39.88,0,0,0
505,30.00,30.09,39.60,39.60,39.84,0,0,0
506,30.00,30.09,39.60,39.60,39.86,0,0,0
507,30.00,30.09,39.60,39.60,39.85,0,0,0
508,30.00,30.08,39.60,39.60,39.87,0,0,0
509,30.00,30.09,39.60,39.60,39.86,0,0,0
510,30.00,30.08,39.60,39.60,39.84,0,0,0
511,30.00,30.10,39.60,39.60,39.84,0,0,0
512,30.00,30.08,39.60,39.60,39.81,0,0,0
513,30.00,30.07,39.60,39.60,39.80,0,0,0
514,30.00,30.08,39.60,39.60,39.79,0,0,0
515,30.00,30.09,39.60,39.60,39.81,0,0,0
516,30.00,30.09,39.60,39.60,39.78,0,0,0
517,30.00,30.08,39.60,39.60,39.77,0,0,0
518,30.00,30.07,39.60,39.60,39.80,0,0,0
519,30.00,30.10,39.60,39.60,39.77,0,0,0
520,30.00,30.07,39.60,39.60,39.77,0,0,0
521,30.00,30.08,39.60,39.60,39.79,0,0,0
522,30.00,30.08,39.60,39.60,39.74,0,0,0
523,30.00,30.10,39.60,39.60,39.73,0,0,0
524,30.00,30.07,39.60,39.60,39.72,0,0,0
525,30.00,30.09,39.60,39.60,39.74,0,0,0
526,30.00,30.08,39.60,39.60,39.70,0,0,0
527,30.00,30.08,39.60,39.60,39.71,0,0,0
528,30.00,30.08,39.60,39.60,39.70,0,0,0
529,30.00,30.09,39.60,39.60,39.69,0,0,0
530,30.00,30.08,39.60,39.60,39.69,0,0,0
531,30.00,30.07,39.60,39.60,39.69,0,0,0
532,30.00,30.08,39.60,39.60,39.64,0,0,0
533,30.00,30.09,39.60,39.60,39.61,0,0,0
534,30.00,30.07,39.60,39.60,39.63,0,0,0
535,30.00,30.07,39.60,39.60,39.63,0,0,0
536,30.00,30.08,39.60,39.60,39.65,0,0,0
537,30.00,30.07,39.60,39.60,39.58,0,0,1
538,30.00,30.08,39.60,39.60,39.60,0,0,0
539,30.00,30.05,39.60,39.60,39.60,0,0,0
540,30.00,30.06,39.60,39.60,39.71,0,0,0
541,30.00,30.06,39.60,39.60,39.79,0,0,0
542,30.00,30.05,39.60,39.60,39.86,0,0,0
543,30.00,30.06,39.60,39.60,39.93,0,0,0
544,30.00,30.06,39.60,39.60,39.97,0,0,0
545,30.00,30.06,39.60,39.60,39.99,0,0,0
546,30.00,30.05,39.60,39.60,39.98,0,0,0
547,30.00,30.06,39.60,39.60,39.97,0,0,0
548,30.00,30.06,39.60,39.60,39.94,0,0,0
549,30.00,30.07,39.60,39.60,39.98,0,0,0
550,30.00,30.05,39.60,39.60,39.98,0,0,0
551,30.00,30.05,39.60,39.60,40.02,0,0,0
552,30.00,30.04,39.60,39.60,39.94,0,0,0
553,30.00,30.07,39.60,39.60,39.95,0,0,0
554,30.00,30.04,39.60,39.60,39.95,0,0,0
555,30.00,30.05,39.60,39.60,39.93,0,0,0
556,30.00,30.05,39.60,39.60,39.90,0,0,0
557,30.00,30.06,39.60,39.60,39.94,0,0,0
558,30.00,30.05,39.60,39.60,39.92,0,0,0
559,30.00,30.04,39.60,39.60,39.93,0,0,0
560,30.00,30.04,39.60,39.60,39.90,0,0,0
561,30.00,30.04,39.60,39.60,39.90,0,0,0
562,30.00,30.05,39.60,39.60,39.87,0,0,0
563,30.00,30.04,39.60,39.60,39.87,0,0,0
564,30.00,30.04,39.60,39.60,39.87,0,0,0
565,30.00,30.04,39.60,39.60,39.88,0,0,0
566,30.00,30.05,39.60,39.60,39.88,0,0,0
567,30.00,30.05,39.60,39.60,39.85,0,0,0
568,30.00,30.06,39.60,39.60,39.85,0,0,0
569,30.00,30.04,39.60,39.60,39.85,0,0,0
570,30.00,30.04,39.60,39.60,39.83,0,0,0
571,30.00,30.04,39.60,39.60,39.83,0,0,0
572,30.00,30.05,39.60,39.60,39.81,0,0,0
573,30.00,30.04,39.60,39.60,39.81,0,0,0
574,30.00,30.05,39.60,39.60,39.78,0,0,0
575,30.00,30.03,39.60,39.60,39.82,0,0,0
576,30.00,30.04,39.60,39.60,39.80,0,0,0
577,30.00,30.03,39.60,39.60,39.79,0,0,0
578,30.00,30.05,39.60,39.60,39.79,0,0,0
579,30.00,30.02,39.60,39.60,39.76,0,0,0
580,30.00,30.03,39.60,39.60,39.77,0,0,0
581,30.00,30.03,39.60,39.60,39.78,0,0,0
582,30.00,30.03,39.60,39.60,39.74,0,0,0
583,30.00,30.03,39.60,39.60,39.75,0,0,0
584,30.00,30.00,39.60,39.60,39.75,0,0,0
585,30.00,30.01,39.60,39.60,39.70,0,0,0
586,30.00,30.03,39.60,39.60,39.74,0,0,0
587,30.00,30.01,39.60,39.60,39.71,0,0,0
588,30.00,30.03,39.60,39.60,39.68,0,0,0
589,30.00,30.04,39.60,39.60,39.71,0,0,0
590,30.00,30.03,39.60,39.60,39.69,0,0,0
591,30.00,30.03,39.60,39.60,39.70,0,0,0
592,30.00,30.00,39.60,39.60,39.70,0,0,0
593,30.00,30.00,39.60,39.60,39.69,0,0,0
594,30.00,30.03,39.60,39.60,39.67,0,0,0
595,30.00,30.00,39.60,39.60,39.64,0,0,0
596,30.00,30.01,39.60,39.60,39.64,0,0,0
597,30.00,30.02,39.60,39.60,39.64,0,0,0
598,30.00,30.00,39.60,39.60,39.62,1,0,0
599,30.00,30.02,39.60,39.60,39.59,0,0,1
600,30.00,30.01,39.60,39.60,39.61,0,0,0
601,30.00,30.00,39.60,39.60,39.59,1,0,0
602,30.00,30.01,39.60,39.60,39.74,0,0,0
603,30.00,30.00,39.60,39.60,39.90,0,0,0
604,30.00,30.00,39.60,39.60,40.03,0,0,0
605,30.00,30.00,39.60,39.60,40.16,0,0,0
606,30.00,30.00,39.60,39.60,40.28,1,0,0
607,30.00,30.01,39.60,39.60,40.33,0,0,0
608,30.00,30.01,39.60,39.60,40.40,0,0,0
609,30.00,29.99,39.60,39.60,40.38,1,0,0
610,30.00,30.00,39.60,39.60,40.43,0,0,0
611,30.00,29.99,39.60,39.60,40.42,1,0,0
612,30.00,30.00,39.60,39.60,40.45,0,0,0
613,30.00,30.00,39.60,39.60,40.43,0,0,0
614,30.00,30.00,39.60,39.60,40.43,0,0,0
615,30.00,30.01,39.60,39.60,40.40,0,0,0
616,30.00,29.99,39.60,39.60,40.40,1,0,0
617,30.00,29.98,39.60,39.60,40.40,1,0,0
618,30.00,30.00,39.60,39.60,40.34,1,0,0
619,30.00,30.00,39.60,39.60,40.38,0,0,0
620,30.00,30.00,39.60,39.60,40.36,1,0,0
621,30.00,29.98,39.60,39.60,40.34,1,0,0
622,30.00,29.98,39.60,39.60,40.32,1,0,0
623,30.00,30.01,39.60,39.60,40.35,0,0,0
624,30.00,29.98,39.60,39.60,40.33,1,0,0
625,30.00,29.98,39.60,39.60,40.36,1,0,0
626,30.00,29.99,39.60,39.60,40.27,1,0,0
627,30.00,29.99,39.60,39.60,40.32,1,0,0
628,30.00,30.00,39.60,39.60,40.32,1,0,0
629,30.00,30.00,39.60,39.60,40.27,1,0,0
630,30.00,29.99,39.60,39.60,40.26,1,0,0
631,30.00,29.99,39.60,39.60,40.27,1,0,0
632,30.00,30.00,39.60,39.60,40.26,1,0,0
633,30.00,29.98,39.60,39.60,40.24,1,0,0
634,30.00,29.98,39.60,39.60,40.24,1,0,0
635,30.00,29.98,39.60,39.60,40.23,1,0,0
636,30.00,29.97,39.60,39.60,40.23,1,0,0
637,30.00,29.97,39.60,39.60,40.21,1,0,0
638,30.00,29.98,39.60,39.60,40.20,1,0,0
639,30.00,29.96,39.60,39.60,40.20,1,0,0
640,30.00,29.98,39.60,39.60,40.20,1,0,0
641,30.00,29.98,39.60,39.60,40.21,1,0,0
642,30.00,29.98,39.60,39.60,40.15,1,0,0
643,30.00,29.98,39.60,39.60,40.14,1,0,0
644,30.00,29.99,39.60,39.60,40.19,1,0,0
645,30.00,29.98,39.60,39.60,40.16,1,0,0
646,30.00,29.96,39.60,39.60,40.15,1,0,0
647,30.00,29.99,39.60,39.60,40.10,1,0,0
648,30.00,29.97,39.60,39.60,40.12,1,0,0
649,30.00,29.98,39.60,39.60,40.11,1,0,0
650,30.00,29.98,39.60,39.60,40.10,1,0,0
651,30.00,29.96,39.60,39.60,40.07,1,0,0
652,30.00,29.97,39.60,39.60,40.07,1,0,0
653,30.00,29.98,39.60,39.60,40.09,1,0,0
654,30.00,29.99,39.60,39.60,40.07,1,0,0
655,30.00,29.99,39.60,39.60,40.09,1,0,0
656,30.00,29.96,39.60,39.60,40.08,1,0,0
657,30.00,29.96,39.60,39.60,40.04,1,0,0
658,30.00,29.98,39.60,39.60,40.02,1,0,0
659,30.00,30.00,39.60,39.60,40.03,1,0,0
660,30.00,29.96,39.60,39.60,40.01,1,0,0
661,30.00,29.99,39.60,39.60,40.03,1,0,0
662,30.00,29.98,39.60,39.60,40.02,1,0,0
663,30.00,29.98,39.60,39.60,39.98,1,0,0
664,30.00,29.98,39.60,39.60,39.95,1,0,0
665,30.00,29.97,39.60,39.60,39.97,1,0,0
666,30.00,29.98,39.60,39.60,39.97,1,0,0
667,30.00,29.96,39.60,39.60,39.96,1,0,0
668,30.00,29.96,39.60,39.60,39.94,1,0,0
669,30.00,29.96,39.60,39.60,39.95,1,0,0
670,30.00,29.97,39.60,39.60,39.94,1,0,0
671,30.00,29.99,39.60,39.60,39.90,1,0,0
672,30.00,29.98,39.60,39.60,39.92,1,0,0
673,30.00,29.98,39.60,39.60,39.91,1,0,0
674,30.00,29.97,39.60,39.60,39.92,1,0,0
675,30.00,29.98,39.60,39.60,39.92,1,0,0
676,30.00,30.00,39.60,39.60,39.88,1,0,0
677,30.00,29.99,39.60,39.60,39.91,1,0,0
678,30.00,29.98,39.60,39.60,39.89,1,0,0
679,30.00,29.99,39.60,39.60,39.90,1,0,0
680,30.00,29.99,39.60,39.60,39.84,1,0,0
681,30.00,29.99,39.60,39.60,39.86,1,0,0
682,30.00,29.99,39.60,39.60,39.86,1,0,0
683,30.00,29.98,39.60,39.60,39.84,1,0,0
684,30.00,29.98,39.60,39.60,39.83,1,0,0
685,30.00,29.97,39.60,39.60,39.80,1,0,0
686,30.00,29.99,39.60,39.60,39.80,1,0,0
687,30.00,30.00,39.60,39.60,39.79,1,0,0
688,30.00,30.00,39.60,39.60,39.79,1,0,0
689,30.00,29.99,39.60,39.60,39.74,1,0,0
690,30.00,29.99,39.60,39.60,39.73,1,0,0
691,30.00,29.99,39.60,39.60,39.75,1,0,0
692,30.00,29.99,39.60,39.60,39.78,1,0,0
693,30.00,29.99,39.60,39.60,39.75,1,0,0
694,30.00,30.00,39.60,39.60,39.74,1,0,0
695,30.00,29.99,39.60,39.60,39.68,1,0,0
696,30.00,29.99,39.60,39.60,39.72,1,0,0
697,30.00,29.99,39.60,39.60,39.76,1,0,0
698,30.00,29.99,39.60,39.60,39.70,1,0,0
699,30.00,29.99,39.60,39.60,39.73,1,0,0
700,30.00,29.99,39.60,39.60,39.67,1,0,0
701,30.00,30.00,39.60,39.60,39.68,0,0,0
702,30.00,30.00,39.60,39.60,39.65,0,0,0
703,30.00,29.98,39.60,39.60,39.65,1,0,0
704,30.00,30.00,39.60,39.60,39.65,0,0,0
705,30.00,30.03,39.60,39.60,39.63,0,0,0
706,30.00,30.01,39.60,39.60,39.67,0,0,0
707,30.00,30.01,39.60,39.60,39.65,0,0,0
708,30.00,30.01,39.60,39.60,39.64,0,0,0
709,30.00,29.98,39.60,39.60,39.63,1,0,0
710,30.00,30.00,39.60,39.60,39.63,0,0,0
711,30.00,30.03,39.60,39.60,39.60,0,0,1
712,30.00,29.99,39.60,39.60,39.58,1,0,0
713,30.00,30.00,39.60,39.60,39.61,0,0,0
714,30.00,30.01,39.60,39.60,39.71,0,0,0
715,30.00,30.03,39.60,39.60,39.91,0,0,0
716,30.00,30.01,39.60,39.60,40.02,0,0,0
717,30.00,30.02,39.60,39.60,40.11,0,0,0
718,30.00,29.99,39.60,39.60,40.16,1,0,0
719,30.00,30.01,39.60,39.60,40.20,0,0,0
720,30.00,30.03,39.60,39.60,40.26,0,0,0
721,30.00,30.01,39.60,39.60,40.23,0,0,0
722,30.00,30.01,39.60,39.60,40.24,0,0,0
723,30.00,30.00,39.60,39.60,40.26,1,0,0
724,30.00,30.02,39.60,39.60,40.27,0,0,0
725,30.00,30.03,39.60,39.60,40.27,0,0,0
726,30.00,30.03,39.60,39.60,40.28,0,0,0
727,30.00,30.03,39.60,39.60,40.24,0,0,0
728,30.00,30.02,39.60,39.60,40.23,0,0,0
729,30.00,30.01,39.60,39.60,40.22,0,0,0
730,30.00,30.01,39.60,39.60,40.23,0,0,0
731,30.00,30.03,39.60,39.60,40.18,0,0,0
732,30.00,30.01,39.60,39.60,40.17,0,0,0
733,30.00,30.02,39.60,39.60,40.17,0,0,0
734,30.00,30.03,39.60,39.60,40.15,0,0,0
735,30.00,30.03,39.60,39.60,40.18,0,0,0
736,30.00,30.03,39.60,39.60,40.14,0,0,0
737,30.00,30.04,39.60,39.60,40.12,0,0,0
738,30.00,30.04,39.60,39.60,40.11,0,0,0
739,30.00,30.04,39.60,39.60,40.09,0,0,0
740,30.00,30.03,39.60,39.60,40.07,0,0,0
741,30.00,30.05,39.60,39.60,40.07,0,0,0
742,30.00,30.02,39.60,39.60,40.04,0,0,0
743,30.00,30.03,39.60,39.60,40.03,0,0,0
744,30.00,30.03,39.60,39.60,40.03,0,0,0
745,30.00,30.02,39.60,39.60,40.03,0,0,0
746,30.00,30.04,39.60,39.60,40.00,0,0,0
747,30.00,30.06,39.60,39.60,40.00,0,0,0
748,30.00,30.04,39.60,39.60,39.97,0,0,0
749,30.00,30.06,39.60,39.60,39.96,0,0,0
750,30.00,30.03,39.60,39.60,39.98,0,0,0
751,30.00,30.05,39.60,39.60,39.96,0,0,0
752,30.00,30.04,39.60,39.60,39.98,0,0,0
753,30.00,30.02,39.60,39.60,39.95,0,0,0
754,30.00,30.03,39.60,39.60,39.94,0,0,0
755,30.00,30.04,39.60,39.60,39.93,0,0,0
756,30.00,30.03,39.60,39.60,39.91,0,0,0
757,30.00,30.03,39.60,39.60,39.90,0,0,0
758,30.00,30.04,39.60,39.60,39.89,0,0,0
759,30.00,30.05,39.60,39.60,39.87,0,0,0
760,30.00,30.04,39.60,39.60,39.89,0,0,0
761,30.00,30.05,39.60,39.60,39.88,0,0,0
762,30.00,30.05,39.60,39.60,39.86,0,0,0
763,30.00,30.05,39.60,39.60,39.85,0,0,0
764,30.00,30.06,39.60,39.60,39.84,0,0,0
765,30.00,30.05,39.60,39.60,39.80,0,0,0
766,30.00,30.05,39.60,39.60,39.80,0,0,0
767,30.00,30.05,39.60,39.60,39.78,0,0,0
768,30.00,30.04,39.60,39.60,39.82,0,0,0
769,30.00,30.04,39.60,39.60,39.81,0,0,0
770,30.00,30.04,39.60,39.60,39.79,0,0,0
771,30.00,30.06,39.60,39.60,39.77,0,0,0
772,30.00,30.05,39.60,39.60,39.76,0,0,0
773,30.00,30.04,39.60,39.60,39.75,0,0,0
774,30.00,30.04,39.60,39.60,39.74,0,0,0
775,30.00,30.05,39.60,39.60,39.73,0,0,0
776,30.00,30.05,39.60,39.60,39.71,0,0,0
777,30.00,30.04,39.60,39.60,39.72,0,0,0
778,30.00,30.04,39.60,39.60,39.66,0,0,0
779,30.00,30.05,39.60,39.60,39.70,0,0,0
780,30.00,30.06,39.60,39.60,39.69,0,0,0
781,30.00,30.05,39.60,39.60,39.62,0,0,0
782,30.00,30.03,39.60,39.60,39.66,0,0,0
783,30.00,30.05,39.60,39.60,39.66,0,0,0
784,30.00,30.05,39.60,39.60,39.61,0,0,0
785,30.00,30.04,39.60,39.60,39.61,0,0,0
786,30.00,30.05,39.60,39.60,39.59,0,0,1
787,30.00,30.07,39.60,39.60,39.59,0,0,0
788,30.00,30.05,39.60,39.60,39.57,0,0,0
789,30.00,30.05,39.60,39.60,39.72,0,0,0
790,30.00,30.02,39.60,39.60,39.93,0,0,0
791,30.00,30.05,39.60,39.60,40.05,0,0,0
792,30.00,30.05,39.60,39.60,40.17,0,0,0
793,30.00,30.05,39.60,39.60,40.23,0,0,0
794,30.00,30.03,39.60,39.60,40.30,0,0,0
795,30.00,30.06,39.60,39.60,40.34,0,0,0
796,30.00,30.05,39.60,39.60,40.38,0,0,0
797,30.00,30.05,39.60,39.60,40.36,0,0,0
798,30.00,30.04,39.60,39.60,40.37,0,0,0
799,30.00,30.05,39.60,39.60,40.37,0,0,0
800,30.00,30.06,39.60,39.60,40.37,0,0,0
801,30.00,30.04,39.60,39.60,40.34,0,0,0
802,30.00,30.04,39.60,39.60,40.37,0,0,0
803,30.00,30.05,39.60,39.60,40.33,0,0,0
804,30.00,30.04,39.60,39.60,40.33,0,0,0
805,30.00,30.04,39.60,39.60,40.31,0,0,0
806,30.00,30.05,39.60,39.60,40.30,0,0,0
807,30.00,30.04,39.60,39.60,40.27,0,0,0
808,30.00,30.05,39.60,39.60,40.25,0,0,0
809,30.00,30.06,39.60,39.60,40.28,0,0,0
810,30.00,30.05,39.60,39.60,40.24,0,0,0
811,30.00,30.05,39.60,39.60,40.24,0,0,0
812,30.00,30.05,39.60,39.60,40.21,0,0,0
813,30.00,30.05,39.60,39.60,40.23,0,0,0
814,30.00,30.05,39.60,39.60,40.18,0,0,0
815,30.00,30.06,39.60,39.60,40.20,0,0,0
816,30.00,30.03,39.60,39.60,40.18,0,0,0
817,30.00,30.05,39.60,39.60,40.16,0,0,0
818,30.00,30.04,39.60,39.60,40.18,0,0,0
819,30.00,30.05,39.60,39.60,40.14,0,0,0
820,30.00,30.04,39.60,39.60,40.17,0,0,0
821,30.00,30.06,39.60,39.60,40.15,0,0,0
822,30.00,30.06,39.60,39.60,40.15,0,0,0
823,30.00,30.03,39.60,39.60,40.14,0,0,0
824,30.00,30.05,39.60,39.60,40.13,0,0,0
825,30.00,30.03,39.60,39.60,40.13,0,0,0
826,30.00,30.07,39.60,39.60,40.09,0,0,0
827,30.00,30.04,39.60,39.60,40.10,0,0,0
828,30.00,30.05,39.60,39.60,40.09,0,0,0
829,30.00,30.05,39.60,39.60,40.07,0,0,0
830,30.00,30.04,39.60,39.60,40.06,0,0,0
831,30.00,30.04,39.60,39.60,40.04,0,0,0
832,30.00,30.04,39.60,39.60,40.03,0,0,0
833,30.00,30.04,39.60,39.60,40.03,0,0,0
834,30.00,30.05,39.60,39.60,39.99,0,0,0
835,30.00,30.04,39.60,39.60,39.98,0,0,0
836,30.00,30.05,39.60,39.60,39.96,0,0,0
837,30.00,30.04,39.60,39.60,39.99,0,0,0
838,30.00,30.04,39.60,39.60,39.98,0,0,0
839,30.00,30.04,39.60,39.60,39.97,0,0,0
840,30.00,30.03,39.60,39.60,39.97,0,0,0
841,30.00,30.04,39.60,39.60,39.94,0,0,0
842,30.00,30.04,39.60,39.60,39.94,0,0,0
843,30.00,30.05,39.60,39.60,39.94,0,0,0
844,30.00,30.03,39.60,39.60,39.90,0,0,0
845,30.00,30.01,39.60,39.60,39.90,0,0,0
846,30.00,30.04,39.60,39.60,39.91,0,0,0
847,30.00,30.04,39.60,39.60,39.88,0,0,0
848,30.00,30.04,39.60,39.60,39.93,0,0,0
849,30.00,30.05,39.60,39.60,39.87,0,0,0
850,30.00,30.03,39.60,39.60,39.83,0,0,0
851,30.00,30.05,39.60,39.60,39.86,0,0,0
852,30.00,30.04,39.60,39.60,39.83,0,0,0
853,30.00,30.04,39.60,39.60,39.85,0,0,0
854,30.00,30.04,39.60,39.60,39.85,0,0,0
855,30.00,30.04,39.60,39.60,39.81,0,0,0
856,30.00,30.02,39.60,39.60,39.81,0,0,0
857,30.00,30.03,39.60,39.60,39.79,0,0,0
858,30.00,30.04,39.60,39.60,39.77,0,0,0
859,30.00,30.04,39.60,39.60,39.78,0,0,0
860,30.00,30.04,39.60,39.60,39.75,0,0,0
861,30.00,30.03,39.60,39.60,39.77,0,0,0
862,30.00,30.03,39.60,39.60,39.73,0,0,0
863,30.00,30.03,39.60,39.60,39.74,0,0,0
864,30.00,30.05,39.60,39.60,39.75,0,0,0
865,30.00,30.02,39.60,39.60,39.71,0,0,0
866,30.00,30.02,39.60,39.60,39.68,0,0,0
867,30.00,30.02,39.60,39.60,39.72,0,0,0
868,30.00,30.03,39.60,39.60,39.68,0,0,0
869,30.00,30.05,39.60,39.60,39.70,0,0,0
870,30.00,30.03,39.60,39.60,39.68,0,0,0
871,30.00,30.04,39.60,39.60,39.69,0,0,0
872,30.00,30.03,39.60,39.60,39.66,0,0,0
873,30.00,30.03,39.60,39.60,39.66,0,0,0
874,30.00,30.02,39.60,39.60,39.64,0,0,0
875,30.00,30.03,39.60,39.60,39.63,0,0,0
876,30.00,30.02,39.60,39.60,39.63,0,0,0
877,30.00,30.04,39.60,39.60,39.59,0,0,1
878,30.00,30.04,39.60,39.60,39.61,0,0,0
879,30.00,30.03,39.60,39.60,39.57,0,0,0
880,30.00,30.03,39.60,39.60,39.74,0,0,0
881,30.00,30.04,39.60,39.60,39.89,0,0,0
882,30.00,30.01,39.60,39.60,40.12,0,0,0
883,30.00,29.99,39.60,39.60,40.22,1,0,0
884,30.00,30.02,39.60,39.60,40.33,0,0,0
885,30.00,30.03,39.60,39.60,40.34,0,0,0
886,30.00,30.01,39.60,39.60,40.38,0,0,0
887,30.00,30.03,39.60,39.60,40.39,0,0,0
888,30.00,30.01,39.60,39.60,40.41,0,0,0
889,30.00,30.01,39.60,39.60,40.40,0,0,0
890,30.00,30.01,39.60,39.60,40.39,0,0,0
891,30.00,30.02,39.60,39.60,40.39,0,0,0
892,30.00,30.04,39.60,39.60,40.37,0,0,0
893,30.00,30.02,39.60,39.60,40.36,0,0,0
894,30.00,30.03,39.60,39.60,40.38,0,0,0
895,30.00,30.02,39.60,39.60,40.35,0,0,0
896,30.00,30.00,39.60,39.60,40.36,1,0,0
897,30.00,30.03,39.60,39.60,40.34,0,0,0
898,30.00,30.02,39.60,39.60,40.30,0,0,0
899,30.00,30.03,39.60,39.60,40.31,0,0,0
900,30.00,30.00,39.60,39.60,40.31,0,0,0
901,30.00,30.03,39.60,39.60,40.31,0,0,0
902,30.00,30.00,39.60,39.60,40.27,1,0,0
903,30.00,30.04,39.60,39.60,40.27,0,0,0
904,30.00,30.01,39.60,39.60,40.26,0,0,0
905,30.00,30.01,39.60,39.60,40.23,0,0,0
906,30.00,30.01,39.60,39.60,40.25,0,0,0
907,30.00,30.00,39.60,39.60,40.22,1,0,0
908,30.00,30.01,39.60,39.60,40.25,0,0,0
909,30.00,30.00,39.60,39.60,40.24,1,0,0
910,30.00,30.00,39.60,39.60,40.18,1,0,0
911,30.00,30.01,39.60,39.60,40.18,0,0,0
912,30.00,30.00,39.60,39.60,40.19,1,0,0
913,30.00,30.00,39.60,39.60,40.17,0,0,0
914,30.00,30.02,39.60,39.60,40.14,0,0,0
915,30.00,30.01,39.60,39.60,40.14,0,0,0
916,30.00,30.00,39.60,39.60,40.16,1,0,0
917,30.00,30.02,39.60,39.60,40.15,0,0,0
918,30.00,30.01,39.60,39.60,40.14,0,0,0
919,30.00,30.03,39.60,39.60,40.14,0,0,0
920,30.00,29.98,39.60,39.60,40.07,1,0,0
921,30.00,30.03,39.60,39.60,40.07,0,0,0
922,30.00,29.99,39.60,39.60,40.05,1,0,0
923,30.00,29.99,39.60,39.60,40.07,1,0,0
924,30.00,30.00,39.60,39.60,40.04,1,0,0
925,30.00,30.00,39.60,39.60,40.04,0,0,0
926,30.00,30.00,39.60,39.60,40.04,1,0,0
927,30.00,29.99,39.60,39.60,40.01,1,0,0
928,30.00,29.99,39.60,39.60,40.02,1,0,0
929,30.00,29.99,39.60,39.60,40.01,1,0,0
930,30.00,30.01,39.60,39.60,39.98,0,0,0
931,30.00,30.00,39.60,39.60,39.98,1,0,0
932,30.00,29.99,39.60,39.60,39.99,1,0,0
933,30.00,30.01,39.60,39.60,40.00,0,0,0
934,30.00,30.02,39.60,39.60,39.97,0,0,0
935,30.00,30.03,39.60,39.60,39.99,0,0,0
936,30.00,30.00,39.60,39.60,39.96,1,0,0
937,30.00,30.00,39.60,39.60,39.94,1,0,0
938,30.00,29.99,39.60,39.60,39.93,1,0,0
939,30.00,29.99,39.60,39.60,39.93,1,0,0
940,30.00,30.00,39.60,39.60,39.90,1,0,0
941,30.00,29.99,39.60,39.60,39.91,1,0,0
942,30.00,30.01,39.60,39.60,39.90,0,0,0
943,30.00,29.99,39.60,39.60,39.87,1,0,0
944,30.00,29.98,39.60,39.60,39.85,1,0,0
945,30.00,29.98,39.60,39.60,39.85,1,0,0
946,30.00,29.99,39.60,39.60,39.86,1,0,0
947,30.00,30.00,39.60,39.60,39.85,1,0,0
948,30.00,29.98,39.60,39.60,39.84,1,0,0
949,30.00,29.99,39.60,39.60,39.82,1,0,0
950,30.00,30.01,39.60,39.60,39.82,0,0,0
951,30.00,30.01,39.60,39.60,39.82,0,0,0
952,30.00,30.00,39.60,39.60,39.81,1,0,0
953,30.00,30.02,39.60,39.60,39.82,0,0,0
954,30.00,30.00,39.60,39.60,39.78,0,0,0
955,30.00,30.01,39.60,39.60,39.78,0,0,0
956,30.00,30.00,39.60,39.60,39.77,1,0,0
957,30.00,29.99,39.60,39.60,39.70,1,0,0
958,30.00,30.00,39.60,39.60,39.72,1,0,0
959,30.00,30.00,39.60,39.60,39.71,0,0,0
960,30.00,30.00,39.60,39.60,39.68,1,0,0
961,30.00,29.99,39.60,39.60,39.71,1,0,0
962,30.00,30.00,39.60,39.60,39.72,1,0,0
963,30.00,29.99,39.60,39.60,39.70,1,0,0
964,30.00,30.00,39.60,39.60,39.68,0,0,0
965,30.00,30.01,39.60,39.60,39.67,0,0,0
966,30.00,30.00,39.60,39.60,39.66,1,0,0
967,30.00,29.99,39.60,39.60,39.67,1,0,0
968,30.00,29.98,39.60,39.60,39.65,1,0,0
969,30.00,30.00,39.60,39.60,39.62,1,0,0
970,30.00,30.00,39.60,39.60,39.62,0,0,0
971,30.00,30.00,39.60,39.60,39.63,1,0,0
972,30.00,29.99,39.60,39.60,39.60,1,0,1
973,30.00,30.00,39.60,39.60,39.60,0,0,0
974,30.00,30.03,39.60,39.60,39.60,0,0,0
975,30.00,30.00,39.60,39.60,39.70,1,0,0
976,30.00,30.01,39.60,39.60,39.85,0,0,0
977,30.00,30.00,39.60,39.60,39.90,0,0,0
978,30.00,29.99,39.60,39.60,39.96,1,0,0
979,30.00,30.00,39.60,39.60,39.98,0,0,0
980,30.00,29.98,39.60,39.60,40.02,1,0,0
981,30.00,30.00,39.60,39.60,40.06,1,0,0
982,30.00,29.99,39.60,39.60,40.06,1,0,0
983,30.00,29.99,39.60,39.60,40.04,1,0,0
984,30.00,30.00,39.60,39.60,40.05,0,0,0
985,30.00,30.00,39.60,39.60,40.03,1,0,0
986,30.00,30.00,39.60,39.60,40.03,0,0,0
987,30.00,30.01,39.60,39.60,40.05,0,0,0
988,30.00,30.01,39.60,39.60,40.06,0,0,0
989,30.00,30.00,39.60,39.60,40.03,0,0,0
990,30.00,30.00,39.60,39.60,40.01,0,0,0
991,30.00,29.99,39.60,39.60,39.98,1,0,0
992,30.00,30.01,39.60,39.60,39.98,0,0,0
993,30.00,30.01,39.60,39.60,39.95,0,0,0
994,30.00,30.02,39.60,39.60,39.96,0,0,0
995,30.00,30.00,39.60,39.60,39.93,1,0,0
996,30.00,30.00,39.60,39.60,39.95,1,0,0
997,30.00,30.03,39.60,39.60,39.94,0,0,0
998,30.00,30.03,39.60,39.60,39.94,0,0,0
999,30.00,30.01,39.60,39.60,39.91,0,0,0
1000,30.00,30.01,39.60,39.60,39.91,0,0,0
1001,30.00,30.01,39.60,39.60,39.89,0,0,0
1002,30.00,30.01,39.60,39.60,39.91,0,0,0
1003,30.00,30.00,39.60,39.60,39.89,1,0,0
1004,30.00,30.03,39.60,39.60,39.86,0,0,0
1005,30.00,30.00,39.60,39.60,39.86,1,0,0
1006,30.00,30.01,39.60,39.60,39.86,0,0,0
1007,30.00,30.03,39.60,39.60,39.83,0,0,0
1008,30.00,30.03,39.60,39.60,39.86,0,0,0
1009,30.00,30.01,39.60,39.60,39.86,0,0,0
1010,30.00,30.02,39.60,39.60,39.83,0,0,0
1011,30.00,29.99,39.60,39.60,39.79,1,0,0
1012,30.00,30.01,39.60,39.60,39.79,0,0,0
1013,30.00,30.01,39.60,39.60,39.80,0,0,0
1014,30.00,30.00,39.60,39.60,39.76,0,0,0
1015,30.00,30.03,39.60,39.60,39.77,0,0,0
1016,30.00,30.00,39.60,39.60,39.76,1,0,0
1017,30.00,30.01,39.60,39.60,39.76,0,0,0
1018,30.00,30.03,39.60,39.60,39.73,0,0,0
1019,30.00,30.04,39.60,39.60,39.71,0,0,0
1020,30.00,30.00,39.60,39.60,39.70,0,0,0
1021,30.00,30.03,39.60,39.60,39.69,0,0,0
1022,30.00,30.01,39.60,39.60,39.70,0,0,0
1023,30.00,30.04,39.60,39.60,39.68,0,0,0
1024,30.00,30.02,39.60,39.60,39.66,0,0,0
1025,30.00,30.00,39.60,39.60,39.64,0,0,0
1026,30.00,30.03,39.60,39.60,39.67,0,0,0
1027,30.00,30.01,39.60,39.60,39.63,0,0,0
1028,30.00,30.03,39.60,39.60,39.62,0,0,0
1029,30.00,30.05,39.60,39.60,39.61,0,0,0
1030,30.00,30.03,39.60,39.60,39.59,0,0,1
1031,30.00,30.02,39.60,39.60,39.57,0,0,0
1032,30.00,30.01,39.60,39.60,39.59,0,0,0
1033,30.00,30.03,39.60,39.60,39.89,0,0,0
1034,30.00,30.01,39.60,39.60,40.07,0,0,0
1035,30.00,30.02,39.60,39.60,40.20,0,0,0
1036,30.00,30.02,39.60,39.60,40.26,0,0,0
1037,30.00,30.01,39.60,39.60,40.35,0,0,0
1038,30.00,30.03,39.60,39.60,40.39,0,0,0
1039,30.00,30.02,39.60,39.60,40.41,0,0,0
1040,30.00,30.01,39.60,39.60,40.42,0,0,0
1041,30.00,30.01,39.60,39.60,40.42,0,0,0
1042,30.00,30.03,39.60,39.60,40.41,0,0,0
1043,30.00,30.03,39.60,39.60,40.40,0,0,0
1044,30.00,30.03,39.60,39.60,40.38,0,0,0
1045,30.00,30.04,39.60,39.60,40.38,0,0,0
1046,30.00,30.03,39.60,39.60,40.35,0,0,0
1047,30.00,30.00,39.60,39.60,40.36,1,0,0
1048,30.00,30.03,39.60,39.60,40.34,0,0,0
1049,30.00,30.03,39.60,39.60,40.30,0,0,0
1050,30.00,30.02,39.60,39.60,40.30,0,0,0
1051,30.00,30.02,39.60,39.60,40.29,0,0,0
1052,30.00,30.01,39.60,39.60,40.24,0,0,0
1053,30.00,30.03,39.60,39.60,40.25,0,0,0
1054,30.00,30.03,39.60,39.60,40.27,0,0,0
1055,30.00,30.04,39.60,39.60,40.26,0,0,0
1056,30.00,30.03,39.60,39.60,40.19,0,0,0
1057,30.00,30.04,39.60,39.60,40.24,0,0,0
1058,30.00,30.04,39.60,39.60,40.22,0,0,0
1059,30.00,30.03,39.60,39.60,40.20,0,0,0
1060,30.00,30.03,39.60,39.60,40.19,0,0,0
1061,30.00,30.02,39.60,39.60,40.15,0,0,0
1062,30.00,30.04,39.60,39.60,40.13,0,0,0
1063,30.00,30.01,39.60,39.60,40.13,0,0,0
1064,30.00,30.02,39.60,39.60,40.11,0,0,0
1065,30.00,30.03,39.60,39.60,40.14,0,0,0
1066,30.00,30.01,39.60,39.60,40.11,0,0,0
1067,30.00,30.01,39.60,39.60,40.09,0,0,0
1068,30.00,30.02,39.60,39.60,40.07,0,0,0
1069,30.00,30.00,39.60,39.60,40.07,0,0,0
1070,30.00,30.02,39.60,39.60,40.06,0,0,0
1071,30.00,30.03,39.60,39.60,40.07,0,0,0
1072,30.00,30.03,39.60,39.60,40.07,0,0,0
1073,30.00,30.04,39.60,39.60,40.07,0,0,0
1074,30.00,30.03,39.60,39.60,40.01,0,0,0
1075,30.00,30.03,39.60,39.60,40.00,0,0,0
1076,30.00,30.01,39.60,39.60,39.99,0,0,0
1077,30.00,30.01,39.60,39.60,39.98,0,0,0
1078,30.00,30.02,39.60,39.60,39.95,0,0,0
1079,30.00,30.03,39.60,39.60,39.95,0,0,0
1080,30.00,30.04,39.60,39.60,39.94,0,0,0
1081,30.00,30.03,39.60,39.60,39.95,0,0,0
1082,30.00,30.03,39.60,39.60,39.94,0,0,0
1083,30.00,30.02,39.60,39.60,39.94,0,0,0
1084,30.00,30.03,39.60,39.60,39.90,0,0,0
1085,30.00,30.04,39.60,39.60,39.90,0,0,0
1086,30.00,30.02,39.60,39.60,39.89,0,0,0
1087,30.00,30.04,39.60,39.60,39.88,0,0,0
1088,30.00,30.04,39.60,39.60,39.85,0,0,0
1089,30.00,30.03,39.60,39.60,39.85,0,0,0
1090,30.00,30.03,39.60,39.60,39.85,0,0,0
1091,30.00,30.01,39.60,39.60,39.82,0,0,0
1092,30.00,30.03,39.60,39.60,39.78,0,0,0
1093,30.00,30.04,39.60,39.60,39.81,0,0,0
1094,30.00,30.03,39.60,39.60,39.81,0,0,0
1095,30.00,30.03,39.60,39.60,39.79,0,0,0
1096,30.00,30.00,39.60,39.60,39.81,0,0,0
1097,30.00,30.02,39.60,39.60,39.80,0,0,0
1098,30.00,30.04,39.60,39.60,39.76,0,0,0
1099,30.00,30.01,39.60,39.60,39.76,0,0,0
1100,30.00,30.04,39.60,39.60,39.73,0,0,0
1101,30.00,30.01,39.60,39.60,39.76,0,0,0
1102,30.00,30.04,39.60,39.60,39.74,0,0,0
1103,30.00,30.01,39.60,39.60,39.73,0,0,0
1104,30.00,30.03,39.60,39.60,39.68,0,0,0
1105,30.00,30.03,39.60,39.60,39.66,0,0,0
1106,30.00,30.02,39.60,39.60,39.69,0,0,0
1107,30.00,30.01,39.60,39.60,39.69,0,0,0
1108,30.00,30.05,39.60,39.60,39.66,0,0,0
1109,30.00,30.03,39.60,39.60,39.64,0,0,0
1110,30.00,30.02,39.60,39.60,39.67,0,0,0
1111,30.00,30.03,39.60,39.60,39.60,0,0,1
1112,30.00,30.02,39.60,39.60,39.59,0,0,0
1113,30.00,30.01,39.60,39.60,39.58,0,0,0
1114,30.00,30.04,39.60,39.60,39.80,0,0,0
1115,30.00,30.00,39.60,39.60,39.95,0,0,0
1116,30.00,30.02,39.60,39.60,40.10,0,0,0
1117,30.00,30.01,39.60,39.60,40.23,0,0,0
1118,30.00,30.03,39.60,39.60,40.33,0,0,0
1119,30.00,30.00,39.60,39.60,40.36,0,0,0
1120,30.00,30.02,39.60,39.60,40.37,0,0,0
1121,30.00,30.03,39.60,39.60,40.39,0,0,0
1122,30.00,30.01,39.60,39.60,40.45,0,0,0
1123,30.00,30.00,39.60,39.60,40.44,1,0,0
1124,30.00,30.01,39.60,39.60,40.41,0,0,0
1125,30.00,30.01,39.60,39.60,40.40,0,0,0
1126,30.00,30.00,39.60,39.60,40.37,1,0,0
1127,30.00,30.02,39.60,39.60,40.41,0,0,0
1128,30.00,30.01,39.60,39.60,40.39,0,0,0
1129,30.00,30.00,39.60,39.60,40.37,1,0,0
1130,30.00,30.03,39.60,39.60,40.39,0,0,0
1131,30.00,30.00,39.60,39.60,40.33,0,0,0
1132,30.00,30.00,39.60,39.60,40.36,0,0,0
1133,30.00,30.00,39.60,39.60,40.32,0,0,0
1134,30.00,30.03,39.60,39.60,40.33,0,0,0
1135,30.00,30.03,39.60,39.60,40.31,0,0,0
1136,30.00,30.03,39.60,39.60,40.32,0,0,0
1137,30.00,30.03,39.60,39.60,40.30,0,0,0
1138,30.00,30.01,39.60,39.60,40.26,0,0,0
1139,30.00,30.01,39.60,39.60,40.24,0,0,0
1140,30.00,30.01,39.60,39.60,40.24,0,0,0
1141,30.00,30.00,39.60,39.60,40.19,1,0,0
1142,30.00,30.02,39.60,39.60,40.21,0,0,0
1143,30.00,30.00,39.60,39.60,40.22,0,0,0
1144,30.00,30.02,39.60,39.60,40.19,0,0,0
1145,30.00,30.00,39.60,39.60,40.17,1,0,0
1146,30.00,30.00,39.60,39.60,40.17,0,0,0
1147,30.00,30.02,39.60,39.60,40.13,0,0,0
1148,30.00,30.00,39.60,39.60,40.15,1,0,0
1149,30.00,30.00,39.60,39.60,40.10,1,0,0
1150,30.00,30.01,39.60,39.60,40.16,0,0,0
1151,30.00,30.02,39.60,39.60,40.11,0,0,0
1152,30.00,29.98,39.60,39.60,40.15,1,0,0
1153,30.00,30.02,39.60,39.60,40.12,0,0,0
1154,30.00,30.01,39.60,39.60,40.11,0,0,0
1155,30.00,30.00,39.60,39.60,40.10,1,0,0
1156,30.00,30.00,39.60,39.60,40.08,1,0,0
1157,30.00,30.01,39.60,39.60,40.08,0,0,0
1158,30.00,30.00,39.60,39.60,40.04,1,0,0
1159,30.00,30.00,39.60,39.60,40.04,0,0,0
1160,30.00,30.01,39.60,39.60,39.97,0,0,0
1161,30.00,30.01,39.60,39.60,40.02,0,0,0
1162,30.00,30.00,39.60,39.60,39.99,0,0,0
1163,30.00,30.00,39.60,39.60,39.98,0,0,0
1164,30.00,30.01,39.60,39.60,39.98,0,0,0
1165,30.00,30.00,39.60,39.60,39.96,0,0,0
1166,30.00,30.00,39.60,39.60,39.96,1,0,0
1167,30.00,29.98,39.60,39.60,39.93,1,0,0
1168,30.00,30.01,39.60,39.60,39.95,0,0,0
1169,30.00,30.01,39.60,39.60,39.94,0,0,0
1170,30.00,30.00,39.60,39.60,39.92,0,0,0
1171,30.00,30.01,39.60,39.60,39.91,0,0,0
1172,30.00,29.99,39.60,39.60,39.93,1,0,0
1173,30.00,30.01,39.60,39.60,39.90,0,0,0
1174,30.00,29.99,39.60,39.60,39.89,1,0,0
1175,30.00,29.99,39.60,39.60,39.89,1,0,0
1176,30.00,30.00,39.60,39.60,39.86,1,0,0
1177,30.00,30.01,39.60,39.60,39.83,0,0,0
1178,30.00,30.00,39.60,39.60,39.83,1,0,0
1179,30.00,29.99,39.60,39.60,39.82,1,0,0
1180,30.00,30.01,39.60,39.60,39.85,0,0,0
1181,30.00,29.99,39.60,39.60,39.83,1,0,0
1182,30.00,30.00,39.60,39.60,39.79,1,0,0
1183,30.00,30.01,39.60,39.60,39.78,0,0,0
1184,30.00,30.00,39.60,39.60,39.76,0,0,0
1185,30.00,30.00,39.60,39.60,39.75,1,0,0
1186,30.00,29.99,39.60,39.60,39.75,1,0,0
1187,30.00,30.00,39.60,39.60,39.74,1,0,0
1188,30.00,29.99,39.60,39.60,39.77,1,0,0
1189,30.00,30.00,39.60,39.60,39.76,1,0,0
1190,30.00,29.99,39.60,39.60,39.77,1,0,0
1191,30.00,30.00,39.60,39.60,39.72,0,0,0
1192,30.00,30.00,39.60,39.60,39.75,1,0,0
1193,30.00,30.01,39.60,39.60,39.76,0,0,0
1194,30.00,30.01,39.60,39.60,39.68,0,0,0
1195,30.00,30.00,39.60,39.60,39.71,0,0,0
1196,30.00,30.00,39.60,39.60,39.67,1,0,0
1197,30.00,30.01,39.60,39.60,39.64,0,0,0
1198,30.00,29.98,39.60,39.60,39.62,1,0,0
1199,30.00,29.99,39.60,39.60,39.66,1,0,0
1200,30.00,29.99,39.60,39.60,39.61,1,0,0
1201,30.00,29.99,39.60,39.60,39.60,1,0,0
1202,30.00,30.00,39.60,39.60,39.65,0,0,0
1203,30.00,29.99,39.60,39.60,39.63,1,0,0
1204,30.00,29.99,39.60,39.60,39.56,1,0,1
1205,30.00,29.99,39.60,39.60,39.59,1,0,0
1206,30.00,30.00,39.60,39.60,39.60,1,0,0
1207,30.00,29.98,39.60,39.60,39.72,1,0,0
1208,30.00,30.00,39.60,39.60,39.93,0,0,0
1209,30.00,30.01,39.60,39.60,40.11,0,0,0
1210,30.00,29.99,39.60,39.60,40.24,1,0,0
1211,30.00,30.00,39.60,39.60,40.36,1,0,0
1212,30.00,29.99,39.60,39.60,40.37,1,0,0
1213,30.00,30.00,39.60,39.60,40.39,0,0,0
1214,30.00,30.02,39.60,39.60,40.39,0,0,0
1215,30.00,30.00,39.60,39.60,40.37,0,0,0
1216,30.00,30.01,39.60,39.60,40.44,0,0,0
1217,30.00,30.01,39.60,39.60,40.39,0,0,0
1218,30.00,29.99,39.60,39.60,40.38,1,0,0
1219,30.00,30.00,39.60,39.60,40.39,0,0,0
1220,30.00,29.98,39.60,39.60,40.34,1,0,0
1221,30.00,29.99,39.60,39.60,40.37,1,0,0
1222,30.00,30.00,39.60,39.60,40.34,1,0,0
1223,30.00,30.00,39.60,39.60,40.34,1,0,0
1224,30.00,30.02,39.60,39.60,40.34,0,0,0
1225,30.00,30.01,39.60,39.60,40.32,0,0,0
1226,30.00,29.99,39.60,39.60,40.31,1,0,0
1227,30.00,30.01,39.60,39.60,40.28,0,0,0
1228,30.00,30.01,39.60,39.60,40.28,0,0,0
1229,30.00,30.00,39.60,39.60,40.27,0,0,0
1230,30.00,30.00,39.60,39.60,40.25,0,0,0
1231,30.00,30.00,39.60,39.60,40.24,0,0,0
1232,30.00,29.99,39.60,39.60,40.26,1,0,0
1233,30.00,30.00,39.60,39.60,40.24,0,0,0
1234,30.00,30.00,39.60,39.60,40.25,1,0,0
1235,30.00,30.01,39.60,39.60,40.20,0,0,0
1236,30.00,30.01,39.60,39.60,40.18,0,0,0
1237,30.00,30.01,39.60,39.60,40.15,0,0,0
1238,30.00,30.00,39.60,39.60,40.18,1,0,0
1239,30.00,29.99,39.60,39.60,40.17,1,0,0
1240,30.00,30.01,39.60,39.60,40.10,0,0,0
1241,30.00,30.00,39.60,39.60,40.14,1,0,0
1242,30.00,30.01,39.60,39.60,40.09,0,0,0
1243,30.00,30.01,39.60,39.60,40.10,0,0,0
1244,30.00,30.02,39.60,39.60,40.11,0,0,0
1245,30.00,30.01,39.60,39.60,40.11,0,0,0
1246,30.00,30.02,39.60,39.60,40.07,0,0,0
1247,30.00,30.00,39.60,39.60,40.10,0,0,0
1248,30.00,30.04,39.60,39.60,40.07,0,0,0
1249,30.00,30.03,39.60,39.60,40.04,0,0,0
1250,30.00,30.02,39.60,39.60,40.05,0,0,0
1251,30.00,30.02,39.60,39.60,39.99,0,0,0
1252,30.00,30.01,39.60,39.60,40.01,0,0,0
1253,30.00,30.02,39.60,39.60,39.99,0,0,0
1254,30.00,30.03,39.60,39.60,40.00,0,0,0
1255,30.00,29.99,39.60,39.60,39.99,1,0,0
1256,30.00,30.01,39.60,39.60,39.98,0,0,0
1257,30.00,30.03,39.60,39.60,39.98,0,0,0
1258,30.00,30.00,39.60,39.60,39.98,1,0,0
1259,30.00,30.02,39.60,39.60,39.92,0,0,0
1260,30.00,30.01,39.60,39.60,39.92,0,0,0
1261,30.00,30.03,39.60,39.60,39.94,0,0,0
1262,30.00,30.01,39.60,39.60,39.89,0,0,0
1263,30.00,30.02,39.60,39.60,39.90,0,0,0
1264,30.00,30.03,39.60,39.60,39.89,0,0,0
1265,30.00,30.03,39.60,39.60,39.85,0,0,0
1266,30.00,30.01,39.60,39.60,39.83,0,0,0
1267,30.00,30.02,39.60,39.60,39.83,0,0,0
1268,30.00,30.03,39.60,39.60,39.85,0,0,0
1269,30.00,30.02,39.60,39.60,39.80,0,0,0
1270,30.00,30.03,39.60,39.60,39.81,0,0,0
1271,30.00,30.05,39.60,39.60,39.82,0,0,0
1272,30.00,30.00,39.60,39.60,39.79,1,0,0
1273,30.00,30.02,39.60,39.60,39.81,0,0,0
1274,30.00,30.02,39.60,39.60,39.75,0,0,0
1275,30.00,30.03,39.60,39.60,39.78,0,0,0
1276,30.00,30.01,39.60,39.60,39.76,0,0,0
1277,30.00,30.03,39.60,39.60,39.75,0,0,0
1278,30.00,30.03,39.60,39.60,39.70,0,0,0
1279,30.00,30.03,39.60,39.60,39.70,0,0,0
1280,30.00,30.03,39.60,39.60,39.72,0,0,0
1281,30.00,30.04,39.60,39.60,39.70,0,0,0
1282,30.00,30.03,39.60,39.60,39.70,0,0,0
1283,30.00,30.00,39.60,39.60,39.68,1,0,0
1284,30.00,30.03,39.60,39.60,39.68,0,0,0
1285,30.00,30.03,39.60,39.60,39.65,0,0,0
1286,30.00,30.03,39.60,39.60,39.66,0,0,0
1287,30.00,30.01,39.60,39.60,39.65,0,0,0
1288,30.00,30.04,39.60,39.60,39.62,0,0,0
1289,30.00,30.03,39.60,39.60,39.65,0,0,0
1290,30.00,30.03,39.60,39.60,39.63,0,0,0
1291,30.00,30.01,39.60,39.60,39.59,0,0,1
1292,30.00,30.04,39.60,39.60,39.61,0,0,0
1293,30.00,30.04,39.60,39.60,39.61,0,0,0
1294,30.00,30.04,39.60,39.60,39.81,0,0,0
1295,30.00,30.02,39.60,39.60,40.07,0,0,0
1296,30.00,30.04,39.60,39.60,40.20,0,0,0
1297,30.00,30.01,39.60,39.60,40.24,0,0,0
1298,30.00,30.04,39.60,39.60,40.32,0,0,0
1299,30.00,30.03,39.60,39.60,40.37,0,0,0
1300,30.00,30.04,39.60,39.60,40.36,0,0,0
1301,30.00,30.03,39.60,39.60,40.40,0,0,0
1302,30.00,30.03,39.60,39.60,40.41,0,0,0
1303,30.00,30.03,39.60,39.60,40.39,0,0,0
1304,30.00,30.03,39.60,39.60,40.37,0,0,0
1305,30.00,30.02,39.60,39.60,40.37,0,0,0
1306,30.00,30.03,39.60,39.60,40.35,0,0,0
1307,30.00,30.02,39.60,39.60,40.33,0,0,0
1308,30.00,30.03,39.60,39.60,40.34,0,0,0
1309,30.00,30.03,39.60,39.60,40.31,0,0,0
1310,30.00,30.05,39.60,39.60,40.31,0,0,0
1311,30.00,30.03,39.60,39.60,40.30,0,0,0
1312,30.00,30.03,39.60,39.60,40.31,0,0,0
1313,30.00,30.02,39.60,39.60,40.26,0,0,0
1314,30.00,30.02,39.60,39.60,40.25,0,0,0
1315,30.00,30.01,39.60,39.60,40.24,0,0,0
1316,30.00,30.03,39.60,39.60,40.25,0,0,0
1317,30.00,30.03,39.60,39.60,40.20,0,0,0
1318,30.00,30.04,39.60,39.60,40.23,0,0,0
1319,30.00,30.02,39.60,39.60,40.17,0,0,0
1320,30.00,30.05,39.60,39.60,40.21,0,0,0
1321,30.00,30.03,39.60,39.60,40.20,0,0,0
1322,30.00,30.01,39.60,39.60,40.19,0,0,0
1323,30.00,30.01,39.60,39.60,40.13,0,0,0
1324,30.00,30.03,39.60,39.60,40.18,0,0,0
1325,30.00,30.02,39.60,39.60,40.12,0,0,0
1326,30.00,30.00,39.60,39.60,40.13,0,0,0
1327,30.00,30.02,39.60,39.60,40.10,0,0,0
1328,30.00,30.03,39.60,39.60,40.09,0,0,0
1329,30.00,30.03,39.60,39.60,40.10,0,0,0
1330,30.00,30.05,39.60,39.60,40.06,0,0,0
1331,30.00,30.02,39.60,39.60,40.10,0,0,0
1332,30.00,30.02,39.60,39.60,40.05,0,0,0
1333,30.00,30.03,39.60,39.60,40.02,0,0,0
1334,30.00,30.02,39.60,39.60,40.03,0,0,0
1335,30.00,30.02,39.60,39.60,40.01,0,0,0
1336,30.00,30.03,39.60,39.60,39.98,0,0,0
1337,30.00,30.04,39.60,39.60,40.01,0,0,0
1338,30.00,30.02,39.60,39.60,40.00,0,0,0
1339,30.00,30.02,39.60,39.60,39.95,0,0,0
1340,30.00,30.01,39.60,39.60,39.98,0,0,0
1341,30.00,30.04,39.60,39.60,39.93,0,0,0
1342,30.00,30.02,39.60,39.60,39.93,0,0,0
1343,30.00,30.03,39.60,39.60,39.89,0,0,0
1344,30.00,30.02,39.60,39.60,39.88,0,0,0
1345,30.00,30.00,39.60,39.60,39.93,1,0,0
1346,30.00,30.00,39.60,39.60,39.88,1,0,0
1347,30.00,30.01,39.60,39.60,39.91,0,0,0
1348,30.00,30.03,39.60,39.60,39.86,0,0,0
1349,30.00,30.01,39.60,39.60,39.89,0,0,0
1350,30.00,30.02,39.60,39.60,39.88,0,0,0
1351,30.00,30.02,39.60,39.60,39.89,0,0,0
1352,30.00,30.03,39.60,39.60,39.86,0,0,0
1353,30.00,30.03,39.60,39.60,39.83,0,0,0
1354,30.00,30.02,39.60,39.60,39.84,0,0,0
1355,30.00,30.02,39.60,39.60,39.85,0,0,0
1356,30.00,30.05,39.60,39.60,39.79,0,0,0
1357,30.00,30.01,39.60,39.60,39.81,0,0,0
1358,30.00,30.03,39.60,39.60,39.79,0,0,0
1359,30.00,30.02,39.60,39.60,39.77,0,0,0
1360,30.00,30.02,39.60,39.60,39.76,0,0,0
1361,30.00,30.01,39.60,39.60,39.76,0,0,0
1362,30.00,30.00,39.60,39.60,39.74,0,0,0
1363,30.00,30.01,39.60,39.60,39.68,0,0,0
1364,30.00,30.02,39.60,39.60,39.73,0,0,0
1365,30.00,30.03,39.60,39.60,39.72,0,0,0
1366,30.00,30.04,39.60,39.60,39.70,0,0,0
1367,30.00,30.03,39.60,39.60,39.68,0,0,0
1368,30.00,30.02,39.60,39.60,39.63,0,0,0
1369,30.00,30.00,39.60,39.60,39.67,1,0,0
1370,30.00,30.02,39.60,39.60,39.68,0,0,0
1371,30.00,30.03,39.60,39.60,39.64,0,0,0
1372,30.00,30.03,39.60,39.60,39.64,0,0,0
1373,30.00,30.02,39.60,39.60,39.65,0,0,0
1374,30.00,30.01,39.60,39.60,39.63,0,0,0
1375,30.00,30.01,39.60,39.60,39.60,0,0,0
1376,30.00,30.01,39.60,39.60,39.55,0,0,1
1377,30.00,30.01,39.60,39.60,39.55,0,0,0
1378,30.00,30.02,39.60,39.60,39.58,0,0,0
1379,30.00,30.00,39.60,39.60,39.71,0,0,0
1380,30.00,30.01,39.60,39.60,39.89,0,0,0
1381,30.00,30.00,39.60,39.60,39.98,1,0,0
1382,30.00,30.01,39.60,39.60,40.04,0,0,0
1383,30.00,30.01,39.60,39.60,40.13,0,0,0
1384,30.00,30.00,39.60,39.60,40.12,0,0,0
1385,30.00,30.01,39.60,39.60,40.16,0,0,0
1386,30.00,30.02,39.60,39.60,40.13,0,0,0
1387,30.00,30.01,39.60,39.60,40.16,0,0,0
1388,30.00,30.03,39.60,39.60,40.14,0,0,0
1389,30.00,30.01,39.60,39.60,40.13,0,0,0
1390,30.00,30.02,39.60,39.60,40.08,0,0,0
1391,30.00,30.00,39.60,39.60,40.11,0,0,0
1392,30.00,30.00,39.60,39.60,40.12,1,0,0
1393,30.00,30.02,39.60,39.60,40.13,0,0,0
1394,30.00,30.01,39.60,39.60,40.10,0,0,0
1395,30.00,30.00,39.60,39.60,40.08,0,0,0
1396,30.00,30.02,39.60,39.60,40.08,0,0,0
1397,30.00,30.02,39.60,39.60,40.11,0,0,0
1398,30.00,30.00,39.60,39.60,40.07,0,0,0
1399,30.00,30.00,39.60,39.60,40.03,0,0,0
1400,30.00,29.99,39.60,39.60,40.03,1,0,0
1401,30.00,30.01,39.60,39.60,40.01,0,0,0
1402,30.00,30.01,39.60,39.60,40.03,0,0,0
1403,30.00,30.01,39.60,39.60,40.00,0,0,0
1404,30.00,30.02,39.60,39.60,39.99,0,0,0
1405,30.00,30.01,39.60,39.60,39.99,0,0,0
1406,30.00,30.02,39.60,39.60,40.00,0,0,0
1407,30.00,30.00,39.60,39.60,39.98,0,0,0
1408,30.00,30.00,39.60,39.60,39.95,1,0,0
1409,30.00,30.01,39.60,39.60,39.95,0,0,0
1410,30.00,30.00,39.60,39.60,39.99,0,0,0
1411,30.00,30.02,39.60,39.60,39.93,0,0,0
1412,30.00,30.01,39.60,39.60,39.91,0,0,0
1413,30.00,30.00,39.60,39.60,39.90,0,0,0
1414,30.00,29.97,39.60,39.60,39.90,1,0,0
1415,30.00,29.99,39.60,39.60,39.90,1,0,0
1416,30.00,30.00,39.60,39.60,39.87,1,0,0
1417,30.00,30.00,39.60,39.60,39.90,1,0,0
1418,30.00,29.99,39.60,39.60,39.86,1,0,0
1419,30.00,30.00,39.60,39.60,39.82,0,0,0
1420,30.00,29.98,39.60,39.60,39.81,1,0,0
1421,30.00,29.98,39.60,39.60,39.82,1,0,0
1422,30.00,29.99,39.60,39.60,39.80,1,0,0
1423,30.00,30.01,39.60,39.60,39.80,0,0,0
1424,30.00,30.02,39.60,39.60,39.78,0,0,0
1425,30.00,29.99,39.60,39.60,39.77,1,0,0
1426,30.00,29.98,39.60,39.60,39.77,1,0,0
1427,30.00,29.99,39.60,39.60,39.77,1,0,0
1428,30.00,29.99,39.60,39.60,39.74,1,0,0
1429,30.00,29.99,39.60,39.60,39.74,1,0,0
1430,30.00,30.00,39.60,39.60,39.74,0,0,0
1431,30.00,29.99,39.60,39.60,39.71,1,0,0
1432,30.00,29.99,39.60,39.60,39.70,1,0,0
1433,30.00,30.00,39.60,39.60,39.72,0,0,0
1434,30.00,29.99,39.60,39.60,39.69,1,0,0
1435,30.00,30.00,39.60,39.60,39.69,0,0,0
1436,30.00,30.00,39.60,39.60,39.72,0,0,0
1437,30.00,30.00,39.60,39.60,39.69,1,0,0
1438,30.00,29.98,39.60,39.60,39.69,1,0,0
1439,30.00,30.00,39.60,39.60,39.66,0,0,0
1440,30.00,29.98,39.60,39.60,39.67,1,0,0
1441,30.00,30.01,39.60,39.60,39.66,0,0,0
1442,30.00,29.98,39.60,39.60,39.67,1,0,0
1443,30.00,29.98,39.60,39.60,39.64,1,0,0
1444,30.00,29.98,39.60,39.60,39.58,1,0,1
1445,30.00,29.99,39.60,39.60,39.56,1,0,0
1446,30.00,29.99,39.60,39.60,39.59,1,0,0
1447,30.00,29.98,39.60,39.60,39.74,1,0,0
1448,30.00,29.98,39.60,39.60,39.93,1,0,0
1449,30.00,29.99,39.60,39.60,40.10,1,0,0
1450,30.00,30.00,39.60,39.60,40.13,0,0,0
1451,30.00,29.99,39.60,39.60,40.21,1,0,0
1452,30.00,29.98,39.60,39.60,40.25,1,0,0
1453,30.00,29.98,39.60,39.60,40.23,1,0,0
1454,30.00,29.99,39.60,39.60,40.24,1,0,0
1455,30.00,30.00,39.60,39.60,40.25,0,0,0
1456,30.00,30.00,39.60,39.60,40.27,0,0,0
1457,30.00,30.01,39.60,39.60,40.25,0,0,0
1458,30.00,30.00,39.60,39.60,40.25,1,0,0
1459,30.00,29.99,39.60,39.60,40.30,1,0,0
1460,30.00,29.99,39.60,39.60,40.27,1,0,0
1461,30.00,29.99,39.60,39.60,40.26,1,0,0
1462,30.00,29.98,39.60,39.60,40.23,1,0,0
1463,30.00,30.00,39.60,39.60,40.21,0,0,0
1464,30.00,30.01,39.60,39.60,40.25,0,0,0
1465,30.00,30.00,39.60,39.60,40.20,0,0,0
1466,30.00,30.01,39.60,39.60,40.18,0,0,0
1467,30.00,30.00,39.60,39.60,40.14,1,0,0
1468,30.00,30.00,39.60,39.60,40.16,1,0,0
1469,30.00,30.00,39.60,39.60,40.16,0,0,0
1470,30.00,29.99,39.60,39.60,40.12,1,0,0
1471,30.00,29.98,39.60,39.60,40.11,1,0,0
1472,30.00,29.98,39.60,39.60,40.09,1,0,0
1473,30.00,30.01,39.60,39.60,40.12,0,0,0
1474,30.00,29.99,39.60,39.60,40.10,1,0,0
1475,30.00,30.01,39.60,39.60,40.06,0,0,0
1476,30.00,30.00,39.60,39.60,40.07,1,0,0
1477,30.00,30.01,39.60,39.60,40.06,0,0,0
1478,30.00,30.00,39.60,39.60,40.06,1,0,0
1479,30.00,30.00,39.60,39.60,40.04,0,0,0
1480,30.00,30.00,39.60,39.60,40.08,1,0,0
1481,30.00,29.99,39.60,39.60,40.03,1,0,0
1482,30.00,30.00,39.60,39.60,40.04,1,0,0
1483,30.00,30.01,39.60,39.60,40.03,0,0,0
1484,30.00,29.99,39.60,39.60,40.01,1,0,0
1485,30.00,30.03,39.60,39.60,40.00,0,0,0
1486,30.00,30.01,39.60,39.60,39.97,0,0,0
1487,30.00,30.01,39.60,39.60,39.96,0,0,0
1488,30.00,30.00,39.60,39.60,39.98,0,0,0
1489,30.00,30.01,39.60,39.60,39.96,0,0,0
1490,30.00,30.00,39.60,39.60,39.92,0,0,0
1491,30.00,30.02,39.60,39.60,39.91,0,0,0
1492,30.00,30.00,39.60,39.60,39.91,1,0,0
1493,30.00,30.02,39.60,39.60,39.91,0,0,0
1494,30.00,30.01,39.60,39.60,39.92,0,0,0
1495,30.00,30.02,39.60,39.60,39.88,0,0,0
1496,30.00,30.00,39.60,39.60,39.88,0,0,0
1497,30.00,30.02,39.60,39.60,39.88,0,0,0
1498,30.00,30.00,39.60,39.60,39.86,1,0,0
1499,30.00,30.02,39.60,39.60,39.86,0,0,0
1500,30.00,30.00,39.60,39.60,39.87,0,0,0
1501,30.00,30.03,39.60,39.60,39.85,0,0,0
1502,30.00,30.03,39.60,39.60,39.82,0,0,0
1503,30.00,30.00,39.60,39.60,39.84,0,0,0
1504,30.00,30.00,39.60,39.60,39.79,0,0,0
1505,30.00,30.01,39.60,39.60,39.81,0,0,0
1506,30.00,29.99,39.60,39.60,39.80,1,0,0
1507,30.00,30.02,39.60,39.60,39.77,0,0,0
1508,30.00,30.01,39.60,39.60,39.77,0,0,0
1509,30.00,30.01,39.60,39.60,39.79,0,0,0
1510,30.00,30.01,39.60,39.60,39.74,0,0,0
1511,30.00,30.02,39.60,39.60,39.75,0,0,0
1512,30.00,30.03,39.60,39.60,39.76,0,0,0
1513,30.00,30.02,39.60,39.60,39.71,0,0,0
1514,30.00,30.02,39.60,39.60,39.72,0,0,0
1515,30.00,30.00,39.60,39.60,39.70,1,0,0
1516,30.00,30.03,39.60,39.60,39.70,0,0,0
1517,30.00,30.02,39.60,39.60,39.70,0,0,0
1518,30.00,30.02,39.60,39.60,39.70,0,0,0
1519,30.00,30.02,39.60,39.60,39.65,0,0,0
1520,30.00,30.03,39.60,39.60,39.65,0,0,0
1521,30.00,30.05,39.60,39.60,39.66,0,0,0
1522,30.00,30.02,39.60,39.60,39.65,0,0,0
1523,30.00,30.04,39.60,39.60,39.64,0,0,0
1524,30.00,30.04,39.60,39.60,39.64,0,0,0
1525,30.00,30.01,39.60,39.60,39.60,0,0,1
1526,30.00,30.04,39.60,39.60,39.63,0,0,0
1527,30.00,30.03,39.60,39.60,39.61,0,0,0
1528,30.00,30.01,39.60,39.60,39.71,0,0,0
1529,30.00,30.05,39.60,39.60,39.79,0,0,0
1530,30.00,30.00,39.60,39.60,39.79,1,0,0
1531,30.00,30.02,39.60,39.60,39.87,0,0,0
1532,30.00,30.04,39.60,39.60,39.88,0,0,0
1533,30.00,30.02,39.60,39.60,39.83,0,0,0
1534,30.00,30.04,39.60,39.60,39.86,0,0,0
1535,30.00,30.02,39.60,39.60,39.88,0,0,0
1536,30.00,30.03,39.60,39.60,39.86,0,0,0
1537,30.00,30.02,39.60,39.60,39.85,0,0,0
1538,30.00,30.04,39.60,39.60,39.84,0,0,0
1539,30.00,30.05,39.60,39.60,39.84,0,0,0
1540,30.00,30.05,39.60,39.60,39.82,0,0,0
1541,30.00,30.03,39.60,39.60,39.81,0,0,0
1542,30.00,30.04,39.60,39.60,39.81,0,0,0
1543,30.00,30.03,39.60,39.60,39.80,0,0,0
1544,30.00,30.03,39.60,39.60,39.78,0,0,0
1545,30.00,30.05,39.60,39.60,39.80,0,0,0
1546,30.00,30.03,39.60,39.60,39.77,0,0,0
1547,30.00,30.03,39.60,39.60,39.77,0,0,0
1548,30.00,30.01,39.60,39.60,39.78,0,0,0
1549,30.00,30.03,39.60,39.60,39.74,0,0,0
1550,30.00,30.02,39.60,39.60,39.71,0,0,0
1551,30.00,30.03,39.60,39.60,39.74,0,0,0
1552,30.00,30.04,39.60,39.60,39.75,0,0,0
1553,30.00,30.03,39.60,39.60,39.70,0,0,0
1554,30.00,30.04,39.60,39.60,39.71,0,0,0
1555,30.00,30.05,39.60,39.60,39.72,0,0,0
1556,30.00,30.03,39.60,39.60,39.66,0,0,0
1557,30.00,30.05,39.60,39.60,39.67,0,0,0
1558,30.00,30.03,39.60,39.60,39.67,0,0,0
1559,30.00,30.03,39.60,39.60,39.66,0,0,0
1560,30.00,30.06,39.60,39.60,39.62,0,0,0
1561,30.00,30.04,39.60,39.60,39.62,0,0,0
1562,30.00,30.04,39.60,39.60,39.61,0,0,0
1563,30.00,30.01,39.60,39.60,39.60,0,0,1
1564,30.00,30.02,39.60,39.60,39.60,0,0,0
1565,30.00,30.02,39.60,39.60,39.60,0,0,0
1566,30.00,30.03,39.60,39.60,39.73,0,0,0
1567,30.00,30.04,39.60,39.60,39.81,0,0,0
1568,30.00,30.01,39.60,39.60,39.89,0,0,0
1569,30.00,30.03,39.60,39.60,39.89,0,0,0
1570,30.00,30.03,39.60,39.60,39.92,0,0,0
1571,30.00,30.03,39.60,39.60,39.93,0,0,0
1572,30.00,30.03,39.60,39.60,39.93,0,0,0
1573,30.00,30.01,39.60,39.60,39.92,0,0,0
1574,30.00,30.04,39.60,39.60,39.94,0,0,0
1575,30.00,30.03,39.60,39.60,39.93,0,0,0
1576,30.00,30.03,39.60,39.60,39.95,0,0,0
1577,30.00,30.03,39.60,39.60,39.91,0,0,0
1578,30.00,30.03,39.60,39.60,39.89,0,0,0
1579,30.00,30.05,39.60,39.60,39.84,0,0,0
1580,30.00,30.04,39.60,39.60,39.86,0,0,0
1581,30.00,30.02,39.60,39.60,39.85,0,0,0
1582,30.00,30.02,39.60,39.60,39.84,0,0,0
1583,30.00,30.02,39.60,39.60,39.82,0,0,0
1584,30.00,30.04,39.60,39.60,39.81,0,0,0
1585,30.00,30.04,39.60,39.60,39.85,0,0,0
1586,30.00,30.03,39.60,39.60,39.81,0,0,0
1587,30.00,30.05,39.60,39.60,39.79,0,0,0
1588,30.00,30.01,39.60,39.60,39.76,0,0,0
1589,30.00,30.04,39.60,39.60,39.75,0,0,0
1590,30.00,30.03,39.60,39.60,39.77,0,0,0
1591,30.00,30.03,39.60,39.60,39.77,0,0,0
1592,30.00,30.03,39.60,39.60,39.73,0,0,0
1593,30.00,30.04,39.60,39.60,39.76,0,0,0
1594,30.00,30.03,39.60,39.60,39.73,0,0,0
1595,30.00,30.02,39.60,39.60,39.76,0,0,0
1596,30.00,30.01,39.60,39.60,39.74,0,0,0
1597,30.00,30.03,39.60,39.60,39.70,0,0,0
1598,30.00,30.04,39.60,39.60,39.70,0,0,0
1599,30.00,30.01,39.60,39.60,39.68,0,0,0
1600,30.00,30.03,39.60,39.60,39.66,0,0,0
1601,30.00,30.01,39.60,39.60,39.66,0,0,0
1602,30.00,30.01,39.60,39.60,39.63,0,0,0
1603,30.00,30.04,39.60,39.60,39.64,0,0,0
1604,30.00,30.03,39.60,39.60,39.63,0,0,0
1605,30.00,30.04,39.60,39.60,39.62,0,0,0
1606,30.00,30.03,39.60,39.60,39.62,0,0,0
1607,30.00,30.04,39.60,39.60,39.62,0,0,0
1608,30.00,30.01,39.60,39.60,39.59,0,0,1
1609,30.00,30.04,39.60,39.60,39.55,0,0,0
1610,30.00,30.03,39.60,39.60,39.61,0,0,0
1611,30.00,30.03,39.60,39.60,39.78,0,0,0
1612,30.00,30.04,39.60,39.60,39.93,0,0,0
1613,30.00,30.04,39.60,39.60,40.12,0,0,0
1614,30.00,30.03,39.60,39.60,40.23,0,0,0
1615,30.00,30.01,39.60,39.60,40.26,0,0,0
1616,30.00,30.03,39.60,39.60,40.31,0,0,0
1617,30.00,30.03,39.60,39.60,40.38,0,0,0
1618,30.00,30.03,39.60,39.60,40.35,0,0,0
1619,30.00,30.03,39.60,39.60,40.35,0,0,0
1620,30.00,30.00,39.60,39.60,40.35,0,0,0
1621,30.00,30.02,39.60,39.60,40.34,0,0,0
1622,30.00,30.01,39.60,39.60,40.34,0,0,0
1623,30.00,30.04,39.60,39.60,40.32,0,0,0
1624,30.00,30.02,39.60,39.60,40.29,0,0,0
1625,30.00,30.03,39.60,39.60,40.36,0,0,0
1626,30.00,30.00,39.60,39.60,40.31,0,0,0
1627,30.00,30.01,39.60,39.60,40.27,0,0,0
1628,30.00,30.03,39.60,39.60,40.26,0,0,0
1629,30.00,30.02,39.60,39.60,40.28,0,0,0
1630,30.00,30.03,39.60,39.60,40.28,0,0,0
1631,30.00,30.02,39.60,39.60,40.24,0,0,0
1632,30.00,30.03,39.60,39.60,40.23,0,0,0
1633,30.00,30.01,39.60,39.60,40.21,0,0,0
1634,30.00,29.99,39.60,39.60,40.24,1,0,0
1635,30.00,30.02,39.60,39.60,40.18,0,0,0
1636,30.00,30.01,39.60,39.60,40.19,0,0,0
1637,30.00,30.02,39.60,39.60,40.17,0,0,0
1638,30.00,30.05,39.60,39.60,40.18,0,0,0
1639,30.00,30.02,39.60,39.60,40.15,0,0,0
1640,30.00,30.03,39.60,39.60,40.14,0,0,0
1641,30.00,30.00,39.60,39.60,40.12,1,0,0
1642,30.00,30.01,39.60,39.60,40.11,0,0,0
1643,30.00,30.01,39.60,39.60,40.09,0,0,0
1644,30.00,30.00,39.60,39.60,40.10,0,0,0
1645,30.00,30.01,39.60,39.60,40.05,0,0,0
1646,30.00,30.02,39.60,39.60,40.07,0,0,0
1647,30.00,29.99,39.60,39.60,40.02,1,0,0
1648,30.00,30.01,39.60,39.60,40.06,0,0,0
1649,30.00,30.03,39.60,39.60,40.04,0,0,0
1650,30.00,30.01,39.60,39.60,40.05,0,0,0
1651,30.00,30.01,39.60,39.60,40.01,0,0,0
1652,30.00,30.01,39.60,39.60,40.00,0,0,0
1653,30.00,30.02,39.60,39.60,40.02,0,0,0
1654,30.00,30.03,39.60,39.60,39.97,0,0,0
1655,30.00,30.03,39.60,39.60,39.98,0,0,0
1656,30.00,30.01,39.60,39.60,39.96,0,0,0
1657,30.00,29.99,39.60,39.60,39.96,1,0,0
1658,30.00,30.00,39.60,39.60,39.93,0,0,0
1659,30.00,30.00,39.60,39.60,39.92,0,0,0
1660,30.00,30.01,39.60,39.60,39.94,0,0,0
1661,30.00,30.01,39.60,39.60,39.93,0,0,0
1662,30.00,30.01,39.60,39.60,39.89,0,0,0
1663,30.00,30.02,39.60,39.60,39.92,0,0,0
1664,30.00,30.01,39.60,39.60,39.88,0,0,0
1665,30.00,30.00,39.60,39.60,39.89,1,0,0
1666,30.00,29.98,39.60,39.60,39.82,1,0,0
1667,30.00,30.01,39.60,39.60,39.85,0,0,0
1668,30.00,30.01,39.60,39.60,39.84,0,0,0
1669,30.00,30.02,39.60,39.60,39.82,0,0,0
1670,30.00,30.00,39.60,39.60,39.80,1,0,0
1671,30.00,30.02,39.60,39.60,39.79,0,0,0
1672,30.00,30.01,39.60,39.60,39.76,0,0,0
1673,30.00,30.02,39.60,39.60,39.81,0,0,0
1674,30.00,30.02,39.60,39.60,39.78,0,0,0
1675,30.00,29.99,39.60,39.60,39.75,1,0,0
1676,30.00,29.99,39.60,39.60,39.74,1,0,0
1677,30.00,30.00,39.60,39.60,39.76,0,0,0
1678,30.00,30.00,39.60,39.60,39.74,1,0,0
1679,30.00,30.00,39.60,39.60,39.74,0,0,0
1680,30.00,30.00,39.60,39.60,39.75,1,0,0
1681,30.00,29.99,39.60,39.60,39.72,1,0,0
1682,30.00,30.00,39.60,39.60,39.72,1,0,0
1683,30.00,30.00,39.60,39.60,39.70,1,0,0
1684,30.00,30.00,39.60,39.60,39.70,0,0,0
1685,30.00,29.99,39.60,39.60,39.67,1,0,0
1686,30.00,30.00,39.60,39.60,39.66,0,0,0
1687,30.00,29.97,39.60,39.60,39.63,1,0,0
1688,30.00,29.99,39.60,39.60,39.65,1,0,0
1689,30.00,30.01,39.60,39.60,39.63,0,0,0
1690,30.00,29.99,39.60,39.60,39.65,1,0,0
1691,30.00,29.99,39.60,39.60,39.66,1,0,0
1692,30.00,30.00,39.60,39.60,39.60,0,0,0
1693,30.00,30.00,39.60,39.60,39.60,0,0,0
1694,30.00,30.00,39.60,39.60,39.57,0,0,1
1695,30.00,30.01,39.60,39.60,39.63,0,0,0
1696,30.00,30.00,39.60,39.60,39.57,0,0,0
1697,30.00,29.99,39.60,39.60,39.73,1,0,0
1698,30.00,29.99,39.60,39.60,39.93,1,0,0
1699,30.00,29.99,39.60,39.60,40.07,1,0,0
1700,30.00,29.99,39.60,39.60,40.18,1,0,0
1701,30.00,29.99,39.60,39.60,40.23,1,0,0
1702,30.00,30.00,39.60,39.60,40.26,1,0,0
1703,30.00,29.98,39.60,39.60,40.27,1,0,0
1704,30.00,30.00,39.60,39.60,40.31,0,0,0
1705,30.00,30.00,39.60,39.60,40.29,1,0,0
1706,30.00,30.00,39.60,39.60,40.27,1,0,0
1707,30.00,29.99,39.60,39.60,40.26,1,0,0
1708,30.00,29.98,39.60,39.60,40.26,1,0,0
1709,30.00,29.98,39.60,39.60,40.22,1,0,0
1710,30.00,29.99,39.60,39.60,40.21,1,0,0
1711,30.00,29.99,39.60,39.60,40.22,1,0,0
1712,30.00,29.98,39.60,39.60,40.25,1,0,0
1713,30.00,29.99,39.60,39.60,40.22,1,0,0
1714,30.00,29.99,39.60,39.60,40.22,1,0,0
1715,30.00,29.99,39.60,39.60,40.18,1,0,0
1716,30.00,29.99,39.60,39.60,40.19,1,0,0
1717,30.00,30.01,39.60,39.60,40.19,0,0,0
1718,30.00,30.01,39.60,39.60,40.19,0,0,0
1719,30.00,30.02,39.60,39.60,40.20,0,0,0
1720,30.00,29.99,39.60,39.60,40.14,1,0,0
1721,30.00,29.99,39.60,39.60,40.13,1,0,0
1722,30.00,29.99,39.60,39.60,40.12,1,0,0
1723,30.00,29.99,39.60,39.60,40.07,1,0,0
1724,30.00,30.00,39.60,39.60,40.10,0,0,0
1725,30.00,30.01,39.60,39.60,40.08,0,0,0
1726,30.00,30.00,39.60,39.60,40.07,1,0,0
1727,30.00,30.00,39.60,39.60,40.04,1,0,0
1728,30.00,29.98,39.60,39.60,40.05,1,0,0
1729,30.00,29.99,39.60,39.60,40.04,1,0,0
1730,30.00,30.00,39.60,39.60,40.04,0,0,0
1731,30.00,29.99,39.60,39.60,40.02,1,0,0
1732,30.00,30.01,39.60,39.60,40.02,0,0,0
1733,30.00,30.00,39.60,39.60,39.99,0,0,0
1734,30.00,30.02,39.60,39.60,39.98,0,0,0
1735,30.00,29.98,39.60,39.60,39.99,1,0,0
1736,30.00,30.00,39.60,39.60,39.92,1,0,0
1737,30.00,29.98,39.60,39.60,39.95,1,0,0
1738,30.00,29.99,39.60,39.60,39.95,1,0,0
1739,30.00,30.02,39.60,39.60,39.94,0,0,0
1740,30.00,30.01,39.60,39.60,39.91,0,0,0
1741,30.00,30.00,39.60,39.60,39.91,1,0,0
1742,30.00,30.00,39.60,39.60,39.87,1,0,0
1743,30.00,30.01,39.60,39.60,39.87,0,0,0
1744,30.00,30.01,39.60,39.60,39.84,0,0,0
1745,30.00,30.00,39.60,39.60,39.85,0,0,0
1746,30.00,30.00,39.60,39.60,39.83,0,0,0
1747,30.00,30.01,39.60,39.60,39.82,0,0,0
1748,30.00,30.00,39.60,39.60,39.88,1,0,0
1749,30.00,30.00,39.60,39.60,39.85,1,0,0
1750,30.00,29.99,39.60,39.60,39.82,1,0,0
1751,30.00,30.00,39.60,39.60,39.84,0,0,0
1752,30.00,30.00,39.60,39.60,39.77,1,0,0
1753,30.00,30.01,39.60,39.60,39.80,0,0,0
1754,30.00,30.01,39.60,39.60,39.77,0,0,0
1755,30.00,30.00,39.60,39.60,39.76,0,0,0
1756,30.00,30.01,39.60,39.60,39.78,0,0,0
1757,30.00,30.01,39.60,39.60,39.76,0,0,0
1758,30.00,30.01,39.60,39.60,39.75,0,0,0
1759,30.00,30.00,39.60,39.60,39.76,0,0,0
1760,30.00,30.01,39.60,39.60,39.72,0,0,0
1761,30.00,30.01,39.60,39.60,39.71,0,0,0
1762,30.00,30.01,39.60,39.60,39.72,0,0,0
1763,30.00,30.01,39.60,39.60,39.70,0,0,0
1764,30.00,30.02,39.60,39.60,39.70,0,0,0
1765,30.00,30.03,39.60,39.60,39.67,0,0,0
1766,30.00,30.01,39.60,39.60,39.65,0,0,0
1767,30.00,30.03,39.60,39.60,39.64,0,0,0
1768,30.00,30.03,39.60,39.60,39.62,0,0,0
1769,30.00,30.02,39.60,39.60,39.65,0,0,0
1770,30.00,30.02,39.60,39.60,39.61,0,0,0
1771,30.00,30.02,39.60,39.60,39.59,0,0,1
1772,30.00,30.03,39.60,39.60,39.62,0,0,0
1773,30.00,30.02,39.60,39.60,39.61,0,0,0
1774,30.00,30.03,39.60,39.60,39.64,0,0,0
1775,30.00,30.02,39.60,39.60,39.74,0,0,0
1776,30.00,30.02,39.60,39.60,39.77,0,0,0
1777,30.00,30.02,39.60,39.60,39.82,0,0,0
1778,30.00,30.01,39.60,39.60,39.89,0,0,0
1779,30.00,30.03,39.60,39.60,39.87,0,0,0
1780,30.00,30.03,39.60,39.60,39.95,0,0,0
1781,30.00,30.03,39.60,39.60,39.93,0,0,0
1782,30.00,30.03,39.60,39.60,39.94,0,0,0
1783,30.00,30.03,39.60,39.60,39.96,0,0,0
1784,30.00,30.01,39.60,39.60,39.92,0,0,0
1785,30.00,30.04,39.60,39.60,39.94,0,0,0
1786,30.00,30.04,39.60,39.60,39.92,0,0,0
1787,30.00,30.04,39.60,39.60,39.91,0,0,0
1788,30.00,30.05,39.60,39.60,39.88,0,0,0
1789,30.00,30.04,39.60,39.60,39.91,0,0,0
1790,30.00,30.03,39.60,39.60,39.85,0,0,0
1791,30.00,30.04,39.60,39.60,39.86,0,0,0
1792,30.00,30.03,39.60,39.60,39.83,0,0,0
1793,30.00,30.03,39.60,39.60,39.80,0,0,0
1794,30.00,30.02,39.60,39.60,39.85,0,0,0
1795,30.00,30.03,39.60,39.60,39.83,0,0,0
1796,30.00,30.02,39.60,39.60,39.83,0,0,0
1797,30.00,30.02,39.60,39.60,39.80,0,0,0
1798,30.00,30.03,39.60,39.60,39.79,0,0,0
1799,30.00,30.02,39.60,39.60,39.77,0,0,0
1800,30.00,30.03,39.60,39.60,39.75,0,0,0
1801,30.00,30.03,39.61,39.61,39.78,0,0,0
1802,30.00,30.04,39.62,39.62,39.77,0,0,0
1803,30.00,30.03,39.63,39.63,39.76,0,0,0
1804,30.00,30.03,39.65,39.65,39.75,0,0,0
1805,30.00,30.03,39.66,39.66,39.76,0,0,0
1806,30.00,30.02,39.67,39.67,39.70,0,0,0
1807,30.00,30.01,39.68,39.68,39.74,0,0,0
1808,30.00,30.04,39.69,39.69,39.70,0,0,0
1809,30.00,30.01,39.70,39.70,39.69,0,0,1
1810,30.00,30.03,39.71,39.71,39.71,0,0,0
1811,30.00,30.04,39.72,39.72,39.70,0,0,0
1812,30.00,30.04,39.74,39.74,39.84,0,0,0
1813,30.00,30.04,39.75,39.75,40.02,0,0,0
1814,30.00,30.03,39.76,39.76,40.14,0,0,0
1815,30.00,30.03,39.77,39.77,40.31,0,0,0
1816,30.00,30.03,39.78,39.78,40.37,0,0,0
1817,30.00,30.03,39.79,39.79,40.40,0,0,0
1818,30.00,30.02,39.80,39.80,40.40,0,0,0
1819,30.00,30.03,39.82,39.82,40.42,0,0,0
1820,30.00,30.02,39.83,39.83,40.45,0,0,0
1821,30.00,30.03,39.84,39.84,40.43,0,0,0
1822,30.00,30.05,39.85,39.85,40.42,0,0,0
1823,30.00,30.05,39.86,39.86,40.43,0,0,0
1824,30.00,30.04,39.87,39.87,40.46,0,0,0
1825,30.00,30.05,39.88,39.88,40.39,0,0,0
1826,30.00,30.04,39.89,39.89,40.40,0,0,0
1827,30.00,30.03,39.91,39.91,40.41,0,0,0
1828,30.00,30.03,39.92,39.92,40.36,0,0,0
1829,30.00,30.02,39.93,39.93,40.38,0,0,0
1830,30.00,30.03,39.94,39.94,40.39,0,0,0
1831,30.00,30.04,39.95,39.95,40.36,0,0,0
1832,30.00,30.04,39.96,39.96,40.35,0,0,0
1833,30.00,30.01,39.97,39.97,40.32,0,0,0
1834,30.00,30.03,39.99,39.99,40.31,0,0,0
1835,30.00,30.03,40.00,40.00,40.31,0,0,0
1836,30.00,30.02,40.01,40.01,40.28,0,0,0
1837,30.00,30.04,40.02,40.02,40.27,0,0,0
1838,30.00,30.04,40.03,40.03,40.27,0,0,0
1839,30.00,30.02,40.04,40.04,40.26,0,0,0
1840,30.00,30.03,40.05,40.05,40.25,0,0,0
1841,30.00,30.01,40.06,40.06,40.23,0,0,0
1842,30.00,30.05,40.08,40.08,40.22,0,0,0
1843,30.00,30.04,40.09,40.09,40.24,0,0,0
1844,30.00,30.05,40.10,40.10,40.22,0,0,0
1845,30.00,30.03,40.11,40.11,40.15,0,0,0
1846,30.00,30.04,40.12,40.12,40.20,0,0,0
1847,30.00,30.05,40.13,40.13,40.22,0,0,0
1848,30.00,30.02,40.14,40.14,40.14,0,0,1
1849,30.00,30.01,40.16,40.16,40.16,0,0,0
1850,30.00,30.04,40.17,40.17,40.13,0,0,0
1851,30.00,30.03,40.18,40.18,40.27,0,0,0
1852,30.00,30.03,40.19,40.19,40.42,0,0,0
1853,30.00,30.02,40.20,40.20,40.54,0,0,0
1854,30.00,30.03,40.21,40.21,40.64,0,0,0
1855,30.00,30.02,40.22,40.22,40.67,0,0,0
1856,30.00,30.01,40.23,40.23,40.68,0,0,0
1857,30.00,30.02,40.25,40.25,40.72,0,0,0
1858,30.00,30.03,40.26,40.26,40.70,0,0,0
1859,30.00,30.02,40.27,40.27,40.69,0,0,0
1860,30.00,30.03,40.28,40.28,40.70,0,0,0
1861,30.00,30.01,40.29,40.29,40.69,0,0,0
1862,30.00,30.04,40.30,40.30,40.70,0,0,0
1863,30.00,30.00,40.31,40.31,40.68,1,0,0
1864,30.00,30.01,40.33,40.33,40.67,0,0,0
1865,30.00,30.03,40.34,40.34,40.65,0,0,0
1866,30.00,30.01,40.35,40.35,40.65,0,0,0
1867,30.00,30.04,40.36,40.36,40.64,0,0,0
1868,30.00,30.00,40.37,40.37,40.61,0,0,0
1869,30.00,30.03,40.38,40.38,40.63,0,0,0
1870,30.00,30.01,40.39,40.39,40.60,0,0,0
1871,30.00,30.03,40.40,40.40,40.57,0,0,0
1872,30.00,30.03,40.42,40.42,40.57,0,0,0
1873,30.00,30.03,40.43,40.43,40.52,0,0,0
1874,30.00,30.03,40.44,40.44,40.53,0,0,0
1875,30.00,30.03,40.45,40.45,40.51,0,0,0
1876,30.00,30.01,40.46,40.46,40.49,0,0,0
1877,30.00,30.02,40.47,40.47,40.47,0,0,0
1878,30.00,30.02,40.48,40.48,40.50,0,0,0
1879,30.00,30.03,40.50,40.50,40.44,0,0,1
1880,30.00,30.03,40.51,40.51,40.46,0,0,0
1881,30.00,30.01,40.52,40.52,40.46,0,0,0
1882,30.00,30.01,40.53,40.53,40.56,0,0,0
1883,30.00,30.04,40.54,40.54,40.68,0,0,0
1884,30.00,30.01,40.55,40.55,40.70,0,0,0
1885,30.00,30.01,40.56,40.56,40.73,0,0,0
1886,30.00,30.01,40.57,40.57,40.77,0,0,0
1887,30.00,30.01,40.59,40.59,40.74,0,0,0
1888,30.00,30.03,40.60,40.60,40.78,0,0,0
1889,30.00,30.03,40.61,40.61,40.77,0,0,0
1890,30.00,30.02,40.62,40.62,40.74,0,0,0
1891,30.00,30.03,40.63,40.63,40.76,0,0,0
1892,30.00,30.00,40.64,40.64,40.73,1,0,0
1893,30.00,30.03,40.65,40.65,40.74,0,0,0
1894,30.00,30.02,40.67,40.67,40.75,0,0,0
1895,30.00,30.01,40.68,40.68,40.73,0,0,0
1896,30.00,30.00,40.69,40.69,40.71,1,0,0
1897,30.00,30.03,40.70,40.70,40.69,0,0,1
1898,30.00,29.99,40.71,40.71,40.68,1,0,0
1899,30.00,30.00,40.72,40.72,40.68,0,0,0
1900,30.00,30.00,40.73,40.73,40.83,0,0,0
1901,30.00,30.01,40.74,40.74,40.93,0,0,0
1902,30.00,30.01,40.76,40.76,41.06,0,0,0
1903,30.00,29.99,40.77,40.77,41.15,1,0,0
1904,30.00,30.01,40.78,40.78,41.26,0,0,0
1905,30.00,29.98,40.79,40.79,41.26,1,0,0
1906,30.00,30.00,40.80,40.80,41.34,1,0,0
1907,30.00,30.00,40.81,40.81,41.39,1,0,0
1908,30.00,30.00,40.82,40.82,41.39,0,0,0
1909,30.00,30.01,40.84,40.84,41.39,0,0,0
1910,30.00,30.00,40.85,40.85,41.39,1,0,0
1911,30.00,30.00,40.86,40.86,41.35,0,0,0
1912,30.00,29.99,40.87,40.87,41.37,1,0,0
1913,30.00,30.00,40.88,40.88,41.33,0,0,0
1914,30.00,30.00,40.89,40.89,41.35,0,0,0
1915,30.00,30.01,40.90,40.90,41.36,0,0,0
1916,30.00,29.99,40.91,40.91,41.31,1,0,0
1917,30.00,30.01,40.93,40.93,41.29,0,0,0
1918,30.00,29.99,40.94,40.94,41.28,1,0,0
1919,30.00,30.00,40.95,40.95,41.28,1,0,0
1920,30.00,29.99,40.96,40.96,41.26,1,0,0
1921,30.00,30.00,40.97,40.97,41.26,0,0,0
1922,30.00,29.99,40.98,40.98,41.27,1,0,0
1923,30.00,30.00,40.99,40.99,41.23,1,0,0
1924,30.00,29.99,41.01,41.01,41.23,1,0,0
1925,30.00,29.99,41.02,41.02,41.22,1,0,0
1926,30.00,29.99,41.03,41.03,41.22,1,0,0
1927,30.00,30.00,41.04,41.04,41.18,1,0,0
1928,30.00,30.00,41.05,41.05,41.20,1,0,0
1929,30.00,29.98,41.06,41.06,41.15,1,0,0
1930,30.00,30.00,41.07,41.07,41.15,0,0,0
1931,30.00,30.01,41.08,41.08,41.12,0,0,0
1932,30.00,29.99,41.10,41.10,41.12,1,0,0
1933,30.00,30.00,41.11,41.11,41.05,0,0,1
1934,30.00,30.00,41.12,41.12,41.10,0,0,0
1935,30.00,30.00,41.13,41.13,41.10,0,0,0
1936,30.00,29.99,41.14,41.14,41.18,1,0,0
1937,30.00,29.99,41.15,41.15,41.27,1,0,0
1938,30.00,30.00,41.16,41.16,41.31,1,0,0
1939,30.00,30.00,41.18,41.18,41.40,1,0,0
1940,30.00,30.00,41.19,41.19,41.44,1,0,0
1941,30.00,30.00,41.20,41.20,41.47,1,0,0
1942,30.00,29.99,41.21,41.21,41.49,1,0,0
1943,30.00,30.00,41.22,41.22,41.50,0,0,0
1944,30.00,29.98,41.23,41.23,41.46,1,0,0
1945,30.00,30.00,41.24,41.24,41.48,0,0,0
1946,30.00,30.00,41.25,41.25,41.48,0,0,0
1947,30.00,29.96,41.27,41.27,41.45,1,0,0
1948,30.00,29.99,41.28,41.28,41.45,1,0,0
1949,30.00,29.98,41.29,41.29,41.46,1,0,0
1950,30.00,29.99,41.30,41.30,41.40,1,0,0
1951,30.00,30.00,41.31,41.31,41.42,1,0,0
1952,30.00,30.00,41.32,41.32,41.38,0,0,0
1953,30.00,29.98,41.33,41.33,41.35,1,0,0
1954,30.00,30.02,41.35,41.35,41.37,0,0,0
1955,30.00,30.00,41.36,41.36,41.36,1,0,0
1956,30.00,29.98,41.37,41.37,41.36,1,0,1
1957,30.00,29.99,41.38,41.38,41.32,1,0,0
1958,30.00,29.97,41.39,41.39,41.32,1,0,0
1959,30.00,29.99,41.40,41.40,41.50,1,0,0
1960,30.00,30.00,41.41,41.41,41.77,1,0,0
1961,30.00,29.99,41.42,41.42,41.86,1,0,0
1962,30.00,30.00,41.44,41.44,41.98,1,0,0
1963,30.00,30.00,41.45,41.45,42.00,1,0,0
1964,30.00,30.01,41.46,41.46,42.04,0,0,0
1965,30.00,30.01,41.47,41.47,42.01,0,0,0
1966,30.00,30.00,41.48,41.48,42.05,1,0,0
1967,30.00,30.02,41.49,41.49,42.02,0,0,0
1968,30.00,30.00,41.50,41.50,42.00,0,0,0
1969,30.00,29.99,41.52,41.52,41.98,1,0,0
1970,30.00,29.98,41.53,41.53,41.96,1,0,0
1971,30.00,30.00,41.54,41.54,41.94,0,0,0
1972,30.00,30.00,41.55,41.55,41.92,1,0,0
1973,30.00,30.00,41.56,41.56,41.90,0,0,0
1974,30.00,30.02,41.57,41.57,41.86,0,0,0
1975,30.00,30.00,41.58,41.58,41.87,1,0,0
1976,30.00,30.00,41.59,41.59,41.83,1,0,0
1977,30.00,30.02,41.61,41.61,41.78,0,0,0
1978,30.00,30.00,41.62,41.62,41.79,0,0,0
1979,30.00,29.99,41.63,41.63,41.78,1,0,0
1980,30.00,30.01,41.64,41.64,41.74,0,0,0
1981,30.00,29.99,41.65,41.65,41.76,1,0,0
1982,30.00,30.00,41.66,41.66,41.72,1,0,0
1983,30.00,30.02,41.67,41.67,41.71,0,0,0
1984,30.00,30.02,41.69,41.69,41.69,0,0,0
1985,30.00,30.01,41.70,41.70,41.69,0,0,1
1986,30.00,30.01,41.71,41.71,41.66,0,0,0
1987,30.00,30.00,41.72,41.72,41.66,1,0,0
1988,30.00,30.01,41.73,41.73,41.85,0,0,0
1989,30.00,29.99,41.74,41.74,42.01,1,0,0
1990,30.00,30.01,41.75,41.75,42.17,0,0,0
1991,30.00,30.02,41.76,41.76,42.26,0,0,0
1992,30.00,30.00,41.78,41.78,42.28,1,0,0
1993,30.00,30.00,41.79,41.79,42.34,1,0,0
1994,30.00,30.00,41.80,41.80,42.40,1,0,0
1995,30.00,30.00,41.81,41.81,42.37,1,0,0
1996,30.00,30.00,41.82,41.82,42.37,0,0,0
1997,30.00,30.03,41.83,41.83,42.38,0,0,0
1998,30.00,30.00,41.84,41.84,42.40,1,0,0
1999,30.00,30.02,41.86,41.86,42.39,0,0,0
2000,30.00,30.02,41.87,41.87,42.32,0,0,0
2001,30.00,30.01,41.88,41.88,42.34,0,0,0
2002,30.00,30.02,41.89,41.89,42.35,0,0,0
2003,30.00,30.03,41.90,41.90,42.28,0,0,0
2004,30.00,30.02,41.91,41.91,42.28,0,0,0
2005,30.00,30.03,41.92,41.92,42.28,0,0,0
2006,30.00,30.01,41.93,41.93,42.24,0,0,0
2007,30.00,30.01,41.95,41.95,42.21,0,0,0
2008,30.00,30.03,41.96,41.96,42.25,0,0,0
2009,30.00,30.01,41.97,41.97,42.20,0,0,0
2010,30.00,30.02,41.98,41.98,42.18,0,0,0
2011,30.00,30.03,41.99,41.99,42.15,0,0,0
2012,30.00,30.03,42.00,42.00,42.13,0,0,0
2013,30.00,30.03,42.01,42.01,42.10,0,0,0
2014,30.00,30.02,42.03,42.03,42.09,0,0,0
2015,30.00,30.02,42.04,42.04,42.08,0,0,0
2016,30.00,30.01,42.05,42.05,42.05,0,0,0
2017,30.00,30.02,42.06,42.06,42.06,0,0,1
2018,30.00,30.00,42.07,42.07,42.06,0,0,0
2019,30.00,30.05,42.08,42.08,42.02,0,0,0
2020,30.00,30.00,42.09,42.09,42.10,1,0,0
2021,30.00,30.03,42.10,42.10,42.30,0,0,0
2022,30.00,30.03,42.12,42.12,42.44,0,0,0
2023,30.00,30.03,42.13,42.13,42.52,0,0,0
2024,30.00,30.01,42.14,42.14,42.61,0,0,0
2025,30.00,30.03,42.15,42.15,42.63,0,0,0
2026,30.00,30.04,42.16,42.16,42.65,0,0,0
2027,30.00,30.05,42.17,42.17,42.64,0,0,0
2028,30.00,30.03,42.18,42.18,42.63,0,0,0
2029,30.00,30.01,42.20,42.20,42.64,0,0,0
2030,30.00,30.04,42.21,42.21,42.60,0,0,0
2031,30.00,30.03,42.22,42.22,42.59,0,0,0
2032,30.00,30.03,42.23,42.23,42.56,0,0,0
2033,30.00,30.03,42.24,42.24,42.58,0,0,0
2034,30.00,30.04,42.25,42.25,42.50,0,0,0
2035,30.00,30.04,42.26,42.26,42.52,0,0,0
2036,30.00,30.03,42.27,42.27,42.52,0,0,0
2037,30.00,30.04,42.29,42.29,42.50,0,0,0
2038,30.00,30.03,42.30,42.30,42.47,0,0,0
2039,30.00,30.03,42.31,42.31,42.46,0,0,0
2040,30.00,30.02,42.32,42.32,42.43,0,0,0
2041,30.00,30.03,42.33,42.33,42.40,0,0,0
2042,30.00,30.01,42.34,42.34,42.41,0,0,0
2043,30.00,30.04,42.35,42.35,42.34,0,0,1
2044,30.00,30.05,42.37,42.37,42.35,0,0,0
2045,30.00,30.04,42.38,42.38,42.36,0,0,0
2046,30.00,30.03,42.39,42.39,42.57,0,0,0
2047,30.00,30.01,42.40,42.40,42.73,0,0,0
2048,30.00,30.04,42.41,42.41,42.85,0,0,0
2049,30.00,30.03,42.42,42.42,42.93,0,0,0
2050,30.00,30.03,42.43,42.43,42.98,0,0,0
2051,30.00,30.03,42.44,42.44,42.97,0,0,0
2052,30.00,30.01,42.46,42.46,42.98,0,0,0
2053,30.00,30.03,42.47,42.47,42.96,0,0,0
2054,30.00,30.04,42.48,42.48,42.96,0,0,0
2055,30.00,30.03,42.49,42.49,42.95,0,0,0
2056,30.00,30.04,42.50,42.50,42.93,0,0,0
2057,30.00,30.03,42.51,42.51,42.94,0,0,0
2058,30.00,30.07,42.52,42.52,42.93,0,0,0
2059,30.00,30.04,42.54,42.54,42.92,0,0,0
2060,30.00,30.03,42.55,42.55,42.90,0,0,0
2061,30.00,30.04,42.56,42.56,42.90,0,0,0
2062,30.00,30.04,42.57,42.57,42.87,0,0,0
2063,30.00,30.04,42.58,42.58,42.85,0,0,0
2064,30.00,30.02,42.59,42.59,42.79,0,0,0
2065,30.00,30.01,42.60,42.60,42.78,0,0,0
2066,30.00,30.00,42.61,42.61,42.75,0,0,0
2067,30.00,30.03,42.63,42.63,42.70,0,0,0
2068,30.00,30.04,42.64,42.64,42.68,0,0,0
2069,30.00,30.03,42.65,42.65,42.65,0,0,1
2070,30.00,30.03,42.66,42.66,42.69,0,0,0
2071,30.00,30.03,42.67,42.67,42.69,0,0,0
2072,30.00,30.04,42.68,42.68,42.83,0,0,0
2073,30.00,30.02,42.69,42.69,43.01,0,0,0
2074,30.00,30.03,42.71,42.71,43.07,0,0,0
2075,30.00,30.03,42.72,42.72,43.14,0,0,0
2076,30.00,30.04,42.73,42.73,43.20,0,0,0
2077,30.00,30.04,42.74,42.74,43.20,0,0,0
2078,30.00,30.03,42.75,42.75,43.25,0,0,0
2079,30.00,30.02,42.76,42.76,43.21,0,0,0
2080,30.00,30.03,42.77,42.77,43.19,0,0,0
2081,30.00,30.04,42.78,42.78,43.19,0,0,0
2082,30.00,30.02,42.80,42.80,43.16,0,0,0
2083,30.00,30.03,42.81,42.81,43.18,0,0,0
2084,30.00,30.03,42.82,42.82,43.10,0,0,0
2085,30.00,30.03,42.83,42.83,43.10,0,0,0
2086,30.00,30.04,42.84,42.84,43.07,0,0,0
2087,30.00,30.04,42.85,42.85,43.06,0,0,0
2088,30.00,30.01,42.86,42.86,43.07,0,0,0
2089,30.00,30.02,42.88,42.88,43.02,0,0,0
2090,30.00,30.03,42.89,42.89,43.02,0,0,0
2091,30.00,30.03,42.90,42.90,43.01,0,0,0
2092,30.00,30.04,42.91,42.91,42.96,0,0,0
2093,30.00,30.02,42.92,42.92,42.95,0,0,0
2094,30.00,30.03,42.93,42.93,42.92,0,0,1
2095,30.00,30.03,42.94,42.94,42.92,0,0,0
2096,30.00,30.03,42.95,42.95,42.91,0,0,0
2097,30.00,30.02,42.97,42.97,42.99,0,0,0
2098,30.00,30.03,42.98,42.98,43.12,0,0,0
2099,30.00,30.04,42.99,42.99,43.18,0,0,0
2100,30.00,30.01,43.00,43.00,43.26,0,0,0
2101,30.00,30.03,43.01,43.01,43.27,0,0,0
2102,30.00,30.04,43.02,43.02,43.30,0,0,0
2103,30.00,30.01,43.03,43.03,43.31,0,0,0
2104,30.00,30.02,43.05,43.05,43.27,0,0,0
2105,30.00,30.03,43.06,43.06,43.27,0,0,0
2106,30.00,30.04,43.07,43.07,43.27,0,0,0
2107,30.00,30.00,43.08,43.08,43.19,1,0,0
2108,30.00,30.01,43.09,43.09,43.21,0,0,0
2109,30.00,30.02,43.10,43.10,43.21,0,0,0
2110,30.00,30.03,43.11,43.11,43.24,0,0,0
2111,30.00,30.02,43.12,43.12,43.19,0,0,0
2112,30.00,30.03,43.14,43.14,43.15,0,0,0
2113,30.00,30.03,43.15,43.15,43.13,0,0,1
2114,30.00,30.02,43.16,43.16,43.13,0,0,0
2115,30.00,30.01,43.17,43.17,43.16,0,0,0
2116,30.00,30.01,43.18,43.18,43.27,0,0,0
2117,30.00,30.03,43.19,43.19,43.33,0,0,0
2118,30.00,30.01,43.20,43.20,43.33,0,0,0
2119,30.00,30.02,43.22,43.22,43.39,0,0,0
2120,30.00,30.01,43.23,43.23,43.40,0,0,0
2121,30.00,30.00,43.24,43.24,43.42,1,0,0
2122,30.00,30.05,43.25,43.25,43.41,0,0,0
2123,30.00,30.04,43.26,43.26,43.36,0,0,0
2124,30.00,30.02,43.27,43.27,43.38,0,0,0
2125,30.00,30.01,43.28,43.28,43.40,0,0,0
2126,30.00,30.01,43.29,43.29,43.32,0,0,0
2127,30.00,30.01,43.31,43.31,43.32,0,0,0
2128,30.00,30.01,43.32,43.32,43.34,0,0,0
2129,30.00,30.00,43.33,43.33,43.33,0,0,0
2130,30.00,30.02,43.34,43.34,43.26,0,0,1
2131,30.00,30.02,43.35,43.35,43.30,0,0,0
2132,30.00,30.01,43.36,43.36,43.25,0,0,0
2133,30.00,30.02,43.37,43.37,43.34,0,0,0
2134,30.00,30.01,43.39,43.39,43.52,0,0,0
2135,30.00,30.00,43.40,43.40,43.64,0,0,0
2136,30.00,30.02,43.41,43.41,43.75,0,0,0
2137,30.00,30.01,43.42,43.42,43.79,0,0,0
2138,30.00,30.00,43.43,43.43,43.85,1,0,0
2139,30.00,30.00,43.44,43.44,43.84,1,0,0
2140,30.00,30.02,43.45,43.45,43.82,0,0,0
2141,30.00,30.00,43.46,43.46,43.86,1,0,0
2142,30.00,30.02,43.48,43.48,43.86,0,0,0
2143,30.00,30.01,43.49,43.49,43.81,0,0,0
2144,30.00,30.02,43.50,43.50,43.79,0,0,0
2145,30.00,30.01,43.51,43.51,43.76,0,0,0
2146,30.00,29.99,43.52,43.52,43.79,1,0,0
2147,30.00,29.99,43.53,43.53,43.72,1,0,0
2148,30.00,29.99,43.54,43.54,43.76,1,0,0
2149,30.00,30.00,43.56,43.56,43.71,1,0,0
2150,30.00,30.02,43.57,43.57,43.70,0,0,0
2151,30.00,29.99,43.58,43.58,43.66,1,0,0
2152,30.00,30.00,43.59,43.59,43.67,1,0,0
2153,30.00,30.00,43.60,43.60,43.67,0,0,0
2154,30.00,30.00,43.61,43.61,43.61,0,0,1
2155,30.00,30.01,43.62,43.62,43.61,0,0,0
2156,30.00,30.00,43.63,43.63,43.59,1,0,0
2157,30.00,30.02,43.65,43.65,43.70,0,0,0
2158,30.00,30.01,43.66,43.66,43.81,0,0,0
2159,30.00,29.99,43.67,43.67,43.89,1,0,0
2160,30.00,30.00,43.68,43.68,43.86,1,0,0
2161,30.00,30.01,43.69,43.69,43.91,0,0,0
2162,30.00,30.00,43.70,43.70,43.91,0,0,0
2163,30.00,30.02,43.71,43.71,43.88,0,0,0
2164,30.00,30.02,43.73,43.73,43.88,0,0,0
2165,30.00,30.01,43.74,43.74,43.92,0,0,0
2166,30.00,30.00,43.75,43.75,43.87,0,0,0
2167,30.00,30.01,43.76,43.76,43.88,0,0,0
2168,30.00,30.01,43.77,43.77,43.89,0,0,0
2169,30.00,29.99,43.78,43.78,43.86,1,0,0
2170,30.00,30.01,43.79,43.79,43.87,0,0,0
2171,30.00,30.00,43.80,43.80,43.84,0,0,0
2172,30.00,30.01,43.82,43.82,43.81,0,0,1
2173,30.00,30.00,43.83,43.83,43.81,0,0,0
2174,30.00,30.00,43.84,43.84,43.78,1,0,0
2175,30.00,30.00,43.85,43.85,43.94,0,0,0
2176,30.00,29.99,43.86,43.86,44.12,1,0,0
2177,30.00,30.00,43.87,43.87,44.30,0,0,0
2178,30.00,29.98,43.88,43.88,44.37,1,0,0
2179,30.00,30.01,43.90,43.90,44.48,0,0,0
2180,30.00,29.99,43.91,43.91,44.48,1,0,0
2181,30.00,30.00,43.92,43.92,44.49,1,0,0
2182,30.00,29.99,43.93,43.93,44.47,1,0,0
2183,30.00,29.98,43.94,43.94,44.47,1,0,0
2184,30.00,30.00,43.95,43.95,44.49,0,0,0
2185,30.00,30.01,43.96,43.96,44.46,0,0,0
2186,30.00,29.98,43.97,43.97,44.47,1,0,0
2187,30.00,29.99,43.99,43.99,44.42,1,0,0
2188,30.00,29.99,44.00,44.00,44.39,1,0,0
2189,30.00,30.01,44.01,44.01,44.36,0,0,0
2190,30.00,30.01,44.02,44.02,44.33,0,0,0
2191,30.00,29.99,44.03,44.03,44.32,1,0,0
2192,30.00,29.99,44.04,44.04,44.35,1,0,0
2193,30.00,30.01,44.05,44.05,44.28,0,0,0
2194,30.00,30.00,44.07,44.07,44.28,1,0,0
2195,30.00,29.99,44.08,44.08,44.25,1,0,0
2196,30.00,30.01,44.09,44.09,44.24,0,0,0
2197,30.00,30.00,44.10,44.10,44.21,0,0,0
2198,30.00,30.01,44.11,44.11,44.20,0,0,0
2199,30.00,30.00,44.12,44.12,44.18,0,0,0
2200,30.00,29.98,44.13,44.13,44.16,1,0,0
2201,30.00,29.99,44.14,44.14,44.10,1,0,1
2202,30.00,29.99,44.16,44.16,44.09,1,0,0
2203,30.00,30.01,44.17,44.17,44.11,0,0,0
2204,30.00,29.99,44.18,44.18,44.20,1,0,0
2205,30.00,30.00,44.19,44.19,44.32,0,0,0
2206,30.00,30.00,44.20,44.20,44.42,1,0,0
2207,30.00,29.99,44.21,44.21,44.46,1,0,0
2208,30.00,29.99,44.22,44.22,44.50,1,0,0
2209,30.00,30.00,44.24,44.24,44.48,1,0,0
2210,30.00,30.01,44.25,44.25,44.50,0,0,0
2211,30.00,29.99,44.26,44.26,44.45,1,0,0
2212,30.00,29.99,44.27,44.27,44.44,1,0,0
2213,30.00,29.99,44.28,44.28,44.42,1,0,0
2214,30.00,30.00,44.29,44.29,44.37,0,0,0
2215,30.00,30.00,44.30,44.30,44.41,0,0,0
2216,30.00,30.00,44.31,44.31,44.39,1,0,0
2217,30.00,30.02,44.33,44.33,44.34,0,0,0
2218,30.00,30.00,44.34,44.34,44.32,1,0,1
2219,30.00,29.99,44.35,44.35,44.29,1,0,0
2220,30.00,29.99,44.36,44.36,44.27,1,0,0
2221,30.00,30.00,44.37,44.37,44.37,1,0,0
2222,30.00,30.00,44.38,44.38,44.56,1,0,0
2223,30.00,30.00,44.39,44.39,44.63,1,0,0
2224,30.00,30.00,44.41,44.41,44.78,0,0,0
2225,30.00,29.99,44.42,44.42,44.79,1,0,0
2226,30.00,30.00,44.43,44.43,44.82,1,0,0
2227,30.00,30.00,44.44,44.44,44.81,0,0,0
2228,30.00,29.98,44.45,44.45,44.84,1,0,0
2229,30.00,30.00,44.46,44.46,44.84,0,0,0
2230,30.00,30.00,44.47,44.47,44.82,0,0,0
2231,30.00,30.01,44.48,44.48,44.82,0,0,0
2232,30.00,30.01,44.50,44.50,44.81,0,0,0
2233,30.00,30.01,44.51,44.51,44.79,0,0,0
2234,30.00,30.01,44.52,44.52,44.78,0,0,0
2235,30.00,30.01,44.53,44.53,44.71,0,0,0
2236,30.00,30.01,44.54,44.54,44.74,0,0,0
2237,30.00,30.00,44.55,44.55,44.69,1,0,0
2238,30.00,30.00,44.56,44.56,44.67,0,0,0
2239,30.00,30.00,44.58,44.58,44.64,0,0,0
2240,30.00,29.99,44.59,44.59,44.64,1,0,0
2241,30.00,29.99,44.60,44.60,44.63,1,0,0
2242,30.00,30.00,44.61,44.61,44.61,1,0,1
2243,30.00,30.00,44.62,44.62,44.57,1,0,0
2244,30.00,29.99,44.63,44.63,44.55,1,0,0
2245,30.00,30.00,44.64,44.64,44.67,1,0,0
2246,30.00,30.00,44.65,44.65,44.76,0,0,0
2247,30.00,29.99,44.67,44.67,44.80,1,0,0
2248,30.00,29.99,44.68,44.68,44.84,1,0,0
2249,30.00,30.00,44.69,44.69,44.86,1,0,0
2250,30.00,30.00,44.70,44.70,44.89,0,0,0
2251,30.00,30.02,44.71,44.71,44.92,0,0,0
2252,30.00,30.00,44.72,44.72,44.91,1,0,0
2253,30.00,30.02,44.73,44.73,44.93,0,0,0
2254,30.00,30.02,44.75,44.75,44.89,0,0,0
2255,30.00,30.00,44.76,44.76,44.86,0,0,0
2256,30.00,30.03,44.77,44.77,44.85,0,0,0
2257,30.00,30.03,44.78,44.78,44.83,0,0,0
2258,30.00,30.01,44.79,44.79,44.82,0,0,0
2259,30.00,30.03,44.80,44.80,44.76,0,0,1
2260,30.00,30.01,44.81,44.81,44.72,0,0,0
2261,30.00,30.01,44.82,44.82,44.78,0,0,0
2262,30.00,30.01,44.84,44.84,44.94,0,0,0
2263,30.00,30.00,44.85,44.85,45.10,0,0,0
2264,30.00,30.03,44.86,44.86,45.17,0,0,0
2265,30.00,30.01,44.87,44.87,45.26,0,0,0
2266,30.00,30.00,44.88,44.88,45.32,0,0,0
2267,30.00,30.02,44.89,44.89,45.36,0,0,0
2268,30.00,30.01,44.90,44.90,45.37,0,0,0
2269,30.00,30.03,44.92,44.92,45.39,0,0,0
2270,30.00,30.02,44.93,44.93,45.42,0,0,0
2271,30.00,30.01,44.94,44.94,45.35,0,0,0
2272,30.00,30.00,44.95,44.95,45.39,0,0,0
2273,30.00,30.03,44.96,44.96,45.37,0,0,0
2274,30.00,30.03,44.97,44.97,45.30,0,0,0
2275,30.00,30.02,44.98,44.98,45.29,0,0,0
2276,30.00,30.03,44.99,44.99,45.31,0,0,0
2277,30.00,30.02,45.01,45.01,45.23,0,0,0
2278,30.00,30.03,45.02,45.02,45.22,0,0,0
2279,30.00,30.03,45.03,45.03,45.22,0,0,0
2280,30.00,30.03,45.04,45.04,45.17,0,0,0
2281,30.00,30.04,45.05,45.05,45.18,0,0,0
2282,30.00,30.05,45.06,45.06,45.16,0,0,0
2283,30.00,30.04,45.07,45.07,45.15,0,0,0
2284,30.00,30.03,45.09,45.09,45.15,0,0,0
2285,30.00,30.03,45.10,45.10,45.08,0,0,1
2286,30.00,30.03,45.11,45.11,45.09,0,0,0
2287,30.00,30.04,45.12,45.12,45.09,0,0,0
2288,30.00,30.03,45.13,45.13,45.21,0,0,0
2289,30.00,30.00,45.14,45.14,45.69,1,0,0
2290,30.00,30.02,45.15,45.15,45.86,0,0,0
2291,30.00,30.02,45.16,45.16,45.84,0,0,0
2292,30.00,30.00,45.18,45.18,45.80,1,0,0
2293,30.00,30.02,45.19,45.19,45.77,0,0,0
2294,30.00,30.04,45.20,45.20,45.75,0,0,0
2295,30.00,30.03,45.21,45.21,45.68,0,0,0
2296,30.00,30.04,45.22,45.22,45.66,0,0,0
2297,30.00,30.03,45.23,45.23,45.62,0,0,0
2298,30.00,30.02,45.24,45.24,45.57,0,0,0
2299,30.00,30.03,45.26,45.26,45.59,0,0,0
2300,30.00,30.00,45.27,45.27,45.53,1,0,0
2301,30.00,30.03,45.28,45.28,45.54,0,0,0
2302,30.00,30.03,45.29,45.29,45.51,0,0,0
2303,30.00,30.03,45.30,45.30,45.45,0,0,0
2304,30.00,30.02,45.31,45.31,45.42,0,0,0
2305,30.00,30.03,45.32,45.32,45.41,0,0,0
2306,30.00,30.01,45.33,45.33,45.37,0,0,0
2307,30.00,30.05,45.35,45.35,45.34,0,0,1
2308,30.00,30.03,45.36,45.36,45.33,0,0,0
2309,30.00,30.02,45.37,45.37,45.30,0,0,0
2310,30.00,30.03,45.38,45.38,45.34,0,0,0
2311,30.00,30.03,45.39,45.39,45.42,0,0,0
2312,30.00,30.03,45.40,45.40,45.49,0,0,0
2313,30.00,30.03,45.41,45.41,45.54,0,0,0
2314,30.00,30.03,45.43,45.43,45.56,0,0,0
2315,30.00,30.03,45.44,45.44,45.54,0,0,0
2316,30.00,30.04,45.45,45.45,45.56,0,0,0
2317,30.00,30.04,45.46,45.46,45.51,0,0,0
2318,30.00,30.04,45.47,45.47,45.52,0,0,0
2319,30.00,30.02,45.48,45.48,45.51,0,0,0
2320,30.00,30.05,45.49,45.49,45.51,0,0,0
2321,30.00,30.05,45.50,45.50,45.46,0,0,1
2322,30.00,30.02,45.52,45.52,45.41,0,0,0
2323,30.00,30.04,45.53,45.53,45.41,0,0,0
2324,30.00,30.03,45.54,45.54,45.50,0,0,0
2325,30.00,30.04,45.55,45.55,45.55,0,0,0
2326,30.00,30.01,45.56,45.56,45.58,0,0,0
2327,30.00,30.04,45.57,45.57,45.65,0,0,0
2328,30.00,30.02,45.58,45.58,45.64,0,0,0
2329,30.00,30.03,45.60,45.60,45.62,0,0,0
2330,30.00,30.04,45.61,45.61,45.61,0,0,0
2331,30.00,30.04,45.62,45.62,45.60,0,0,1
2332,30.00,30.04,45.63,45.63,45.58,0,0,0
2333,30.00,30.03,45.64,45.64,45.56,0,0,0
2334,30.00,30.03,45.65,45.65,45.73,0,0,0
2335,30.00,30.03,45.66,45.66,45.91,0,0,0
2336,30.00,30.01,45.67,45.67,45.97,0,0,0
2337,30.00,30.03,45.69,45.69,46.08,0,0,0
2338,30.00,30.01,45.70,45.70,46.09,0,0,0
2339,30.00,30.04,45.71,45.71,46.15,0,0,0
2340,30.00,30.03,45.72,45.72,46.16,0,0,0
2341,30.00,30.03,45.73,45.73,46.16,0,0,0
2342,30.00,30.03,45.74,45.74,46.12,0,0,0
2343,30.00,30.01,45.75,45.75,46.13,0,0,0
2344,30.00,30.04,45.77,45.77,46.14,0,0,0
2345,30.00,30.01,45.78,45.78,46.06,0,0,0
2346,30.00,30.03,45.79,45.79,46.08,0,0,0
2347,30.00,30.04,45.80,45.80,46.04,0,0,0
2348,30.00,30.00,45.81,45.81,46.02,1,0,0
2349,30.00,30.02,45.82,45.82,45.97,0,0,0
2350,30.00,30.04,45.83,45.83,45.96,0,0,0
2351,30.00,30.03,45.84,45.84,45.96,0,0,0
2352,30.00,30.00,45.86,45.86,45.91,0,0,0
2353,30.00,30.03,45.87,45.87,45.92,0,0,0
2354,30.00,30.03,45.88,45.88,45.90,0,0,0
2355,30.00,30.03,45.89,45.89,45.85,0,0,1
2356,30.00,30.03,45.90,45.90,45.82,0,0,0
2357,30.00,30.03,45.91,45.91,45.80,0,0,0
2358,30.00,30.01,45.92,45.92,45.85,0,0,0
2359,30.00,30.03,45.94,45.94,45.95,0,0,0
2360,30.00,30.03,45.95,45.95,46.04,0,0,0
2361,30.00,30.04,45.96,45.96,46.07,0,0,0
2362,30.00,30.01,45.97,45.97,46.13,0,0,0
2363,30.00,30.03,45.98,45.98,46.07,0,0,0
2364,30.00,30.03,45.99,45.99,46.13,0,0,0
2365,30.00,30.03,46.00,46.00,46.11,0,0,0
2366,30.00,30.00,46.01,46.01,46.09,0,0,0
2367,30.00,30.04,46.03,46.03,46.07,0,0,0
2368,30.00,30.01,46.04,46.04,46.04,0,0,0
2369,30.00,30.01,46.05,46.05,46.06,0,0,0
2370,30.00,30.02,46.06,46.06,46.02,0,0,1
2371,30.00,30.03,46.07,46.07,45.97,0,0,0
2372,30.00,30.02,46.08,46.08,45.96,0,0,0
2373,30.00,30.02,46.09,46.09,46.05,0,0,0
2374,30.00,30.02,46.11,46.11,46.14,0,0,0
2375,30.00,30.02,46.12,46.12,46.26,0,0,0
2376,30.00,30.02,46.13,46.13,46.36,0,0,0
2377,30.00,30.01,46.14,46.14,46.40,0,0,0
2378,30.00,30.02,46.15,46.15,46.40,0,0,0
2379,30.00,30.01,46.16,46.16,46.40,0,0,0
2380,30.00,30.01,46.17,46.17,46.42,0,0,0
2381,30.00,30.02,46.18,46.18,46.42,0,0,0
2382,30.00,30.01,46.20,46.20,46.36,0,0,0
2383,30.00,30.00,46.21,46.21,46.39,0,0,0
2384,30.00,30.03,46.22,46.22,46.36,0,0,0
2385,30.00,30.01,46.23,46.23,46.37,0,0,0
2386,30.00,30.00,46.24,46.24,46.32,0,0,0
2387,30.00,30.02,46.25,46.25,46.29,0,0,0
2388,30.00,30.01,46.26,46.26,46.25,0,0,1
2389,30.00,30.03,46.28,46.28,46.24,0,0,0
2390,30.00,30.02,46.29,46.29,46.22,0,0,0
2391,30.00,30.01,46.30,46.30,46.39,0,0,0
2392,30.00,30.02,46.31,46.31,46.47,0,0,0
2393,30.00,30.02,46.32,46.32,46.49,0,0,0
2394,30.00,30.02,46.33,46.33,46.54,0,0,0
2395,30.00,30.02,46.34,46.34,46.52,0,0,0
2396,30.00,30.05,46.35,46.35,46.53,0,0,0
2397,30.00,30.02,46.37,46.37,46.47,0,0,0
2398,30.00,30.03,46.38,46.38,46.47,0,0,0
2399,30.00,30.00,46.39,46.39,46.45,0,0,0
2400,30.00,30.03,46.40,46.40,46.43,0,0,0
2401,30.00,29.99,46.41,46.41,46.38,1,0,1
2402,30.00,30.01,46.42,46.42,46.32,0,0,0
2403,30.00,30.02,46.43,46.43,46.29,0,0,0
2404,30.00,30.00,46.45,46.45,46.38,1,0,0
2405,30.00,30.03,46.46,46.46,46.45,0,0,0
2406,30.00,30.00,46.47,46.47,46.55,1,0,0
2407,30.00,30.00,46.48,46.48,46.59,1,0,0
2408,30.00,30.01,46.49,46.49,46.60,0,0,0
2409,30.00,30.00,46.50,46.50,46.56,1,0,0
2410,30.00,30.01,46.51,46.51,46.58,0,0,0
2411,30.00,30.00,46.52,46.52,46.56,1,0,0
2412,30.00,30.00,46.54,46.54,46.49,1,0,1
2413,30.00,30.01,46.55,46.55,46.50,0,0,0
2414,30.00,30.00,46.56,46.56,46.49,1,0,0
2415,30.00,30.01,46.57,46.57,46.60,0,0,0
2416,30.00,30.00,46.58,46.58,46.76,1,0,0
2417,30.00,30.00,46.59,46.59,46.86,0,0,0
2418,30.00,29.99,46.60,46.60,46.94,1,0,0
2419,30.00,29.99,46.62,46.62,47.04,1,0,0
2420,30.00,30.01,46.63,46.63,47.06,0,0,0
2421,30.00,29.99,46.64,46.64,47.05,1,0,0
2422,30.00,30.00,46.65,46.65,47.04,0,0,0
2423,30.00,30.01,46.66,46.66,47.01,0,0,0
2424,30.00,30.00,46.67,46.67,47.01,0,0,0
2425,30.00,29.98,46.68,46.68,46.99,1,0,0
2426,30.00,30.00,46.69,46.69,46.99,1,0,0
2427,30.00,29.98,46.71,46.71,46.88,1,0,0
2428,30.00,30.00,46.72,46.72,46.87,1,0,0
2429,30.00,30.00,46.73,46.73,46.84,1,0,0
2430,30.00,30.01,46.74,46.74,46.85,0,0,0
2431,30.00,30.00,46.75,46.75,46.83,0,0,0
2432,30.00,30.00,46.76,46.76,46.80,1,0,0
2433,30.00,30.00,46.77,46.77,46.78,0,0,0
2434,30.00,30.00,46.79,46.79,46.72,0,0,1
2435,30.00,30.01,46.80,46.80,46.74,0,0,0
2436,30.00,30.01,46.81,46.81,46.71,0,0,0
2437,30.00,30.01,46.82,46.82,46.81,0,0,0
2438,30.00,30.00,46.83,46.83,46.87,1,0,0
2439,30.00,30.00,46.84,46.84,46.89,0,0,0
2440,30.00,29.98,46.85,46.85,46.89,1,0,0
2441,30.00,29.99,46.86,46.86,46.92,1,0,0
2442,30.00,29.99,46.88,46.88,46.94,1,0,0
2443,30.00,30.01,46.89,46.89,46.94,0,0,0
2444,30.00,30.00,46.90,46.90,46.89,0,0,1
2445,30.00,30.00,46.91,46.91,46.86,1,0,0
2446,30.00,29.99,46.92,46.92,46.88,1,0,0
2447,30.00,29.99,46.93,46.93,46.99,1,0,0
2448,30.00,29.98,46.94,46.94,47.11,1,0,0
2449,30.00,29.98,46.96,46.96,47.25,1,0,0
2450,30.00,30.00,46.97,46.97,47.31,0,0,0
2451,30.00,29.99,46.98,46.98,47.35,1,0,0
2452,30.00,30.00,46.99,46.99,47.35,1,0,0
2453,30.00,29.99,47.00,47.00,47.38,1,0,0
2454,30.00,30.00,47.01,47.01,47.36,1,0,0
2455,30.00,30.01,47.02,47.02,47.32,0,0,0
2456,30.00,30.00,47.03,47.03,47.32,1,0,0
2457,30.00,29.98,47.05,47.05,47.28,1,0,0
2458,30.00,30.01,47.06,47.06,47.27,0,0,0
2459,30.00,30.01,47.07,47.07,47.26,0,0,0
2460,30.00,29.99,47.08,47.08,47.20,1,0,0
2461,30.00,29.99,47.09,47.09,47.17,1,0,0
2462,30.00,29.99,47.10,47.10,47.12,1,0,0
2463,30.00,30.00,47.11,47.11,47.13,0,0,0
2464,30.00,29.99,47.13,47.13,47.13,1,0,0
2465,30.00,29.99,47.14,47.14,47.09,1,0,1
2466,30.00,30.01,47.15,47.15,47.07,0,0,0
2467,30.00,29.99,47.16,47.16,47.05,1,0,0
2468,30.00,30.00,47.17,47.17,47.16,1,0,0
2469,30.00,29.99,47.18,47.18,47.35,1,0,0
2470,30.00,30.00,47.19,47.19,47.42,0,0,0
2471,30.00,30.01,47.20,47.20,47.48,0,0,0
2472,30.00,30.00,47.22,47.22,47.55,1,0,0
2473,30.00,29.99,47.23,47.23,47.57,1,0,0
2474,30.00,30.01,47.24,47.24,47.61,0,0,0
2475,30.00,30.00,47.25,47.25,47.64,0,0,0
2476,30.00,30.00,47.26,47.26,47.59,1,0,0
2477,30.00,30.02,47.27,47.27,47.57,0,0,0
2478,30.00,30.01,47.28,47.28,47.57,0,0,0
2479,30.00,30.00,47.30,47.30,47.54,0,0,0
2480,30.00,30.00,47.31,47.31,47.52,0,0,0
2481,30.00,30.00,47.32,47.32,47.53,0,0,0
2482,30.00,29.99,47.33,47.33,47.49,1,0,0
2483,30.00,29.99,47.34,47.34,47.44,1,0,0
2484,30.00,30.01,47.35,47.35,47.38,0,0,0
2485,30.00,30.01,47.36,47.36,47.37,0,0,0
2486,30.00,30.01,47.37,47.37,47.34,0,0,1
2487,30.00,30.01,47.39,47.39,47.33,0,0,0
2488,30.00,30.01,47.40,47.40,47.31,0,0,0
2489,30.00,29.98,47.41,47.41,47.45,1,0,0
2490,30.00,30.01,47.42,47.42,47.64,0,0,0
2491,30.00,30.02,47.43,47.43,47.77,0,0,0
2492,30.00,30.01,47.44,47.44,47.91,0,0,0
2493,30.00,29.99,47.45,47.45,47.96,1,0,0
2494,30.00,30.00,47.47,47.47,48.00,0,0,0
2495,30.00,29.99,47.48,47.48,48.00,1,0,0
2496,30.00,30.03,47.49,47.49,47.96,0,0,0
2497,30.00,30.02,47.50,47.50,47.95,0,0,0
2498,30.00,30.01,47.51,47.51,47.94,0,0,0
2499,30.00,30.02,47.52,47.52,47.97,0,0,0
2500,30.00,30.00,47.53,47.53,47.90,0,0,0
2501,30.00,30.00,47.54,47.54,47.87,1,0,0
2502,30.00,30.00,47.56,47.56,47.82,1,0,0
2503,30.00,30.01,47.57,47.57,47.82,0,0,0
2504,30.00,30.01,47.58,47.58,47.75,0,0,0
2505,30.00,30.00,47.59,47.59,47.69,1,0,0
2506,30.00,30.01,47.60,47.60,47.70,0,0,0
2507,30.00,30.01,47.61,47.61,47.67,0,0,0
2508,30.00,30.00,47.62,47.62,47.64,1,0,0
2509,30.00,30.01,47.64,47.64,47.57,0,0,1
2510,30.00,30.02,47.65,47.65,47.58,0,0,0
2511,30.00,30.00,47.66,47.66,47.52,1,0,0
2512,30.00,30.00,47.67,47.67,47.58,1,0,0
2513,30.00,30.00,47.68,47.68,47.80,1,0,0
2514,30.00,30.03,47.69,47.69,47.88,0,0,0
2515,30.00,30.00,47.70,47.70,47.92,1,0,0
2516,30.00,30.02,47.71,47.71,47.95,0,0,0
2517,30.00,30.02,47.73,47.73,47.96,0,0,0
2518,30.00,30.02,47.74,47.74,47.89,0,0,0
2519,30.00,30.00,47.75,47.75,47.85,0,0,0
2520,30.00,30.03,47.76,47.76,47.83,0,0,0
2521,30.00,30.03,47.77,47.77,47.80,0,0,0
2522,30.00,30.01,47.78,47.78,47.80,0,0,0
2523,30.00,30.03,47.79,47.79,47.76,0,0,1
2524,30.00,30.01,47.81,47.81,47.73,0,0,0
2525,30.00,30.03,47.82,47.82,47.70,0,0,0
2526,30.00,30.01,47.83,47.83,47.79,0,0,0
2527,30.00,30.01,47.84,47.84,47.93,0,0,0
2528,30.00,30.01,47.85,47.85,48.02,0,0,0
2529,30.00,30.00,47.86,47.86,48.10,1,0,0
2530,30.00,30.03,47.87,47.87,48.13,0,0,0
2531,30.00,30.02,47.88,47.88,48.12,0,0,0
2532,30.00,30.03,47.90,47.90,48.12,0,0,0
2533,30.00,30.03,47.91,47.91,48.13,0,0,0
2534,30.00,30.02,47.92,47.92,48.07,0,0,0
2535,30.00,30.01,47.93,47.93,48.07,0,0,0
2536,30.00,30.01,47.94,47.94,48.07,0,0,0
2537,30.00,30.03,47.95,47.95,48.00,0,0,0
2538,30.00,30.04,47.96,47.96,47.97,0,0,0
2539,30.00,30.04,47.98,47.98,47.99,0,0,0
2540,30.00,30.03,47.99,47.99,47.93,0,0,1
2541,30.00,30.02,48.00,48.00,47.87,0,0,0
2542,30.00,30.03,48.01,48.01,47.91,0,0,0
2543,30.00,30.00,48.02,48.02,47.97,0,0,0
2544,30.00,30.02,48.03,48.03,48.05,0,0,0
2545,30.00,30.01,48.04,48.04,48.04,0,0,1
2546,30.00,30.03,48.05,48.05,48.07,0,0,0
2547,30.00,30.03,48.07,48.07,48.06,0,0,0
2548,30.00,30.01,48.08,48.08,48.18,0,0,0
2549,30.00,30.02,48.09,48.09,48.36,0,0,0
2550,30.00,30.03,48.10,48.10,48.53,0,0,0
2551,30.00,30.02,48.11,48.11,48.67,0,0,0
2552,30.00,30.01,48.12,48.12,48.69,0,0,0
2553,30.00,30.03,48.13,48.13,48.75,0,0,0
2554,30.00,30.01,48.15,48.15,48.72,0,0,0
2555,30.00,30.03,48.16,48.16,48.76,0,0,0
2556,30.00,30.01,48.17,48.17,48.70,0,0,0
2557,30.00,30.01,48.18,48.18,48.70,0,0,0
2558,30.00,30.01,48.19,48.19,48.68,0,0,0
2559,30.00,30.02,48.20,48.20,48.65,0,0,0
2560,30.00,30.01,48.21,48.21,48.62,0,0,0
2561,30.00,30.03,48.22,48.22,48.58,0,0,0
2562,30.00,30.02,48.24,48.24,48.55,0,0,0
2563,30.00,30.00,48.25,48.25,48.53,0,0,0
2564,30.00,30.03,48.26,48.26,48.49,0,0,0
2565,30.00,30.02,48.27,48.27,48.49,0,0,0
2566,30.00,30.05,48.28,48.28,48.48,0,0,0
2567,30.00,30.03,48.29,48.29,48.46,0,0,0
2568,30.00,30.02,48.30,48.30,48.41,0,0,0
2569,30.00,30.01,48.32,48.32,48.35,0,0,0
2570,30.00,30.04,48.33,48.33,48.36,0,0,0
2571,30.00,30.03,48.34,48.34,48.33,0,0,1
2572,30.00,30.03,48.35,48.35,48.27,0,0,0
2573,30.00,30.03,48.36,48.36,48.27,0,0,0
2574,30.00,30.03,48.37,48.37,48.31,0,0,0
2575,30.00,30.02,48.38,48.38,48.36,0,0,0
2576,30.00,30.03,48.39,48.39,48.52,0,0,0
2577,30.00,30.03,48.41,48.41,48.61,0,0,0
2578,30.00,30.04,48.42,48.42,48.66,0,0,0
2579,30.00,30.03,48.43,48.43,48.69,0,0,0
2580,30.00,30.03,48.44,48.44,48.68,0,0,0
2581,30.00,30.04,48.45,48.45,48.71,0,0,0
2582,30.00,30.01,48.46,48.46,48.65,0,0,0
2583,30.00,30.01,48.47,48.47,48.67,0,0,0
2584,30.00,30.03,48.49,48.49,48.67,0,0,0
2585,30.00,30.03,48.50,48.50,48.62,0,0,0
2586,30.00,30.01,48.51,48.51,48.57,0,0,0
2587,30.00,30.01,48.52,48.52,48.56,0,0,0
2588,30.00,30.04,48.53,48.53,48.51,0,0,1
2589,30.00,30.03,48.54,48.54,48.50,0,0,0
2590,30.00,30.02,48.55,48.55,48.51,0,0,0
2591,30.00,30.03,48.56,48.56,48.50,0,0,0
2592,30.00,30.00,48.58,48.58,48.59,0,0,0
2593,30.00,30.04,48.59,48.59,48.68,0,0,0
2594,30.00,30.02,48.60,48.60,48.69,0,0,0
2595,30.00,30.01,48.61,48.61,48.76,0,0,0
2596,30.00,30.04,48.62,48.62,48.72,0,0,0
2597,30.00,30.02,48.63,48.63,48.73,0,0,0
2598,30.00,30.04,48.64,48.64,48.76,0,0,0
2599,30.00,30.03,48.66,48.66,48.72,0,0,0
2600,30.00,30.02,48.67,48.67,48.72,0,0,0
2601,30.00,30.01,48.68,48.68,48.66,0,0,1
2602,30.00,30.02,48.69,48.69,48.64,0,0,0
2603,30.00,30.03,48.70,48.70,48.66,0,0,0
2604,30.00,30.03,48.71,48.71,48.72,0,0,0
2605,30.00,30.03,48.72,48.72,48.78,0,0,0
2606,30.00,30.02,48.73,48.73,48.76,0,0,0
2607,30.00,30.01,48.75,48.75,48.81,0,0,0
2608,30.00,30.01,48.76,48.76,48.82,0,0,0
2609,30.00,30.04,48.77,48.77,48.80,0,0,0
2610,30.00,30.02,48.78,48.78,48.78,0,0,1
2611,30.00,30.00,48.79,48.79,48.75,0,0,0
2612,30.00,30.00,48.80,48.80,48.77,1,0,0
2613,30.00,30.02,48.81,48.81,48.83,0,0,0
2614,30.00,30.00,48.83,48.83,48.90,0,0,0
2615,30.00,30.02,48.84,48.84,48.97,0,0,0
2616,30.00,30.00,48.85,48.85,48.96,0,0,0
2617,30.00,29.99,48.86,48.86,48.96,1,0,0
2618,30.00,30.00,48.87,48.87,48.98,1,0,0
2619,30.00,30.02,48.88,48.88,48.93,0,0,0
2620,30.00,30.01,48.89,48.89,48.93,0,0,0
2621,30.00,30.00,48.90,48.90,48.88,0,0,1
2622,30.00,30.03,48.92,48.92,48.87,0,0,0
2623,30.00,30.02,48.93,48.93,48.85,0,0,0
2624,30.00,30.00,48.94,48.94,48.99,1,0,0
2625,30.00,30.00,48.95,48.95,49.22,1,0,0
2626,30.00,30.00,48.96,48.96,49.29,1,0,0
2627,30.00,29.99,48.97,48.97,49.34,1,0,0
2628,30.00,29.99,48.98,48.98,49.38,1,0,0
2629,30.00,30.01,49.00,49.00,49.42,0,0,0
2630,30.00,30.00,49.01,49.01,49.41,0,0,0
2631,30.00,30.00,49.02,49.02,49.42,0,0,0
2632,30.00,30.01,49.03,49.03,49.43,0,0,0
2633,30.00,30.01,49.04,49.04,49.35,0,0,0
2634,30.00,30.00,49.05,49.05,49.33,1,0,0
2635,30.00,29.99,49.06,49.06,49.31,1,0,0
2636,30.00,30.00,49.07,49.07,49.27,1,0,0
2637,30.00,29.99,49.09,49.09,49.26,1,0,0
2638,30.00,30.00,49.10,49.10,49.25,1,0,0
2639,30.00,30.00,49.11,49.11,49.24,0,0,0
2640,30.00,30.01,49.12,49.12,49.20,0,0,0
2641,30.00,30.01,49.13,49.13,49.18,0,0,0
2642,30.00,30.02,49.14,49.14,49.14,0,0,0
2643,30.00,30.01,49.15,49.15,49.10,0,0,1
2644,30.00,30.03,49.17,49.17,49.11,0,0,0
2645,30.00,30.00,49.18,49.18,49.06,0,0,0
2646,30.00,30.00,49.19,49.19,49.11,0,0,0
2647,30.00,30.03,49.20,49.20,49.17,0,0,0
2648,30.00,29.99,49.21,49.21,49.20,1,0,1
2649,30.00,30.01,49.22,49.22,49.21,0,0,0
2650,30.00,29.99,49.23,49.23,49.25,1,0,0
2651,30.00,30.00,49.24,49.24,49.45,0,0,0
2652,30.00,30.00,49.26,49.26,49.55,0,0,0
2653,30.00,30.00,49.27,49.27,49.70,1,0,0
2654,30.00,30.01,49.28,49.28,49.82,0,0,0
2655,30.00,30.01,49.29,49.29,49.86,0,0,0
2656,30.00,30.01,49.30,49.30,49.90,0,0,0
2657,30.00,30.00,49.31,49.31,49.89,1,0,0
2658,30.00,29.99,49.32,49.32,49.89,1,0,0
2659,30.00,30.00,49.34,49.34,49.89,1,0,0
2660,30.00,30.00,49.35,49.35,49.87,1,0,0
2661,30.00,29.99,49.36,49.36,49.82,1,0,0
2662,30.00,30.00,49.37,49.37,49.79,1,0,0
2663,30.00,30.02,49.38,49.38,49.77,0,0,0
2664,30.00,30.00,49.39,49.39,49.74,0,0,0
2665,30.00,29.98,49.40,49.40,49.65,1,0,0
2666,30.00,29.99,49.41,49.41,49.67,1,0,0
2667,30.00,30.01,49.43,49.43,49.61,0,0,0
2668,30.00,29.99,49.44,49.44,49.57,1,0,0
2669,30.00,30.01,49.45,49.45,49.54,0,0,0
2670,30.00,30.00,49.46,49.46,49.51,0,0,0
2671,30.00,29.99,49.47,49.47,49.50,1,0,0
2672,30.00,29.99,49.48,49.48,49.46,1,0,1
2673,30.00,30.00,49.49,49.49,49.44,1,0,0
2674,30.00,29.99,49.51,49.51,49.41,1,0,0
2675,30.00,29.99,49.52,49.52,49.55,1,0,0
2676,30.00,30.00,49.53,49.53,49.71,0,0,0
2677,30.00,30.00,49.54,49.54,49.75,0,0,0
2678,30.00,30.03,49.55,49.55,49.85,0,0,0
2679,30.00,30.00,49.56,49.56,49.90,1,0,0
2680,30.00,29.99,49.57,49.57,49.88,1,0,0
2681,30.00,30.01,49.58,49.58,49.89,0,0,0
2682,30.00,29.98,49.60,49.60,49.87,1,0,0
2683,30.00,29.99,49.61,49.61,49.83,1,0,0
2684,30.00,30.00,49.62,49.62,49.79,0,0,0
2685,30.00,30.00,49.63,49.63,49.76,1,0,0
2686,30.00,30.01,49.64,49.64,49.73,0,0,0
2687,30.00,30.00,49.65,49.65,49.74,0,0,0
2688,30.00,30.01,49.66,49.66,49.71,0,0,0
2689,30.00,29.99,49.68,49.68,49.64,1,0,1
2690,30.00,30.01,49.69,49.69,49.59,0,0,0
2691,30.00,30.00,49.70,49.70,49.55,1,0,0
2692,30.00,29.98,49.71,49.71,49.69,1,0,0
2693,30.00,30.00,49.72,49.72,49.80,1,0,0
2694,30.00,29.99,49.73,49.73,49.94,1,0,0
2695,30.00,30.02,49.74,49.74,50.01,0,0,0
2696,30.00,29.99,49.75,49.75,50.05,1,0,0
2697,30.00,30.01,49.77,49.77,50.13,0,0,0
2698,30.00,29.99,49.78,49.78,50.14,1,0,0
2699,30.00,30.01,49.79,49.79,50.11,0,0,0
2700,30.00,30.01,49.80,49.80,50.10,0,0,0
2701,30.00,30.01,49.81,49.81,50.11,0,0,0
2702,30.00,30.01,49.82,49.82,50.08,0,0,0
2703,30.00,30.01,49.83,49.83,50.05,0,0,0
2704,30.00,30.00,49.85,49.85,50.04,1,0,0
2705,30.00,30.03,49.86,49.86,50.01,0,0,0
2706,30.00,30.01,49.87,49.87,49.96,0,0,0
2707,30.00,30.01,49.88,49.88,49.94,0,0,0
2708,30.00,30.00,49.89,49.89,49.89,1,0,1
2709,30.00,30.01,49.90,49.90,49.87,0,0,0
2710,30.00,30.00,49.91,49.91,49.84,0,0,0
2711,30.00,30.01,49.92,49.92,49.95,0,0,0
2712,30.00,30.00,49.94,49.94,50.14,1,0,0
2713,30.00,30.02,49.95,49.95,50.24,0,0,0
2714,30.00,30.00,49.96,49.96,50.34,0,0,0
2715,30.00,30.00,49.97,49.97,50.38,0,0,0
2716,30.00,30.01,49.98,49.98,50.44,0,0,0
2717,30.00,30.00,49.99,49.99,50.43,0,0,0
2718,30.00,30.01,50.00,50.00,50.41,0,0,0
2719,30.00,30.02,50.02,50.02,50.42,0,0,0
2720,30.00,29.99,50.03,50.03,50.41,1,0,0
2721,30.00,30.00,50.04,50.04,50.33,1,0,0
2722,30.00,30.01,50.05,50.05,50.31,0,0,0
2723,30.00,30.01,50.06,50.06,50.24,0,0,0
2724,30.00,30.01,50.07,50.07,50.20,0,0,0
2725,30.00,30.01,50.08,50.08,50.18,0,0,0
2726,30.00,30.01,50.09,50.09,50.16,0,0,0
2727,30.00,30.01,50.11,50.11,50.12,0,0,0
2728,30.00,30.00,50.12,50.12,50.05,0,0,1
2729,30.00,30.00,50.13,50.13,50.00,1,0,0
2730,30.00,30.01,50.14,50.14,49.95,0,0,0
2731,30.00,30.02,50.15,50.15,50.14,0,0,0
2732,30.00,30.01,50.16,50.16,50.32,0,0,0
2733,30.00,30.02,50.17,50.17,50.42,0,0,0
2734,30.00,29.99,50.19,50.19,50.55,1,0,0
2735,30.00,30.00,50.20,50.20,50.60,0,0,0
2736,30.00,30.00,50.21,50.21,50.65,0,0,0
2737,30.00,30.01,50.22,50.22,50.64,0,0,0
2738,30.00,30.00,50.23,50.23,50.64,1,0,0
2739,30.00,30.02,50.24,50.24,50.61,0,0,0
2740,30.00,30.03,50.25,50.25,50.61,0,0,0
2741,30.00,30.02,50.26,50.26,50.61,0,0,0
2742,30.00,30.01,50.28,50.28,50.54,0,0,0
2743,30.00,30.01,50.29,50.29,50.53,0,0,0
2744,30.00,30.01,50.30,50.30,50.52,0,0,0
2745,30.00,30.01,50.31,50.31,50.45,0,0,0
2746,30.00,30.00,50.32,50.32,50.41,0,0,0
2747,30.00,30.03,50.33,50.33,50.37,0,0,0
2748,30.00,30.01,50.34,50.34,50.35,0,0,0
2749,30.00,30.01,50.36,50.36,50.30,0,0,1
2750,30.00,30.02,50.37,50.37,50.27,0,0,0
2751,30.00,30.00,50.38,50.38,50.27,0,0,0
2752,30.00,29.99,50.39,50.39,50.54,1,0,0
2753,30.00,30.01,50.40,50.40,50.69,0,0,0
2754,30.00,30.01,50.41,50.41,50.80,0,0,0
2755,30.00,30.00,50.42,50.42,50.84,1,0,0
2756,30.00,30.03,50.43,50.43,50.90,0,0,0
2757,30.00,30.02,50.45,50.45,50.89,0,0,0
2758,30.00,30.02,50.46,50.46,50.89,0,0,0
2759,30.00,30.01,50.47,50.47,50.85,0,0,0
2760,30.00,30.04,50.48,50.48,50.82,0,0,0
2761,30.00,30.01,50.49,50.49,50.80,0,0,0
2762,30.00,30.03,50.50,50.50,50.77,0,0,0
2763,30.00,30.01,50.51,50.51,50.75,0,0,0
2764,30.00,30.01,50.53,50.53,50.71,0,0,0
2765,30.00,30.04,50.54,50.54,50.71,0,0,0
2766,30.00,30.03,50.55,50.55,50.65,0,0,0
2767,30.00,30.04,50.56,50.56,50.62,0,0,0
2768,30.00,30.03,50.57,50.57,50.57,0,0,1
2769,30.00,30.00,50.58,50.58,50.56,0,0,0
2770,30.00,30.00,50.59,50.59,50.53,1,0,0
2771,30.00,30.03,50.60,50.60,50.68,0,0,0
2772,30.00,30.00,50.62,50.62,50.81,0,0,0
2773,30.00,30.03,50.63,50.63,50.98,0,0,0
2774,30.00,30.01,50.64,50.64,51.07,0,0,0
2775,30.00,30.02,50.65,50.65,51.10,0,0,0
2776,30.00,30.00,50.66,50.66,51.11,0,0,0
2777,30.00,30.00,50.67,50.67,51.11,0,0,0
2778,30.00,30.01,50.68,50.68,51.11,0,0,0
2779,30.00,30.02,50.70,50.70,51.07,0,0,0
2780,30.00,30.01,50.71,50.71,51.03,0,0,0
2781,30.00,30.03,50.72,50.72,50.98,0,0,0
2782,30.00,30.03,50.73,50.73,50.97,0,0,0
2783,30.00,30.03,50.74,50.74,50.94,0,0,0
2784,30.00,30.01,50.75,50.75,50.94,0,0,0
2785,30.00,30.01,50.76,50.76,50.90,0,0,0
2786,30.00,30.03,50.77,50.77,50.89,0,0,0
2787,30.00,30.00,50.79,50.79,50.84,0,0,0
2788,30.00,30.02,50.80,50.80,50.80,0,0,0
2789,30.00,29.99,50.81,50.81,50.71,1,0,1
2790,30.00,30.03,50.82,50.82,50.71,0,0,0
2791,30.00,30.02,50.83,50.83,50.63,0,0,0
2792,30.00,30.00,50.84,50.84,50.78,1,0,0
2793,30.00,30.03,50.85,50.85,50.98,0,0,0
2794,30.00,30.02,50.87,50.87,51.10,0,0,0
2795,30.00,30.02,50.88,50.88,51.22,0,0,0
2796,30.00,30.01,50.89,50.89,51.26,0,0,0
2797,30.00,30.04,50.90,50.90,51.31,0,0,0
2798,30.00,30.02,50.91,50.91,51.28,0,0,0
2799,30.00,30.03,50.92,50.92,51.27,0,0,0
2800,30.00,30.03,50.93,50.93,51.28,0,0,0
2801,30.00,30.04,50.94,50.94,51.24,0,0,0
2802,30.00,30.01,50.96,50.96,51.22,0,0,0
2803,30.00,30.02,50.97,50.97,51.18,0,0,0
2804,30.00,29.99,50.98,50.98,51.18,1,0,0
2805,30.00,30.01,50.99,50.99,51.15,0,0,0
2806,30.00,30.03,51.00,51.00,51.07,0,0,0
2807,30.00,30.03,51.01,51.01,51.06,0,0,0
2808,30.00,30.03,51.02,51.02,51.03,0,0,0
2809,30.00,30.00,51.04,51.04,50.95,1,0,1
2810,30.00,30.01,51.05,51.05,50.93,0,0,0
2811,30.00,30.02,51.06,51.06,50.88,0,0,0
2812,30.00,30.02,51.07,51.07,50.97,0,0,0
2813,30.00,30.02,51.08,51.08,51.15,0,0,0
2814,30.00,30.02,51.09,51.09,51.26,0,0,0
2815,30.00,30.03,51.10,51.10,51.37,0,0,0
2816,30.00,30.01,51.11,51.11,51.42,0,0,0
2817,30.00,30.03,51.13,51.13,51.45,0,0,0
2818,30.00,30.01,51.14,51.14,51.50,0,0,0
2819,30.00,30.01,51.15,51.15,51.45,0,0,0
2820,30.00,30.02,51.16,51.16,51.43,0,0,0
2821,30.00,30.01,51.17,51.17,51.40,0,0,0
2822,30.00,30.01,51.18,51.18,51.40,0,0,0
2823,30.00,30.02,51.19,51.19,51.37,0,0,0
2824,30.00,30.02,51.21,51.21,51.37,0,0,0
2825,30.00,30.00,51.22,51.22,51.30,1,0,0
2826,30.00,30.00,51.23,51.23,51.28,1,0,0
2827,30.00,30.00,51.24,51.24,51.27,1,0,0
2828,30.00,30.01,51.25,51.25,51.26,0,0,0
2829,30.00,30.02,51.26,51.26,51.19,0,0,1
2830,30.00,30.02,51.27,51.27,51.16,0,0,0
2831,30.00,30.02,51.28,51.28,51.11,0,0,0
2832,30.00,30.01,51.30,51.30,51.25,0,0,0
2833,30.00,30.01,51.31,51.31,51.43,0,0,0
2834,30.00,30.00,51.32,51.32,51.51,0,0,0
2835,30.00,29.99,51.33,51.33,51.62,1,0,0
2836,30.00,30.03,51.34,51.34,51.67,0,0,0
2837,30.00,30.01,51.35,51.35,51.72,0,0,0
2838,30.00,29.99,51.36,51.36,51.71,1,0,0
2839,30.00,30.02,51.38,51.38,51.71,0,0,0
2840,30.00,30.01,51.39,51.39,51.74,0,0,0
2841,30.00,29.99,51.40,51.40,51.67,1,0,0
2842,30.00,30.00,51.41,51.41,51.65,0,0,0
2843,30.00,30.01,51.42,51.42,51.66,0,0,0
2844,30.00,30.02,51.43,51.43,51.62,0,0,0
2845,30.00,29.98,51.44,51.44,51.56,1,0,0
2846,30.00,30.01,51.45,51.45,51.54,0,0,0
2847,30.00,30.00,51.47,51.47,51.50,1,0,0
2848,30.00,30.03,51.48,51.48,51.48,0,0,1
2849,30.00,30.01,51.49,51.49,51.43,0,0,0
2850,30.00,30.01,51.50,51.50,51.42,0,0,0
2851,30.00,30.01,51.51,51.51,51.72,0,0,0
2852,30.00,29.99,51.52,51.52,51.88,1,0,0
2853,30.00,30.00,51.53,51.53,51.95,1,0,0
2854,30.00,29.99,51.55,51.55,52.03,1,0,0
2855,30.00,30.01,51.56,51.56,52.04,0,0,0
2856,30.00,29.99,51.57,51.57,52.05,1,0,0
2857,30.00,30.01,51.58,51.58,52.01,0,0,0
2858,30.00,30.00,51.59,51.59,52.01,1,0,0
2859,30.00,30.00,51.60,51.60,51.99,0,0,0
2860,30.00,30.00,51.61,51.61,51.97,0,0,0
2861,30.00,29.99,51.62,51.62,51.93,1,0,0
2862,30.00,30.00,51.64,51.64,51.90,1,0,0
2863,30.00,30.03,51.65,51.65,51.87,0,0,0
2864,30.00,29.98,51.66,51.66,51.76,1,0,0
2865,30.00,30.01,51.67,51.67,51.77,0,0,0
2866,30.00,30.00,51.68,51.68,51.73,1,0,0
2867,30.00,29.98,51.69,51.69,51.68,1,0,1
2868,30.00,30.01,51.70,51.70,51.61,0,0,0
2869,30.00,30.00,51.72,51.72,51.62,0,0,0
2870,30.00,30.00,51.73,51.73,51.76,0,0,0
2871,30.00,30.00,51.74,51.74,51.84,0,0,0
2872,30.00,30.00,51.75,51.75,51.91,1,0,0
2873,30.00,30.03,51.76,51.76,51.97,0,0,0
2874,30.00,30.02,51.77,51.77,52.03,0,0,0
2875,30.00,30.02,51.78,51.78,52.07,0,0,0
2876,30.00,30.00,51.79,51.79,52.08,0,0,0
2877,30.00,30.01,51.81,51.81,52.10,0,0,0
2878,30.00,30.00,51.82,51.82,52.05,0,0,0
2879,30.00,29.99,51.83,51.83,52.05,1,0,0
2880,30.00,30.00,51.84,51.84,52.00,1,0,0
2881,30.00,30.00,51.85,51.85,51.99,0,0,0
2882,30.00,29.99,51.86,51.86,51.95,1,0,0
2883,30.00,30.00,51.87,51.87,51.92,1,0,0
2884,30.00,30.02,51.89,51.89,51.87,0,0,1
2885,30.00,29.99,51.90,51.90,51.82,1,0,0
2886,30.00,30.00,51.91,51.91,51.79,1,0,0
2887,30.00,30.00,51.92,51.92,51.92,1,0,0
2888,30.00,30.00,51.93,51.93,51.95,1,0,0
2889,30.00,29.99,51.94,51.94,51.99,1,0,0
2890,30.00,29.99,51.95,51.95,52.01,1,0,0
2891,30.00,30.02,51.96,51.96,52.01,0,0,0
2892,30.00,30.01,51.98,51.98,51.99,0,0,0
2893,30.00,30.02,51.99,51.99,51.98,0,0,1
2894,30.00,30.00,52.00,52.00,51.95,1,0,0
2895,30.00,30.02,52.01,52.01,51.99,0,0,0
2896,30.00,30.00,52.02,52.02,52.04,0,0,0
2897,30.00,30.00,52.03,52.03,52.20,0,0,0
2898,30.00,30.01,52.04,52.04,52.32,0,0,0
2899,30.00,30.01,52.06,52.06,52.38,0,0,0
2900,30.00,30.01,52.07,52.07,52.38,0,0,0
2901,30.00,30.00,52.08,52.08,52.38,0,0,0
2902,30.00,29.98,52.09,52.09,52.33,1,0,0
2903,30.00,29.99,52.10,52.10,52.32,1,0,0
2904,30.00,30.01,52.11,52.11,52.31,0,0,0
2905,30.00,30.01,52.12,52.12,52.25,0,0,0
2906,30.00,30.00,52.13,52.13,52.23,1,0,0
2907,30.00,29.99,52.15,52.15,52.15,1,0,0
2908,30.00,30.01,52.16,52.16,52.10,0,0,1
2909,30.00,30.01,52.17,52.17,52.07,0,0,0
2910,30.00,30.01,52.18,52.18,52.03,0,0,0
2911,30.00,30.00,52.19,52.19,52.12,0,0,0
2912,30.00,30.02,52.20,52.20,52.28,0,0,0
2913,30.00,30.00,52.21,52.21,52.36,1,0,0
2914,30.00,30.01,52.23,52.23,52.45,0,0,0
2915,30.00,30.01,52.24,52.24,52.48,0,0,0
2916,30.00,30.00,52.25,52.25,52.50,1,0,0
2917,30.00,30.02,52.26,52.26,52.51,0,0,0
2918,30.00,30.01,52.27,52.27,52.49,0,0,0
2919,30.00,30.02,52.28,52.28,52.50,0,0,0
2920,30.00,30.01,52.29,52.29,52.46,0,0,0
2921,30.00,30.00,52.30,52.30,52.41,1,0,0
2922,30.00,30.00,52.32,52.32,52.40,0,0,0
2923,30.00,30.00,52.33,52.33,52.35,1,0,0
2924,30.00,30.01,52.34,52.34,52.33,0,0,1
2925,30.00,30.01,52.35,52.35,52.27,0,0,0
2926,30.00,30.00,52.36,52.36,52.24,1,0,0
2927,30.00,29.99,52.37,52.37,52.30,1,0,0
2928,30.00,30.02,52.38,52.38,52.36,0,0,0
2929,30.00,30.01,52.40,52.40,52.42,0,0,0
2930,30.00,30.00,52.41,52.41,52.43,1,0,0
2931,30.00,30.01,52.42,52.42,52.44,0,0,0
2932,30.00,30.02,52.43,52.43,52.43,0,0,0
2933,30.00,30.02,52.44,52.44,52.41,0,0,1
2934,30.00,30.02,52.45,52.45,52.42,0,0,0
2935,30.00,30.01,52.46,52.46,52.41,0,0,0
2936,30.00,30.00,52.47,52.47,52.54,1,0,0
2937,30.00,30.01,52.49,52.49,52.66,0,0,0
2938,30.00,29.99,52.50,52.50,52.68,1,0,0
2939,30.00,30.01,52.51,52.51,52.72,0,0,0
2940,30.00,30.00,52.52,52.52,52.75,1,0,0
2941,30.00,30.03,52.53,52.53,52.76,0,0,0
2942,30.00,30.00,52.54,52.54,52.74,0,0,0
2943,30.00,30.01,52.55,52.55,52.68,0,0,0
2944,30.00,30.04,52.57,52.57,52.65,0,0,0
2945,30.00,30.00,52.58,52.58,52.63,1,0,0
2946,30.00,30.00,52.59,52.59,52.58,1,0,1
2947,30.00,30.00,52.60,52.60,52.51,1,0,0
2948,30.00,30.01,52.61,52.61,52.54,0,0,0
2949,30.00,30.01,52.62,52.62,52.59,0,0,0
2950,30.00,30.02,52.63,52.63,52.61,0,0,0
2951,30.00,30.00,52.64,52.64,52.70,0,0,0
2952,30.00,30.02,52.66,52.66,52.78,0,0,0
2953,30.00,30.00,52.67,52.67,52.82,0,0,0
2954,30.00,30.03,52.68,52.68,52.85,0,0,0
2955,30.00,30.01,52.69,52.69,52.87,0,0,0
2956,30.00,30.00,52.70,52.70,52.83,1,0,0
2957,30.00,30.02,52.71,52.71,52.84,0,0,0
2958,30.00,30.01,52.72,52.72,52.73,0,0,0
2959,30.00,30.03,52.74,52.74,52.73,0,0,1
2960,30.00,30.03,52.75,52.75,52.68,0,0,0
2961,30.00,30.02,52.76,52.76,52.69,0,0,0
2962,30.00,30.01,52.77,52.77,52.83,0,0,0
2963,30.00,30.01,52.78,52.78,52.93,0,0,0
2964,30.00,30.02,52.79,52.79,53.02,0,0,0
2965,30.00,30.00,52.80,52.80,53.06,0,0,0
2966,30.00,30.00,52.81,52.81,53.10,1,0,0
2967,30.00,30.01,52.83,52.83,53.10,0,0,0
2968,30.00,30.02,52.84,52.84,53.07,0,0,0
2969,30.00,30.01,52.85,52.85,53.04,0,0,0
2970,30.00,30.03,52.86,52.86,53.05,0,0,0
2971,30.00,30.02,52.87,52.87,52.98,0,0,0
2972,30.00,30.01,52.88,52.88,52.92,0,0,0
2973,30.00,30.03,52.89,52.89,52.88,0,0,1
2974,30.00,30.01,52.91,52.91,52.85,0,0,0
2975,30.00,30.02,52.92,52.92,52.79,0,0,0
2976,30.00,30.03,52.93,52.93,53.00,0,0,0
2977,30.00,30.02,52.94,52.94,53.14,0,0,0
2978,30.00,30.02,52.95,52.95,53.16,0,0,0
2979,30.00,30.01,52.96,52.96,53.24,0,0,0
2980,30.00,30.01,52.97,52.97,53.29,0,0,0
2981,30.00,30.02,52.98,52.98,53.25,0,0,0
2982,30.00,30.01,53.00,53.00,53.24,0,0,0
2983,30.00,29.99,53.01,53.01,53.17,1,0,0
2984,30.00,30.02,53.02,53.02,53.17,0,0,0
2985,30.00,30.03,53.03,53.03,53.14,0,0,0
2986,30.00,30.01,53.04,53.04,53.08,0,0,0
2987,30.00,30.03,53.05,53.05,53.02,0,0,1
2988,30.00,30.03,53.06,53.06,52.99,0,0,0
2989,30.00,30.04,53.08,53.08,52.95,0,0,0
2990,30.00,30.02,53.09,53.09,53.09,0,0,0
2991,30.00,30.02,53.10,53.10,53.25,0,0,0
2992,30.00,30.00,53.11,53.11,53.32,1,0,0
2993,30.00,30.00,53.12,53.12,53.38,0,0,0
2994,30.00,30.01,53.13,53.13,53.43,0,0,0
2995,30.00,30.02,53.14,53.14,53.47,0,0,0
2996,30.00,30.02,53.15,53.15,53.43,0,0,0
2997,30.00,30.02,53.17,53.17,53.43,0,0,0
2998,30.00,30.01,53.18,53.18,53.38,0,0,0
2999,30.00,30.03,53.19,53.19,53.37,0,0,0
3000,30.00,30.01,53.20,53.20,53.30,0,0,0
3001,30.00,30.00,53.21,53.21,53.31,0,0,0
3002,30.00,30.01,53.22,53.22,53.26,0,0,0
3003,30.00,30.02,53.23,53.23,53.20,0,0,1
3004,30.00,30.02,53.25,53.25,53.19,0,0,0
3005,30.00,30.00,53.26,53.26,53.18,0,0,0
3006,30.00,30.03,53.27,53.27,53.21,0,0,0
3007,30.00,30.01,53.28,53.28,53.23,0,0,0
3008,30.00,30.00,53.29,53.29,53.31,0,0,0
3009,30.00,30.04,53.30,53.30,53.30,0,0,1
3010,30.00,30.01,53.31,53.31,53.30,0,0,0
3011,30.00,30.02,53.32,53.32,53.29,0,0,0
3012,30.00,30.01,53.34,53.34,53.37,0,0,0
3013,30.00,30.01,53.35,53.35,53.52,0,0,0
3014,30.00,30.02,53.36,53.36,53.67,0,0,0
3015,30.00,30.01,53.37,53.37,53.76,0,0,0
3016,30.00,30.02,53.38,53.38,53.82,0,0,0
3017,30.00,30.02,53.39,53.39,53.88,0,0,0
3018,30.00,30.00,53.40,53.40,53.87,1,0,0
3019,30.00,30.04,53.42,53.42,53.84,0,0,0
3020,30.00,30.04,53.43,53.43,53.84,0,0,0
3021,30.00,30.01,53.44,53.44,53.79,0,0,0
3022,30.00,30.03,53.45,53.45,53.76,0,0,0
3023,30.00,30.02,53.46,53.46,53.74,0,0,0
3024,30.00,30.03,53.47,53.47,53.67,0,0,0
3025,30.00,30.00,53.48,53.48,53.65,0,0,0
3026,30.00,30.01,53.49,53.49,53.63,0,0,0
3027,30.00,30.04,53.51,53.51,53.59,0,0,0
3028,30.00,30.04,53.52,53.52,53.54,0,0,0
3029,30.00,30.00,53.53,53.53,53.48,1,0,1
3030,30.00,30.02,53.54,53.54,53.46,0,0,0
3031,30.00,30.02,53.55,53.55,53.42,0,0,0
3032,30.00,30.00,53.56,53.56,53.70,0,0,0
3033,30.00,30.00,53.57,53.57,53.93,0,0,0
3034,30.00,30.01,53.59,53.59,54.07,0,0,0
3035,30.00,30.01,53.60,53.60,54.08,0,0,0
3036,30.00,30.00,53.61,53.61,54.09,0,0,0
3037,30.00,30.02,53.62,53.62,54.11,0,0,0
3038,30.00,30.00,53.63,53.63,54.07,1,0,0
3039,30.00,30.00,53.64,53.64,54.03,1,0,0
3040,30.00,30.00,53.65,53.65,53.99,0,0,0
3041,30.00,30.01,53.66,53.66,53.98,0,0,0
3042,30.00,30.00,53.68,53.68,53.93,1,0,0
3043,30.00,30.01,53.69,53.69,53.88,0,0,0
3044,30.00,30.03,53.70,53.70,53.83,0,0,0
3045,30.00,30.00,53.71,53.71,53.79,0,0,0
3046,30.00,30.01,53.72,53.72,53.76,0,0,0
3047,30.00,30.01,53.73,53.73,53.71,0,0,1
3048,30.00,30.00,53.74,53.74,53.66,1,0,0
3049,30.00,30.00,53.76,53.76,53.63,1,0,0
3050,30.00,30.02,53.77,53.77,53.72,0,0,0
3051,30.00,30.00,53.78,53.78,53.93,0,0,0
3052,30.00,30.01,53.79,53.79,54.01,0,0,0
3053,30.00,30.03,53.80,53.80,54.04,0,0,0
3054,30.00,30.00,53.81,53.81,54.04,1,0,0
3055,30.00,30.00,53.82,53.82,54.04,0,0,0
3056,30.00,30.00,53.83,53.83,53.97,1,0,0
3057,30.00,30.02,53.85,53.85,53.98,0,0,0
3058,30.00,30.02,53.86,53.86,53.92,0,0,0
3059,30.00,30.01,53.87,53.87,53.90,0,0,0
3060,30.00,29.99,53.88,53.88,53.86,1,0,1
3061,30.00,30.01,53.89,53.89,53.85,0,0,0
3062,30.00,29.98,53.90,53.90,53.82,1,0,0
3063,30.00,29.99,53.91,53.91,53.88,1,0,0
3064,30.00,30.02,53.93,53.93,53.99,0,0,0
3065,30.00,29.99,53.94,53.94,54.05,1,0,0
3066,30.00,30.00,53.95,53.95,54.09,1,0,0
3067,30.00,30.00,53.96,53.96,54.10,0,0,0
3068,30.00,30.01,53.97,53.97,54.10,0,0,0
3069,30.00,30.01,53.98,53.98,54.06,0,0,0
3070,30.00,30.02,53.99,53.99,54.06,0,0,0
3071,30.00,30.00,54.00,54.00,54.00,0,0,1
3072,30.00,30.00,54.02,54.02,54.00,1,0,0
3073,30.00,30.01,54.03,54.03,53.98,0,0,0
3074,30.00,30.00,54.04,54.04,54.09,1,0,0
3075,30.00,30.00,54.05,54.05,54.11,0,0,0
3076,30.00,30.00,54.06,54.06,54.11,1,0,0
3077,30.00,29.99,54.07,54.07,54.14,1,0,0
3078,30.00,30.01,54.08,54.08,54.16,0,0,0
3079,30.00,30.01,54.10,54.10,54.17,0,0,0
3080,30.00,30.00,54.11,54.11,54.12,1,0,0
3081,30.00,30.01,54.12,54.12,54.11,0,0,1
3082,30.00,30.00,54.13,54.13,54.07,0,0,0
3083,30.00,29.97,54.14,54.14,54.07,1,0,0
3084,30.00,30.00,54.15,54.15,54.27,0,0,0
3085,30.00,29.99,54.16,54.16,54.41,1,0,0
3086,30.00,30.01,54.17,54.17,54.50,0,0,0
3087,30.00,29.99,54.19,54.19,54.53,1,0,0
3088,30.00,29.98,54.20,54.20,54.55,1,0,0
3089,30.00,29.99,54.21,54.21,54.54,1,0,0
3090,30.00,30.01,54.22,54.22,54.53,0,0,0
3091,30.00,30.00,54.23,54.23,54.49,0,0,0
3092,30.00,30.00,54.24,54.24,54.48,1,0,0
3093,30.00,30.00,54.25,54.25,54.47,0,0,0
3094,30.00,30.01,54.27,54.27,54.43,0,0,0
3095,30.00,30.01,54.28,54.28,54.39,0,0,0
3096,30.00,29.99,54.29,54.29,54.32,1,0,0
3097,30.00,30.01,54.30,54.30,54.29,0,0,1
3098,30.00,30.00,54.31,54.31,54.25,1,0,0
3099,30.00,30.01,54.32,54.32,54.22,0,0,0
3100,30.00,30.01,54.33,54.33,54.27,0,0,0
3101,30.00,29.99,54.34,54.34,54.33,1,0,0
3102,30.00,29.99,54.36,54.36,54.34,1,0,1
3103,30.00,29.99,54.37,54.37,54.37,1,0,0
3104,30.00,29.99,54.38,54.38,54.35,1,0,0
3105,30.00,29.98,54.39,54.39,54.53,1,0,0
3106,30.00,30.02,54.40,54.40,54.65,0,0,0
3107,30.00,29.99,54.41,54.41,54.74,1,0,0
3108,30.00,29.99,54.42,54.42,54.89,1,0,0
3109,30.00,29.97,54.44,54.44,54.90,1,0,0
3110,30.00,30.01,54.45,54.45,54.87,0,0,0
3111,30.00,30.00,54.46,54.46,54.91,1,0,0
3112,30.00,29.99,54.47,54.47,54.92,1,0,0
3113,30.00,30.00,54.48,54.48,54.87,0,0,0
3114,30.00,30.01,54.49,54.49,54.81,0,0,0
3115,30.00,30.00,54.50,54.50,54.81,1,0,0
3116,30.00,30.02,54.51,54.51,54.79,0,0,0
3117,30.00,30.00,54.53,54.53,54.77,1,0,0
3118,30.00,30.00,54.54,54.54,54.76,1,0,0
3119,30.00,30.00,54.55,54.55,54.71,0,0,0
3120,30.00,29.98,54.56,54.56,54.65,1,0,0
3121,30.00,29.99,54.57,54.57,54.56,1,0,1
3122,30.00,30.01,54.58,54.58,54.50,0,0,0
3123,30.00,30.00,54.59,54.59,54.48,0,0,0
3124,30.00,29.99,54.61,54.61,54.67,1,0,0
3125,30.00,29.99,54.62,54.62,54.85,1,0,0
3126,30.00,29.99,54.63,54.63,54.91,1,0,0
3127,30.00,29.99,54.64,54.64,54.94,1,0,0
3128,30.00,30.02,54.65,54.65,54.97,0,0,0
3129,30.00,29.99,54.66,54.66,54.98,1,0,0
3130,30.00,30.00,54.67,54.67,54.94,0,0,0
3131,30.00,30.01,54.68,54.68,54.90,0,0,0
3132,30.00,30.01,54.70,54.70,54.81,0,0,0
3133,30.00,30.03,54.71,54.71,54.83,0,0,0
3134,30.00,30.01,54.72,54.72,54.76,0,0,0
3135,30.00,30.02,54.73,54.73,54.75,0,0,0
3136,30.00,30.03,54.74,54.74,54.74,0,0,0
3137,30.00,30.01,54.75,54.75,54.69,0,0,1
3138,30.00,30.01,54.76,54.76,54.65,0,0,0
3139,30.00,30.01,54.78,54.78,54.62,0,0,0
3140,30.00,29.99,54.79,54.79,54.68,1,0,0
3141,30.00,30.01,54.80,54.80,54.75,0,0,0
3142,30.00,30.01,54.81,54.81,54.74,0,0,1
3143,30.00,29.99,54.82,54.82,54.75,1,0,0
3144,30.00,30.02,54.83,54.83,54.76,0,0,0
3145,30.00,30.00,54.84,54.84,54.95,0,0,0
3146,30.00,29.99,54.85,54.85,55.12,1,0,0
3147,30.00,30.00,54.87,54.87,55.26,1,0,0
3148,30.00,30.00,54.88,54.88,55.34,0,0,0
3149,30.00,30.00,54.89,54.89,55.38,0,0,0
3150,30.00,30.02,54.90,54.90,55.39,0,0,0
3151,30.00,30.00,54.91,54.91,55.38,1,0,0
3152,30.00,30.03,54.92,54.92,55.38,0,0,0
3153,30.00,30.02,54.93,54.93,55.33,0,0,0
3154,30.00,30.03,54.95,54.95,55.26,0,0,0
3155,30.00,30.01,54.96,54.96,55.26,0,0,0
3156,30.00,30.00,54.97,54.97,55.22,0,0,0
3157,30.00,30.04,54.98,54.98,55.22,0,0,0
3158,30.00,30.01,54.99,54.99,55.13,0,0,0
3159,30.00,30.01,55.00,55.00,55.11,0,0,0
3160,30.00,30.00,55.01,55.01,55.02,1,0,0
3161,30.00,30.01,55.02,55.02,55.02,0,0,1
3162,30.00,30.01,55.04,55.04,54.96,0,0,0
3163,30.00,30.00,55.05,55.05,54.94,0,0,0
3164,30.00,30.02,55.06,55.06,55.10,0,0,0
3165,30.00,30.03,55.07,55.07,55.21,0,0,0
3166,30.00,30.01,55.08,55.08,55.30,0,0,0
3167,30.00,30.03,55.09,55.09,55.32,0,0,0
3168,30.00,30.03,55.10,55.10,55.37,0,0,0
3169,30.00,30.01,55.12,55.12,55.34,0,0,0
3170,30.00,30.03,55.13,55.13,55.35,0,0,0
3171,30.00,30.02,55.14,55.14,55.29,0,0,0
3172,30.00,30.02,55.15,55.15,55.26,0,0,0
3173,30.00,30.00,55.16,55.16,55.26,0,0,0
3174,30.00,30.02,55.17,55.17,55.17,0,0,1
3175,30.00,30.00,55.18,55.18,55.12,0,0,0
3176,30.00,30.00,55.19,55.19,55.10,1,0,0
3177,30.00,29.98,55.21,55.21,55.22,1,0,0
3178,30.00,30.00,55.22,55.22,55.36,1,0,0
3179,30.00,30.02,55.23,55.23,55.46,0,0,0
3180,30.00,30.01,55.24,55.24,55.50,0,0,0
3181,30.00,30.00,55.25,55.25,55.55,0,0,0
3182,30.00,30.03,55.26,55.26,55.56,0,0,0
3183,30.00,30.00,55.27,55.27,55.54,1,0,0
3184,30.00,30.02,55.29,55.29,55.52,0,0,0
3185,30.00,30.00,55.30,55.30,55.49,1,0,0
3186,30.00,30.00,55.31,55.31,55.44,0,0,0
3187,30.00,30.03,55.32,55.32,55.41,0,0,0
3188,30.00,30.00,55.33,55.33,55.37,1,0,0
3189,30.00,30.01,55.34,55.34,55.32,0,0,1
3190,30.00,30.02,55.35,55.35,55.23,0,0,0
3191,30.00,30.02,55.36,55.36,55.27,0,0,0
3192,30.00,30.00,55.38,55.38,55.46,0,0,0
3193,30.00,30.01,55.39,55.39,55.65,0,0,0
3194,30.00,30.00,55.40,55.40,55.70,1,0,0
3195,30.00,30.03,55.41,55.41,55.78,0,0,0
3196,30.00,30.01,55.42,55.42,55.80,0,0,0
3197,30.00,30.02,55.43,55.43,55.83,0,0,0
3198,30.00,30.04,55.44,55.44,55.80,0,0,0
3199,30.00,30.02,55.46,55.46,55.76,0,0,0
3200,30.00,30.01,55.47,55.47,55.73,0,0,0
3201,30.00,30.01,55.48,55.48,55.74,0,0,0
3202,30.00,30.00,55.49,55.49,55.66,0,0,0
3203,30.00,30.02,55.50,55.50,55.64,0,0,0
3204,30.00,30.03,55.51,55.51,55.59,0,0,0
3205,30.00,30.02,55.52,55.52,55.54,0,0,0
3206,30.00,30.01,55.53,55.53,55.46,0,0,1
3207,30.00,30.03,55.55,55.55,55.42,0,0,0
3208,30.00,30.02,55.56,55.56,55.41,0,0,0
3209,30.00,30.03,55.57,55.57,55.54,0,0,0
3210,30.00,30.01,55.58,55.58,55.66,0,0,0
3211,30.00,30.02,55.59,55.59,55.73,0,0,0
3212,30.00,30.03,55.60,55.60,55.76,0,0,0
3213,30.00,30.00,55.61,55.61,55.75,0,0,0
3214,30.00,30.00,55.63,55.63,55.75,0,0,0
3215,30.00,30.00,55.64,55.64,55.74,0,0,0
3216,30.00,30.01,55.65,55.65,55.74,0,0,0
3217,30.00,30.04,55.66,55.66,55.66,0,0,0
3218,30.00,30.03,55.67,55.67,55.59,0,0,1
3219,30.00,30.04,55.68,55.68,55.53,0,0,0
3220,30.00,30.03,55.69,55.69,55.50,0,0,0
3221,30.00,30.01,55.70,55.70,55.61,0,0,0
3222,30.00,30.02,55.72,55.72,55.69,0,0,0
3223,30.00,30.00,55.73,55.73,55.70,1,0,1
3224,30.00,30.02,55.74,55.74,55.71,0,0,0
3225,30.00,30.04,55.75,55.75,55.72,0,0,0
3226,30.00,30.01,55.76,55.76,55.86,0,0,0
3227,30.00,30.03,55.77,55.77,56.04,0,0,0
3228,30.00,30.00,55.78,55.78,56.11,1,0,0
3229,30.00,30.01,55.80,55.80,56.25,0,0,0
3230,30.00,30.02,55.81,55.81,56.29,0,0,0
3231,30.00,30.02,55.82,55.82,56.29,0,0,0
3232,30.00,30.02,55.83,55.83,56.32,0,0,0
3233,30.00,30.02,55.84,55.84,56.27,0,0,0
3234,30.00,30.01,55.85,55.85,56.26,0,0,0
3235,30.00,30.04,55.86,55.86,56.23,0,0,0
3236,30.00,30.00,55.87,55.87,56.17,0,0,0
3237,30.00,30.02,55.89,55.89,56.13,0,0,0
3238,30.00,30.01,55.90,55.90,56.08,0,0,0
3239,30.00,30.03,55.91,55.91,55.99,0,0,0
3240,30.00,30.01,55.92,55.92,55.94,0,0,0
3241,30.00,30.01,55.93,55.93,55.93,0,0,1
3242,30.00,30.03,55.94,55.94,55.92,0,0,0
3243,30.00,30.01,55.95,55.95,55.91,0,0,0
3244,30.00,30.02,55.97,55.97,55.98,0,0,0
3245,30.00,30.01,55.98,55.98,56.13,0,0,0
3246,30.00,30.00,55.99,55.99,56.22,1,0,0
3247,30.00,30.01,56.00,56.00,56.29,0,0,0
3248,30.00,30.01,56.01,56.01,56.35,0,0,0
3249,30.00,30.03,56.02,56.02,56.32,0,0,0
3250,30.00,30.00,56.03,56.03,56.28,0,0,0
3251,30.00,30.03,56.04,56.04,56.24,0,0,0
3252,30.00,30.03,56.06,56.06,56.21,0,0,0
3253,30.00,30.02,56.07,56.07,56.20,0,0,0
3254,30.00,30.00,56.08,56.08,56.08,0,0,0
3255,30.00,30.01,56.09,56.09,56.11,0,0,0
3256,30.00,30.01,56.10,56.10,56.06,0,0,1
3257,30.00,30.00,56.11,56.11,56.01,1,0,0
3258,30.00,30.03,56.12,56.12,55.99,0,0,0
3259,30.00,30.02,56.14,56.14,56.10,0,0,0
3260,30.00,30.00,56.15,56.15,56.19,0,0,0
3261,30.00,30.00,56.16,56.16,56.31,1,0,0
3262,30.00,30.00,56.17,56.17,56.40,0,0,0
3263,30.00,30.01,56.18,56.18,56.46,0,0,0
3264,30.00,30.00,56.19,56.19,56.48,0,0,0
3265,30.00,30.00,56.20,56.20,56.47,1,0,0
3266,30.00,30.04,56.21,56.21,56.49,0,0,0
3267,30.00,30.03,56.23,56.23,56.44,0,0,0
3268,30.00,30.02,56.24,56.24,56.40,0,0,0
3269,30.00,30.00,56.25,56.25,56.37,1,0,0
3270,30.00,30.02,56.26,56.26,56.29,0,0,0
3271,30.00,30.02,56.27,56.27,56.25,0,0,1
3272,30.00,30.02,56.28,56.28,56.23,0,0,0
3273,30.00,30.02,56.29,56.29,56.21,0,0,0
3274,30.00,30.01,56.31,56.31,56.25,0,0,0
3275,30.00,30.00,56.32,56.32,56.30,0,0,0
3276,30.00,30.01,56.33,56.33,56.33,0,0,0
3277,30.00,30.01,56.34,56.34,56.31,0,0,1
3278,30.00,30.00,56.35,56.35,56.32,1,0,0
3279,30.00,30.04,56.36,56.36,56.35,0,0,0
3280,30.00,30.00,56.37,56.37,56.34,1,0,0
3281,30.00,30.01,56.38,56.38,56.39,0,0,0
3282,30.00,30.00,56.40,56.40,56.46,0,0,0
3283,30.00,30.02,56.41,56.41,56.44,0,0,0
3284,30.00,30.02,56.42,56.42,56.47,0,0,0
3285,30.00,30.01,56.43,56.43,56.42,0,0,1
3286,30.00,30.00,56.44,56.44,56.42,1,0,0
3287,30.00,30.01,56.45,56.45,56.41,0,0,0
3288,30.00,29.99,56.46,56.46,56.45,1,0,0
3289,30.00,30.01,56.48,56.48,56.58,0,0,0
3290,30.00,30.02,56.49,56.49,56.62,0,0,0
3291,30.00,30.02,56.50,56.50,56.65,0,0,0
3292,30.00,30.02,56.51,56.51,56.64,0,0,0
3293,30.00,30.02,56.52,56.52,56.65,0,0,0
3294,30.00,30.00,56.53,56.53,56.61,1,0,0
3295,30.00,30.01,56.54,56.54,56.58,0,0,0
3296,30.00,30.02,56.55,56.55,56.55,0,0,1
3297,30.00,30.00,56.57,56.57,56.49,0,0,0
3298,30.00,30.01,56.58,56.58,56.46,0,0,0
3299,30.00,30.02,56.59,56.59,56.55,0,0,0
3300,30.00,30.00,56.60,56.60,56.67,1,0,0
3301,30.00,29.99,56.61,56.61,56.78,1,0,0
3302,30.00,30.00,56.62,56.62,56.88,1,0,0
3303,30.00,30.01,56.63,56.63,56.94,0,0,0
3304,30.00,29.99,56.65,56.65,56.92,1,0,0
3305,30.00,29.99,56.66,56.66,56.91,1,0,0
3306,30.00,30.00,56.67,56.67,56.92,1,0,0
3307,30.00,30.00,56.68,56.68,56.89,1,0,0
3308,30.00,29.99,56.69,56.69,56.85,1,0,0
3309,30.00,30.01,56.70,56.70,56.79,0,0,0
3310,30.00,30.01,56.71,56.71,56.79,0,0,0
3311,30.00,30.02,56.72,56.72,56.73,0,0,0
3312,30.00,29.99,56.74,56.74,56.71,1,0,1
3313,30.00,30.00,56.75,56.75,56.68,0,0,0
3314,30.00,30.00,56.76,56.76,56.64,1,0,0
3315,30.00,30.00,56.77,56.77,56.75,0,0,0
3316,30.00,30.02,56.78,56.78,56.81,0,0,0
3317,30.00,30.00,56.79,56.79,56.83,1,0,0
3318,30.00,30.00,56.80,56.80,56.85,1,0,0
3319,30.00,29.97,56.82,56.82,56.86,1,0,0
3320,30.00,30.00,56.83,56.83,56.87,0,0,0
3321,30.00,30.01,56.84,56.84,56.79,0,0,1
3322,30.00,29.99,56.85,56.85,56.76,1,0,0
3323,30.00,30.01,56.86,56.86,56.73,0,0,0
3324,30.00,30.02,56.87,56.87,56.99,0,0,0
3325,30.00,29.99,56.88,56.88,57.08,1,0,0
3326,30.00,30.01,56.89,56.89,57.15,0,0,0
3327,30.00,30.01,56.91,56.91,57.25,0,0,0
3328,30.00,29.99,56.92,56.92,57.24,1,0,0
3329,30.00,29.99,56.93,56.93,57.24,1,0,0
3330,30.00,30.00,56.94,56.94,57.24,0,0,0
3331,30.00,30.01,56.95,56.95,57.14,0,0,0
3332,30.00,29.99,56.96,56.96,57.12,1,0,0
3333,30.00,30.01,56.97,56.97,57.12,0,0,0
3334,30.00,30.00,56.99,56.99,57.04,0,0,0
3335,30.00,30.03,57.00,57.00,56.99,0,0,1
3336,30.00,29.99,57.01,57.01,56.95,1,0,0
3337,30.00,30.01,57.02,57.02,56.93,0,0,0
3338,30.00,29.99,57.03,57.03,57.04,1,0,0
3339,30.00,30.01,57.04,57.04,57.17,0,0,0
3340,30.00,29.99,57.05,57.05,57.27,1,0,0
3341,30.00,30.00,57.06,57.06,57.31,1,0,0
3342,30.00,30.00,57.08,57.08,57.33,1,0,0
3343,30.00,30.02,57.09,57.09,57.34,0,0,0
3344,30.00,30.01,57.10,57.10,57.32,0,0,0
3345,30.00,30.00,57.11,57.11,57.27,0,0,0
3346,30.00,29.99,57.12,57.12,57.22,1,0,0
3347,30.00,29.99,57.13,57.13,57.21,1,0,0
3348,30.00,29.98,57.14,57.14,57.19,1,0,0
3349,30.00,30.01,57.16,57.16,57.15,0,0,1
3350,30.00,30.01,57.17,57.17,57.12,0,0,0
3351,30.00,30.00,57.18,57.18,57.04,0,0,0
3352,30.00,29.99,57.19,57.19,57.16,1,0,0
3353,30.00,30.03,57.20,57.20,57.29,0,0,0
3354,30.00,30.00,57.21,57.21,57.38,1,0,0
3355,30.00,30.02,57.22,57.22,57.37,0,0,0
3356,30.00,29.99,57.23,57.23,57.42,1,0,0
3357,30.00,30.02,57.25,57.25,57.43,0,0,0
3358,30.00,29.99,57.26,57.26,57.42,1,0,0
3359,30.00,30.01,57.27,57.27,57.45,0,0,0
3360,30.00,30.01,57.28,57.28,57.40,0,0,0
3361,30.00,30.01,57.29,57.29,57.40,0,0,0
3362,30.00,30.01,57.30,57.30,57.34,0,0,0
3363,30.00,29.99,57.31,57.31,57.34,1,0,0
3364,30.00,30.02,57.33,57.33,57.30,0,0,1
3365,30.00,30.01,57.34,57.34,57.23,0,0,0
3366,30.00,30.01,57.35,57.35,57.20,0,0,0
3367,30.00,30.01,57.36,57.36,57.22,0,0,0
3368,30.00,30.01,57.37,57.37,57.31,0,0,0
3369,30.00,30.00,57.38,57.38,57.29,1,0,1
3370,30.00,30.02,57.39,57.39,57.30,0,0,0
3371,30.00,30.04,57.40,57.40,57.28,0,0,0
3372,30.00,30.01,57.42,57.42,57.46,0,0,0
3373,30.00,30.01,57.43,57.43,57.62,0,0,0
3374,30.00,30.02,57.44,57.44,57.78,0,0,0
3375,30.00,30.00,57.45,57.45,57.86,1,0,0
3376,30.00,30.01,57.46,57.46,57.86,0,0,0
3377,30.00,30.01,57.47,57.47,57.88,0,0,0
3378,30.00,30.01,57.48,57.48,57.86,0,0,0
3379,30.00,30.03,57.50,57.50,57.87,0,0,0
3380,30.00,30.01,57.51,57.51,57.84,0,0,0
3381,30.00,30.00,57.52,57.52,57.78,1,0,0
3382,30.00,30.00,57.53,57.53,57.72,0,0,0
3383,30.00,30.00,57.54,57.54,57.70,1,0,0
3384,30.00,30.03,57.55,57.55,57.66,0,0,0
3385,30.00,30.02,57.56,57.56,57.58,0,0,0
3386,30.00,30.02,57.57,57.57,57.50,0,0,1
3387,30.00,30.01,57.59,57.59,57.48,0,0,0
3388,30.00,29.99,57.60,57.60,57.47,1,0,0
3389,30.00,29.99,57.61,57.61,57.50,1,0,0
3390,30.00,30.00,57.62,57.62,57.53,1,0,0
3391,30.00,30.02,57.63,57.63,57.62,0,0,1
3392,30.00,30.01,57.64,57.64,57.63,0,0,0
3393,30.00,30.02,57.65,57.65,57.65,0,0,0
3394,30.00,30.02,57.67,57.67,57.76,0,0,0
3395,30.00,30.02,57.68,57.68,57.84,0,0,0
3396,30.00,30.01,57.69,57.69,57.90,0,0,0
3397,30.00,30.02,57.70,57.70,57.89,0,0,0
3398,30.00,30.03,57.71,57.71,57.91,0,0,0
3399,30.00,30.03,57.72,57.72,57.89,0,0,0
3400,30.00,30.03,57.73,57.73,57.87,0,0,0
3401,30.00,30.03,57.74,57.74,57.84,0,0,0
3402,30.00,30.04,57.76,57.76,57.76,0,0,0
3403,30.00,30.04,57.77,57.77,57.68,0,0,1
3404,30.00,30.02,57.78,57.78,57.63,0,0,0
3405,30.00,30.00,57.79,57.79,57.60,0,0,0
3406,30.00,29.99,57.80,57.80,57.68,1,0,0
3407,30.00,30.01,57.81,57.81,57.74,0,0,0
3408,30.00,30.03,57.82,57.82,57.77,0,0,1
3409,30.00,30.00,57.84,57.84,57.79,0,0,0
3410,30.00,30.04,57.85,57.85,57.84,0,0,0
3411,30.00,30.02,57.86,57.86,57.87,0,0,0
3412,30.00,30.01,57.87,57.87,57.89,0,0,0
3413,30.00,30.00,57.88,57.88,57.95,0,0,0
3414,30.00,30.02,57.89,57.89,57.96,0,0,0
3415,30.00,30.03,57.90,57.90,57.94,0,0,0
3416,30.00,30.01,57.91,57.91,57.95,0,0,0
3417,30.00,30.03,57.93,57.93,57.92,0,0,1
3418,30.00,30.03,57.94,57.94,57.93,0,0,0
3419,30.00,30.02,57.95,57.95,57.88,0,0,0
3420,30.00,30.01,57.96,57.96,57.94,0,0,0
3421,30.00,29.99,57.97,57.97,57.99,1,0,0
3422,30.00,30.03,57.98,57.98,58.04,0,0,0
3423,30.00,30.00,57.99,57.99,58.07,1,0,0
3424,30.00,30.03,58.01,58.01,58.07,0,0,0
3425,30.00,30.01,58.02,58.02,58.07,0,0,0
3426,30.00,30.01,58.03,58.03,58.02,0,0,1
3427,30.00,30.01,58.04,58.04,58.01,0,0,0
3428,30.00,30.02,58.05,58.05,57.96,0,0,0
3429,30.00,30.01,58.06,58.06,58.11,0,0,0
3430,30.00,30.02,58.07,58.07,58.24,0,0,0
3431,30.00,30.00,58.08,58.08,58.31,0,0,0
3432,30.00,29.99,58.10,58.10,58.37,1,0,0
3433,30.00,30.03,58.11,58.11,58.38,0,0,0
3434,30.00,30.00,58.12,58.12,58.39,0,0,0
3435,30.00,30.03,58.13,58.13,58.36,0,0,0
3436,30.00,30.03,58.14,58.14,58.34,0,0,0
3437,30.00,30.02,58.15,58.15,58.29,0,0,0
3438,30.00,30.01,58.16,58.16,58.26,0,0,0
3439,30.00,30.04,58.18,58.18,58.23,0,0,0
3440,30.00,30.03,58.19,58.19,58.13,0,0,1
3441,30.00,30.01,58.20,58.20,58.07,0,0,0
3442,30.00,30.00,58.21,58.21,58.03,1,0,0
3443,30.00,30.01,58.22,58.22,58.22,0,0,0
3444,30.00,30.01,58.23,58.23,58.34,0,0,0
3445,30.00,30.01,58.24,58.24,58.43,0,0,0
3446,30.00,30.03,58.25,58.25,58.50,0,0,0
3447,30.00,30.03,58.27,58.27,58.51,0,0,0
3448,30.00,29.99,58.28,58.28,58.49,1,0,0
3449,30.00,30.02,58.29,58.29,58.53,0,0,0
3450,30.00,29.99,58.30,58.30,58.51,1,0,0
3451,30.00,30.03,58.31,58.31,58.49,0,0,0
3452,30.00,30.00,58.32,58.32,58.45,1,0,0
3453,30.00,30.02,58.33,58.33,58.41,0,0,0
3454,30.00,30.03,58.35,58.35,58.37,0,0,0
3455,30.00,30.02,58.36,58.36,58.34,0,0,1
3456,30.00,30.01,58.37,58.37,58.30,0,0,0
3457,30.00,30.03,58.38,58.38,58.26,0,0,0
3458,30.00,30.01,58.39,58.39,58.26,0,0,0
3459,30.00,30.02,58.40,58.40,58.29,0,0,0
3460,30.00,30.01,58.41,58.41,58.32,0,0,1
3461,30.00,30.03,58.42,58.42,58.29,0,0,0
3462,30.00,30.01,58.44,58.44,58.32,0,0,0
3463,30.00,30.01,58.45,58.45,58.51,0,0,0
3464,30.00,30.02,58.46,58.46,58.67,0,0,0
3465,30.00,30.01,58.47,58.47,58.78,0,0,0
3466,30.00,30.01,58.48,58.48,58.84,0,0,0
3467,30.00,30.01,58.49,58.49,58.83,0,0,0
3468,30.00,30.01,58.50,58.50,58.90,0,0,0
3469,30.00,30.00,58.52,58.52,58.87,1,0,0
3470,30.00,30.02,58.53,58.53,58.83,0,0,0
3471,30.00,29.99,58.54,58.54,58.81,1,0,0
3472,30.00,30.01,58.55,58.55,58.81,0,0,0
3473,30.00,29.99,58.56,58.56,58.78,1,0,0
3474,30.00,30.00,58.57,58.57,58.73,0,0,0
3475,30.00,30.01,58.58,58.58,58.70,0,0,0
3476,30.00,30.01,58.59,58.59,58.64,0,0,0
3477,30.00,30.02,58.61,58.61,58.64,0,0,0
3478,30.00,30.01,58.62,58.62,58.62,0,0,1
3479,30.00,30.02,58.63,58.63,58.51,0,0,0
3480,30.00,30.00,58.64,58.64,58.52,0,0,0
3481,30.00,30.00,58.65,58.65,58.63,1,0,0
3482,30.00,30.01,58.66,58.66,58.72,0,0,0
3483,30.00,30.02,58.67,58.67,58.80,0,0,0
3484,30.00,30.00,58.69,58.69,58.83,0,0,0
3485,30.00,30.01,58.70,58.70,58.81,0,0,0
3486,30.00,30.03,58.71,58.71,58.80,0,0,0
3487,30.00,30.03,58.72,58.72,58.82,0,0,0
3488,30.00,30.03,58.73,58.73,58.79,0,0,0
3489,30.00,30.02,58.74,58.74,58.74,0,0,1
3490,30.00,30.00,58.75,58.75,58.66,0,0,0
3491,30.00,30.01,58.76,58.76,58.65,0,0,0
3492,30.00,30.00,58.78,58.78,58.72,1,0,0
3493,30.00,30.03,58.79,58.79,58.75,0,0,0
3494,30.00,30.02,58.80,58.80,58.76,0,0,1
3495,30.00,30.02,58.81,58.81,58.79,0,0,0
3496,30.00,30.01,58.82,58.82,58.81,0,0,0
3497,30.00,30.01,58.83,58.83,58.91,0,0,0
3498,30.00,30.00,58.84,58.84,59.05,0,0,0
3499,30.00,30.01,58.86,58.86,59.18,0,0,0
3500,30.00,30.00,58.87,58.87,59.27,1,0,0
3501,30.00,30.01,58.88,58.88,59.33,0,0,0
3502,30.00,30.01,58.89,58.89,59.36,0,0,0
3503,30.00,30.03,58.90,58.90,59.35,0,0,0
3504,30.00,30.00,58.91,58.91,59.33,0,0,0
3505,30.00,29.99,58.92,58.92,59.31,1,0,0
3506,30.00,30.00,58.93,58.93,59.24,0,0,0
3507,30.00,30.01,58.95,58.95,59.23,0,0,0
3508,30.00,30.01,58.96,58.96,59.20,0,0,0
3509,30.00,30.01,58.97,58.97,59.13,0,0,0
3510,30.00,29.99,58.98,58.98,59.12,1,0,0
3511,30.00,30.02,58.99,58.99,59.07,0,0,0
3512,30.00,30.01,59.00,59.00,59.01,0,0,0
3513,30.00,29.99,59.01,59.01,58.94,1,0,1
3514,30.00,30.02,59.03,59.03,58.89,0,0,0
3515,30.00,30.02,59.04,59.04,58.87,0,0,0
3516,30.00,29.99,59.05,59.05,58.97,1,0,0
3517,30.00,29.99,59.06,59.06,59.20,1,0,0
3518,30.00,30.00,59.07,59.07,59.26,1,0,0
3519,30.00,30.03,59.08,59.08,59.32,0,0,0
3520,30.00,30.01,59.09,59.09,59.37,0,0,0
3521,30.00,29.99,59.10,59.10,59.33,1,0,0
3522,30.00,30.01,59.12,59.12,59.32,0,0,0
3523,30.00,29.99,59.13,59.13,59.30,1,0,0
3524,30.00,29.99,59.14,59.14,59.29,1,0,0
3525,30.00,30.01,59.15,59.15,59.26,0,0,0
3526,30.00,30.00,59.16,59.16,59.22,0,0,0
3527,30.00,30.00,59.17,59.17,59.15,0,0,1
3528,30.00,30.00,59.18,59.18,59.11,0,0,0
3529,30.00,29.99,59.20,59.20,59.09,1,0,0
3530,30.00,29.99,59.21,59.21,59.24,1,0,0
3531,30.00,30.01,59.22,59.22,59.38,0,0,0
3532,30.00,29.99,59.23,59.23,59.47,1,0,0
3533,30.00,30.01,59.24,59.24,59.51,0,0,0
3534,30.00,29.99,59.25,59.25,59.52,1,0,0
3535,30.00,29.99,59.26,59.26,59.47,1,0,0
3536,30.00,29.99,59.27,59.27,59.45,1,0,0
3537,30.00,29.99,59.29,59.29,59.46,1,0,0
3538,30.00,30.00,59.30,59.30,59.44,1,0,0
3539,30.00,29.99,59.31,59.31,59.40,1,0,0
3540,30.00,30.00,59.32,59.32,59.39,1,0,0
3541,30.00,30.00,59.33,59.33,59.36,1,0,0
3542,30.00,30.01,59.34,59.34,59.28,0,0,1
3543,30.00,30.01,59.35,59.35,59.22,0,0,0
3544,30.00,30.00,59.37,59.37,59.19,1,0,0
3545,30.00,30.00,59.38,59.38,59.28,0,0,0
3546,30.00,30.00,59.39,59.39,59.38,1,0,0
3547,30.00,30.00,59.40,59.40,59.40,1,0,1
3548,30.00,30.00,59.41,59.41,59.41,0,0,0
3549,30.00,29.99,59.42,59.42,59.38,1,0,0
3550,30.00,29.99,59.43,59.43,59.50,1,0,0
3551,30.00,29.99,59.44,59.44,59.69,1,0,0
3552,30.00,30.00,59.46,59.46,59.77,1,0,0
3553,30.00,30.00,59.47,59.47,59.81,0,0,0
3554,30.00,30.01,59.48,59.48,59.86,0,0,0
3555,30.00,29.99,59.49,59.49,59.89,1,0,0
3556,30.00,30.00,59.50,59.50,59.91,1,0,0
3557,30.00,29.99,59.51,59.51,59.89,1,0,0
3558,30.00,30.00,59.52,59.52,59.86,1,0,0
3559,30.00,30.02,59.54,59.54,59.84,0,0,0
3560,30.00,30.00,59.55,59.55,59.82,1,0,0
3561,30.00,30.01,59.56,59.56,59.76,0,0,0
3562,30.00,29.99,59.57,59.57,59.69,1,0,0
3563,30.00,29.99,59.58,59.58,59.66,1,0,0
3564,30.00,30.00,59.59,59.59,59.58,0,0,1
3565,30.00,30.01,59.60,59.60,59.58,0,0,0
3566,30.00,30.01,59.61,59.61,59.50,0,0,0
3567,30.00,30.00,59.63,59.63,59.49,1,0,0
3568,30.00,30.00,59.64,59.64,59.59,1,0,0
3569,30.00,30.02,59.65,59.65,59.66,0,0,0
3570,30.00,30.01,59.66,59.66,59.68,0,0,0
3571,30.00,30.02,59.67,59.67,59.71,0,0,0
3572,30.00,29.99,59.68,59.68,59.69,1,0,0
3573,30.00,29.99,59.69,59.69,59.68,1,0,1
3574,30.00,29.98,59.71,59.71,59.65,1,0,0
3575,30.00,30.00,59.72,59.72,59.64,0,0,0
3576,30.00,30.01,59.73,59.73,59.68,0,0,0
3577,30.00,30.00,59.74,59.74,59.82,0,0,0
3578,30.00,30.00,59.75,59.75,59.91,1,0,0
3579,30.00,30.02,59.76,59.76,60.01,0,0,0
3580,30.00,30.01,59.77,59.77,60.05,0,0,0
3581,30.00,29.99,59.78,59.78,60.02,1,0,0
3582,30.00,30.00,59.80,59.80,60.03,1,0,0
3583,30.00,30.01,59.81,59.81,60.02,0,0,0
3584,30.00,30.00,59.82,59.82,59.92,0,0,0
3585,30.00,30.01,59.83,59.83,59.89,0,0,0
3586,30.00,30.03,59.84,59.84,59.83,0,0,1
3587,30.00,30.01,59.85,59.85,59.80,0,0,0
3588,30.00,29.99,59.86,59.86,59.82,1,0,0
3589,30.00,30.00,59.88,59.88,59.88,1,0,0
3590,30.00,30.01,59.89,59.89,60.01,0,0,0
3591,30.00,29.99,59.90,59.90,60.08,1,0,0
3592,30.00,29.99,59.91,59.91,60.18,1,0,0
3593,30.00,30.00,59.92,59.92,60.21,0,0,0
3594,30.00,30.04,59.93,59.93,60.22,0,0,0
3595,30.00,30.00,59.94,59.94,60.19,0,0,0
3596,30.00,30.01,59.95,59.95,60.13,0,0,0
3597,30.00,30.00,59.97,59.97,60.12,0,0,0
3598,30.00,30.01,59.98,59.98,60.05,0,0,0
3599,30.00,30.03,59.99,59.99,60.00,0,0,0
3600,30.00,29.98,60.00,60.00,59.97,1,0,1
3601,30.00,30.00,60.00,60.00,59.94,0,0,0
3602,30.00,30.01,60.00,60.00,59.87,0,0,0
3603,30.00,30.00,60.00,60.00,60.04,1,0,0
3604,30.00,30.00,60.00,60.00,60.08,0,0,0
3605,30.00,30.04,60.00,60.00,60.14,0,0,0
3606,30.00,30.03,60.00,60.00,60.23,0,0,0
3607,30.00,30.02,60.00,60.00,60.21,0,0,0
3608,30.00,30.03,60.00,60.00,60.22,0,0,0
3609,30.00,30.00,60.00,60.00,60.22,0,0,0
3610,30.00,30.02,60.00,60.00,60.18,0,0,0
3611,30.00,30.02,60.00,60.00,60.16,0,0,0
3612,30.00,30.01,60.00,60.00,60.10,0,0,0
3613,30.00,30.01,60.00,60.00,60.09,0,0,0
3614,30.00,30.04,60.00,60.00,60.01,0,0,0
3615,30.00,30.02,60.00,60.00,59.94,0,0,1
3616,30.00,30.02,60.00,60.00,59.94,0,0,0
3617,30.00,30.03,60.00,60.00,59.89,0,0,0
3618,30.00,30.02,60.00,60.00,60.06,0,0,0
3619,30.00,30.01,60.00,60.00,60.22,0,0,0
3620,30.00,30.04,60.00,60.00,60.33,0,0,0
3621,30.00,30.04,60.00,60.00,60.37,0,0,0
3622,30.00,30.01,60.00,60.00,60.40,0,0,0
3623,30.00,30.04,60.00,60.00,60.40,0,0,0
3624,30.00,30.03,60.00,60.00,60.40,0,0,0
3625,30.00,30.03,60.00,60.00,60.36,0,0,0
3626,30.00,30.00,60.00,60.00,60.35,0,0,0
3627,30.00,30.01,60.00,60.00,60.29,0,0,0
3628,30.00,30.04,60.00,60.00,60.25,0,0,0
3629,30.00,30.04,60.00,60.00,60.20,0,0,0
3630,30.00,30.02,60.00,60.00,60.13,0,0,0
3631,30.00,30.02,60.00,60.00,60.10,0,0,0
3632,30.00,30.04,60.00,60.00,60.06,0,0,0
3633,30.00,30.04,60.00,60.00,59.99,0,0,1
3634,30.00,30.02,60.00,60.00,59.92,0,0,0
3635,30.00,30.02,60.00,60.00,59.87,0,0,0
3636,30.00,30.02,60.00,60.00,59.97,0,0,0
3637,30.00,30.02,60.00,60.00,60.04,0,0,0
3638,30.00,30.00,60.00,60.00,60.15,0,0,0
3639,30.00,30.02,60.00,60.00,60.25,0,0,0
3640,30.00,30.01,60.00,60.00,60.30,0,0,0
3641,30.00,30.01,60.00,60.00,60.27,0,0,0
3642,30.00,30.00,60.00,60.00,60.24,1,0,0
3643,30.00,30.02,60.00,60.00,60.21,0,0,0
3644,30.00,30.03,60.00,60.00,60.20,0,0,0
3645,30.00,30.03,60.00,60.00,60.17,0,0,0
3646,30.00,30.03,60.00,60.00,60.11,0,0,0
3647,30.00,30.04,60.00,60.00,60.09,0,0,0
3648,30.00,30.03,60.00,60.00,60.02,0,0,0
3649,30.00,30.03,60.00,60.00,59.96,0,0,1
3650,30.00,30.04,60.00,60.00,59.95,0,0,0
3651,30.00,30.02,60.00,60.00,59.90,0,0,0
3652,30.00,30.03,60.00,60.00,59.90,0,0,0
3653,30.00,30.04,60.00,60.00,59.99,0,0,0
3654,30.00,30.04,60.00,60.00,59.98,0,0,1
3655,30.00,30.04,60.00,60.00,59.95,0,0,0
3656,30.00,30.03,60.00,60.00,59.99,0,0,0
3657,30.00,30.02,60.00,60.00,60.12,0,0,0
3658,30.00,30.00,60.00,60.00,60.28,0,0,0
3659,30.00,30.02,60.00,60.00,60.43,0,0,0
3660,30.00,30.01,60.00,60.00,60.54,0,0,0
3661,30.00,30.02,60.00,60.00,60.59,0,0,0
3662,30.00,30.03,60.00,60.00,60.59,0,0,0
3663,30.00,30.03,60.00,60.00,60.56,0,0,0
3664,30.00,30.00,60.00,60.00,60.56,0,0,0
3665,30.00,30.01,60.00,60.00,60.50,0,0,0
3666,30.00,30.04,60.00,60.00,60.47,0,0,0
3667,30.00,30.05,60.00,60.00,60.42,0,0,0
3668,30.00,30.01,60.00,60.00,60.37,0,0,0
3669,30.00,30.03,60.00,60.00,60.34,0,0,0
3670,30.00,30.02,60.00,60.00,60.30,0,0,0
3671,30.00,30.02,60.00,60.00,60.24,0,0,0
3672,30.00,30.03,60.00,60.00,60.20,0,0,0
3673,30.00,30.04,60.00,60.00,60.14,0,0,0
3674,30.00,30.04,60.00,60.00,60.10,0,0,0
3675,30.00,30.03,60.00,60.00,60.02,0,0,0
3676,30.00,30.02,60.00,60.00,59.99,0,0,1
3677,30.00,30.05,60.00,60.00,59.91,0,0,0
3678,30.00,30.04,60.00,60.00,59.88,0,0,0
3679,30.00,30.02,60.00,60.00,59.90,0,0,0
3680,30.00,30.03,60.00,60.00,59.89,0,0,0
3681,30.00,30.03,60.00,60.00,59.94,0,0,1
3682,30.00,30.02,60.00,60.00,59.93,0,0,0
3683,30.00,30.03,60.00,60.00,59.97,0,0,0
3684,30.00,30.01,60.00,60.00,60.09,0,0,0
3685,30.00,30.03,60.00,60.00,60.31,0,0,0
3686,30.00,30.04,60.00,60.00,60.46,0,0,0
3687,30.00,30.03,60.00,60.00,60.54,0,0,0
3688,30.00,30.01,60.00,60.00,60.54,0,0,0
3689,30.00,30.03,60.00,60.00,60.59,0,0,0
3690,30.00,30.03,60.00,60.00,60.55,0,0,0
3691,30.00,30.02,60.00,60.00,60.52,0,0,0
3692,30.00,30.01,60.00,60.00,60.45,0,0,0
3693,30.00,30.02,60.00,60.00,60.42,0,0,0
3694,30.00,30.02,60.00,60.00,60.38,0,0,0
3695,30.00,30.04,60.00,60.00,60.34,0,0,0
3696,30.00,30.03,60.00,60.00,60.30,0,0,0
3697,30.00,30.04,60.00,60.00,60.23,0,0,0
3698,30.00,30.01,60.00,60.00,60.12,0,0,0
3699,30.00,30.03,60.00,60.00,60.09,0,0,0
3700,30.00,30.01,60.00,60.00,60.04,0,0,0
3701,30.00,30.00,60.00,60.00,60.02,0,0,0
3702,30.00,30.01,60.00,60.00,59.99,0,0,1
3703,30.00,30.04,60.00,60.00,59.92,0,0,0
3704,30.00,30.03,60.00,60.00,59.87,0,0,0
3705,30.00,30.02,60.00,60.00,59.90,0,0,0
3706,30.00,30.04,60.00,60.00,60.07,0,0,0
3707,30.00,30.00,60.00,60.00,60.21,1,0,0
3708,30.00,30.03,60.00,60.00,60.33,0,0,0
3709,30.00,30.03,60.00,60.00,60.39,0,0,0
3710,30.00,30.02,60.00,60.00,60.42,0,0,0
3711,30.00,30.02,60.00,60.00,60.38,0,0,0
3712,30.00,30.03,60.00,60.00,60.37,0,0,0
3713,30.00,30.00,60.00,60.00,60.33,0,0,0
3714,30.00,30.02,60.00,60.00,60.30,0,0,0
3715,30.00,30.02,60.00,60.00,60.27,0,0,0
3716,30.00,30.01,60.00,60.00,60.26,0,0,0
3717,30.00,30.03,60.00,60.00,60.21,0,0,0
3718,30.00,29.99,60.00,60.00,60.14,1,0,0
3719,30.00,30.00,60.00,60.00,60.07,0,0,0
3720,30.00,30.03,60.00,60.00,60.00,0,0,1
3721,30.00,30.01,60.00,60.00,59.97,0,0,0
3722,30.00,30.00,60.00,60.00,59.93,0,0,0
3723,30.00,30.01,60.00,60.00,60.04,0,0,0
3724,30.00,30.01,60.00,60.00,60.14,0,0,0
3725,30.00,30.00,60.00,60.00,60.26,1,0,0
3726,30.00,30.00,60.00,60.00,60.30,1,0,0
3727,30.00,30.02,60.00,60.00,60.33,0,0,0
3728,30.00,30.00,60.00,60.00,60.30,1,0,0
3729,30.00,30.01,60.00,60.00,60.30,0,0,0
3730,30.00,30.03,60.00,60.00,60.27,0,0,0
3731,30.00,30.02,60.00,60.00,60.29,0,0,0
3732,30.00,30.00,60.00,60.00,60.22,1,0,0
3733,30.00,30.02,60.00,60.00,60.19,0,0,0
3734,30.00,30.00,60.00,60.00,60.12,0,0,0
3735,30.00,30.00,60.00,60.00,60.10,1,0,0
3736,30.00,30.01,60.00,60.00,60.06,0,0,0
3737,30.00,30.02,60.00,60.00,60.04,0,0,0
3738,30.00,30.00,60.00,60.00,59.93,1,0,1
3739,30.00,30.03,60.00,60.00,59.87,0,0,0
3740,30.00,30.03,60.00,60.00,59.83,0,0,0
3741,30.00,29.99,60.00,60.00,59.87,1,0,0
3742,30.00,29.98,60.00,60.00,59.95,1,0,0
3743,30.00,29.99,60.00,60.00,59.99,1,0,1
3744,30.00,30.02,60.00,60.00,60.03,0,0,0
3745,30.00,30.00,60.00,60.00,60.05,1,0,0
3746,30.00,29.99,60.00,60.00,60.14,1,0,0
3747,30.00,29.99,60.00,60.00,60.21,1,0,0
3748,30.00,29.99,60.00,60.00,60.27,1,0,0
3749,30.00,30.01,60.00,60.00,60.26,0,0,0
3750,30.00,30.00,60.00,60.00,60.26,1,0,0
3751,30.00,29.99,60.00,60.00,60.27,1,0,0
3752,30.00,29.99,60.00,60.00,60.30,1,0,0
3753,30.00,30.00,60.00,60.00,60.21,0,0,0
3754,30.00,30.00,60.00,60.00,60.19,0,0,0
3755,30.00,30.00,60.00,60.00,60.16,0,0,0
3756,30.00,30.00,60.00,60.00,60.11,1,0,0
3757,30.00,30.00,60.00,60.00,60.09,0,0,0
3758,30.00,30.00,60.00,60.00,60.00,1,0,0
3759,30.00,30.02,60.00,60.00,59.99,0,0,1
3760,30.00,30.01,60.00,60.00,59.97,0,0,0
3761,30.00,29.99,60.00,60.00,59.92,1,0,0
3762,30.00,30.01,60.00,60.00,60.02,0,0,0
3763,30.00,29.99,60.00,60.00,60.10,1,0,0
3764,30.00,30.01,60.00,60.00,60.15,0,0,0
3765,30.00,29.99,60.00,60.00,60.17,1,0,0
3766,30.00,29.99,60.00,60.00,60.13,1,0,0
3767,30.00,30.01,60.00,60.00,60.13,0,0,0
3768,30.00,30.00,60.00,60.00,60.13,1,0,0
3769,30.00,30.00,60.00,60.00,60.10,1,0,0
3770,30.00,30.01,60.00,60.00,60.08,0,0,0
3771,30.00,30.00,60.00,60.00,60.01,1,0,0
3772,30.00,30.01,60.00,60.00,59.99,0,0,1
3773,30.00,30.02,60.00,60.00,59.97,0,0,0
3774,30.00,30.00,60.00,60.00,59.91,1,0,0
3775,30.00,30.01,60.00,60.00,59.96,0,0,0
3776,30.00,30.00,60.00,60.00,59.98,1,0,0
3777,30.00,30.00,60.00,60.00,60.04,0,0,0
3778,30.00,30.01,60.00,60.00,60.08,0,0,0
3779,30.00,30.00,60.00,60.00,60.13,0,0,0
3780,30.00,29.97,60.00,60.00,60.10,1,0,0
3781,30.00,29.99,60.00,60.00,60.06,1,0,0
3782,30.00,30.00,60.00,60.00,60.07,1,0,0
3783,30.00,30.03,60.00,60.00,60.04,0,0,0
3784,30.00,30.01,60.00,60.00,60.04,0,0,0
3785,30.00,30.00,60.00,60.00,60.01,0,0,0
3786,30.00,29.99,60.00,60.00,59.95,1,0,1
3787,30.00,30.01,60.00,60.00,59.94,0,0,0
3788,30.00,30.01,60.00,60.00,59.87,0,0,0
3789,30.00,29.99,60.00,60.00,59.93,1,0,0
3790,30.00,29.98,60.00,60.00,59.98,1,0,0
3791,30.00,30.00,60.00,60.00,60.05,0,0,0
3792,30.00,29.99,60.00,60.00,60.14,1,0,0
3793,30.00,30.00,60.00,60.00,60.17,0,0,0
3794,30.00,30.00,60.00,60.00,60.18,0,0,0
3795,30.00,30.01,60.00,60.00,60.15,0,0,0
3796,30.00,30.02,60.00,60.00,60.14,0,0,0
3797,30.00,30.02,60.00,60.00,60.14,0,0,0
3798,30.00,30.01,60.00,60.00,60.12,0,0,0
3799,30.00,30.00,60.00,60.00,60.08,0,0,0
3800,30.00,30.00,60.00,60.00,60.08,1,0,0
3801,30.00,30.04,60.00,60.00,60.02,0,0,0
3802,30.00,30.01,60.00,60.00,60.03,0,0,0
3803,30.00,30.00,60.00,60.00,59.94,1,0,1
3804,30.00,30.01,60.00,60.00,59.91,0,0,0
3805,30.00,30.01,60.00,60.00,59.88,0,0,0
3806,30.00,30.01,60.00,60.00,59.90,0,0,0
3807,30.00,30.01,60.00,60.00,59.94,0,0,0
3808,30.00,30.00,60.00,60.00,60.00,1,0,1
3809,30.00,30.01,60.00,60.00,59.96,0,0,0
3810,30.00,30.00,60.00,60.00,59.96,1,0,0
3811,30.00,30.02,60.00,60.00,60.15,0,0,0
3812,30.00,30.00,60.00,60.00,60.36,1,0,0
3813,30.00,30.03,60.00,60.00,60.44,0,0,0
3814,30.00,29.99,60.00,60.00,60.50,1,0,0
3815,30.00,30.01,60.00,60.00,60.55,0,0,0
3816,30.00,29.99,60.00,60.00,60.56,1,0,0
3817,30.00,30.00,60.00,60.00,60.53,1,0,0
3818,30.00,30.03,60.00,60.00,60.53,0,0,0
3819,30.00,30.02,60.00,60.00,60.46,0,0,0
3820,30.00,30.01,60.00,60.00,60.41,0,0,0
3821,30.00,30.03,60.00,60.00,60.38,0,0,0
3822,30.00,30.00,60.00,60.00,60.35,1,0,0
3823,30.00,30.01,60.00,60.00,60.34,0,0,0
3824,30.00,30.02,60.00,60.00,60.29,0,0,0
3825,30.00,30.03,60.00,60.00,60.23,0,0,0
3826,30.00,30.03,60.00,60.00,60.20,0,0,0
3827,30.00,29.99,60.00,60.00,60.15,1,0,0
3828,30.00,30.04,60.00,60.00,60.10,0,0,0
3829,30.00,30.00,60.00,60.00,60.04,0,0,0
3830,30.00,30.03,60.00,60.00,60.00,0,0,1
3831,30.00,30.03,60.00,60.00,59.92,0,0,0
3832,30.00,30.03,60.00,60.00,59.88,0,0,0
3833,30.00,30.03,60.00,60.00,59.95,0,0,0
3834,30.00,30.02,60.00,60.00,59.97,0,0,0
3835,30.00,30.02,60.00,60.00,60.04,0,0,0
3836,30.00,30.01,60.00,60.00,60.07,0,0,0
3837,30.00,30.01,60.00,60.00,60.05,0,0,0
3838,30.00,30.03,60.00,60.00,60.03,0,0,0
3839,30.00,30.03,60.00,60.00,60.06,0,0,0
3840,30.00,30.02,60.00,60.00,59.98,0,0,1
3841,30.00,30.03,60.00,60.00,59.95,0,0,0
3842,30.00,30.00,60.00,60.00,59.90,0,0,0
3843,30.00,30.00,60.00,60.00,60.02,0,0,0
3844,30.00,30.02,60.00,60.00,60.16,0,0,0
3845,30.00,30.01,60.00,60.00,60.21,0,0,0
3846,30.00,30.02,60.00,60.00,60.30,0,0,0
3847,30.00,30.00,60.00,60.00,60.31,0,0,0
3848,30.00,30.03,60.00,60.00,60.31,0,0,0
3849,30.00,30.02,60.00,60.00,60.29,0,0,0
3850,30.00,30.03,60.00,60.00,60.23,0,0,0
3851,30.00,30.01,60.00,60.00,60.21,0,0,0
3852,30.00,30.03,60.00,60.00,60.19,0,0,0
3853,30.00,30.02,60.00,60.00,60.15,0,0,0
3854,30.00,30.03,60.00,60.00,60.13,0,0,0
3855,30.00,30.02,60.00,60.00,60.03,0,0,0
3856,30.00,30.03,60.00,60.00,59.99,0,0,1
3857,30.00,30.02,60.00,60.00,59.94,0,0,0
3858,30.00,30.01,60.00,60.00,59.90,0,0,0
3859,30.00,30.03,60.00,60.00,59.98,0,0,0
3860,30.00,30.02,60.00,60.00,60.04,0,0,0
3861,30.00,30.03,60.00,60.00,60.03,0,0,0
3862,30.00,30.00,60.00,60.00,60.08,1,0,0
3863,30.00,30.00,60.00,60.00,60.03,0,0,0
3864,30.00,30.03,60.00,60.00,60.03,0,0,0
3865,30.00,30.04,60.00,60.00,60.00,0,0,1
3866,30.00,30.01,60.00,60.00,59.96,0,0,0
3867,30.00,30.01,60.00,60.00,59.91,0,0,0
3868,30.00,30.02,60.00,60.00,59.97,0,0,0
3869,30.00,30.02,60.00,60.00,60.05,0,0,0
3870,30.00,30.02,60.00,60.00,60.10,0,0,0
3871,30.00,30.02,60.00,60.00,60.21,0,0,0
3872,30.00,30.01,60.00,60.00,60.23,0,0,0
3873,30.00,30.01,60.00,60.00,60.28,0,0,0
3874,30.00,30.04,60.00,60.00,60.23,0,0,0
3875,30.00,30.01,60.00,60.00,60.22,0,0,0
3876,30.00,30.00,60.00,60.00,60.17,1,0,0
3877,30.00,30.02,60.00,60.00,60.10,0,0,0
3878,30.00,30.01,60.00,60.00,60.09,0,0,0
3879,30.00,30.01,60.00,60.00,60.01,0,0,0
3880,30.00,30.01,60.00,60.00,59.98,0,0,1
3881,30.00,30.04,60.00,60.00,59.92,0,0,0
3882,30.00,30.03,60.00,60.00,59.92,0,0,0
3883,30.00,30.03,60.00,60.00,59.96,0,0,0
3884,30.00,30.02,60.00,60.00,60.03,0,0,0
3885,30.00,30.00,60.00,60.00,60.15,0,0,0
3886,30.00,30.00,60.00,60.00,60.22,0,0,0
3887,30.00,29.99,60.00,60.00,60.25,1,0,0
3888,30.00,30.03,60.00,60.00,60.30,0,0,0
3889,30.00,30.00,60.00,60.00,60.26,0,0,0
3890,30.00,30.01,60.00,60.00,60.27,0,0,0
3891,30.00,30.03,60.00,60.00,60.24,0,0,0
3892,30.00,30.01,60.00,60.00,60.24,0,0,0
3893,30.00,30.02,60.00,60.00,60.17,0,0,0
3894,30.00,30.01,60.00,60.00,60.15,0,0,0
3895,30.00,30.02,60.00,60.00,60.10,0,0,0
3896,30.00,30.01,60.00,60.00,60.04,0,0,0
3897,30.00,30.04,60.00,60.00,60.00,0,0,1
3898,30.00,30.01,60.00,60.00,59.95,0,0,0
3899,30.00,30.01,60.00,60.00,59.88,0,0,0
3900,30.00,30.01,60.00,60.00,60.00,0,0,0
3901,30.00,30.00,60.00,60.00,60.02,1,0,0
3902,30.00,30.02,60.00,60.00,60.06,0,0,0
3903,30.00,30.00,60.00,60.00,60.08,1,0,0
3904,30.00,30.02,60.00,60.00,60.10,0,0,0
3905,30.00,30.01,60.00,60.00,60.10,0,0,0
3906,30.00,30.02,60.00,60.00,60.08,0,0,0
3907,30.00,30.01,60.00,60.00,60.04,0,0,0
3908,30.00,30.01,60.00,60.00,60.02,0,0,0
3909,30.00,30.04,60.00,60.00,60.01,0,0,0
3910,30.00,30.01,60.00,60.00,59.92,0,0,1
3911,30.00,30.03,60.00,60.00,59.88,0,0,0
3912,30.00,30.01,60.00,60.00,59.89,0,0,0
3913,30.00,30.03,60.00,60.00,59.96,0,0,0
3914,30.00,30.00,60.00,60.00,60.00,1,0,0
3915,30.00,29.99,60.00,60.00,60.06,1,0,0
3916,30.00,30.01,60.00,60.00,60.08,0,0,0
3917,30.00,29.99,60.00,60.00,60.10,1,0,0
3918,30.00,30.01,60.00,60.00,60.06,0,0,0
3919,30.00,30.01,60.00,60.00,60.03,0,0,0
3920,30.00,29.99,60.00,60.00,59.98,1,0,1
3921,30.00,30.00,60.00,60.00,59.98,1,0,0
3922,30.00,30.03,60.00,60.00,59.94,0,0,0
3923,30.00,30.02,60.00,60.00,60.07,0,0,0
3924,30.00,30.01,60.00,60.00,60.23,0,0,0
3925,30.00,30.00,60.00,60.00,60.35,0,0,0
3926,30.00,29.99,60.00,60.00,60.37,1,0,0
3927,30.00,30.00,60.00,60.00,60.41,1,0,0
3928,30.00,29.99,60.00,60.00,60.37,1,0,0
3929,30.00,30.01,60.00,60.00,60.35,0,0,0
3930,30.00,30.04,60.00,60.00,60.32,0,0,0
3931,30.00,30.02,60.00,60.00,60.30,0,0,0
3932,30.00,30.01,60.00,60.00,60.20,0,0,0
3933,30.00,30.00,60.00,60.00,60.17,0,0,0
3934,30.00,30.01,60.00,60.00,60.12,0,0,0
3935,30.00,30.01,60.00,60.00,60.10,0,0,0
3936,30.00,30.00,60.00,60.00,60.03,1,0,0
3937,30.00,30.00,60.00,60.00,60.00,0,0,1
3938,30.00,30.01,60.00,60.00,59.93,0,0,0
3939,30.00,30.00,60.00,60.00,59.91,0,0,0
3940,30.00,29.99,60.00,60.00,59.97,1,0,0
3941,30.00,30.01,60.00,60.00,60.09,0,0,0
3942,30.00,30.01,60.00,60.00,60.11,0,0,0
3943,30.00,30.01,60.00,60.00,60.08,0,0,0
3944,30.00,30.00,60.00,60.00,60.11,0,0,0
3945,30.00,30.04,60.00,60.00,60.08,0,0,0
3946,30.00,29.99,60.00,60.00,60.09,1,0,0
3947,30.00,30.01,60.00,60.00,60.05,0,0,0
3948,30.00,30.01,60.00,60.00,59.97,0,0,1
3949,30.00,30.01,60.00,60.00,59.98,0,0,0
3950,30.00,30.02,60.00,60.00,59.98,0,0,0
3951,30.00,30.00,60.00,60.00,60.00,0,0,0
3952,30.00,30.00,60.00,60.00,60.22,0,0,0
3953,30.00,30.00,60.00,60.00,60.26,0,0,0
3954,30.00,29.99,60.00,60.00,60.35,1,0,0
3955,30.00,30.02,60.00,60.00,60.43,0,0,0
3956,30.00,30.01,60.00,60.00,60.43,0,0,0
3957,30.00,29.99,60.00,60.00,60.40,1,0,0
3958,30.00,30.01,60.00,60.00,60.40,0,0,0
3959,30.00,30.00,60.00,60.00,60.35,0,0,0
3960,30.00,30.00,60.00,60.00,60.33,0,0,0
3961,30.00,30.00,60.00,60.00,60.26,1,0,0
3962,30.00,30.00,60.00,60.00,60.20,0,0,0
3963,30.00,29.99,60.00,60.00,60.15,1,0,0
3964,30.00,30.01,60.00,60.00,60.09,0,0,0
3965,30.00,30.00,60.00,60.00,60.06,0,0,0
3966,30.00,29.99,60.00,60.00,59.99,1,0,1
3967,30.00,29.99,60.00,60.00,59.96,1,0,0
3968,30.00,30.00,60.00,60.00,59.86,0,0,0
3969,30.00,30.01,60.00,60.00,59.97,0,0,0
3970,30.00,30.00,60.00,60.00,60.07,0,0,0
3971,30.00,30.00,60.00,60.00,60.15,0,0,0
3972,30.00,29.99,60.00,60.00,60.21,1,0,0
3973,30.00,30.00,60.00,60.00,60.26,1,0,0
3974,30.00,30.01,60.00,60.00,60.28,0,0,0
3975,30.00,30.01,60.00,60.00,60.22,0,0,0
3976,30.00,29.99,60.00,60.00,60.21,1,0,0
3977,30.00,30.00,60.00,60.00,60.19,0,0,0
3978,30.00,29.99,60.00,60.00,60.13,1,0,0
3979,30.00,30.00,60.00,60.00,60.08,0,0,0
3980,30.00,30.00,60.00,60.00,60.03,1,0,0
3981,30.00,30.00,60.00,60.00,59.99,1,0,1
3982,30.00,29.99,60.00,60.00,59.95,1,0,0
3983,30.00,30.01,60.00,60.00,59.92,0,0,0
3984,30.00,29.98,60.00,60.00,60.04,1,0,0
3985,30.00,30.01,60.00,60.00,60.20,0,0,0
3986,30.00,29.99,60.00,60.00,60.29,1,0,0
3987,30.00,29.99,60.00,60.00,60.40,1,0,0
3988,30.00,29.99,60.00,60.00,60.41,1,0,0
3989,30.00,29.99,60.00,60.00,60.39,1,0,0
3990,30.00,29.99,60.00,60.00,60.38,1,0,0
3991,30.00,29.99,60.00,60.00,60.34,1,0,0
3992,30.00,30.01,60.00,60.00,60.32,0,0,0
3993,30.00,30.01,60.00,60.00,60.29,0,0,0
3994,30.00,30.00,60.00,60.00,60.22,0,0,0
3995,30.00,29.99,60.00,60.00,60.18,1,0,0
3996,30.00,30.00,60.00,60.00,60.14,1,0,0
3997,30.00,30.00,60.00,60.00,60.15,0,0,0
3998,30.00,30.00,60.00,60.00,60.06,0,0,0
3999,30.00,30.01,60.00,60.00,59.99,0,0,1
4000,30.00,30.00,60.00,60.00,59.92,1,0,0
4001,30.00,30.01,60.00,60.00,59.89,0,0,0
4002,30.00,30.00,60.00,60.00,59.97,1,0,0
4003,30.00,30.00,60.00,60.00,60.08,0,0,0
4004,30.00,30.01,60.00,60.00,60.15,0,0,0
4005,30.00,30.00,60.00,60.00,60.20,1,0,0
4006,30.00,29.99,60.00,60.00,60.19,1,0,0
4007,30.00,30.00,60.00,60.00,60.19,0,0,0
4008,30.00,30.00,60.00,60.00,60.16,1,0,0
4009,30.00,29.99,60.00,60.00,60.17,1,0,0
4010,30.00,29.99,60.00,60.00,60.14,1,0,0
4011,30.00,30.00,60.00,60.00,60.10,0,0,0
4012,30.00,29.98,60.00,60.00,60.08,1,0,0
4013,30.00,30.00,60.00,60.00,60.03,1,0,0
4014,30.00,30.01,60.00,60.00,59.99,0,0,1
4015,30.00,30.02,60.00,60.00,59.95,0,0,0
4016,30.00,29.99,60.00,60.00,59.93,1,0,0
4017,30.00,29.99,60.00,60.00,60.05,1,0,0
4018,30.00,30.00,60.00,60.00,60.18,1,0,0
4019,30.00,30.00,60.00,60.00,60.26,0,0,0
4020,30.00,30.00,60.00,60.00,60.32,1,0,0
4021,30.00,30.02,60.00,60.00,60.29,0,0,0
4022,30.00,30.00,60.00,60.00,60.28,1,0,0
4023,30.00,30.01,60.00,60.00,60.26,0,0,0
4024,30.00,30.01,60.00,60.00,60.26,0,0,0
4025,30.00,30.01,60.00,60.00,60.24,0,0,0
4026,30.00,30.01,60.00,60.00,60.20,0,0,0
4027,30.00,30.02,60.00,60.00,60.18,0,0,0
4028,30.00,30.00,60.00,60.00,60.11,1,0,0
4029,30.00,30.02,60.00,60.00,60.09,0,0,0
4030,30.00,30.01,60.00,60.00,60.07,0,0,0
4031,30.00,30.01,60.00,60.00,60.03,0,0,0
4032,30.00,30.03,60.00,60.00,59.99,0,0,1
4033,30.00,30.00,60.00,60.00,59.93,0,0,0
4034,30.00,30.02,60.00,60.00,59.86,0,0,0
4035,30.00,30.02,60.00,60.00,59.87,0,0,0
4036,30.00,30.01,60.00,60.00,59.98,0,0,0
4037,30.00,30.00,60.00,60.00,60.08,0,0,0
4038,30.00,30.04,60.00,60.00,60.12,0,0,0
4039,30.00,30.00,60.00,60.00,60.11,1,0,0
4040,30.00,30.01,60.00,60.00,60.15,0,0,0
4041,30.00,30.02,60.00,60.00,60.12,0,0,0
4042,30.00,30.00,60.00,60.00,60.08,1,0,0
4043,30.00,30.01,60.00,60.00,60.06,0,0,0
4044,30.00,30.02,60.00,60.00,60.01,0,0,0
4045,30.00,30.00,60.00,60.00,59.98,0,0,1
4046,30.00,30.03,60.00,60.00,59.96,0,0,0
4047,30.00,30.04,60.00,60.00,59.92,0,0,0
4048,30.00,30.04,60.00,60.00,59.95,0,0,0
4049,30.00,30.00,60.00,60.00,60.03,1,0,0
4050,30.00,30.01,60.00,60.00,60.04,0,0,0
4051,30.00,30.02,60.00,60.00,60.09,0,0,0
4052,30.00,30.02,60.00,60.00,60.11,0,0,0
4053,30.00,30.02,60.00,60.00,60.10,0,0,0
4054,30.00,30.03,60.00,60.00,60.09,0,0,0
4055,30.00,30.02,60.00,60.00,60.10,0,0,0
4056,30.00,30.02,60.00,60.00,60.04,0,0,0
4057,30.00,30.04,60.00,60.00,60.00,0,0,1
4058,30.00,30.02,60.00,60.00,59.97,0,0,0
4059,30.00,30.01,60.00,60.00,59.96,0,0,0
4060,30.00,30.01,60.00,60.00,60.01,0,0,0
4061,30.00,30.01,60.00,60.00,60.08,0,0,0
4062,30.00,30.01,60.00,60.00,60.10,0,0,0
4063,30.00,30.03,60.00,60.00,60.13,0,0,0
4064,30.00,30.03,60.00,60.00,60.15,0,0,0
4065,30.00,30.03,60.00,60.00,60.13,0,0,0
4066,30.00,30.01,60.00,60.00,60.06,0,0,0
4067,30.00,30.00,60.00,60.00,60.07,0,0,0
4068,30.00,30.03,60.00,60.00,60.05,0,0,0
4069,30.00,30.04,60.00,60.00,60.02,0,0,0
4070,30.00,30.03,60.00,60.00,60.00,0,0,1
4071,30.00,30.04,60.00,60.00,59.92,0,0,0
4072,30.00,30.02,60.00,60.00,59.88,0,0,0
4073,30.00,30.04,60.00,60.00,59.91,0,0,0
4074,30.00,30.03,60.00,60.00,59.94,0,0,0
4075,30.00,30.00,60.00,60.00,60.01,0,0,0
4076,30.00,29.99,60.00,60.00,60.04,1,0,0
4077,30.00,30.01,60.00,60.00,60.04,0,0,0
4078,30.00,30.03,60.00,60.00,60.06,0,0,0
4079,30.00,30.03,60.00,60.00,60.01,0,0,0
4080,30.00,30.02,60.00,60.00,59.99,0,0,1
4081,30.00,30.04,60.00,60.00,59.98,0,0,0
4082,30.00,30.03,60.00,60.00,59.95,0,0,0
4083,30.00,30.00,60.00,60.00,60.08,1,0,0
4084,30.00,30.02,60.00,60.00,60.27,0,0,0
4085,30.00,30.01,60.00,60.00,60.34,0,0,0
4086,30.00,30.03,60.00,60.00,60.38,0,0,0
4087,30.00,30.01,60.00,60.00,60.37,0,0,0
4088,30.00,30.01,60.00,60.00,60.38,0,0,0
4089,30.00,30.00,60.00,60.00,60.30,0,0,0
4090,30.00,30.04,60.00,60.00,60.27,0,0,0
4091,30.00,30.03,60.00,60.00,60.24,0,0,0
4092,30.00,30.03,60.00,60.00,60.19,0,0,0
4093,30.00,30.05,60.00,60.00,60.14,0,0,0
4094,30.00,30.04,60.00,60.00,60.05,0,0,0
4095,30.00,30.03,60.00,60.00,60.02,0,0,0
4096,30.00,30.03,60.00,60.00,59.92,0,0,1
4097,30.00,30.05,60.00,60.00,59.92,0,0,0
4098,30.00,30.01,60.00,60.00,59.85,0,0,0
4099,30.00,30.03,60.00,60.00,59.87,0,0,0
4100,30.00,30.01,60.00,60.00,59.90,0,0,0
4101,30.00,30.02,60.00,60.00,59.94,0,0,1
4102,30.00,30.01,60.00,60.00,59.97,0,0,0
4103,30.00,30.01,60.00,60.00,60.01,0,0,0
4104,30.00,30.01,60.00,60.00,60.17,0,0,0
4105,30.00,30.03,60.00,60.00,60.41,0,0,0
4106,30.00,30.03,60.00,60.00,60.50,0,0,0
4107,30.00,30.02,60.00,60.00,60.59,0,0,0
4108,30.00,30.03,60.00,60.00,60.60,0,0,0
4109,30.00,30.03,60.00,60.00,60.62,0,0,0
4110,30.00,30.04,60.00,60.00,60.59,0,0,0
4111,30.00,30.03,60.00,60.00,60.54,0,0,0
4112,30.00,30.01,60.00,60.00,60.48,0,0,0
4113,30.00,30.01,60.00,60.00,60.40,0,0,0
4114,30.00,30.01,60.00,60.00,60.40,0,0,0
4115,30.00,30.04,60.00,60.00,60.34,0,0,0
4116,30.00,30.03,60.00,60.00,60.31,0,0,0
4117,30.00,30.05,60.00,60.00,60.26,0,0,0
4118,30.00,30.00,60.00,60.00,60.15,0,0,0
4119,30.00,30.04,60.00,60.00,60.13,0,0,0
4120,30.00,30.00,60.00,60.00,60.08,1,0,0
4121,30.00,30.05,60.00,60.00,60.05,0,0,0
4122,30.00,30.03,60.00,60.00,60.00,0,0,0
4123,30.00,30.03,60.00,60.00,60.01,0,0,0
4124,30.00,30.04,60.00,60.00,59.92,0,0,1
4125,30.00,30.03,60.00,60.00,59.81,0,0,0
4126,30.00,30.02,60.00,60.00,59.78,0,0,0
4127,30.00,30.01,60.00,60.00,59.85,0,0,0
4128,30.00,30.03,60.00,60.00,59.86,0,0,0
4129,30.00,30.00,60.00,60.00,59.91,0,0,1
4130,30.00,30.04,60.00,60.00,59.90,0,0,0
4131,30.00,30.02,60.00,60.00,59.93,0,0,0
4132,30.00,30.01,60.00,60.00,60.00,0,0,0
4133,30.00,30.01,60.00,60.00,60.08,0,0,0
4134,30.00,30.00,60.00,60.00,60.11,0,0,0
4135,30.00,30.03,60.00,60.00,60.15,0,0,0
4136,30.00,30.03,60.00,60.00,60.15,0,0,0
4137,30.00,30.03,60.00,60.00,60.17,0,0,0
4138,30.00,30.03,60.00,60.00,60.16,0,0,0
4139,30.00,30.02,60.00,60.00,60.08,0,0,0
4140,30.00,30.04,60.00,60.00,60.07,0,0,0
4141,30.00,30.01,60.00,60.00,60.03,0,0,0
4142,30.00,30.04,60.00,60.00,59.96,0,0,1
4143,30.00,30.00,60.00,60.00,59.92,1,0,0
4144,30.00,30.01,60.00,60.00,59.88,0,0,0
4145,30.00,30.01,60.00,60.00,59.89,0,0,0
4146,30.00,30.01,60.00,60.00,59.97,0,0,0
4147,30.00,30.00,60.00,60.00,59.95,1,0,1
4148,30.00,30.01,60.00,60.00,59.98,0,0,0
4149,30.00,30.01,60.00,60.00,60.02,0,0,0
4150,30.00,30.01,60.00,60.00,60.31,0,0,0
4151,30.00,30.01,60.00,60.00,60.53,0,0,0
4152,30.00,30.01,60.00,60.00,60.58,0,0,0
4153,30.00,30.01,60.00,60.00,60.68,0,0,0
4154,30.00,30.01,60.00,60.00,60.72,0,0,0
4155,30.00,30.02,60.00,60.00,60.72,0,0,0
4156,30.00,30.01,60.00,60.00,60.68,0,0,0
4157,30.00,29.99,60.00,60.00,60.65,1,0,0
4158,30.00,30.02,60.00,60.00,60.56,0,0,0
4159,30.00,30.00,60.00,60.00,60.49,0,0,0
4160,30.00,30.01,60.00,60.00,60.46,0,0,0
4161,30.00,30.01,60.00,60.00,60.39,0,0,0
4162,30.00,30.00,60.00,60.00,60.37,1,0,0
4163,30.00,30.03,60.00,60.00,60.29,0,0,0
4164,30.00,30.00,60.00,60.00,60.27,0,0,0
4165,30.00,30.03,60.00,60.00,60.20,0,0,0
4166,30.00,30.00,60.00,60.00,60.15,1,0,0
4167,30.00,30.01,60.00,60.00,60.13,0,0,0
4168,30.00,30.01,60.00,60.00,60.10,0,0,0
4169,30.00,30.02,60.00,60.00,60.05,0,0,0
4170,30.00,30.02,60.00,60.00,59.95,0,0,1
4171,30.00,30.02,60.00,60.00,59.89,0,0,0
4172,30.00,30.01,60.00,60.00,59.89,0,0,0
4173,30.00,30.03,60.00,60.00,59.89,0,0,0
4174,30.00,29.99,60.00,60.00,59.96,1,0,0
4175,30.00,30.02,60.00,60.00,60.01,0,0,0
4176,30.00,29.99,60.00,60.00,60.04,1,0,0
4177,30.00,30.01,60.00,60.00,60.07,0,0,0
4178,30.00,29.99,60.00,60.00,60.05,1,0,0
4179,30.00,30.02,60.00,60.00,60.01,0,0,0
4180,30.00,30.00,60.00,60.00,59.96,1,0,1
4181,30.00,30.00,60.00,60.00,59.94,1,0,0
4182,30.00,30.00,60.00,60.00,59.92,0,0,0
4183,30.00,30.01,60.00,60.00,60.00,0,0,0
4184,30.00,30.01,60.00,60.00,60.11,0,0,0
4185,30.00,30.02,60.00,60.00,60.22,0,0,0
4186,30.00,29.98,60.00,60.00,60.25,1,0,0
4187,30.00,30.00,60.00,60.00,60.35,1,0,0
4188,30.00,30.00,60.00,60.00,60.38,0,0,0
4189,30.00,30.03,60.00,60.00,60.38,0,0,0
4190,30.00,29.99,60.00,60.00,60.33,1,0,0
4191,30.00,30.02,60.00,60.00,60.27,0,0,0
4192,30.00,30.02,60.00,60.00,60.24,0,0,0
4193,30.00,30.00,60.00,60.00,60.17,0,0,0
4194,30.00,29.99,60.00,60.00,60.11,1,0,0
4195,30.00,30.00,60.00,60.00,60.11,0,0,0
4196,30.00,30.01,60.00,60.00,60.08,0,0,0
4197,30.00,29.99,60.00,60.00,60.04,1,0,0
4198,30.00,29.98,60.00,60.00,59.99,1,0,1
4199,30.00,30.00,60.00,60.00,59.92,0,0,0
4200,30.00,29.98,60.00,60.00,59.92,1,0,0
4201,30.00,29.98,60.00,60.00,60.03,1,0,0
4202,30.00,29.98,60.00,60.00,60.15,1,0,0
4203,30.00,30.01,60.00,60.00,60.21,0,0,0
4204,30.00,30.01,60.00,60.00,60.21,0,0,0
4205,30.00,30.00,60.00,60.00,60.20,1,0,0
4206,30.00,29.98,60.00,60.00,60.20,1,0,0
4207,30.00,30.01,60.00,60.00,60.18,0,0,0
4208,30.00,30.01,60.00,60.00,60.14,0,0,0
4209,30.00,29.99,60.00,60.00,60.08,1,0,0
4210,30.00,30.01,60.00,60.00,60.05,0,0,0
4211,30.00,30.00,60.00,60.00,60.00,0,0,0
4212,30.00,29.99,60.00,60.00,59.93,1,0,1
4213,30.00,29.98,60.00,60.00,59.91,1,0,0
4214,30.00,30.00,60.00,60.00,59.88,0,0,0
4215,30.00,29.99,60.00,60.00,59.90,1,0,0
4216,30.00,29.99,60.00,60.00,59.95,1,0,0
4217,30.00,29.99,60.00,60.00,60.01,1,0,0
4218,30.00,29.99,60.00,60.00,60.07,1,0,0
4219,30.00,29.99,60.00,60.00,60.11,1,0,0
4220,30.00,29.99,60.00,60.00,60.10,1,0,0
4221,30.00,30.00,60.00,60.00,60.09,1,0,0
4222,30.00,29.99,60.00,60.00,60.08,1,0,0
4223,30.00,30.00,60.00,60.00,60.09,1,0,0
4224,30.00,30.00,60.00,60.00,60.08,0,0,0
4225,30.00,29.99,60.00,60.00,59.99,1,0,1
4226,30.00,29.98,60.00,60.00,59.99,1,0,0
4227,30.00,30.01,60.00,60.00,59.91,0,0,0
4228,30.00,29.99,60.00,60.00,59.98,1,0,0
4229,30.00,29.99,60.00,60.00,60.04,1,0,0
4230,30.00,30.01,60.00,60.00,60.12,0,0,0
4231,30.00,30.00,60.00,60.00,60.12,0,0,0
4232,30.00,30.00,60.00,60.00,60.17,0,0,0
4233,30.00,30.02,60.00,60.00,60.16,0,0,0
4234,30.00,30.02,60.00,60.00,60.14,0,0,0
4235,30.00,30.00,60.00,60.00,60.11,0,0,0
4236,30.00,29.97,60.00,60.00,60.11,1,0,0
4237,30.00,30.02,60.00,60.00,60.06,0,0,0
4238,30.00,30.01,60.00,60.00,60.02,0,0,0
4239,30.00,29.99,60.00,60.00,59.98,1,0,1
4240,30.00,30.00,60.00,60.00,59.95,1,0,0
4241,30.00,30.03,60.00,60.00,59.89,0,0,0
4242,30.00,29.99,60.00,60.00,59.99,1,0,0
4243,30.00,29.99,60.00,60.00,60.04,1,0,0
4244,30.00,30.02,60.00,60.00,60.11,0,0,0
4245,30.00,30.01,60.00,60.00,60.13,0,0,0
4246,30.00,30.00,60.00,60.00,60.15,1,0,0
4247,30.00,30.00,60.00,60.00,60.14,0,0,0
4248,30.00,30.01,60.00,60.00,60.11,0,0,0
4249,30.00,30.01,60.00,60.00,60.10,0,0,0
4250,30.00,30.00,60.00,60.00,60.07,0,0,0
4251,30.00,30.01,60.00,60.00,60.02,0,0,0
4252,30.00,30.01,60.00,60.00,60.00,0,0,0
4253,30.00,30.02,60.00,60.00,59.96,0,0,1
4254,30.00,30.02,60.00,60.00,59.95,0,0,0
4255,30.00,30.00,60.00,60.00,59.87,0,0,0
4256,30.00,30.02,60.00,60.00,60.02,0,0,0
4257,30.00,30.01,60.00,60.00,60.11,0,0,0
4258,30.00,30.01,60.00,60.00,60.17,0,0,0
4259,30.00,30.02,60.00,60.00,60.25,0,0,0
4260,30.00,30.02,60.00,60.00,60.26,0,0,0
4261,30.00,30.00,60.00,60.00,60.22,0,0,0
4262,30.00,30.01,60.00,60.00,60.21,0,0,0
4263,30.00,30.00,60.00,60.00,60.15,0,0,0
4264,30.00,30.02,60.00,60.00,60.11,0,0,0
4265,30.00,30.00,60.00,60.00,60.07,0,0,0
4266,30.00,29.98,60.00,60.00,60.01,1,0,0
4267,30.00,30.00,60.00,60.00,59.98,1,0,1
4268,30.00,30.03,60.00,60.00,59.92,0,0,0
4269,30.00,30.02,60.00,60.00,59.94,0,0,0
4270,30.00,30.01,60.00,60.00,60.06,0,0,0
4271,30.00,30.00,60.00,60.00,60.21,0,0,0
4272,30.00,30.00,60.00,60.00,60.25,0,0,0
4273,30.00,30.01,60.00,60.00,60.32,0,0,0
4274,30.00,30.02,60.00,60.00,60.29,0,0,0
4275,30.00,30.01,60.00,60.00,60.28,0,0,0
4276,30.00,30.00,60.00,60.00,60.26,1,0,0
4277,30.00,30.01,60.00,60.00,60.24,0,0,0
4278,30.00,30.00,60.00,60.00,60.25,0,0,0
4279,30.00,30.02,60.00,60.00,60.20,0,0,0
4280,30.00,30.01,60.00,60.00,60.12,0,0,0
4281,30.00,30.01,60.00,60.00,60.07,0,0,0
4282,30.00,29.99,60.00,60.00,60.05,1,0,0
4283,30.00,30.00,60.00,60.00,60.00,0,0,0
4284,30.00,30.03,60.00,60.00,59.95,0,0,1
4285,30.00,30.00,60.00,60.00,59.91,1,0,0
4286,30.00,30.00,60.00,60.00,59.87,0,0,0
4287,30.00,30.01,60.00,60.00,59.91,0,0,0
4288,30.00,30.01,60.00,60.00,59.93,0,0,0
4289,30.00,30.02,60.00,60.00,59.99,0,0,1
4290,30.00,30.02,60.00,60.00,60.03,0,0,0
4291,30.00,30.00,60.00,60.00,60.06,0,0,0
4292,30.00,30.00,60.00,60.00,60.09,1,0,0
4293,30.00,30.01,60.00,60.00,60.14,0,0,0
4294,30.00,30.02,60.00,60.00,60.15,0,0,0
4295,30.00,30.02,60.00,60.00,60.18,0,0,0
4296,30.00,30.00,60.00,60.00,60.19,1,0,0
4297,30.00,30.01,60.00,60.00,60.14,0,0,0
4298,30.00,30.02,60.00,60.00,60.13,0,0,0
4299,30.00,30.02,60.00,60.00,60.07,0,0,0
4300,30.00,30.03,60.00,60.00,60.04,0,0,0
4301,30.00,30.03,60.00,60.00,59.94,0,0,1
4302,30.00,30.00,60.00,60.00,59.92,0,0,0
4303,30.00,30.01,60.00,60.00,59.95,0,0,0
4304,30.00,30.00,60.00,60.00,60.12,0,0,0
4305,30.00,30.02,60.00,60.00,60.28,0,0,0
4306,30.00,30.01,60.00,60.00,60.36,0,0,0
4307,30.00,30.03,60.00,60.00,60.40,0,0,0
4308,30.00,30.01,60.00,60.00,60.44,0,0,0
4309,30.00,30.01,60.00,60.00,60.43,0,0,0
4310,30.00,30.01,60.00,60.00,60.40,0,0,0
4311,30.00,30.00,60.00,60.00,60.35,0,0,0
4312,30.00,30.01,60.00,60.00,60.32,0,0,0
4313,30.00,30.03,60.00,60.00,60.27,0,0,0
4314,30.00,30.02,60.00,60.00,60.24,0,0,0
4315,30.00,30.01,60.00,60.00,60.18,0,0,0
4316,30.00,30.01,60.00,60.00,60.13,0,0,0
4317,30.00,30.02,60.00,60.00,60.09,0,0,0
4318,30.00,30.00,60.00,60.00,60.04,1,0,0
4319,30.00,30.03,60.00,60.00,59.99,0,0,1
4320,30.00,30.01,60.00,60.00,59.92,0,0,0
4321,30.00,30.02,60.00,60.00,59.88,0,0,0
4322,30.00,30.01,60.00,60.00,60.01,0,0,0
4323,30.00,30.01,60.00,60.00,60.16,0,0,0
4324,30.00,30.03,60.00,60.00,60.22,0,0,0
4325,30.00,30.00,60.00,60.00,60.23,0,0,0
4326,30.00,30.00,60.00,60.00,60.24,0,0,0
4327,30.00,30.01,60.00,60.00,60.23,0,0,0
4328,30.00,30.03,60.00,60.00,60.21,0,0,0
4329,30.00,30.01,60.00,60.00,60.17,0,0,0
4330,30.00,30.02,60.00,60.00,60.16,0,0,0
4331,30.00,30.03,60.00,60.00,60.09,0,0,0
4332,30.00,30.01,60.00,60.00,60.04,0,0,0
4333,30.00,30.02,60.00,60.00,59.94,0,0,1
4334,30.00,30.02,60.00,60.00,59.89,0,0,0
4335,30.00,30.00,60.00,60.00,59.87,0,0,0
4336,30.00,30.01,60.00,60.00,59.99,0,0,0
4337,30.00,30.00,60.00,60.00,60.08,0,0,0
4338,30.00,30.03,60.00,60.00,60.08,0,0,0
4339,30.00,30.03,60.00,60.00,60.12,0,0,0
4340,30.00,30.03,60.00,60.00,60.17,0,0,0
4341,30.00,30.01,60.00,60.00,60.21,0,0,0
4342,30.00,30.00,60.00,60.00,60.18,1,0,0
4343,30.00,30.02,60.00,60.00,60.17,0,0,0
4344,30.00,30.02,60.00,60.00,60.12,0,0,0
4345,30.00,30.01,60.00,60.00,60.06,0,0,0
4346,30.00,30.02,60.00,60.00,60.05,0,0,0
4347,30.00,30.01,60.00,60.00,60.00,0,0,0
4348,30.00,30.01,60.00,60.00,59.94,0,0,1
4349,30.00,30.01,60.00,60.00,59.94,0,0,0
4350,30.00,30.03,60.00,60.00,59.89,0,0,0
4351,30.00,30.00,60.00,60.00,60.04,1,0,0
4352,30.00,30.01,60.00,60.00,60.19,0,0,0
4353,30.00,30.02,60.00,60.00,60.30,0,0,0
4354,30.00,29.99,60.00,60.00,60.34,1,0,0
4355,30.00,30.01,60.00,60.00,60.39,0,0,0
4356,30.00,30.01,60.00,60.00,60.41,0,0,0
4357,30.00,30.01,60.00,60.00,60.41,0,0,0
4358,30.00,30.00,60.00,60.00,60.37,0,0,0
4359,30.00,30.02,60.00,60.00,60.34,0,0,0
4360,30.00,30.02,60.00,60.00,60.30,0,0,0
4361,30.00,30.01,60.00,60.00,60.26,0,0,0
4362,30.00,30.03,60.00,60.00,60.26,0,0,0
4363,30.00,30.02,60.00,60.00,60.19,0,0,0
4364,30.00,30.00,60.00,60.00,60.14,0,0,0
4365,30.00,29.99,60.00,60.00,60.09,1,0,0
4366,30.00,30.00,60.00,60.00,60.04,0,0,0
4367,30.00,30.03,60.00,60.00,60.01,0,0,0
4368,30.00,30.00,60.00,60.00,59.98,0,0,1
4369,30.00,30.01,60.00,60.00,59.95,0,0,0
4370,30.00,29.99,60.00,60.00,59.93,1,0,0
4371,30.00,30.00,60.00,60.00,60.06,0,0,0
4372,30.00,30.01,60.00,60.00,60.18,0,0,0
4373,30.00,30.00,60.00,60.00,60.24,0,0,0
4374,30.00,29.99,60.00,60.00,60.30,1,0,0
4375,30.00,30.01,60.00,60.00,60.33,0,0,0
4376,30.00,30.00,60.00,60.00,60.38,0,0,0
4377,30.00,30.00,60.00,60.00,60.39,0,0,0
4378,30.00,30.00,60.00,60.00,60.38,0,0,0
4379,30.00,30.00,60.00,60.00,60.35,0,0,0
4380,30.00,30.00,60.00,60.00,60.34,1,0,0
4381,30.00,30.00,60.00,60.00,60.28,1,0,0
4382,30.00,30.01,60.00,60.00,60.25,0,0,0
4383,30.00,29.99,60.00,60.00,60.21,1,0,0
4384,30.00,30.00,60.00,60.00,60.13,0,0,0
4385,30.00,30.00,60.00,60.00,60.07,1,0,0
4386,30.00,30.00,60.00,60.00,60.03,1,0,0
4387,30.00,29.99,60.00,60.00,59.98,1,0,1
4388,30.00,30.01,60.00,60.00,59.94,0,0,0
4389,30.00,30.00,60.00,60.00,59.88,0,0,0
4390,30.00,30.02,60.00,60.00,60.05,0,0,0
4391,30.00,30.02,60.00,60.00,60.22,0,0,0
4392,30.00,30.01,60.00,60.00,60.30,0,0,0
4393,30.00,29.99,60.00,60.00,60.34,1,0,0
4394,30.00,30.01,60.00,60.00,60.37,0,0,0
4395,30.00,30.03,60.00,60.00,60.37,0,0,0
4396,30.00,30.02,60.00,60.00,60.34,0,0,0
4397,30.00,30.00,60.00,60.00,60.31,1,0,0
4398,30.00,30.01,60.00,60.00,60.27,0,0,0
4399,30.00,30.00,60.00,60.00,60.23,0,0,0
4400,30.00,30.01,60.00,60.00,60.17,0,0,0
4401,30.00,30.00,60.00,60.00,60.14,1,0,0
4402,30.00,30.01,60.00,60.00,60.11,0,0,0
4403,30.00,30.01,60.00,60.00,60.07,0,0,0
4404,30.00,30.03,60.00,60.00,60.03,0,0,0
4405,30.00,29.98,60.00,60.00,59.92,1,0,1
4406,30.00,30.01,60.00,60.00,59.87,0,0,0
4407,30.00,30.01,60.00,60.00,59.82,0,0,0
4408,30.00,30.00,60.00,60.00,59.93,0,0,0
4409,30.00,29.99,60.00,60.00,60.02,1,0,0
4410,30.00,30.00,60.00,60.00,60.13,0,0,0
4411,30.00,30.00,60.00,60.00,60.18,1,0,0
4412,30.00,30.00,60.00,60.00,60.19,1,0,0
4413,30.00,29.98,60.00,60.00,60.16,1,0,0
4414,30.00,29.99,60.00,60.00,60.14,1,0,0
4415,30.00,30.00,60.00,60.00,60.12,0,0,0
4416,30.00,30.00,60.00,60.00,60.10,1,0,0
4417,30.00,30.01,60.00,60.00,60.08,0,0,0
4418,30.00,30.01,60.00,60.00,59.99,0,0,1
4419,30.00,30.00,60.00,60.00,59.97,0,0,0
4420,30.00,30.01,60.00,60.00,59.94,0,0,0
4421,30.00,30.00,60.00,60.00,59.99,1,0,0
4422,30.00,30.00,60.00,60.00,60.10,1,0,0
4423,30.00,29.99,60.00,60.00,60.14,1,0,0
4424,30.00,29.99,60.00,60.00,60.17,1,0,0
4425,30.00,30.01,60.00,60.00,60.24,0,0,0
4426,30.00,30.00,60.00,60.00,60.21,1,0,0
4427,30.00,30.00,60.00,60.00,60.17,1,0,0
4428,30.00,30.01,60.00,60.00,60.11,0,0,0
4429,30.00,30.00,60.00,60.00,60.09,1,0,0
4430,30.00,29.99,60.00,60.00,60.09,1,0,0
4431,30.00,30.01,60.00,60.00,60.01,0,0,0
4432,30.00,30.03,60.00,60.00,59.98,0,0,1
4433,30.00,30.00,60.00,60.00,59.93,0,0,0
4434,30.00,30.03,60.00,60.00,59.93,0,0,0
4435,30.00,30.02,60.00,60.00,60.06,0,0,0
4436,30.00,29.99,60.00,60.00,60.18,1,0,0
4437,30.00,29.99,60.00,60.00,60.23,1,0,0
4438,30.00,30.00,60.00,60.00,60.27,0,0,0
4439,30.00,29.99,60.00,60.00,60.33,1,0,0
4440,30.00,30.01,60.00,60.00,60.32,0,0,0
4441,30.00,29.99,60.00,60.00,60.29,1,0,0
4442,30.00,30.00,60.00,60.00,60.27,0,0,0
4443,30.00,30.01,60.00,60.00,60.20,0,0,0
4444,30.00,30.02,60.00,60.00,60.17,0,0,0
4445,30.00,30.01,60.00,60.00,60.06,0,0,0
4446,30.00,30.01,60.00,60.00,60.05,0,0,0
4447,30.00,30.00,60.00,60.00,60.03,1,0,0
4448,30.00,30.01,60.00,60.00,59.98,0,0,1
4449,30.00,30.00,60.00,60.00,59.93,0,0,0
4450,30.00,30.00,60.00,60.00,59.89,0,0,0
4451,30.00,30.01,60.00,60.00,59.94,0,0,0
4452,30.00,30.00,60.00,60.00,60.12,1,0,0
4453,30.00,30.01,60.00,60.00,60.23,0,0,0
4454,30.00,30.01,60.00,60.00,60.29,0,0,0
4455,30.00,30.03,60.00,60.00,60.31,0,0,0
4456,30.00,30.00,60.00,60.00,60.30,1,0,0
4457,30.00,30.01,60.00,60.00,60.31,0,0,0
4458,30.00,29.99,60.00,60.00,60.29,1,0,0
4459,30.00,30.01,60.00,60.00,60.31,0,0,0
4460,30.00,30.01,60.00,60.00,60.29,0,0,0
4461,30.00,30.00,60.00,60.00,60.26,0,0,0
4462,30.00,30.01,60.00,60.00,60.18,0,0,0
4463,30.00,30.00,60.00,60.00,60.13,0,0,0
4464,30.00,30.01,60.00,60.00,60.11,0,0,0
4465,30.00,30.00,60.00,60.00,60.05,1,0,0
4466,30.00,30.03,60.00,60.00,60.05,0,0,0
4467,30.00,30.00,60.00,60.00,59.98,1,0,1
4468,30.00,30.01,60.00,60.00,59.93,0,0,0
4469,30.00,30.00,60.00,60.00,59.87,0,0,0
4470,30.00,30.00,60.00,60.00,60.00,0,0,0
4471,30.00,30.00,60.00,60.00,60.20,1,0,0
4472,30.00,30.01,60.00,60.00,60.36,0,0,0
4473,30.00,30.01,60.00,60.00,60.41,0,0,0
4474,30.00,30.00,60.00,60.00,60.39,0,0,0
4475,30.00,30.00,60.00,60.00,60.41,1,0,0
4476,30.00,30.00,60.00,60.00,60.42,1,0,0
4477,30.00,30.00,60.00,60.00,60.34,0,0,0
4478,30.00,29.99,60.00,60.00,60.33,1,0,0
4479,30.00,30.01,60.00,60.00,60.27,0,0,0
4480,30.00,30.03,60.00,60.00,60.23,0,0,0
4481,30.00,30.00,60.00,60.00,60.21,0,0,0
4482,30.00,30.01,60.00,60.00,60.15,0,0,0
4483,30.00,30.01,60.00,60.00,60.10,0,0,0
4484,30.00,30.01,60.00,60.00,60.04,0,0,0
4485,30.00,30.00,60.00,60.00,60.01,0,0,0
4486,30.00,30.00,60.00,60.00,59.96,0,0,1
4487,30.00,30.01,60.00,60.00,59.90,0,0,0
4488,30.00,30.01,60.00,60.00,59.86,0,0,0
4489,30.00,30.01,60.00,60.00,59.98,0,0,0
4490,30.00,30.01,60.00,60.00,60.04,0,0,0
4491,30.00,30.01,60.00,60.00,60.14,0,0,0
4492,30.00,30.00,60.00,60.00,60.18,0,0,0
4493,30.00,30.01,60.00,60.00,60.18,0,0,0
4494,30.00,30.01,60.00,60.00,60.15,0,0,0
4495,30.00,30.02,60.00,60.00,60.15,0,0,0
4496,30.00,30.01,60.00,60.00,60.12,0,0,0
4497,30.00,30.02,60.00,60.00,60.07,0,0,0
4498,30.00,30.01,60.00,60.00,60.08,0,0,0
4499,30.00,30.02,60.00,60.00,60.06,0,0,0
4500,30.00,30.00,60.00,60.00,60.04,1,0,0
4501,30.00,30.01,60.00,60.00,59.97,0,0,1
4502,30.00,30.01,60.00,60.00,59.94,0,0,0
4503,30.00,30.02,60.00,60.00,59.88,0,0,0
4504,30.00,30.02,60.00,60.00,59.96,0,0,0
4505,30.00,30.01,60.00,60.00,60.09,0,0,0
4506,30.00,30.00,60.00,60.00,60.20,1,0,0
4507,30.00,30.00,60.00,60.00,60.29,1,0,0
4508,30.00,30.02,60.00,60.00,60.33,0,0,0
4509,30.00,30.01,60.00,60.00,60.33,0,0,0
4510,30.00,30.02,60.00,60.00,60.33,0,0,0
4511,30.00,30.02,60.00,60.00,60.32,0,0,0
4512,30.00,30.04,60.00,60.00,60.29,0,0,0
4513,30.00,30.00,60.00,60.00,60.21,1,0,0
4514,30.00,30.02,60.00,60.00,60.17,0,0,0
4515,30.00,30.03,60.00,60.00,60.13,0,0,0
4516,30.00,30.00,60.00,60.00,60.09,1,0,0
4517,30.00,30.02,60.00,60.00,60.04,0,0,0
4518,30.00,30.01,60.00,60.00,60.02,0,0,0
4519,30.00,30.00,60.00,60.00,59.97,0,0,1
4520,30.00,30.03,60.00,60.00,59.91,0,0,0
4521,30.00,30.01,60.00,60.00,59.86,0,0,0
4522,30.00,30.01,60.00,60.00,59.99,0,0,0
4523,30.00,30.03,60.00,60.00,60.14,0,0,0
4524,30.00,30.04,60.00,60.00,60.24,0,0,0
4525,30.00,30.01,60.00,60.00,60.30,0,0,0
4526,30.00,30.02,60.00,60.00,60.31,0,0,0
4527,30.00,30.01,60.00,60.00,60.33,0,0,0
4528,30.00,30.01,60.00,60.00,60.30,0,0,0
4529,30.00,30.01,60.00,60.00,60.29,0,0,0
4530,30.00,30.02,60.00,60.00,60.26,0,0,0
4531,30.00,30.02,60.00,60.00,60.16,0,0,0
4532,30.00,30.03,60.00,60.00,60.13,0,0,0
4533,30.00,30.03,60.00,60.00,60.06,0,0,0
4534,30.00,30.03,60.00,60.00,60.03,0,0,0
4535,30.00,30.01,60.00,60.00,59.96,0,0,1
4536,30.00,30.03,60.00,60.00,59.94,0,0,0
4537,30.00,30.02,60.00,60.00,59.89,0,0,0
4538,30.00,30.01,60.00,60.00,59.91,0,0,0
4539,30.00,30.01,60.00,60.00,59.94,0,0,0
4540,30.00,30.03,60.00,60.00,59.98,0,0,1
4541,30.00,30.01,60.00,60.00,59.99,0,0,0
4542,30.00,30.03,60.00,60.00,59.98,0,0,0
4543,30.00,30.00,60.00,60.00,60.11,0,0,0
4544,30.00,30.00,60.00,60.00,60.24,1,0,0
4545,30.00,30.01,60.00,60.00,60.31,0,0,0
4546,30.00,30.01,60.00,60.00,60.34,0,0,0
4547,30.00,30.00,60.00,60.00,60.36,1,0,0
4548,30.00,30.01,60.00,60.00,60.40,0,0,0
4549,30.00,30.02,60.00,60.00,60.37,0,0,0
4550,30.00,30.02,60.00,60.00,60.37,0,0,0
4551,30.00,30.01,60.00,60.00,60.31,0,0,0
4552,30.00,30.04,60.00,60.00,60.28,0,0,0
4553,30.00,30.02,60.00,60.00,60.22,0,0,0
4554,30.00,30.00,60.00,60.00,60.18,0,0,0
4555,30.00,30.02,60.00,60.00,60.15,0,0,0
4556,30.00,30.03,60.00,60.00,60.10,0,0,0
4557,30.00,30.00,60.00,60.00,60.09,0,0,0
4558,30.00,30.03,60.00,60.00,60.06,0,0,0
4559,30.00,30.01,60.00,60.00,60.00,0,0,1
4560,30.00,30.03,60.00,60.00,59.96,0,0,0
4561,30.00,30.03,60.00,60.00,59.92,0,0,0
4562,30.00,30.01,60.00,60.00,59.96,0,0,0
4563,30.00,30.01,60.00,60.00,60.07,0,0,0
4564,30.00,30.03,60.00,60.00,60.14,0,0,0
4565,30.00,30.01,60.00,60.00,60.16,0,0,0
4566,30.00,30.03,60.00,60.00,60.19,0,0,0
4567,30.00,30.01,60.00,60.00,60.19,0,0,0
4568,30.00,30.01,60.00,60.00,60.19,0,0,0
4569,30.00,30.01,60.00,60.00,60.15,0,0,0
4570,30.00,30.04,60.00,60.00,60.12,0,0,0
4571,30.00,30.03,60.00,60.00,60.04,0,0,0
4572,30.00,30.03,60.00,60.00,60.01,0,0,0
4573,30.00,30.03,60.00,60.00,59.98,0,0,1
4574,30.00,30.03,60.00,60.00,59.89,0,0,0
4575,30.00,30.01,60.00,60.00,59.86,0,0,0
4576,30.00,30.01,60.00,60.00,59.96,0,0,0
4577,30.00,30.02,60.00,60.00,60.08,0,0,0
4578,30.00,30.00,60.00,60.00,60.13,0,0,0
4579,30.00,30.01,60.00,60.00,60.19,0,0,0
4580,30.00,30.00,60.00,60.00,60.26,0,0,0
4581,30.00,30.00,60.00,60.00,60.22,1,0,0
4582,30.00,30.03,60.00,60.00,60.20,0,0,0
4583,30.00,30.03,60.00,60.00,60.18,0,0,0
4584,30.00,30.03,60.00,60.00,60.18,0,0,0
4585,30.00,30.00,60.00,60.00,60.13,0,0,0
4586,30.00,30.03,60.00,60.00,60.08,0,0,0
4587,30.00,30.01,60.00,60.00,60.01,0,0,0
4588,30.00,30.00,60.00,60.00,59.96,0,0,1
4589,30.00,30.01,60.00,60.00,59.93,0,0,0
4590,30.00,29.99,60.00,60.00,59.90,1,0,0
4591,30.00,30.00,60.00,60.00,59.98,0,0,0
4592,30.00,30.00,60.00,60.00,60.16,1,0,0
4593,30.00,30.02,60.00,60.00,60.24,0,0,0
4594,30.00,30.00,60.00,60.00,60.37,0,0,0
4595,30.00,29.99,60.00,60.00,60.40,1,0,0
4596,30.00,30.00,60.00,60.00,60.42,0,0,0
4597,30.00,30.01,60.00,60.00,60.41,0,0,0
4598,30.00,30.01,60.00,60.00,60.41,0,0,0
4599,30.00,30.01,60.00,60.00,60.36,0,0,0
4600,30.00,30.02,60.00,60.00,60.34,0,0,0
4601,30.00,30.01,60.00,60.00,60.23,0,0,0
4602,30.00,30.00,60.00,60.00,60.18,0,0,0
4603,30.00,30.02,60.00,60.00,60.16,0,0,0
4604,30.00,30.01,60.00,60.00,60.10,0,0,0
4605,30.00,29.99,60.00,60.00,60.07,1,0,0
4606,30.00,30.02,60.00,60.00,59.99,0,0,1
4607,30.00,29.99,60.00,60.00,59.93,1,0,0
4608,30.00,29.98,60.00,60.00,59.90,1,0,0
4609,30.00,29.99,60.00,60.00,59.93,1,0,0
4610,30.00,30.00,60.00,60.00,60.10,0,0,0
4611,30.00,30.00,60.00,60.00,60.20,0,0,0
4612,30.00,30.01,60.00,60.00,60.26,0,0,0
4613,30.00,30.01,60.00,60.00,60.35,0,0,0
4614,30.00,29.99,60.00,60.00,60.30,1,0,0
4615,30.00,30.01,60.00,60.00,60.31,0,0,0
4616,30.00,30.00,60.00,60.00,60.27,1,0,0
4617,30.00,30.01,60.00,60.00,60.25,0,0,0
4618,30.00,30.01,60.00,60.00,60.19,0,0,0
4619,30.00,30.01,60.00,60.00,60.14,0,0,0
4620,30.00,30.01,60.00,60.00,60.09,0,0,0
4621,30.00,30.01,60.00,60.00,60.00,0,0,1
4622,30.00,30.01,60.00,60.00,59.99,0,0,0
4623,30.00,29.98,60.00,60.00,59.92,1,0,0
4624,30.00,29.99,60.00,60.00,60.02,1,0,0
4625,30.00,29.99,60.00,60.00,60.15,1,0,0
4626,30.00,30.00,60.00,60.00,60.27,1,0,0
4627,30.00,29.98,60.00,60.00,60.37,1,0,0
4628,30.00,30.01,60.00,60.00,60.42,0,0,0
4629,30.00,29.99,60.00,60.00,60.44,1,0,0
4630,30.00,29.99,60.00,60.00,60.42,1,0,0
4631,30.00,29.99,60.00,60.00,60.42,1,0,0
4632,30.00,29.98,60.00,60.00,60.37,1,0,0
4633,30.00,30.00,60.00,60.00,60.34,1,0,0
4634,30.00,30.02,60.00,60.00,60.28,0,0,0
4635,30.00,30.01,60.00,60.00,60.20,0,0,0
4636,30.00,30.00,60.00,60.00,60.19,0,0,0
4637,30.00,30.02,60.00,60.00,60.10,0,0,0
4638,30.00,29.99,60.00,60.00,60.08,1,0,0
4639,30.00,30.01,60.00,60.00,60.02,0,0,0
4640,30.00,30.00,60.00,60.00,59.99,0,0,1
4641,30.00,30.01,60.00,60.00,59.93,0,0,0
4642,30.00,30.00,60.00,60.00,59.89,1,0,0
4643,30.00,30.00,60.00,60.00,59.93,0,0,0
4644,30.00,30.00,60.00,60.00,60.06,0,0,0
4645,30.00,30.00,60.00,60.00,60.18,1,0,0
4646,30.00,29.98,60.00,60.00,60.23,1,0,0
4647,30.00,29.97,60.00,60.00,60.26,1,0,0
4648,30.00,30.00,60.00,60.00,60.24,1,0,0
4649,30.00,30.00,60.00,60.00,60.24,0,0,0
4650,30.00,30.02,60.00,60.00,60.18,0,0,0
4651,30.00,29.99,60.00,60.00,60.13,1,0,0
4652,30.00,30.00,60.00,60.00,60.09,1,0,0
4653,30.00,30.00,60.00,60.00,60.04,1,0,0
4654,30.00,30.00,60.00,60.00,60.03,0,0,0
4655,30.00,30.00,60.00,60.00,59.99,0,0,1
4656,30.00,29.99,60.00,60.00,59.96,1,0,0
4657,30.00,30.02,60.00,60.00,59.90,0,0,0
4658,30.00,30.00,60.00,60.00,59.92,1,0,0
4659,30.00,30.01,60.00,60.00,59.96,0,0,0
4660,30.00,30.01,60.00,60.00,59.99,0,0,1
4661,30.00,30.00,60.00,60.00,60.00,1,0,0
4662,30.00,29.99,60.00,60.00,59.99,1,0,0
4663,30.00,30.00,60.00,60.00,60.11,1,0,0
4664,30.00,30.00,60.00,60.00,60.23,1,0,0
4665,30.00,29.99,60.00,60.00,60.31,1,0,0
4666,30.00,29.99,60.00,60.00,60.40,1,0,0
4667,30.00,30.00,60.00,60.00,60.42,1,0,0
4668,30.00,30.00,60.00,60.00,60.47,1,0,0
4669,30.00,30.00,60.00,60.00,60.43,0,0,0
4670,30.00,30.00,60.00,60.00,60.42,1,0,0
4671,30.00,30.00,60.00,60.00,60.38,0,0,0
4672,30.00,30.01,60.00,60.00,60.35,0,0,0
4673,30.00,30.00,60.00,60.00,60.26,1,0,0
4674,30.00,30.00,60.00,60.00,60.24,0,0,0
4675,30.00,30.02,60.00,60.00,60.20,0,0,0
4676,30.00,30.02,60.00,60.00,60.11,0,0,0
4677,30.00,30.01,60.00,60.00,60.01,0,0,0
4678,30.00,30.03,60.00,60.00,59.96,0,0,1
4679,30.00,30.01,60.00,60.00,59.91,0,0,0
4680,30.00,30.01,60.00,60.00,59.89,0,0,0
4681,30.00,29.99,60.00,60.00,60.07,1,0,0
4682,30.00,30.01,60.00,60.00,60.37,0,0,0
4683,30.00,29.97,60.00,60.00,60.50,1,0,0
4684,30.00,30.00,60.00,60.00,60.51,0,0,0
4685,30.00,30.01,60.00,60.00,60.51,0,0,0
4686,30.00,30.02,60.00,60.00,60.51,0,0,0
4687,30.00,29.99,60.00,60.00,60.47,1,0,0
4688,30.00,30.00,60.00,60.00,60.44,1,0,0
4689,30.00,30.02,60.00,60.00,60.37,0,0,0
4690,30.00,30.01,60.00,60.00,60.36,0,0,0
4691,30.00,30.04,60.00,60.00,60.29,0,0,0
4692,30.00,30.01,60.00,60.00,60.25,0,0,0
4693,30.00,30.02,60.00,60.00,60.20,0,0,0
4694,30.00,30.01,60.00,60.00,60.13,0,0,0
4695,30.00,29.99,60.00,60.00,60.09,1,0,0
4696,30.00,30.01,60.00,60.00,60.05,0,0,0
4697,30.00,30.02,60.00,60.00,60.02,0,0,0
4698,30.00,30.02,60.00,60.00,59.99,0,0,1
4699,30.00,30.00,60.00,60.00,59.89,0,0,0
4700,30.00,30.00,60.00,60.00,59.86,0,0,0
4701,30.00,30.00,60.00,60.00,59.94,1,0,0
4702,30.00,30.03,60.00,60.00,60.10,0,0,0
4703,30.00,30.03,60.00,60.00,60.24,0,0,0
4704,30.00,30.00,60.00,60.00,60.28,0,0,0
4705,30.00,30.00,60.00,60.00,60.31,0,0,0
4706,30.00,30.00,60.00,60.00,60.35,1,0,0
4707,30.00,30.01,60.00,60.00,60.31,0,0,0
4708,30.00,29.99,60.00,60.00,60.30,1,0,0
4709,30.00,30.01,60.00,60.00,60.26,0,0,0
4710,30.00,30.00,60.00,60.00,60.21,0,0,0
4711,30.00,30.03,60.00,60.00,60.13,0,0,0
4712,30.00,30.01,60.00,60.00,60.08,0,0,0
4713,30.00,29.99,60.00,60.00,60.04,1,0,0
4714,30.00,30.01,60.00,60.00,60.03,0,0,0
4715,30.00,30.01,60.00,60.00,60.01,0,0,0
4716,30.00,30.00,60.00,60.00,59.95,0,0,1
4717,30.00,30.03,60.00,60.00,59.86,0,0,0
4718,30.00,30.00,60.00,60.00,59.85,1,0,0
4719,30.00,30.03,60.00,60.00,59.95,0,0,0
4720,30.00,30.01,60.00,60.00,60.07,0,0,0
4721,30.00,30.01,60.00,60.00,60.17,0,0,0
4722,30.00,29.99,60.00,60.00,60.21,1,0,0
4723,30.00,30.00,60.00,60.00,60.24,1,0,0
4724,30.00,30.02,60.00,60.00,60.26,0,0,0
4725,30.00,30.01,60.00,60.00,60.27,0,0,0
4726,30.00,30.01,60.00,60.00,60.24,0,0,0
4727,30.00,30.02,60.00,60.00,60.22,0,0,0
4728,30.00,30.03,60.00,60.00,60.19,0,0,0
4729,30.00,30.03,60.00,60.00,60.13,0,0,0
4730,30.00,30.02,60.00,60.00,60.07,0,0,0
4731,30.00,30.02,60.00,60.00,59.97,0,0,1
4732,30.00,30.00,60.00,60.00,59.91,0,0,0
4733,30.00,30.01,60.00,60.00,59.92,0,0,0
4734,30.00,30.00,60.00,60.00,59.98,0,0,0
4735,30.00,30.04,60.00,60.00,59.99,0,0,0
4736,30.00,30.01,60.00,60.00,59.97,0,0,1
4737,30.00,30.04,60.00,60.00,60.03,0,0,0
4738,30.00,30.02,60.00,60.00,60.00,0,0,0
4739,30.00,30.01,60.00,60.00,60.14,0,0,0
4740,30.00,30.01,60.00,60.00,60.35,0,0,0
4741,30.00,30.03,60.00,60.00,60.43,0,0,0
4742,30.00,30.01,60.00,60.00,60.50,0,0,0
4743,30.00,30.01,60.00,60.00,60.50,0,0,0
4744,30.00,30.03,60.00,60.00,60.50,0,0,0
4745,30.00,30.01,60.00,60.00,60.52,0,0,0
4746,30.00,30.03,60.00,60.00,60.50,0,0,0
4747,30.00,30.03,60.00,60.00,60.46,0,0,0
4748,30.00,30.01,60.00,60.00,60.38,0,0,0
4749,30.00,30.02,60.00,60.00,60.40,0,0,0
4750,30.00,30.01,60.00,60.00,60.30,0,0,0
4751,30.00,30.03,60.00,60.00,60.25,0,0,0
4752,30.00,30.01,60.00,60.00,60.22,0,0,0
4753,30.00,30.03,60.00,60.00,60.17,0,0,0
4754,30.00,30.03,60.00,60.00,60.11,0,0,0
4755,30.00,30.03,60.00,60.00,60.09,0,0,0
4756,30.00,30.03,60.00,60.00,60.04,0,0,0
4757,30.00,30.03,60.00,60.00,60.01,0,0,0
4758,30.00,30.01,60.00,60.00,59.95,0,0,1
4759,30.00,30.02,60.00,60.00,59.89,0,0,0
4760,30.00,30.03,60.00,60.00,59.79,0,0,0
4761,30.00,30.03,60.00,60.00,59.86,0,0,0
4762,30.00,30.04,60.00,60.00,59.89,0,0,0
4763,30.00,29.99,60.00,60.00,59.92,1,0,1
4764,30.00,30.03,60.00,60.00,59.92,0,0,0
4765,30.00,30.01,60.00,60.00,59.95,0,0,0
4766,30.00,30.01,60.00,60.00,60.11,0,0,0
4767,30.00,30.00,60.00,60.00,60.23,1,0,0
4768,30.00,30.00,60.00,60.00,60.34,0,0,0
4769,30.00,30.00,60.00,60.00,60.43,0,0,0
4770,30.00,30.03,60.00,60.00,60.48,0,0,0
4771,30.00,30.02,60.00,60.00,60.47,0,0,0
4772,30.00,30.03,60.00,60.00,60.49,0,0,0
4773,30.00,30.01,60.00,60.00,60.46,0,0,0
4774,30.00,30.00,60.00,60.00,60.41,0,0,0
4775,30.00,30.02,60.00,60.00,60.38,0,0,0
4776,30.00,30.02,60.00,60.00,60.35,0,0,0
4777,30.00,30.02,60.00,60.00,60.25,0,0,0
4778,30.00,30.02,60.00,60.00,60.20,0,0,0
4779,30.00,30.02,60.00,60.00,60.17,0,0,0
4780,30.00,30.02,60.00,60.00,60.14,0,0,0
4781,30.00,30.03,60.00,60.00,60.11,0,0,0
4782,30.00,30.02,60.00,60.00,60.06,0,0,0
4783,30.00,30.00,60.00,60.00,60.01,1,0,0
4784,30.00,30.01,60.00,60.00,59.98,0,0,1
4785,30.00,30.03,60.00,60.00,59.92,0,0,0
4786,30.00,30.01,60.00,60.00,59.86,0,0,0
4787,30.00,30.03,60.00,60.00,59.91,0,0,0
4788,30.00,30.00,60.00,60.00,60.04,0,0,0
4789,30.00,30.03,60.00,60.00,60.13,0,0,0
4790,30.00,30.01,60.00,60.00,60.23,0,0,0
4791,30.00,30.00,60.00,60.00,60.29,0,0,0
4792,30.00,30.01,60.00,60.00,60.33,0,0,0
4793,30.00,30.01,60.00,60.00,60.29,0,0,0
4794,30.00,30.00,60.00,60.00,60.26,0,0,0
4795,30.00,30.01,60.00,60.00,60.23,0,0,0
4796,30.00,30.01,60.00,60.00,60.18,0,0,0
4797,30.00,30.02,60.00,60.00,60.18,0,0,0
4798,30.00,30.00,60.00,60.00,60.15,0,0,0
4799,30.00,30.02,60.00,60.00,60.08,0,0,0
4800,30.00,30.03,60.00,60.00,60.04,0,0,0
4801,30.00,30.03,60.00,60.00,60.01,0,0,0
4802,30.00,30.04,60.00,60.00,59.93,0,0,1
4803,30.00,30.01,60.00,60.00,59.90,0,0,0
4804,30.00,30.01,60.00,60.00,59.91,0,0,0
4805,30.00,29.99,60.00,60.00,60.05,1,0,0
4806,30.00,30.00,60.00,60.00,60.20,1,0,0
4807,30.00,30.03,60.00,60.00,60.25,0,0,0
4808,30.00,30.00,60.00,60.00,60.31,0,0,0
4809,30.00,30.01,60.00,60.00,60.31,0,0,0
4810,30.00,30.00,60.00,60.00,60.30,0,0,0
4811,30.00,30.02,60.00,60.00,60.27,0,0,0
4812,30.00,30.01,60.00,60.00,60.21,0,0,0
4813,30.00,30.01,60.00,60.00,60.12,0,0,0
4814,30.00,30.01,60.00,60.00,60.09,0,0,0
4815,30.00,30.01,60.00,60.00,60.06,0,0,0
4816,30.00,30.00,60.00,60.00,60.01,1,0,0
4817,30.00,30.02,60.00,60.00,59.96,0,0,1
4818,30.00,30.02,60.00,60.00,59.89,0,0,0
4819,30.00,30.03,60.00,60.00,59.90,0,0,0
4820,30.00,30.00,60.00,60.00,60.04,0,0,0
4821,30.00,30.01,60.00,60.00,60.23,0,0,0
4822,30.00,30.01,60.00,60.00,60.34,0,0,0
4823,30.00,30.00,60.00,60.00,60.41,1,0,0
4824,30.00,30.02,60.00,60.00,60.43,0,0,0
4825,30.00,30.00,60.00,60.00,60.39,1,0,0
4826,30.00,30.00,60.00,60.00,60.37,1,0,0
4827,30.00,30.00,60.00,60.00,60.31,0,0,0
4828,30.00,30.00,60.00,60.00,60.30,1,0,0
4829,30.00,30.00,60.00,60.00,60.23,0,0,0
4830,30.00,30.01,60.00,60.00,60.17,0,0,0
4831,30.00,30.00,60.00,60.00,60.12,1,0,0
4832,30.00,30.00,60.00,60.00,60.11,1,0,0
4833,30.00,30.02,60.00,60.00,60.08,0,0,0
4834,30.00,29.99,60.00,60.00,60.04,1,0,0
4835,30.00,30.00,60.00,60.00,59.99,0,0,1
4836,30.00,30.01,60.00,60.00,59.95,0,0,0
4837,30.00,29.98,60.00,60.00,59.90,1,0,0
4838,30.00,30.00,60.00,60.00,59.94,0,0,0
4839,30.00,30.02,60.00,60.00,60.02,0,0,0
4840,30.00,29.99,60.00,60.00,60.07,1,0,0
4841,30.00,30.01,60.00,60.00,60.08,0,0,0
4842,30.00,30.00,60.00,60.00,60.10,0,0,0
4843,30.00,30.00,60.00,60.00,60.07,1,0,0
4844,30.00,30.02,60.00,60.00,60.07,0,0,0
4845,30.00,30.01,60.00,60.00,60.01,0,0,0
4846,30.00,30.00,60.00,60.00,60.01,1,0,0
4847,30.00,30.01,60.00,60.00,60.00,0,0,1
4848,30.00,30.01,60.00,60.00,59.95,0,0,0
4849,30.00,30.00,60.00,60.00,59.96,0,0,0
4850,30.00,29.99,60.00,60.00,60.01,1,0,0
4851,30.00,29.99,60.00,60.00,60.06,1,0,0
4852,30.00,29.99,60.00,60.00,60.07,1,0,0
4853,30.00,30.00,60.00,60.00,60.09,0,0,0
4854,30.00,30.00,60.00,60.00,60.12,0,0,0
4855,30.00,30.02,60.00,60.00,60.11,0,0,0
4856,30.00,30.03,60.00,60.00,60.08,0,0,0
4857,30.00,30.03,60.00,60.00,60.04,0,0,0
4858,30.00,30.00,60.00,60.00,60.04,0,0,0
4859,30.00,30.02,60.00,60.00,60.02,0,0,0
4860,30.00,30.03,60.00,60.00,59.94,0,0,1
4861,30.00,30.00,60.00,60.00,59.91,0,0,0
4862,30.00,30.00,60.00,60.00,59.88,1,0,0
4863,30.00,29.99,60.00,60.00,59.96,1,0,0
4864,30.00,30.00,60.00,60.00,60.01,1,0,0
4865,30.00,29.98,60.00,60.00,60.05,1,0,0
4866,30.00,30.00,60.00,60.00,60.05,0,0,0
4867,30.00,30.00,60.00,60.00,60.01,1,0,0
4868,30.00,30.00,60.00,60.00,60.01,1,0,0
4869,30.00,30.03,60.00,60.00,59.97,0,0,1
4870,30.00,30.00,60.00,60.00,59.93,0,0,0
4871,30.00,29.99,60.00,60.00,59.93,1,0,0
4872,30.00,30.00,60.00,60.00,60.00,1,0,0
4873,30.00,30.00,60.00,60.00,60.14,0,0,0
4874,30.00,29.99,60.00,60.00,60.27,1,0,0
4875,30.00,30.00,60.00,60.00,60.36,0,0,0
4876,30.00,30.00,60.00,60.00,60.36,1,0,0
4877,30.00,29.98,60.00,60.00,60.34,1,0,0
4878,30.00,30.01,60.00,60.00,60.29,0,0,0
4879,30.00,30.02,60.00,60.00,60.30,0,0,0
4880,30.00,30.00,60.00,60.00,60.27,1,0,0
4881,30.00,30.01,60.00,60.00,60.24,0,0,0
4882,30.00,30.03,60.00,60.00,60.24,0,0,0
4883,30.00,30.02,60.00,60.00,60.15,0,0,0
4884,30.00,30.01,60.00,60.00,60.14,0,0,0
4885,30.00,30.00,60.00,60.00,60.12,0,0,0
4886,30.00,29.99,60.00,60.00,60.07,1,0,0
4887,30.00,29.99,60.00,60.00,59.98,1,0,1
4888,30.00,30.01,60.00,60.00,59.97,0,0,0
4889,30.00,30.00,60.00,60.00,59.97,1,0,0
4890,30.00,30.01,60.00,60.00,59.97,0,0,0
4891,30.00,30.02,60.00,60.00,60.09,0,0,0
4892,30.00,30.01,60.00,60.00,60.09,0,0,0
4893,30.00,30.01,60.00,60.00,60.12,0,0,0
4894,30.00,30.02,60.00,60.00,60.12,0,0,0
4895,30.00,30.01,60.00,60.00,60.11,0,0,0
4896,30.00,30.01,60.00,60.00,60.08,0,0,0
4897,30.00,30.02,60.00,60.00,60.07,0,0,0
4898,30.00,30.00,60.00,60.00,60.01,1,0,0
4899,30.00,30.03,60.00,60.00,59.99,0,0,1
4900,30.00,30.03,60.00,60.00,59.94,0,0,0
4901,30.00,30.00,60.00,60.00,59.85,0,0,0
4902,30.00,30.03,60.00,60.00,59.88,0,0,0
4903,30.00,30.01,60.00,60.00,59.91,0,0,0
4904,30.00,30.02,60.00,60.00,59.94,0,0,1
4905,30.00,30.01,60.00,60.00,59.92,0,0,0
4906,30.00,29.99,60.00,60.00,59.95,1,0,0
4907,30.00,29.99,60.00,60.00,60.11,1,0,0
4908,30.00,29.99,60.00,60.00,60.27,1,0,0
4909,30.00,29.99,60.00,60.00,60.33,1,0,0
4910,30.00,30.01,60.00,60.00,60.40,0,0,0
4911,30.00,30.02,60.00,60.00,60.45,0,0,0
4912,30.00,30.01,60.00,60.00,60.46,0,0,0
4913,30.00,30.02,60.00,60.00,60.48,0,0,0
4914,30.00,30.01,60.00,60.00,60.50,0,0,0
4915,30.00,30.01,60.00,60.00,60.48,0,0,0
4916,30.00,30.01,60.00,60.00,60.44,0,0,0
4917,30.00,30.02,60.00,60.00,60.34,0,0,0
4918,30.00,30.01,60.00,60.00,60.33,0,0,0
4919,30.00,30.03,60.00,60.00,60.32,0,0,0
4920,30.00,30.00,60.00,60.00,60.26,1,0,0
4921,30.00,30.03,60.00,60.00,60.18,0,0,0
4922,30.00,30.00,60.00,60.00,60.15,1,0,0
4923,30.00,30.00,60.00,60.00,60.07,0,0,0
4924,30.00,30.01,60.00,60.00,60.01,0,0,0
4925,30.00,30.03,60.00,60.00,59.97,0,0,1
4926,30.00,29.98,60.00,60.00,59.91,1,0,0
4927,30.00,30.01,60.00,60.00,59.94,0,0,0
4928,30.00,30.01,60.00,60.00,59.99,0,0,0
4929,30.00,30.01,60.00,60.00,59.96,0,0,0
4930,30.00,30.02,60.00,60.00,59.99,0,0,1
4931,30.00,30.02,60.00,60.00,60.01,0,0,0
4932,30.00,29.99,60.00,60.00,60.03,1,0,0
4933,30.00,30.01,60.00,60.00,60.22,0,0,0
4934,30.00,29.99,60.00,60.00,60.41,1,0,0
4935,30.00,30.03,60.00,60.00,60.50,0,0,0
4936,30.00,30.00,60.00,60.00,60.59,1,0,0
4937,30.00,30.00,60.00,60.00,60.63,0,0,0
4938,30.00,30.00,60.00,60.00,60.66,0,0,0
4939,30.00,30.00,60.00,60.00,60.63,0,0,0
4940,30.00,29.99,60.00,60.00,60.61,1,0,0
4941,30.00,30.00,60.00,60.00,60.56,0,0,0
4942,30.00,30.01,60.00,60.00,60.50,0,0,0
4943,30.00,30.00,60.00,60.00,60.45,0,0,0
4944,30.00,30.01,60.00,60.00,60.35,0,0,0
4945,30.00,30.01,60.00,60.00,60.31,0,0,0
4946,30.00,30.00,60.00,60.00,60.27,0,0,0
4947,30.00,29.99,60.00,60.00,60.20,1,0,0
4948,30.00,30.00,60.00,60.00,60.17,1,0,0
4949,30.00,30.03,60.00,60.00,60.13,0,0,0
4950,30.00,30.02,60.00,60.00,60.07,0,0,0
4951,30.00,30.01,60.00,60.00,59.96,0,0,1
4952,30.00,30.03,60.00,60.00,59.97,0,0,0
4953,30.00,30.02,60.00,60.00,59.96,0,0,0
4954,30.00,29.99,60.00,60.00,60.05,1,0,0
4955,30.00,30.03,60.00,60.00,60.21,0,0,0
4956,30.00,30.00,60.00,60.00,60.25,0,0,0
4957,30.00,30.01,60.00,60.00,60.34,0,0,0
4958,30.00,30.03,60.00,60.00,60.38,0,0,0
4959,30.00,30.02,60.00,60.00,60.38,0,0,0
4960,30.00,30.03,60.00,60.00,60.37,0,0,0
4961,30.00,30.00,60.00,60.00,60.34,1,0,0
4962,30.00,30.01,60.00,60.00,60.29,0,0,0
4963,30.00,30.00,60.00,60.00,60.26,1,0,0
4964,30.00,30.03,60.00,60.00,60.24,0,0,0
4965,30.00,30.00,60.00,60.00,60.22,1,0,0
4966,30.00,30.00,60.00,60.00,60.19,0,0,0
4967,30.00,29.99,60.00,60.00,60.12,1,0,0
4968,30.00,30.03,60.00,60.00,60.09,0,0,0
4969,30.00,30.01,60.00,60.00,60.06,0,0,0
4970,30.00,30.03,60.00,60.00,59.97,0,0,1
4971,30.00,30.02,60.00,60.00,59.96,0,0,0
4972,30.00,30.03,60.00,60.00,59.94,0,0,0
4973,30.00,30.03,60.00,60.00,59.91,0,0,0
4974,30.00,30.03,60.00,60.00,60.08,0,0,0
4975,30.00,30.02,60.00,60.00,60.19,0,0,0
4976,30.00,30.01,60.00,60.00,60.28,0,0,0
4977,30.00,30.01,60.00,60.00,60.34,0,0,0
4978,30.00,30.02,60.00,60.00,60.39,0,0,0
4979,30.00,30.03,60.00,60.00,60.39,0,0,0
4980,30.00,29.99,60.00,60.00,60.40,1,0,0
4981,30.00,30.01,60.00,60.00,60.35,0,0,0
4982,30.00,30.01,60.00,60.00,60.34,0,0,0
4983,30.00,30.01,60.00,60.00,60.33,0,0,0
4984,30.00,30.01,60.00,60.00,60.29,0,0,0
4985,30.00,30.02,60.00,60.00,60.23,0,0,0
4986,30.00,30.03,60.00,60.00,60.18,0,0,0
4987,30.00,30.00,60.00,60.00,60.11,0,0,0
4988,30.00,30.01,60.00,60.00,60.05,0,0,0
4989,30.00,30.04,60.00,60.00,60.05,0,0,0
4990,30.00,30.03,60.00,60.00,59.98,0,0,1
4991,30.00,30.03,60.00,60.00,59.94,0,0,0
4992,30.00,30.02,60.00,60.00,59.91,0,0,0
4993,30.00,30.02,60.00,60.00,60.10,0,0,0
4994,30.00,30.02,60.00,60.00,60.27,0,0,0
4995,30.00,30.00,60.00,60.00,60.37,1,0,0
4996,30.00,30.03,60.00,60.00,60.45,0,0,0
4997,30.00,30.02,60.00,60.00,60.48,0,0,0
4998,30.00,30.04,60.00,60.00,60.49,0,0,0
4999,30.00,30.00,60.00,60.00,60.45,1,0,0
5000,30.00,30.01,60.00,60.00,60.43,0,0,0
5001,30.00,30.03,60.00,60.00,60.40,0,0,0
5002,30.00,30.03,60.00,60.00,60.36,0,0,0
5003,30.00,30.01,60.00,60.00,60.26,0,0,0
5004,30.00,30.02,60.00,60.00,60.20,0,0,0
5005,30.00,30.03,60.00,60.00,60.16,0,0,0
5006,30.00,30.04,60.00,60.00,60.13,0,0,0
5007,30.00,30.00,60.00,60.00,60.06,1,0,0
5008,30.00,30.01,60.00,60.00,60.04,0,0,0
5009,30.00,30.02,60.00,60.00,59.98,0,0,1
5010,30.00,30.03,60.00,60.00,59.94,0,0,0
5011,30.00,30.02,60.00,60.00,59.95,0,0,0
5012,30.00,30.01,60.00,60.00,60.08,0,0,0
5013,30.00,30.01,60.00,60.00,60.20,0,0,0
5014,30.00,30.03,60.00,60.00,60.29,0,0,0
5015,30.00,30.02,60.00,60.00,60.29,0,0,0
5016,30.00,30.03,60.00,60.00,60.29,0,0,0
5017,30.00,30.03,60.00,60.00,60.32,0,0,0
5018,30.00,30.05,60.00,60.00,60.28,0,0,0
5019,30.00,30.02,60.00,60.00,60.26,0,0,0
5020,30.00,30.03,60.00,60.00,60.21,0,0,0
5021,30.00,30.01,60.00,60.00,60.19,0,0,0
5022,30.00,30.03,60.00,60.00,60.11,0,0,0
5023,30.00,30.01,60.00,60.00,60.05,0,0,0
5024,30.00,30.01,60.00,60.00,59.98,0,0,1
5025,30.00,30.00,60.00,60.00,59.91,1,0,0
5026,30.00,30.03,60.00,60.00,59.84,0,0,0
5027,30.00,30.00,60.00,60.00,59.99,1,0,0
5028,30.00,30.01,60.00,60.00,60.17,0,0,0
5029,30.00,30.01,60.00,60.00,60.25,0,0,0
5030,30.00,30.01,60.00,60.00,60.36,0,0,0
5031,30.00,30.03,60.00,60.00,60.36,0,0,0
5032,30.00,30.03,60.00,60.00,60.35,0,0,0
5033,30.00,30.01,60.00,60.00,60.36,0,0,0
5034,30.00,30.03,60.00,60.00,60.33,0,0,0
5035,30.00,29.99,60.00,60.00,60.27,1,0,0
5036,30.00,30.01,60.00,60.00,60.22,0,0,0
5037,30.00,29.99,60.00,60.00,60.17,1,0,0
5038,30.00,30.01,60.00,60.00,60.15,0,0,0
5039,30.00,30.03,60.00,60.00,60.09,0,0,0
5040,30.00,30.01,60.00,60.00,60.01,0,0,0
5041,30.00,30.03,60.00,60.00,59.95,0,0,1
5042,30.00,30.01,60.00,60.00,59.92,0,0,0
5043,30.00,30.02,60.00,60.00,59.91,0,0,0
5044,30.00,30.01,60.00,60.00,60.03,0,0,0
5045,30.00,30.01,60.00,60.00,60.12,0,0,0
5046,30.00,30.01,60.00,60.00,60.16,0,0,0
5047,30.00,30.01,60.00,60.00,60.14,0,0,0
5048,30.00,30.00,60.00,60.00,60.13,1,0,0
5049,30.00,30.01,60.00,60.00,60.14,0,0,0
5050,30.00,30.02,60.00,60.00,60.12,0,0,0
5051,30.00,30.02,60.00,60.00,60.12,0,0,0
5052,30.00,30.03,60.00,60.00,60.07,0,0,0
5053,30.00,30.01,60.00,60.00,60.06,0,0,0
5054,30.00,30.02,60.00,60.00,60.04,0,0,0
5055,30.00,30.04,60.00,60.00,59.95,0,0,1
5056,30.00,29.99,60.00,60.00,59.93,1,0,0
5057,30.00,30.01,60.00,60.00,59.87,0,0,0
5058,30.00,30.00,60.00,60.00,59.90,1,0,0
5059,30.00,30.00,60.00,60.00,60.00,1,0,0
5060,30.00,30.02,60.00,60.00,60.08,0,0,0
5061,30.00,30.00,60.00,60.00,60.14,0,0,0
5062,30.00,30.04,60.00,60.00,60.11,0,0,0
5063,30.00,30.01,60.00,60.00,60.12,0,0,0
5064,30.00,30.02,60.00,60.00,60.12,0,0,0
5065,30.00,30.00,60.00,60.00,60.11,1,0,0
5066,30.00,30.01,60.00,60.00,60.08,0,0,0
5067,30.00,29.99,60.00,60.00,60.08,1,0,0
5068,30.00,30.00,60.00,60.00,60.03,1,0,0
5069,30.00,30.01,60.00,60.00,60.01,0,0,0
5070,30.00,30.00,60.00,60.00,59.92,0,0,1
5071,30.00,30.02,60.00,60.00,59.89,0,0,0
5072,30.00,30.00,60.00,60.00,59.84,1,0,0
5073,30.00,30.03,60.00,60.00,59.90,0,0,0
5074,30.00,30.00,60.00,60.00,60.02,0,0,0
5075,30.00,30.02,60.00,60.00,60.12,0,0,0
5076,30.00,30.01,60.00,60.00,60.16,0,0,0
5077,30.00,29.99,60.00,60.00,60.20,1,0,0
5078,30.00,30.00,60.00,60.00,60.18,0,0,0
5079,30.00,30.02,60.00,60.00,60.16,0,0,0
5080,30.00,30.03,60.00,60.00,60.14,0,0,0
5081,30.00,30.01,60.00,60.00,60.11,0,0,0
5082,30.00,30.00,60.00,60.00,60.07,0,0,0
5083,30.00,29.99,60.00,60.00,60.04,1,0,0
5084,30.00,30.02,60.00,60.00,60.01,0,0,0
5085,30.00,30.01,60.00,60.00,59.96,0,0,1
5086,30.00,30.01,60.00,60.00,59.93,0,0,0
5087,30.00,29.99,60.00,60.00,59.87,1,0,0
5088,30.00,29.99,60.00,60.00,59.90,1,0,0
5089,30.00,30.01,60.00,60.00,59.95,0,0,0
5090,30.00,29.99,60.00,60.00,59.95,1,0,1
5091,30.00,30.03,60.00,60.00,59.96,0,0,0
5092,30.00,30.02,60.00,60.00,59.98,0,0,0
5093,30.00,30.00,60.00,60.00,60.12,1,0,0
5094,30.00,30.02,60.00,60.00,60.23,0,0,0
5095,30.00,30.01,60.00,60.00,60.36,0,0,0
5096,30.00,29.99,60.00,60.00,60.44,1,0,0
5097,30.00,30.02,60.00,60.00,60.51,0,0,0
5098,30.00,30.00,60.00,60.00,60.51,0,0,0
5099,30.00,30.02,60.00,60.00,60.52,0,0,0
5100,30.00,30.01,60.00,60.00,60.48,0,0,0
5101,30.00,30.01,60.00,60.00,60.46,0,0,0
5102,30.00,30.01,60.00,60.00,60.42,0,0,0
5103,30.00,30.01,60.00,60.00,60.39,0,0,0
5104,30.00,30.01,60.00,60.00,60.31,0,0,0
5105,30.00,30.02,60.00,60.00,60.29,0,0,0
5106,30.00,30.00,60.00,60.00,60.23,0,0,0
5107,30.00,30.01,60.00,60.00,60.18,0,0,0
5108,30.00,30.00,60.00,60.00,60.09,1,0,0
5109,30.00,30.01,60.00,60.00,60.05,0,0,0
5110,30.00,30.02,60.00,60.00,60.00,0,0,0
5111,30.00,30.00,60.00,60.00,59.99,0,0,1
5112,30.00,30.01,60.00,60.00,59.89,0,0,0
5113,30.00,30.01,60.00,60.00,59.87,0,0,0
5114,30.00,30.00,60.00,60.00,60.02,0,0,0
5115,30.00,30.01,60.00,60.00,60.10,0,0,0
5116,30.00,30.00,60.00,60.00,60.21,1,0,0
5117,30.00,30.00,60.00,60.00,60.27,0,0,0
5118,30.00,29.98,60.00,60.00,60.33,1,0,0
5119,30.00,30.00,60.00,60.00,60.30,0,0,0
5120,30.00,30.00,60.00,60.00,60.33,1,0,0
5121,30.00,30.03,60.00,60.00,60.32,0,0,0
5122,30.00,30.03,60.00,60.00,60.31,0,0,0
5123,30.00,30.01,60.00,60.00,60.28,0,0,0
5124,30.00,30.00,60.00,60.00,60.21,1,0,0
5125,30.00,30.00,60.00,60.00,60.17,0,0,0
5126,30.00,30.00,60.00,60.00,60.11,1,0,0
5127,30.00,30.00,60.00,60.00,60.08,0,0,0
5128,30.00,30.02,60.00,60.00,60.00,0,0,0
5129,30.00,29.99,60.00,60.00,59.98,1,0,1
5130,30.00,30.02,60.00,60.00,59.94,0,0,0
5131,30.00,30.01,60.00,60.00,59.89,0,0,0
5132,30.00,30.00,60.00,60.00,59.95,1,0,0
5133,30.00,30.00,60.00,60.00,60.10,0,0,0
5134,30.00,30.00,60.00,60.00,60.19,0,0,0
5135,30.00,30.01,60.00,60.00,60.25,0,0,0
5136,30.00,30.02,60.00,60.00,60.27,0,0,0
5137,30.00,30.01,60.00,60.00,60.25,0,0,0
5138,30.00,30.00,60.00,60.00,60.23,1,0,0
5139,30.00,30.00,60.00,60.00,60.20,0,0,0
5140,30.00,29.99,60.00,60.00,60.13,1,0,0
5141,30.00,30.00,60.00,60.00,60.09,1,0,0
5142,30.00,30.00,60.00,60.00,60.02,0,0,0
5143,30.00,30.02,60.00,60.00,59.95,0,0,1
5144,30.00,30.01,60.00,60.00,59.90,0,0,0
5145,30.00,30.00,60.00,60.00,59.91,1,0,0
5146,30.00,30.01,60.00,60.00,60.04,0,0,0
5147,30.00,29.99,60.00,60.00,60.21,1,0,0
5148,30.00,30.01,60.00,60.00,60.22,0,0,0
5149,30.00,30.00,60.00,60.00,60.28,1,0,0
5150,30.00,30.02,60.00,60.00,60.28,0,0,0
5151,30.00,30.02,60.00,60.00,60.26,0,0,0
5152,30.00,30.01,60.00,60.00,60.25,0,0,0
5153,30.00,30.00,60.00,60.00,60.20,1,0,0
5154,30.00,30.00,60.00,60.00,60.15,0,0,0
5155,30.00,29.99,60.00,60.00,60.10,1,0,0
5156,30.00,30.03,60.00,60.00,60.09,0,0,0
5157,30.00,30.01,60.00,60.00,60.03,0,0,0
5158,30.00,30.02,60.00,60.00,60.00,0,0,1
5159,30.00,30.01,60.00,60.00,59.99,0,0,0
5160,30.00,29.99,60.00,60.00,59.94,1,0,0
5161,30.00,30.03,60.00,60.00,60.05,0,0,0
5162,30.00,30.01,60.00,60.00,60.14,0,0,0
5163,30.00,30.00,60.00,60.00,60.28,1,0,0
5164,30.00,30.02,60.00,60.00,60.34,0,0,0
5165,30.00,29.99,60.00,60.00,60.37,1,0,0
5166,30.00,29.99,60.00,60.00,60.39,1,0,0
5167,30.00,30.02,60.00,60.00,60.41,0,0,0
5168,30.00,30.02,60.00,60.00,60.38,0,0,0
5169,30.00,30.00,60.00,60.00,60.35,1,0,0
5170,30.00,30.01,60.00,60.00,60.29,0,0,0
5171,30.00,30.02,60.00,60.00,60.25,0,0,0
5172,30.00,29.99,60.00,60.00,60.17,1,0,0
5173,30.00,30.01,60.00,60.00,60.15,0,0,0
5174,30.00,30.02,60.00,60.00,60.09,0,0,0
5175,30.00,30.01,60.00,60.00,60.10,0,0,0
5176,30.00,30.00,60.00,60.00,60.07,0,0,0
5177,30.00,30.03,60.00,60.00,60.04,0,0,0
5178,30.00,30.00,60.00,60.00,59.93,1,0,1
5179,30.00,29.99,60.00,60.00,59.90,1,0,0
5180,30.00,30.01,60.00,60.00,59.86,0,0,0
5181,30.00,30.00,60.00,60.00,59.93,0,0,0
5182,30.00,30.01,60.00,60.00,60.11,0,0,0
5183,30.00,30.00,60.00,60.00,60.23,1,0,0
5184,30.00,30.03,60.00,60.00,60.29,0,0,0
5185,30.00,30.00,60.00,60.00,60.34,0,0,0
5186,30.00,30.01,60.00,60.00,60.35,0,0,0
5187,30.00,30.01,60.00,60.00,60.33,0,0,0
5188,30.00,30.01,60.00,60.00,60.32,0,0,0
5189,30.00,30.00,60.00,60.00,60.27,0,0,0
5190,30.00,30.02,60.00,60.00,60.22,0,0,0
5191,30.00,29.99,60.00,60.00,60.19,1,0,0
5192,30.00,30.01,60.00,60.00,60.15,0,0,0
5193,30.00,29.99,60.00,60.00,60.08,1,0,0
5194,30.00,30.01,60.00,60.00,60.05,0,0,0
5195,30.00,30.02,60.00,60.00,59.99,0,0,1
5196,30.00,30.00,60.00,60.00,59.98,1,0,0
5197,30.00,30.03,60.00,60.00,59.92,0,0,0
5198,30.00,30.00,60.00,60.00,60.04,0,0,0
5199,30.00,30.02,60.00,60.00,60.09,0,0,0
5200,30.00,30.00,60.00,60.00,60.15,1,0,0
5201,30.00,30.01,60.00,60.00,60.17,0,0,0
5202,30.00,30.01,60.00,60.00,60.18,0,0,0
5203,30.00,30.01,60.00,60.00,60.15,0,0,0
5204,30.00,29.99,60.00,60.00,60.19,1,0,0
5205,30.00,30.02,60.00,60.00,60.14,0,0,0
5206,30.00,29.99,60.00,60.00,60.10,1,0,0
5207,30.00,30.04,60.00,60.00,60.07,0,0,0
5208,30.00,30.02,60.00,60.00,60.02,0,0,0
5209,30.00,30.01,60.00,60.00,59.97,0,0,1
5210,30.00,30.03,60.00,60.00,59.94,0,0,0
5211,30.00,30.02,60.00,60.00,59.93,0,0,0
5212,30.00,30.00,60.00,60.00,60.03,1,0,0
5213,30.00,30.00,60.00,60.00,60.21,1,0,0
5214,30.00,30.00,60.00,60.00,60.25,1,0,0
5215,30.00,30.00,60.00,60.00,60.33,0,0,0
5216,30.00,30.01,60.00,60.00,60.38,0,0,0
5217,30.00,30.02,60.00,60.00,60.32,0,0,0
5218,30.00,30.01,60.00,60.00,60.28,0,0,0
5219,30.00,30.01,60.00,60.00,60.23,0,0,0
5220,30.00,30.01,60.00,60.00,60.18,0,0,0
5221,30.00,30.00,60.00,60.00,60.11,1,0,0
5222,30.00,30.00,60.00,60.00,60.08,0,0,0
5223,30.00,30.01,60.00,60.00,60.04,0,0,0
5224,30.00,30.02,60.00,60.00,59.97,0,0,1
5225,30.00,30.01,60.00,60.00,59.95,0,0,0
5226,30.00,30.01,60.00,60.00,59.91,0,0,0
5227,30.00,29.98,60.00,60.00,60.06,1,0,0
5228,30.00,30.01,60.00,60.00,60.22,0,0,0
5229,30.00,30.03,60.00,60.00,60.37,0,0,0
5230,30.00,30.03,60.00,60.00,60.46,0,0,0
5231,30.00,30.02,60.00,60.00,60.48,0,0,0
5232,30.00,30.02,60.00,60.00,60.47,0,0,0
5233,30.00,30.02,60.00,60.00,60.45,0,0,0
5234,30.00,30.02,60.00,60.00,60.42,0,0,0
5235,30.00,30.02,60.00,60.00,60.37,0,0,0
5236,30.00,30.03,60.00,60.00,60.34,0,0,0
5237,30.00,30.01,60.00,60.00,60.28,0,0,0
5238,30.00,30.01,60.00,60.00,60.25,0,0,0
5239,30.00,30.02,60.00,60.00,60.19,0,0,0
5240,30.00,30.00,60.00,60.00,60.15,0,0,0
5241,30.00,30.01,60.00,60.00,60.11,0,0,0
5242,30.00,30.03,60.00,60.00,60.10,0,0,0
5243,30.00,29.99,60.00,60.00,60.06,1,0,0
5244,30.00,30.06,60.00,60.00,60.02,0,0,0
5245,30.00,30.03,60.00,60.00,60.00,0,0,1
5246,30.00,30.00,60.00,60.00,59.97,1,0,0
5247,30.00,30.01,60.00,60.00,59.91,0,0,0
5248,30.00,30.03,60.00,60.00,59.93,0,0,0
5249,30.00,30.01,60.00,60.00,59.93,0,0,0
5250,30.00,30.02,60.00,60.00,59.98,0,0,1
5251,30.00,30.02,60.00,60.00,59.98,0,0,0
5252,30.00,30.01,60.00,60.00,60.02,0,0,0
5253,30.00,30.01,60.00,60.00,60.08,0,0,0
5254,30.00,30.01,60.00,60.00,60.24,0,0,0
5255,30.00,30.01,60.00,60.00,60.39,0,0,0
5256,30.00,30.01,60.00,60.00,60.49,0,0,0
5257,30.00,30.03,60.00,60.00,60.56,0,0,0
5258,30.00,30.01,60.00,60.00,60.58,0,0,0
5259,30.00,30.03,60.00,60.00,60.56,0,0,0
5260,30.00,30.00,60.00,60.00,60.57,1,0,0
5261,30.00,30.01,60.00,60.00,60.53,0,0,0
5262,30.00,30.01,60.00,60.00,60.46,0,0,0
5263,30.00,30.00,60.00,60.00,60.45,0,0,0
5264,30.00,30.02,60.00,60.00,60.40,0,0,0
5265,30.00,30.03,60.00,60.00,60.32,0,0,0
5266,30.00,30.02,60.00,60.00,60.29,0,0,0
5267,30.00,30.00,60.00,60.00,60.25,0,0,0
5268,30.00,30.01,60.00,60.00,60.20,0,0,0
5269,30.00,30.01,60.00,60.00,60.16,0,0,0
5270,30.00,30.02,60.00,60.00,60.14,0,0,0
5271,30.00,30.02,60.00,60.00,60.10,0,0,0
5272,30.00,30.01,60.00,60.00,60.02,0,0,0
5273,30.00,30.03,60.00,60.00,59.97,0,0,1
5274,30.00,30.02,60.00,60.00,59.91,0,0,0
5275,30.00,30.00,60.00,60.00,59.86,1,0,0
5276,30.00,30.00,60.00,60.00,59.92,0,0,0
5277,30.00,30.01,60.00,60.00,60.06,0,0,0
5278,30.00,30.01,60.00,60.00,60.02,0,0,0
5279,30.00,30.00,60.00,60.00,60.04,0,0,0
5280,30.00,30.01,60.00,60.00,60.10,0,0,0
5281,30.00,30.04,60.00,60.00,60.06,0,0,0
5282,30.00,30.01,60.00,60.00,60.04,0,0,0
5283,30.00,30.03,60.00,60.00,60.00,0,0,1
5284,30.00,30.04,60.00,60.00,59.97,0,0,0
5285,30.00,30.04,60.00,60.00,59.93,0,0,0
5286,30.00,29.99,60.00,60.00,59.94,1,0,0
5287,30.00,30.00,60.00,60.00,60.10,1,0,0
5288,30.00,30.01,60.00,60.00,60.26,0,0,0
5289,30.00,30.00,60.00,60.00,60.30,1,0,0
5290,30.00,30.02,60.00,60.00,60.32,0,0,0
5291,30.00,30.02,60.00,60.00,60.35,0,0,0
5292,30.00,29.99,60.00,60.00,60.32,1,0,0
5293,30.00,30.02,60.00,60.00,60.32,0,0,0
5294,30.00,30.03,60.00,60.00,60.29,0,0,0
5295,30.00,30.01,60.00,60.00,60.26,0,0,0
5296,30.00,30.00,60.00,60.00,60.24,1,0,0
5297,30.00,30.02,60.00,60.00,60.17,0,0,0
5298,30.00,30.01,60.00,60.00,60.10,0,0,0
5299,30.00,30.01,60.00,60.00,60.07,0,0,0
5300,30.00,30.03,60.00,60.00,60.04,0,0,0
5301,30.00,30.01,60.00,60.00,59.98,0,0,1
5302,30.00,30.00,60.00,60.00,59.98,0,0,0
5303,30.00,30.01,60.00,60.00,59.96,0,0,0
5304,30.00,30.03,60.00,60.00,60.04,0,0,0
5305,30.00,29.99,60.00,60.00,60.12,1,0,0
5306,30.00,29.99,60.00,60.00,60.19,1,0,0
5307,30.00,30.03,60.00,60.00,60.23,0,0,0
5308,30.00,29.99,60.00,60.00,60.21,1,0,0
5309,30.00,30.01,60.00,60.00,60.22,0,0,0
5310,30.00,30.00,60.00,60.00,60.18,0,0,0
5311,30.00,30.00,60.00,60.00,60.13,0,0,0
5312,30.00,30.01,60.00,60.00,60.06,0,0,0
5313,30.00,30.03,60.00,60.00,60.01,0,0,0
5314,30.00,30.00,60.00,60.00,59.93,0,0,1
5315,30.00,30.02,60.00,60.00,59.92,0,0,0
5316,30.00,30.00,60.00,60.00,59.90,1,0,0
5317,30.00,30.01,60.00,60.00,59.95,0,0,0
5318,30.00,29.98,60.00,60.00,60.02,1,0,0
5319,30.00,30.02,60.00,60.00,60.08,0,0,0
5320,30.00,30.01,60.00,60.00,60.14,0,0,0
5321,30.00,30.01,60.00,60.00,60.16,0,0,0
5322,30.00,30.03,60.00,60.00,60.22,0,0,0
5323,30.00,30.01,60.00,60.00,60.17,0,0,0
5324,30.00,30.02,60.00,60.00,60.17,0,0,0
5325,30.00,30.02,60.00,60.00,60.16,0,0,0
5326,30.00,30.02,60.00,60.00,60.09,0,0,0
5327,30.00,30.01,60.00,60.00,60.05,0,0,0
5328,30.00,30.01,60.00,60.00,59.98,0,0,1
5329,30.00,30.01,60.00,60.00,59.93,0,0,0
5330,30.00,30.02,60.00,60.00,59.95,0,0,0
5331,30.00,30.01,60.00,60.00,60.14,0,0,0
5332,30.00,29.99,60.00,60.00,60.22,1,0,0
5333,30.00,30.02,60.00,60.00,60.35,0,0,0
5334,30.00,29.99,60.00,60.00,60.37,1,0,0
5335,30.00,30.01,60.00,60.00,60.37,0,0,0
5336,30.00,30.01,60.00,60.00,60.37,0,0,0
5337,30.00,30.01,60.00,60.00,60.33,0,0,0
5338,30.00,29.99,60.00,60.00,60.31,1,0,0
5339,30.00,30.00,60.00,60.00,60.28,0,0,0
5340,30.00,30.00,60.00,60.00,60.23,1,0,0
5341,30.00,30.00,60.00,60.00,60.20,1,0,0
5342,30.00,29.99,60.00,60.00,60.13,1,0,0
5343,30.00,30.01,60.00,60.00,60.10,0,0,0
5344,30.00,30.01,60.00,60.00,60.07,0,0,0
5345,30.00,30.01,60.00,60.00,60.04,0,0,0
5346,30.00,30.02,60.00,60.00,59.96,0,0,1
5347,30.00,30.01,60.00,60.00,59.93,0,0,0
5348,30.00,30.00,60.00,60.00,59.88,1,0,0
5349,30.00,30.00,60.00,60.00,59.92,1,0,0
5350,30.00,30.00,60.00,60.00,60.00,1,0,0
5351,30.00,30.00,60.00,60.00,60.05,1,0,0
5352,30.00,30.00,60.00,60.00,60.06,1,0,0
5353,30.00,30.02,60.00,60.00,60.08,0,0,0
5354,30.00,30.00,60.00,60.00,60.08,0,0,0
5355,30.00,30.02,60.00,60.00,60.08,0,0,0
5356,30.00,30.00,60.00,60.00,60.05,0,0,0
5357,30.00,29.99,60.00,60.00,60.03,1,0,0
5358,30.00,30.00,60.00,60.00,59.97,0,0,1
5359,30.00,29.99,60.00,60.00,59.97,1,0,0
5360,30.00,30.01,60.00,60.00,59.91,0,0,0
5361,30.00,30.03,60.00,60.00,60.01,0,0,0
5362,30.00,29.99,60.00,60.00,60.04,1,0,0
5363,30.00,30.01,60.00,60.00,60.01,0,0,0
5364,30.00,30.00,60.00,60.00,60.00,0,0,0
5365,30.00,30.00,60.00,60.00,59.98,1,0,1
5366,30.00,30.00,60.00,60.00,59.97,0,0,0
5367,30.00,30.01,60.00,60.00,59.93,0,0,0
5368,30.00,30.01,60.00,60.00,59.96,0,0,0
5369,30.00,30.00,60.00,60.00,60.03,0,0,0
5370,30.00,30.01,60.00,60.00,60.07,0,0,0
5371,30.00,30.01,60.00,60.00,60.07,0,0,0
5372,30.00,30.01,60.00,60.00,60.08,0,0,0
5373,30.00,30.01,60.00,60.00,60.04,0,0,0
5374,30.00,30.03,60.00,60.00,60.01,0,0,0
5375,30.00,30.01,60.00,60.00,59.98,0,0,1
5376,30.00,30.00,60.00,60.00,59.93,1,0,0
5377,30.00,30.01,60.00,60.00,59.89,0,0,0
5378,30.00,30.01,60.00,60.00,60.01,0,0,0
5379,30.00,30.01,60.00,60.00,60.10,0,0,0
5380,30.00,30.00,60.00,60.00,60.10,1,0,0
5381,30.00,30.00,60.00,60.00,60.18,1,0,0
5382,30.00,30.00,60.00,60.00,60.15,1,0,0
5383,30.00,30.00,60.00,60.00,60.17,0,0,0
5384,30.00,30.02,60.00,60.00,60.15,0,0,0
5385,30.00,30.01,60.00,60.00,60.18,0,0,0
5386,30.00,30.00,60.00,60.00,60.13,1,0,0
5387,30.00,30.01,60.00,60.00,60.11,0,0,0
5388,30.00,30.00,60.00,60.00,60.08,1,0,0
5389,30.00,30.02,60.00,60.00,60.07,0,0,0
5390,30.00,30.01,60.00,60.00,60.00,0,0,0
5391,30.00,30.04,60.00,60.00,59.97,0,0,1
5392,30.00,30.00,60.00,60.00,59.94,0,0,0
5393,30.00,30.03,60.00,60.00,59.93,0,0,0
5394,30.00,30.00,60.00,60.00,59.91,1,0,0
5395,30.00,30.00,60.00,60.00,59.94,0,0,0
5396,30.00,30.01,60.00,60.00,59.99,0,0,1
5397,30.00,30.00,60.00,60.00,60.00,0,0,0
5398,30.00,30.00,60.00,60.00,59.99,1,0,0
5399,30.00,30.01,60.00,60.00,60.06,0,0,0
5400,30.00,30.01,60.00,60.00,60.20,0,0,0
5401,30.00,30.01,59.99,59.99,60.33,0,0,0
5402,30.00,30.01,59.98,59.98,60.45,0,0,0
5403,30.00,30.01,59.97,59.97,60.52,0,0,0
5404,30.00,30.01,59.95,59.95,60.55,0,0,0
5405,30.00,30.01,59.94,59.94,60.58,0,0,0
5406,30.00,30.00,59.93,59.93,60.54,1,0,0
5407,30.00,29.99,59.92,59.92,60.52,1,0,0
5408,30.00,30.00,59.91,59.91,60.50,0,0,0
5409,30.00,30.00,59.90,59.90,60.45,1,0,0
5410,30.00,30.03,59.89,59.89,60.37,0,0,0
5411,30.00,30.02,59.88,59.88,60.30,0,0,0
5412,30.00,30.03,59.86,59.86,60.27,0,0,0
5413,30.00,30.02,59.85,59.85,60.24,0,0,0
5414,30.00,30.00,59.84,59.84,60.19,0,0,0
5415,30.00,30.02,59.83,59.83,60.17,0,0,0
5416,30.00,30.03,59.82,59.82,60.11,0,0,0
5417,30.00,30.03,59.81,59.81,60.08,0,0,0
5418,30.00,30.03,59.80,59.80,60.06,0,0,0
5419,30.00,30.02,59.78,59.78,59.96,0,0,0
5420,30.00,30.00,59.77,59.77,59.82,1,0,0
5421,30.00,30.01,59.76,59.76,59.81,0,0,0
5422,30.00,30.01,59.75,59.75,59.76,0,0,0
5423,30.00,30.01,59.74,59.74,59.74,0,0,0
5424,30.00,30.02,59.73,59.73,59.71,0,0,1
5425,30.00,30.00,59.72,59.72,59.67,0,0,0
5426,30.00,29.99,59.71,59.71,59.63,1,0,0
5427,30.00,30.02,59.69,59.69,59.65,0,0,0
5428,30.00,30.04,59.68,59.68,59.70,0,0,0
5429,30.00,30.02,59.67,59.67,59.76,0,0,0
5430,30.00,30.02,59.66,59.66,59.80,0,0,0
5431,30.00,30.02,59.65,59.65,59.80,0,0,0
5432,30.00,30.02,59.64,59.64,59.77,0,0,0
5433,30.00,30.04,59.63,59.63,59.71,0,0,0
5434,30.00,30.00,59.61,59.61,59.66,0,0,0
5435,30.00,30.02,59.60,59.60,59.60,0,0,1
5436,30.00,30.04,59.59,59.59,59.57,0,0,0
5437,30.00,30.02,59.58,59.58,59.56,0,0,0
5438,30.00,30.03,59.57,59.57,59.78,0,0,0
5439,30.00,30.01,59.56,59.56,59.90,0,0,0
5440,30.00,30.01,59.55,59.55,59.93,0,0,0
5441,30.00,29.99,59.54,59.54,59.98,1,0,0
5442,30.00,30.00,59.52,59.52,59.96,0,0,0
5443,30.00,30.01,59.51,59.51,60.00,0,0,0
5444,30.00,30.01,59.50,59.50,59.92,0,0,0
5445,30.00,30.01,59.49,59.49,59.84,0,0,0
5446,30.00,30.03,59.48,59.48,59.83,0,0,0
5447,30.00,30.01,59.47,59.47,59.81,0,0,0
5448,30.00,30.02,59.46,59.46,59.79,0,0,0
5449,30.00,30.03,59.44,59.44,59.78,0,0,0
5450,30.00,30.03,59.43,59.43,59.75,0,0,0
5451,30.00,30.02,59.42,59.42,59.66,0,0,0
5452,30.00,30.01,59.41,59.41,59.62,0,0,0
5453,30.00,30.00,59.40,59.40,59.61,0,0,0
5454,30.00,30.02,59.39,59.39,59.51,0,0,0
5455,30.00,30.03,59.38,59.38,59.46,0,0,0
5456,30.00,30.01,59.37,59.37,59.38,0,0,0
5457,30.00,30.02,59.35,59.35,59.37,0,0,0
5458,30.00,30.01,59.34,59.34,59.28,0,0,1
5459,30.00,30.02,59.33,59.33,59.26,0,0,0
5460,30.00,30.01,59.32,59.32,59.20,0,0,0
5461,30.00,30.01,59.31,59.31,59.29,0,0,0
5462,30.00,30.01,59.30,59.30,59.32,0,0,0
5463,30.00,30.01,59.29,59.29,59.33,0,0,0
5464,30.00,30.00,59.27,59.27,59.34,0,0,0
5465,30.00,30.02,59.26,59.26,59.35,0,0,0
5466,30.00,30.03,59.25,59.25,59.32,0,0,0
5467,30.00,30.03,59.24,59.24,59.33,0,0,0
5468,30.00,30.01,59.23,59.23,59.28,0,0,0
5469,30.00,30.02,59.22,59.22,59.30,0,0,0
5470,30.00,30.02,59.21,59.21,59.25,0,0,0
5471,30.00,30.03,59.20,59.20,59.21,0,0,0
5472,30.00,30.00,59.18,59.18,59.16,0,0,1
5473,30.00,30.01,59.17,59.17,59.11,0,0,0
5474,30.00,30.01,59.16,59.16,59.09,0,0,0
5475,30.00,30.00,59.15,59.15,59.16,0,0,0
5476,30.00,30.01,59.14,59.14,59.25,0,0,0
5477,30.00,30.01,59.13,59.13,59.29,0,0,0
5478,30.00,30.01,59.12,59.12,59.29,0,0,0
5479,30.00,30.01,59.10,59.10,59.32,0,0,0
5480,30.00,30.01,59.09,59.09,59.28,0,0,0
5481,30.00,30.01,59.08,59.08,59.23,0,0,0
5482,30.00,30.01,59.07,59.07,59.24,0,0,0
5483,30.00,30.00,59.06,59.06,59.16,0,0,0
5484,30.00,30.01,59.05,59.05,59.15,0,0,0
5485,30.00,30.01,59.04,59.04,59.09,0,0,0
5486,30.00,30.00,59.03,59.03,59.06,1,0,0
5487,30.00,30.01,59.01,59.01,59.03,0,0,0
5488,30.00,30.01,59.00,59.00,58.97,0,0,1
5489,30.00,30.00,58.99,58.99,58.91,1,0,0
5490,30.00,30.01,58.98,58.98,58.89,0,0,0
5491,30.00,30.02,58.97,58.97,58.93,0,0,0
5492,30.00,30.00,58.96,58.96,59.01,1,0,0
5493,30.00,29.99,58.95,58.95,59.04,1,0,0
5494,30.00,30.00,58.93,58.93,59.11,0,0,0
5495,30.00,30.03,58.92,58.92,59.18,0,0,0
5496,30.00,29.99,58.91,58.91,59.17,1,0,0
5497,30.00,30.02,58.90,58.90,59.23,0,0,0
5498,30.00,30.01,58.89,58.89,59.24,0,0,0
5499,30.00,30.02,58.88,58.88,59.20,0,0,0
5500,30.00,30.03,58.87,58.87,59.18,0,0,0
5501,30.00,30.03,58.86,58.86,59.19,0,0,0
5502,30.00,30.00,58.84,58.84,59.13,1,0,0
5503,30.00,30.00,58.83,58.83,59.07,0,0,0
5504,30.00,30.01,58.82,58.82,59.05,0,0,0
5505,30.00,30.01,58.81,58.81,59.01,0,0,0
5506,30.00,30.00,58.80,58.80,58.93,0,0,0
5507,30.00,30.03,58.79,58.79,58.87,0,0,0
5508,30.00,30.01,58.78,58.78,58.82,0,0,0
5509,30.00,30.01,58.76,58.76,58.78,0,0,0
5510,30.00,30.01,58.75,58.75,58.76,0,0,0
5511,30.00,30.01,58.74,58.74,58.74,0,0,1
5512,30.00,30.01,58.73,58.73,58.67,0,0,0
5513,30.00,30.02,58.72,58.72,58.68,0,0,0
5514,30.00,30.00,58.71,58.71,58.69,1,0,0
5515,30.00,30.01,58.70,58.70,58.73,0,0,0
5516,30.00,29.99,58.69,58.69,58.78,1,0,0
5517,30.00,30.00,58.67,58.67,58.79,0,0,0
5518,30.00,30.01,58.66,58.66,58.82,0,0,0
5519,30.00,30.02,58.65,58.65,58.81,0,0,0
5520,30.00,30.00,58.64,58.64,58.76,1,0,0
5521,30.00,30.00,58.63,58.63,58.74,1,0,0
5522,30.00,30.03,58.62,58.62,58.68,0,0,0
5523,30.00,30.01,58.61,58.61,58.65,0,0,0
5524,30.00,29.99,58.59,58.59,58.64,1,0,0
5525,30.00,30.00,58.58,58.58,58.61,1,0,0
5526,30.00,30.01,58.57,58.57,58.57,0,0,0
5527,30.00,30.01,58.56,58.56,58.51,0,0,1
5528,30.00,30.01,58.55,58.55,58.45,0,0,0
5529,30.00,29.99,58.54,58.54,58.43,1,0,0
5530,30.00,30.00,58.53,58.53,58.49,0,0,0
5531,30.00,30.02,58.52,58.52,58.59,0,0,0
5532,30.00,30.00,58.50,58.50,58.66,1,0,0
5533,30.00,30.00,58.49,58.49,58.66,0,0,0
5534,30.00,30.00,58.48,58.48,58.70,1,0,0
5535,30.00,30.00,58.47,58.47,58.72,0,0,0
5536,30.00,30.00,58.46,58.46,58.67,1,0,0
5537,30.00,30.01,58.45,58.45,58.65,0,0,0
5538,30.00,29.99,58.44,58.44,58.63,1,0,0
5539,30.00,30.01,58.42,58.42,58.61,0,0,0
5540,30.00,29.99,58.41,58.41,58.55,1,0,0
5541,30.00,30.01,58.40,58.40,58.53,0,0,0
5542,30.00,30.00,58.39,58.39,58.48,0,0,0
5543,30.00,29.97,58.38,58.38,58.45,1,0,0
5544,30.00,30.01,58.37,58.37,58.40,0,0,0
5545,30.00,30.00,58.36,58.36,58.39,0,0,0
5546,30.00,29.99,58.35,58.35,58.35,1,0,0
5547,30.00,30.00,58.33,58.33,58.33,0,0,1
5548,30.00,30.00,58.32,58.32,58.29,0,0,0
5549,30.00,30.01,58.31,58.31,58.25,0,0,0
5550,30.00,30.00,58.30,58.30,58.23,0,0,0
5551,30.00,30.00,58.29,58.29,58.34,1,0,0
5552,30.00,30.01,58.28,58.28,58.43,0,0,0
5553,30.00,30.00,58.27,58.27,58.49,1,0,0
5554,30.00,29.99,58.25,58.25,58.50,1,0,0
5555,30.00,30.02,58.24,58.24,58.49,0,0,0
5556,30.00,30.00,58.23,58.23,58.51,1,0,0
5557,30.00,29.99,58.22,58.22,58.50,1,0,0
5558,30.00,30.01,58.21,58.21,58.46,0,0,0
5559,30.00,30.01,58.20,58.20,58.39,0,0,0
5560,30.00,30.01,58.19,58.19,58.40,0,0,0
5561,30.00,30.00,58.18,58.18,58.36,0,0,0
5562,30.00,30.02,58.16,58.16,58.31,0,0,0
5563,30.00,30.01,58.15,58.15,58.26,0,0,0
5564,30.00,30.00,58.14,58.14,58.17,0,0,0
5565,30.00,30.01,58.13,58.13,58.15,0,0,0
5566,30.00,30.01,58.12,58.12,58.08,0,0,1
5567,30.00,30.00,58.11,58.11,58.07,1,0,0
5568,30.00,30.00,58.10,58.10,58.02,0,0,0
5569,30.00,30.01,58.08,58.08,58.09,0,0,0
5570,30.00,30.02,58.07,58.07,58.11,0,0,0
5571,30.00,30.02,58.06,58.06,58.11,0,0,0
5572,30.00,29.99,58.05,58.05,58.17,1,0,0
5573,30.00,30.02,58.04,58.04,58.23,0,0,0
5574,30.00,30.00,58.03,58.03,58.18,1,0,0
5575,30.00,30.00,58.02,58.02,58.18,1,0,0
5576,30.00,30.02,58.01,58.01,58.19,0,0,0
5577,30.00,30.03,57.99,57.99,58.17,0,0,0
5578,30.00,29.99,57.98,57.98,58.11,1,0,0
5579,30.00,30.01,57.97,57.97,58.10,0,0,0
5580,30.00,30.01,57.96,57.96,58.04,0,0,0
5581,30.00,30.03,57.95,57.95,58.03,0,0,0
5582,30.00,29.99,57.94,57.94,57.95,1,0,0
5583,30.00,30.01,57.93,57.93,57.94,0,0,0
5584,30.00,30.02,57.91,57.91,57.89,0,0,1
5585,30.00,30.00,57.90,57.90,57.84,1,0,0
5586,30.00,29.99,57.89,57.89,57.80,1,0,0
5587,30.00,29.99,57.88,57.88,57.90,1,0,0
5588,30.00,30.00,57.87,57.87,58.00,1,0,0
5589,30.00,30.01,57.86,57.86,58.14,0,0,0
5590,30.00,30.01,57.85,57.85,58.16,0,0,0
5591,30.00,29.99,57.84,57.84,58.21,1,0,0
5592,30.00,30.01,57.82,57.82,58.26,0,0,0
5593,30.00,30.01,57.81,57.81,58.24,0,0,0
5594,30.00,30.01,57.80,57.80,58.23,0,0,0
5595,30.00,30.01,57.79,57.79,58.18,0,0,0
5596,30.00,30.02,57.78,57.78,58.17,0,0,0
5597,30.00,30.02,57.77,57.77,58.18,0,0,0
5598,30.00,30.04,57.76,57.76,58.15,0,0,0
5599,30.00,30.03,57.74,57.74,58.11,0,0,0
5600,30.00,30.01,57.73,57.73,58.09,0,0,0
5601,30.00,30.01,57.72,57.72,58.03,0,0,0
5602,30.00,30.01,57.71,57.71,58.02,0,0,0
5603,30.00,30.01,57.70,57.70,57.94,0,0,0
5604,30.00,30.02,57.69,57.69,57.92,0,0,0
5605,30.00,30.01,57.68,57.68,57.86,0,0,0
5606,30.00,30.01,57.67,57.67,57.83,0,0,0
5607,30.00,30.01,57.65,57.65,57.79,0,0,0
5608,30.00,30.00,57.64,57.64,57.75,0,0,0
5609,30.00,30.00,57.63,57.63,57.66,1,0,0
5610,30.00,30.03,57.62,57.62,57.61,0,0,1
5611,30.00,30.02,57.61,57.61,57.56,0,0,0
5612,30.00,30.03,57.60,57.60,57.60,0,0,0
5613,30.00,30.00,57.59,57.59,57.62,0,0,0
5614,30.00,30.02,57.57,57.57,57.68,0,0,0
5615,30.00,30.03,57.56,57.56,57.71,0,0,0
5616,30.00,29.99,57.55,57.55,57.77,1,0,0
5617,30.00,30.00,57.54,57.54,57.79,0,0,0
5618,30.00,30.00,57.53,57.53,57.78,0,0,0
5619,30.00,30.02,57.52,57.52,57.76,0,0,0
5620,30.00,30.01,57.51,57.51,57.78,0,0,0
5621,30.00,30.00,57.50,57.50,57.72,1,0,0
5622,30.00,30.01,57.48,57.48,57.69,0,0,0
5623,30.00,29.99,57.47,57.47,57.61,1,0,0
5624,30.00,30.00,57.46,57.46,57.63,0,0,0
5625,30.00,30.02,57.45,57.45,57.57,0,0,0
5626,30.00,30.02,57.44,57.44,57.51,0,0,0
5627,30.00,30.01,57.43,57.43,57.49,0,0,0
5628,30.00,30.03,57.42,57.42,57.45,0,0,0
5629,30.00,30.03,57.40,57.40,57.38,0,0,1
5630,30.00,30.00,57.39,57.39,57.36,0,0,0
5631,30.00,30.01,57.38,57.38,57.30,0,0,0
5632,30.00,30.01,57.37,57.37,57.34,0,0,0
5633,30.00,30.00,57.36,57.36,57.40,0,0,0
5634,30.00,30.01,57.35,57.35,57.39,0,0,0
5635,30.00,30.03,57.34,57.34,57.43,0,0,0
5636,30.00,30.01,57.33,57.33,57.40,0,0,0
5637,30.00,30.01,57.31,57.31,57.42,0,0,0
5638,30.00,30.00,57.30,57.30,57.40,1,0,0
5639,30.00,30.01,57.29,57.29,57.41,0,0,0
5640,30.00,30.03,57.28,57.28,57.34,0,0,0
5641,30.00,30.03,57.27,57.27,57.29,0,0,0
5642,30.00,30.03,57.26,57.26,57.25,0,0,1
5643,30.00,30.03,57.25,57.25,57.18,0,0,0
5644,30.00,30.01,57.23,57.23,57.15,0,0,0
5645,30.00,30.03,57.22,57.22,57.25,0,0,0
5646,30.00,30.00,57.21,57.21,57.41,1,0,0
5647,30.00,30.01,57.20,57.20,57.54,0,0,0
5648,30.00,30.04,57.19,57.19,57.68,0,0,0
5649,30.00,30.00,57.18,57.18,57.71,1,0,0
5650,30.00,30.00,57.17,57.17,57.73,0,0,0
5651,30.00,30.02,57.16,57.16,57.71,0,0,0
5652,30.00,30.02,57.14,57.14,57.70,0,0,0
5653,30.00,30.03,57.13,57.13,57.69,0,0,0
5654,30.00,30.03,57.12,57.12,57.63,0,0,0
5655,30.00,30.03,57.11,57.11,57.59,0,0,0
5656,30.00,30.01,57.10,57.10,57.55,0,0,0
5657,30.00,30.01,57.09,57.09,57.51,0,0,0
5658,30.00,30.01,57.08,57.08,57.47,0,0,0
5659,30.00,30.00,57.06,57.06,57.44,0,0,0
5660,30.00,30.00,57.05,57.05,57.40,0,0,0
5661,30.00,30.00,57.04,57.04,57.37,0,0,0
5662,30.00,30.03,57.03,57.03,57.33,0,0,0
5663,30.00,29.98,57.02,57.02,57.32,1,0,0
5664,30.00,30.01,57.01,57.01,57.28,0,0,0
5665,30.00,30.00,57.00,57.00,57.16,1,0,0
5666,30.00,30.01,56.99,56.99,57.10,0,0,0
5667,30.00,30.02,56.97,56.97,57.04,0,0,0
5668,30.00,30.01,56.96,56.96,57.05,0,0,0
5669,30.00,30.03,56.95,56.95,57.02,0,0,0
5670,30.00,30.03,56.94,56.94,57.00,0,0,0
5671,30.00,30.02,56.93,56.93,56.96,0,0,0
5672,30.00,30.04,56.92,56.92,56.91,0,0,1
5673,30.00,30.03,56.91,56.91,56.87,0,0,0
5674,30.00,30.00,56.89,56.89,56.86,0,0,0
5675,30.00,30.02,56.88,56.88,56.93,0,0,0
5676,30.00,30.01,56.87,56.87,56.96,0,0,0
5677,30.00,30.03,56.86,56.86,57.03,0,0,0
5678,30.00,30.01,56.85,56.85,57.06,0,0,0
5679,30.00,30.02,56.84,56.84,57.05,0,0,0
5680,30.00,30.01,56.83,56.83,57.11,0,0,0
5681,30.00,30.04,56.82,56.82,57.08,0,0,0
5682,30.00,30.03,56.80,56.80,57.07,0,0,0
5683,30.00,30.03,56.79,56.79,57.04,0,0,0
5684,30.00,30.03,56.78,56.78,57.04,0,0,0
5685,30.00,30.02,56.77,56.77,57.03,0,0,0
5686,30.00,30.01,56.76,56.76,57.00,0,0,0
5687,30.00,30.03,56.75,56.75,56.99,0,0,0
5688,30.00,30.03,56.74,56.74,56.96,0,0,0
5689,30.00,30.03,56.72,56.72,56.90,0,0,0
5690,30.00,30.01,56.71,56.71,56.86,0,0,0
5691,30.00,30.02,56.70,56.70,56.79,0,0,0
5692,30.00,30.01,56.69,56.69,56.78,0,0,0
5693,30.00,30.02,56.68,56.68,56.74,0,0,0
5694,30.00,30.02,56.67,56.67,56.71,0,0,0
5695,30.00,30.03,56.66,56.66,56.65,0,0,1
5696,30.00,30.01,56.65,56.65,56.63,0,0,0
5697,30.00,30.02,56.63,56.63,56.58,0,0,0
5698,30.00,29.99,56.62,56.62,56.67,1,0,0
5699,30.00,30.00,56.61,56.61,56.84,0,0,0
5700,30.00,30.00,56.60,56.60,56.98,0,0,0
5701,30.00,30.00,56.59,56.59,57.07,0,0,0
5702,30.00,30.03,56.58,56.58,57.09,0,0,0
5703,30.00,30.01,56.57,56.57,57.10,0,0,0
5704,30.00,30.00,56.55,56.55,57.07,0,0,0
5705,30.00,30.01,56.54,56.54,57.05,0,0,0
5706,30.00,30.00,56.53,56.53,57.03,1,0,0
5707,30.00,30.01,56.52,56.52,56.98,0,0,0
5708,30.00,30.01,56.51,56.51,56.95,0,0,0
5709,30.00,30.01,56.50,56.50,56.92,0,0,0
5710,30.00,30.02,56.49,56.49,56.89,0,0,0
5711,30.00,30.03,56.48,56.48,56.88,0,0,0
5712,30.00,30.00,56.46,56.46,56.83,1,0,0
5713,30.00,30.02,56.45,56.45,56.84,0,0,0
5714,30.00,30.01,56.44,56.44,56.78,0,0,0
5715,30.00,30.02,56.43,56.43,56.78,0,0,0
5716,30.00,30.01,56.42,56.42,56.73,0,0,0
5717,30.00,30.03,56.41,56.41,56.65,0,0,0
5718,30.00,30.02,56.40,56.40,56.59,0,0,0
5719,30.00,30.02,56.38,56.38,56.59,0,0,0
5720,30.00,30.00,56.37,56.37,56.52,1,0,0
5721,30.00,30.00,56.36,56.36,56.49,0,0,0
5722,30.00,30.00,56.35,56.35,56.47,1,0,0
5723,30.00,30.01,56.34,56.34,56.41,0,0,0
5724,30.00,30.02,56.33,56.33,56.37,0,0,0
5725,30.00,30.01,56.32,56.32,56.37,0,0,0
5726,30.00,30.03,56.31,56.31,56.34,0,0,0
5727,30.00,30.00,56.29,56.29,56.29,0,0,1
5728,30.00,30.03,56.28,56.28,56.27,0,0,0
5729,30.00,30.00,56.27,56.27,56.23,1,0,0
5730,30.00,30.02,56.26,56.26,56.39,0,0,0
5731,30.00,30.00,56.25,56.25,56.51,1,0,0
5732,30.00,30.01,56.24,56.24,56.60,0,0,0
5733,30.00,30.02,56.23,56.23,56.70,0,0,0
5734,30.00,30.00,56.21,56.21,56.70,0,0,0
5735,30.00,30.00,56.20,56.20,56.72,0,0,0
5736,30.00,30.01,56.19,56.19,56.68,0,0,0
5737,30.00,30.00,56.18,56.18,56.67,0,0,0
5738,30.00,30.01,56.17,56.17,56.63,0,0,0
5739,30.00,30.00,56.16,56.16,56.56,0,0,0
5740,30.00,29.99,56.15,56.15,56.54,1,0,0
5741,30.00,30.01,56.14,56.14,56.53,0,0,0
5742,30.00,30.01,56.12,56.12,56.47,0,0,0
5743,30.00,30.00,56.11,56.11,56.45,1,0,0
5744,30.00,30.00,56.10,56.10,56.45,0,0,0
5745,30.00,30.00,56.09,56.09,56.34,0,0,0
5746,30.00,30.01,56.08,56.08,56.35,0,0,0
5747,30.00,29.99,56.07,56.07,56.29,1,0,0
5748,30.00,30.01,56.06,56.06,56.26,0,0,0
5749,30.00,30.03,56.04,56.04,56.24,0,0,0
5750,30.00,30.02,56.03,56.03,56.20,0,0,0
5751,30.00,30.00,56.02,56.02,56.19,0,0,0
5752,30.00,30.03,56.01,56.01,56.11,0,0,0
5753,30.00,30.00,56.00,56.00,56.01,0,0,0
5754,30.00,30.01,55.99,55.99,55.99,0,0,0
5755,30.00,30.01,55.98,55.98,55.96,0,0,1
5756,30.00,30.00,55.97,55.97,55.94,1,0,0
5757,30.00,30.01,55.95,55.95,55.91,0,0,0
5758,30.00,29.99,55.94,55.94,56.06,1,0,0
5759,30.00,30.02,55.93,55.93,56.15,0,0,0
5760,30.00,30.00,55.92,55.92,56.30,1,0,0
5761,30.00,29.99,55.91,55.91,56.38,1,0,0
5762,30.00,29.99,55.90,55.90,56.45,1,0,0
5763,30.00,29.99,55.89,55.89,56.43,1,0,0
5764,30.00,30.01,55.87,55.87,56.47,0,0,0
5765,30.00,30.00,55.86,55.86,56.48,1,0,0
5766,30.00,30.00,55.85,55.85,56.43,0,0,0
5767,30.00,30.00,55.84,55.84,56.41,1,0,0
5768,30.00,29.99,55.83,55.83,56.37,1,0,0
5769,30.00,30.00,55.82,55.82,56.34,1,0,0
5770,30.00,29.99,55.81,55.81,56.32,1,0,0
5771,30.00,30.01,55.80,55.80,56.23,0,0,0
5772,30.00,30.01,55.78,55.78,56.21,0,0,0
5773,30.00,30.02,55.77,55.77,56.17,0,0,0
5774,30.00,30.02,55.76,55.76,56.13,0,0,0
5775,30.00,29.99,55.75,55.75,56.11,1,0,0
5776,30.00,29.99,55.74,55.74,56.05,1,0,0
5777,30.00,30.00,55.73,55.73,56.04,0,0,0
5778,30.00,30.00,55.72,55.72,55.99,0,0,0
5779,30.00,30.00,55.70,55.70,55.95,0,0,0
5780,30.00,29.99,55.69,55.69,55.90,1,0,0
5781,30.00,30.01,55.68,55.68,55.89,0,0,0
5782,30.00,29.99,55.67,55.67,55.84,1,0,0
5783,30.00,30.00,55.66,55.66,55.83,1,0,0
5784,30.00,30.00,55.65,55.65,55.77,0,0,0
5785,30.00,30.00,55.64,55.64,55.68,0,0,0
5786,30.00,30.00,55.63,55.63,55.68,0,0,0
5787,30.00,29.98,55.61,55.61,55.64,1,0,0
5788,30.00,30.01,55.60,55.60,55.62,0,0,0
5789,30.00,30.00,55.59,55.59,55.58,1,0,1
5790,30.00,30.00,55.58,55.58,55.55,0,0,0
5791,30.00,30.01,55.57,55.57,55.52,0,0,0
5792,30.00,30.00,55.56,55.56,55.73,1,0,0
5793,30.00,29.98,55.55,55.55,55.88,1,0,0
5794,30.00,30.01,55.53,55.53,55.99,0,0,0
5795,30.00,30.00,55.52,55.52,56.05,0,0,0
5796,30.00,29.99,55.51,55.51,56.10,1,0,0
5797,30.00,30.03,55.50,55.50,56.15,0,0,0
5798,30.00,30.00,55.49,55.49,56.15,1,0,0
5799,30.00,30.00,55.48,55.48,56.14,1,0,0
5800,30.00,29.99,55.47,55.47,56.12,1,0,0
5801,30.00,30.00,55.46,55.46,56.07,0,0,0
5802,30.00,29.99,55.44,55.44,56.02,1,0,0
5803,30.00,30.01,55.43,55.43,56.00,0,0,0
5804,30.00,30.02,55.42,55.42,55.95,0,0,0
5805,30.00,30.01,55.41,55.41,55.94,0,0,0
5806,30.00,30.00,55.40,55.40,55.90,0,0,0
5807,30.00,30.00,55.39,55.39,55.88,1,0,0
5808,30.00,30.03,55.38,55.38,55.84,0,0,0
5809,30.00,30.00,55.36,55.36,55.76,0,0,0
5810,30.00,30.02,55.35,55.35,55.76,0,0,0
5811,30.00,30.02,55.34,55.34,55.70,0,0,0
5812,30.00,30.03,55.33,55.33,55.68,0,0,0
5813,30.00,30.00,55.32,55.32,55.59,1,0,0
5814,30.00,30.02,55.31,55.31,55.55,0,0,0
5815,30.00,30.01,55.30,55.30,55.53,0,0,0
5816,30.00,30.03,55.29,55.29,55.52,0,0,0
5817,30.00,30.03,55.27,55.27,55.46,0,0,0
5818,30.00,30.00,55.26,55.26,55.43,0,0,0
5819,30.00,30.02,55.25,55.25,55.37,0,0,0
5820,30.00,30.01,55.24,55.24,55.38,0,0,0
5821,30.00,30.01,55.23,55.23,55.29,0,0,0
5822,30.00,30.01,55.22,55.22,55.27,0,0,0
5823,30.00,30.00,55.21,55.21,55.29,0,0,0
5824,30.00,30.01,55.19,55.19,55.23,0,0,0
5825,30.00,30.03,55.18,55.18,55.20,0,0,0
5826,30.00,30.00,55.17,55.17,55.14,1,0,1
5827,30.00,30.03,55.16,55.16,55.14,0,0,0
5828,30.00,30.03,55.15,55.15,55.13,0,0,0
5829,30.00,30.02,55.14,55.14,55.23,0,0,0
5830,30.00,30.02,55.13,55.13,55.31,0,0,0
5831,30.00,30.04,55.12,55.12,55.39,0,0,0
5832,30.00,30.03,55.10,55.10,55.37,0,0,0
5833,30.00,30.02,55.09,55.09,55.41,0,0,0
5834,30.00,30.02,55.08,55.08,55.38,0,0,0
5835,30.00,30.03,55.07,55.07,55.43,0,0,0
5836,30.00,30.02,55.06,55.06,55.37,0,0,0
5837,30.00,30.02,55.05,55.05,55.30,0,0,0
5838,30.00,30.01,55.04,55.04,55.29,0,0,0
5839,30.00,30.04,55.02,55.02,55.24,0,0,0
5840,30.00,30.04,55.01,55.01,55.20,0,0,0
5841,30.00,30.03,55.00,55.00,55.18,0,0,0
5842,30.00,30.00,54.99,54.99,55.11,0,0,0
5843,30.00,30.01,54.98,54.98,55.10,0,0,0
5844,30.00,30.01,54.97,54.97,55.11,0,0,0
5845,30.00,30.03,54.96,54.96,55.08,0,0,0
5846,30.00,30.03,54.95,54.95,55.06,0,0,0
5847,30.00,30.03,54.93,54.93,55.02,0,0,0
5848,30.00,30.01,54.92,54.92,54.94,0,0,0
5849,30.00,30.06,54.91,54.91,54.88,0,0,1
5850,30.00,30.04,54.90,54.90,54.83,0,0,0
5851,30.00,30.01,54.89,54.89,54.85,0,0,0
5852,30.00,30.03,54.88,54.88,54.94,0,0,0
5853,30.00,30.00,54.87,54.87,55.10,0,0,0
5854,30.00,30.03,54.85,54.85,55.22,0,0,0
5855,30.00,30.03,54.84,54.84,55.33,0,0,0
5856,30.00,30.02,54.83,54.83,55.38,0,0,0
5857,30.00,30.04,54.82,54.82,55.38,0,0,0
5858,30.00,30.00,54.81,54.81,55.38,0,0,0
5859,30.00,30.03,54.80,54.80,55.41,0,0,0
5860,30.00,30.02,54.79,54.79,55.36,0,0,0
5861,30.00,30.03,54.78,54.78,55.34,0,0,0
5862,30.00,30.02,54.76,54.76,55.34,0,0,0
5863,30.00,30.03,54.75,54.75,55.29,0,0,0
5864,30.00,30.02,54.74,54.74,55.27,0,0,0
5865,30.00,30.03,54.73,54.73,55.21,0,0,0
5866,30.00,30.03,54.72,54.72,55.16,0,0,0
5867,30.00,30.03,54.71,54.71,55.15,0,0,0
5868,30.00,30.03,54.70,54.70,55.09,0,0,0
5869,30.00,30.04,54.68,54.68,55.06,0,0,0
5870,30.00,30.02,54.67,54.67,55.00,0,0,0
5871,30.00,30.02,54.66,54.66,54.93,0,0,0
5872,30.00,30.01,54.65,54.65,54.90,0,0,0
5873,30.00,30.02,54.64,54.64,54.89,0,0,0
5874,30.00,30.02,54.63,54.63,54.86,0,0,0
5875,30.00,30.03,54.62,54.62,54.84,0,0,0
5876,30.00,30.01,54.61,54.61,54.78,0,0,0
5877,30.00,30.02,54.59,54.59,54.75,0,0,0
5878,30.00,30.00,54.58,54.58,54.71,0,0,0
5879,30.00,30.01,54.57,54.57,54.62,0,0,0
5880,30.00,30.04,54.56,54.56,54.60,0,0,0
5881,30.00,30.03,54.55,54.55,54.55,0,0,1
5882,30.00,30.03,54.54,54.54,54.53,0,0,0
5883,30.00,30.01,54.53,54.53,54.47,0,0,0
5884,30.00,30.01,54.51,54.51,54.59,0,0,0
5885,30.00,30.01,54.50,54.50,54.78,0,0,0
5886,30.00,30.01,54.49,54.49,54.88,0,0,0
5887,30.00,30.01,54.48,54.48,54.95,0,0,0
5888,30.00,30.04,54.47,54.47,55.02,0,0,0
5889,30.00,30.01,54.46,54.46,54.99,0,0,0
5890,30.00,30.02,54.45,54.45,54.98,0,0,0
5891,30.00,30.03,54.44,54.44,54.96,0,0,0
5892,30.00,30.01,54.42,54.42,54.94,0,0,0
5893,30.00,30.02,54.41,54.41,54.94,0,0,0
5894,30.00,30.02,54.40,54.40,54.92,0,0,0
5895,30.00,30.01,54.39,54.39,54.89,0,0,0
5896,30.00,30.02,54.38,54.38,54.79,0,0,0
5897,30.00,30.02,54.37,54.37,54.78,0,0,0
5898,30.00,30.02,54.36,54.36,54.76,0,0,0
5899,30.00,30.01,54.34,54.34,54.69,0,0,0
5900,30.00,30.04,54.33,54.33,54.71,0,0,0
5901,30.00,30.01,54.32,54.32,54.66,0,0,0
5902,30.00,30.04,54.31,54.31,54.61,0,0,0
5903,30.00,30.03,54.30,54.30,54.61,0,0,0
5904,30.00,30.02,54.29,54.29,54.58,0,0,0
5905,30.00,30.01,54.28,54.28,54.56,0,0,0
5906,30.00,30.04,54.27,54.27,54.51,0,0,0
5907,30.00,30.01,54.25,54.25,54.48,0,0,0
5908,30.00,30.03,54.24,54.24,54.41,0,0,0
5909,30.00,30.00,54.23,54.23,54.32,0,0,0
5910,30.00,30.03,54.22,54.22,54.31,0,0,0
5911,30.00,30.03,54.21,54.21,54.26,0,0,0
5912,30.00,30.01,54.20,54.20,54.20,0,0,1
5913,30.00,30.01,54.19,54.19,54.22,0,0,0
5914,30.00,30.03,54.17,54.17,54.20,0,0,0
5915,30.00,30.01,54.16,54.16,54.29,0,0,0
5916,30.00,30.03,54.15,54.15,54.39,0,0,0
5917,30.00,30.02,54.14,54.14,54.41,0,0,0
5918,30.00,30.00,54.13,54.13,54.42,0,0,0
5919,30.00,30.03,54.12,54.12,54.46,0,0,0
5920,30.00,30.01,54.11,54.11,54.47,0,0,0
5921,30.00,30.01,54.10,54.10,54.47,0,0,0
5922,30.00,30.01,54.08,54.08,54.46,0,0,0
5923,30.00,30.00,54.07,54.07,54.46,1,0,0
5924,30.00,30.02,54.06,54.06,54.42,0,0,0
5925,30.00,30.01,54.05,54.05,54.39,0,0,0
5926,30.00,30.00,54.04,54.04,54.35,1,0,0
5927,30.00,30.03,54.03,54.03,54.33,0,0,0
5928,30.00,30.00,54.02,54.02,54.27,1,0,0
5929,30.00,30.03,54.00,54.00,54.22,0,0,0
5930,30.00,30.00,53.99,53.99,54.16,0,0,0
5931,30.00,30.01,53.98,53.98,54.15,0,0,0
5932,30.00,30.00,53.97,53.97,54.10,1,0,0
5933,30.00,30.02,53.96,53.96,54.06,0,0,0
5934,30.00,30.02,53.95,53.95,54.04,0,0,0
5935,30.00,30.02,53.94,53.94,53.99,0,0,0
5936,30.00,30.01,53.93,53.93,53.98,0,0,0
5937,30.00,30.03,53.91,53.91,53.94,0,0,0
5938,30.00,30.00,53.90,53.90,53.92,0,0,0
5939,30.00,30.03,53.89,53.89,53.83,0,0,1
5940,30.00,30.02,53.88,53.88,53.80,0,0,0
5941,30.00,30.01,53.87,53.87,53.77,0,0,0
5942,30.00,30.01,53.86,53.86,53.89,0,0,0
5943,30.00,30.01,53.85,53.85,54.01,0,0,0
5944,30.00,30.01,53.83,53.83,54.03,0,0,0
5945,30.00,30.00,53.82,53.82,54.07,0,0,0
5946,30.00,30.00,53.81,53.81,54.09,0,0,0
5947,30.00,30.00,53.80,53.80,54.12,1,0,0
5948,30.00,30.00,53.79,53.79,54.10,0,0,0
5949,30.00,30.01,53.78,53.78,54.06,0,0,0
5950,30.00,30.03,53.77,53.77,54.03,0,0,0
5951,30.00,29.99,53.76,53.76,53.99,1,0,0
5952,30.00,29.99,53.74,53.74,54.01,1,0,0
5953,30.00,30.00,53.73,53.73,53.94,1,0,0
5954,30.00,30.02,53.72,53.72,53.92,0,0,0
5955,30.00,30.00,53.71,53.71,53.89,0,0,0
5956,30.00,30.00,53.70,53.70,53.87,1,0,0
5957,30.00,30.02,53.69,53.69,53.83,0,0,0
5958,30.00,30.01,53.68,53.68,53.78,0,0,0
5959,30.00,30.02,53.66,53.66,53.77,0,0,0
5960,30.00,30.01,53.65,53.65,53.72,0,0,0
5961,30.00,29.99,53.64,53.64,53.65,1,0,0
5962,30.00,29.99,53.63,53.63,53.62,1,0,1
5963,30.00,30.00,53.62,53.62,53.61,0,0,0
5964,30.00,30.00,53.61,53.61,53.58,0,0,0
5965,30.00,30.00,53.60,53.60,53.78,0,0,0
5966,30.00,29.99,53.59,53.59,53.88,1,0,0
5967,30.00,30.01,53.57,53.57,53.93,0,0,0
5968,30.00,30.00,53.56,53.56,53.99,1,0,0
5969,30.00,29.99,53.55,53.55,54.05,1,0,0
5970,30.00,29.99,53.54,53.54,54.09,1,0,0
5971,30.00,30.01,53.53,53.53,54.11,0,0,0
5972,30.00,30.00,53.52,53.52,54.09,1,0,0
5973,30.00,30.02,53.51,53.51,54.09,0,0,0
5974,30.00,30.00,53.49,53.49,54.06,0,0,0
5975,30.00,30.03,53.48,53.48,54.07,0,0,0
5976,30.00,30.01,53.47,53.47,54.04,0,0,0
5977,30.00,29.99,53.46,53.46,54.03,1,0,0
5978,30.00,30.01,53.45,53.45,54.02,0,0,0
5979,30.00,30.01,53.44,53.44,53.99,0,0,0
5980,30.00,30.00,53.43,53.43,53.98,1,0,0
5981,30.00,30.00,53.42,53.42,53.95,1,0,0
5982,30.00,30.00,53.40,53.40,53.86,0,0,0
5983,30.00,29.99,53.39,53.39,53.85,1,0,0
5984,30.00,30.02,53.38,53.38,53.84,0,0,0
5985,30.00,30.01,53.37,53.37,53.80,0,0,0
5986,30.00,29.99,53.36,53.36,53.78,1,0,0
5987,30.00,29.99,53.35,53.35,53.77,1,0,0
5988,30.00,30.00,53.34,53.34,53.71,0,0,0
5989,30.00,30.00,53.32,53.32,53.69,1,0,0
5990,30.00,30.02,53.31,53.31,53.62,0,0,0
5991,30.00,30.00,53.30,53.30,53.60,0,0,0
5992,30.00,29.98,53.29,53.29,53.57,1,0,0
5993,30.00,30.00,53.28,53.28,53.48,0,0,0
5994,30.00,30.01,53.27,53.27,53.45,0,0,0
5995,30.00,29.99,53.26,53.26,53.46,1,0,0
5996,30.00,30.02,53.25,53.25,53.45,0,0,0
5997,30.00,29.97,53.23,53.23,53.36,1,0,0
5998,30.00,30.01,53.22,53.22,53.39,0,0,0
5999,30.00,29.99,53.21,53.21,53.33,1,0,0
6000,30.00,30.00,53.20,53.20,53.29,0,0,0
6001,30.00,29.99,53.19,53.19,53.29,1,0,0
6002,30.00,30.01,53.18,53.18,53.27,0,0,0
6003,30.00,30.00,53.17,53.17,53.24,1,0,0
6004,30.00,29.99,53.15,53.15,53.15,1,0,1
6005,30.00,30.01,53.14,53.14,53.16,0,0,0
6006,30.00,30.01,53.13,53.13,53.16,0,0,0
6007,30.00,30.00,53.12,53.12,53.19,1,0,0
6008,30.00,30.01,53.11,53.11,53.28,0,0,0
6009,30.00,30.00,53.10,53.10,53.31,1,0,0
6010,30.00,30.00,53.09,53.09,53.31,1,0,0
6011,30.00,29.99,53.08,53.08,53.33,1,0,0
6012,30.00,29.99,53.06,53.06,53.32,1,0,0
6013,30.00,30.02,53.05,53.05,53.29,0,0,0
6014,30.00,30.00,53.04,53.04,53.29,1,0,0
6015,30.00,30.01,53.03,53.03,53.25,0,0,0
6016,30.00,30.01,53.02,53.02,53.24,0,0,0
6017,30.00,30.03,53.01,53.01,53.19,0,0,0
6018,30.00,30.04,53.00,53.00,53.16,0,0,0
6019,30.00,29.98,52.98,52.98,53.09,1,0,0
6020,30.00,30.00,52.97,52.97,53.09,1,0,0
6021,30.00,29.99,52.96,52.96,53.05,1,0,0
6022,30.00,30.01,52.95,52.95,53.00,0,0,0
6023,30.00,30.00,52.94,52.94,53.03,1,0,0
6024,30.00,30.00,52.93,52.93,52.96,0,0,0
6025,30.00,30.00,52.92,52.92,52.91,0,0,1
6026,30.00,30.01,52.91,52.91,52.88,0,0,0
6027,30.00,30.02,52.89,52.89,52.87,0,0,0
6028,30.00,29.99,52.88,52.88,52.98,1,0,0
6029,30.00,30.00,52.87,52.87,53.10,0,0,0
6030,30.00,30.02,52.86,52.86,53.18,0,0,0
6031,30.00,30.03,52.85,52.85,53.22,0,0,0
6032,30.00,30.00,52.84,52.84,53.19,1,0,0
6033,30.00,30.02,52.83,52.83,53.21,0,0,0
6034,30.00,30.00,52.81,52.81,53.14,1,0,0
6035,30.00,30.02,52.80,52.80,53.16,0,0,0
6036,30.00,30.00,52.79,52.79,53.12,1,0,0
6037,30.00,30.03,52.78,52.78,53.10,0,0,0
6038,30.00,30.02,52.77,52.77,53.06,0,0,0
6039,30.00,30.02,52.76,52.76,53.03,0,0,0
6040,30.00,30.00,52.75,52.75,52.99,0,0,0
6041,30.00,30.03,52.74,52.74,52.94,0,0,0
6042,30.00,30.01,52.72,52.72,52.95,0,0,0
6043,30.00,30.01,52.71,52.71,52.91,0,0,0
6044,30.00,30.02,52.70,52.70,52.88,0,0,0
6045,30.00,30.01,52.69,52.69,52.84,0,0,0
6046,30.00,30.01,52.68,52.68,52.77,0,0,0
6047,30.00,30.01,52.67,52.67,52.74,0,0,0
6048,30.00,30.01,52.66,52.66,52.74,0,0,0
6049,30.00,30.00,52.64,52.64,52.67,0,0,0
6050,30.00,30.02,52.63,52.63,52.60,0,0,1
6051,30.00,30.01,52.62,52.62,52.62,0,0,0
6052,30.00,30.01,52.61,52.61,52.60,0,0,0
6053,30.00,30.04,52.60,52.60,52.70,0,0,0
6054,30.00,30.03,52.59,52.59,52.79,0,0,0
6055,30.00,30.04,52.58,52.58,52.92,0,0,0
6056,30.00,30.01,52.57,52.57,53.02,0,0,0
6057,30.00,30.00,52.55,52.55,53.09,0,0,0
6058,30.00,30.01,52.54,52.54,53.10,0,0,0
6059,30.00,30.01,52.53,52.53,53.11,0,0,0
6060,30.00,30.02,52.52,52.52,53.10,0,0,0
6061,30.00,30.01,52.51,52.51,53.09,0,0,0
6062,30.00,30.02,52.50,52.50,53.03,0,0,0
6063,30.00,30.00,52.49,52.49,53.02,0,0,0
6064,30.00,30.02,52.47,52.47,52.98,0,0,0
6065,30.00,30.03,52.46,52.46,52.98,0,0,0
6066,30.00,30.03,52.45,52.45,52.96,0,0,0
6067,30.00,30.03,52.44,52.44,52.93,0,0,0
6068,30.00,30.01,52.43,52.43,52.92,0,0,0
6069,30.00,30.00,52.42,52.42,52.87,0,0,0
6070,30.00,30.03,52.41,52.41,52.86,0,0,0
6071,30.00,30.03,52.40,52.40,52.82,0,0,0
6072,30.00,30.03,52.38,52.38,52.78,0,0,0
6073,30.00,30.01,52.37,52.37,52.78,0,0,0
6074,30.00,30.03,52.36,52.36,52.73,0,0,0
6075,30.00,30.03,52.35,52.35,52.69,0,0,0
6076,30.00,30.04,52.34,52.34,52.64,0,0,0
6077,30.00,30.03,52.33,52.33,52.63,0,0,0
6078,30.00,30.02,52.32,52.32,52.60,0,0,0
6079,30.00,30.02,52.30,52.30,52.54,0,0,0
6080,30.00,30.03,52.29,52.29,52.55,0,0,0
6081,30.00,30.04,52.28,52.28,52.50,0,0,0
6082,30.00,30.03,52.27,52.27,52.46,0,0,0
6083,30.00,30.01,52.26,52.26,52.45,0,0,0
6084,30.00,30.03,52.25,52.25,52.41,0,0,0
6085,30.00,30.01,52.24,52.24,52.41,0,0,0
6086,30.00,30.04,52.23,52.23,52.36,0,0,0
6087,30.00,30.03,52.21,52.21,52.32,0,0,0
6088,30.00,30.02,52.20,52.20,52.26,0,0,0
6089,30.00,30.03,52.19,52.19,52.27,0,0,0
6090,30.00,30.04,52.18,52.18,52.20,0,0,0
6091,30.00,30.04,52.17,52.17,52.21,0,0,0
6092,30.00,30.03,52.16,52.16,52.15,0,0,1
6093,30.00,30.03,52.15,52.15,52.15,0,0,0
6094,30.00,30.03,52.13,52.13,52.12,0,0,0
6095,30.00,30.03,52.12,52.12,52.14,0,0,0
6096,30.00,30.03,52.11,52.11,52.23,0,0,0
6097,30.00,30.03,52.10,52.10,52.25,0,0,0
6098,30.00,30.03,52.09,52.09,52.31,0,0,0
6099,30.00,30.04,52.08,52.08,52.37,0,0,0
6100,30.00,30.04,52.07,52.07,52.36,0,0,0
6101,30.00,30.04,52.06,52.06,52.32,0,0,0
6102,30.00,30.02,52.04,52.04,52.29,0,0,0
6103,30.00,30.03,52.03,52.03,52.31,0,0,0
6104,30.00,30.03,52.02,52.02,52.30,0,0,0
6105,30.00,30.01,52.01,52.01,52.26,0,0,0
6106,30.00,30.04,52.00,52.00,52.24,0,0,0
6107,30.00,30.03,51.99,51.99,52.18,0,0,0
6108,30.00,30.03,51.98,51.98,52.19,0,0,0
6109,30.00,30.04,51.96,51.96,52.16,0,0,0
6110,30.00,30.03,51.95,51.95,52.13,0,0,0
6111,30.00,30.04,51.94,51.94,52.10,0,0,0
6112,30.00,30.01,51.93,51.93,52.06,0,0,0
6113,30.00,30.04,51.92,51.92,52.07,0,0,0
6114,30.00,30.04,51.91,51.91,52.04,0,0,0
6115,30.00,30.05,51.90,51.90,51.98,0,0,0
6116,30.00,30.05,51.89,51.89,51.94,0,0,0
6117,30.00,30.03,51.87,51.87,51.91,0,0,0
6118,30.00,30.04,51.86,51.86,51.87,0,0,0
6119,30.00,30.04,51.85,51.85,51.87,0,0,0
6120,30.00,30.02,51.84,51.84,51.76,0,0,1
6121,30.00,30.03,51.83,51.83,51.75,0,0,0
6122,30.00,30.03,51.82,51.82,51.77,0,0,0
6123,30.00,30.03,51.81,51.81,51.93,0,0,0
6124,30.00,30.02,51.79,51.79,52.04,0,0,0
6125,30.00,30.01,51.78,51.78,52.11,0,0,0
6126,30.00,30.02,51.77,51.77,52.14,0,0,0
6127,30.00,30.03,51.76,51.76,52.21,0,0,0
6128,30.00,30.04,51.75,51.75,52.24,0,0,0
6129,30.00,30.04,51.74,51.74,52.23,0,0,0
6130,30.00,30.03,51.73,51.73,52.21,0,0,0
6131,30.00,30.03,51.72,51.72,52.19,0,0,0
6132,30.00,30.01,51.70,51.70,52.17,0,0,0
6133,30.00,30.02,51.69,51.69,52.14,0,0,0
6134,30.00,30.02,51.68,51.68,52.07,0,0,0
6135,30.00,30.02,51.67,51.67,52.03,0,0,0
6136,30.00,30.03,51.66,51.66,51.99,0,0,0
6137,30.00,30.01,51.65,51.65,51.97,0,0,0
6138,30.00,30.00,51.64,51.64,51.97,1,0,0
6139,30.00,30.03,51.62,51.62,51.91,0,0,0
6140,30.00,30.03,51.61,51.61,51.90,0,0,0
6141,30.00,30.03,51.60,51.60,51.86,0,0,0
6142,30.00,30.02,51.59,51.59,51.85,0,0,0
6143,30.00,30.03,51.58,51.58,51.81,0,0,0
6144,30.00,30.04,51.57,51.57,51.77,0,0,0
6145,30.00,30.02,51.56,51.56,51.75,0,0,0
6146,30.00,30.01,51.55,51.55,51.74,0,0,0
6147,30.00,30.03,51.53,51.53,51.69,0,0,0
6148,30.00,30.03,51.52,51.52,51.66,0,0,0
6149,30.00,30.03,51.51,51.51,51.66,0,0,0
6150,30.00,30.02,51.50,51.50,51.59,0,0,0
6151,30.00,30.03,51.49,51.49,51.54,0,0,0
6152,30.00,30.03,51.48,51.48,51.57,0,0,0
6153,30.00,30.02,51.47,51.47,51.54,0,0,0
6154,30.00,30.03,51.45,51.45,51.50,0,0,0
6155,30.00,30.03,51.44,51.44,51.45,0,0,0
6156,30.00,30.03,51.43,51.43,51.44,0,0,0
6157,30.00,30.03,51.42,51.42,51.41,0,0,1
6158,30.00,30.03,51.41,51.41,51.38,0,0,0
6159,30.00,30.03,51.40,51.40,51.38,0,0,0
6160,30.00,30.03,51.39,51.39,51.54,0,0,0
6161,30.00,30.00,51.38,51.38,51.73,0,0,0
6162,30.00,30.01,51.36,51.36,51.81,0,0,0
6163,30.00,30.00,51.35,51.35,51.91,0,0,0
6164,30.00,30.02,51.34,51.34,51.95,0,0,0
6165,30.00,30.01,51.33,51.33,52.00,0,0,0
6166,30.00,30.03,51.32,51.32,51.97,0,0,0
6167,30.00,30.02,51.31,51.31,51.96,0,0,0
6168,30.00,30.04,51.30,51.30,51.98,0,0,0
6169,30.00,30.03,51.28,51.28,51.92,0,0,0
6170,30.00,30.03,51.27,51.27,51.91,0,0,0
6171,30.00,30.02,51.26,51.26,51.87,0,0,0
6172,30.00,30.03,51.25,51.25,51.87,0,0,0
6173,30.00,30.02,51.24,51.24,51.86,0,0,0
6174,30.00,30.01,51.23,51.23,51.81,0,0,0
6175,30.00,30.02,51.22,51.22,51.76,0,0,0
6176,30.00,29.99,51.21,51.21,51.73,1,0,0
6177,30.00,30.02,51.19,51.19,51.74,0,0,0
6178,30.00,30.01,51.18,51.18,51.72,0,0,0
6179,30.00,30.00,51.17,51.17,51.66,0,0,0
6180,30.00,30.02,51.16,51.16,51.64,0,0,0
6181,30.00,30.03,51.15,51.15,51.63,0,0,0
6182,30.00,30.02,51.14,51.14,51.58,0,0,0
6183,30.00,30.01,51.13,51.13,51.58,0,0,0
6184,30.00,29.99,51.11,51.11,51.52,1,0,0
6185,30.00,30.02,51.10,51.10,51.50,0,0,0
6186,30.00,30.01,51.09,51.09,51.48,0,0,0
6187,30.00,30.01,51.08,51.08,51.43,0,0,0
6188,30.00,29.99,51.07,51.07,51.36,1,0,0
6189,30.00,30.01,51.06,51.06,51.34,0,0,0
6190,30.00,30.03,51.05,51.05,51.31,0,0,0
6191,30.00,30.01,51.04,51.04,51.32,0,0,0
6192,30.00,30.01,51.02,51.02,51.28,0,0,0
6193,30.00,30.01,51.01,51.01,51.28,0,0,0
6194,30.00,30.02,51.00,51.00,51.23,0,0,0
6195,30.00,30.02,50.99,50.99,51.22,0,0,0
6196,30.00,30.00,50.98,50.98,51.18,0,0,0
6197,30.00,30.02,50.97,50.97,51.14,0,0,0
6198,30.00,30.00,50.96,50.96,51.13,0,0,0
6199,30.00,30.01,50.94,50.94,51.10,0,0,0
6200,30.00,30.00,50.93,50.93,51.08,0,0,0
6201,30.00,30.01,50.92,50.92,51.04,0,0,0
6202,30.00,30.01,50.91,50.91,51.03,0,0,0
6203,30.00,30.00,50.90,50.90,50.99,0,0,0
6204,30.00,30.00,50.89,50.89,50.95,0,0,0
6205,30.00,30.01,50.88,50.88,50.92,0,0,0
6206,30.00,30.01,50.87,50.87,50.91,0,0,0
6207,30.00,30.03,50.85,50.85,50.89,0,0,0
6208,30.00,29.99,50.84,50.84,50.86,1,0,0
6209,30.00,30.01,50.83,50.83,50.83,0,0,0
6210,30.00,30.00,50.82,50.82,50.76,0,0,1
6211,30.00,30.04,50.81,50.81,50.77,0,0,0
6212,30.00,30.00,50.80,50.80,50.78,1,0,0
6213,30.00,30.02,50.79,50.79,50.87,0,0,0
6214,30.00,29.99,50.77,50.77,51.02,1,0,0
6215,30.00,30.01,50.76,50.76,51.14,0,0,0
6216,30.00,29.99,50.75,50.75,51.22,1,0,0
6217,30.00,30.00,50.74,50.74,51.31,0,0,0
6218,30.00,29.97,50.73,50.73,51.32,1,0,0
6219,30.00,29.99,50.72,50.72,51.35,1,0,0
6220,30.00,30.02,50.71,50.71,51.35,0,0,0
6221,30.00,29.99,50.70,50.70,51.36,1,0,0
6222,30.00,30.00,50.68,50.68,51.36,1,0,0
6223,30.00,29.99,50.67,50.67,51.35,1,0,0
6224,30.00,30.00,50.66,50.66,51.32,0,0,0
6225,30.00,30.00,50.65,50.65,51.27,1,0,0
6226,30.00,30.01,50.64,50.64,51.25,0,0,0
6227,30.00,29.99,50.63,50.63,51.25,1,0,0
6228,30.00,30.01,50.62,50.62,51.18,0,0,0
6229,30.00,29.98,50.60,50.60,51.18,1,0,0
6230,30.00,30.00,50.59,50.59,51.16,0,0,0
6231,30.00,30.00,50.58,50.58,51.14,0,0,0
6232,30.00,30.02,50.57,50.57,51.10,0,0,0
6233,30.00,30.00,50.56,50.56,51.08,0,0,0
6234,30.00,29.98,50.55,50.55,51.06,1,0,0
6235,30.00,29.99,50.54,50.54,51.04,1,0,0
6236,30.00,30.00,50.53,50.53,50.97,1,0,0
6237,30.00,30.00,50.51,50.51,50.97,0,0,0
6238,30.00,30.01,50.50,50.50,50.92,0,0,0
6239,30.00,29.99,50.49,50.49,50.90,1,0,0
6240,30.00,30.00,50.48,50.48,50.90,1,0,0
6241,30.00,30.00,50.47,50.47,50.83,1,0,0
6242,30.00,30.01,50.46,50.46,50.83,0,0,0
6243,30.00,29.99,50.45,50.45,50.81,1,0,0
6244,30.00,30.01,50.43,50.43,50.78,0,0,0
6245,30.00,30.01,50.42,50.42,50.74,0,0,0
6246,30.00,30.00,50.41,50.41,50.75,1,0,0
6247,30.00,30.01,50.40,50.40,50.69,0,0,0
6248,30.00,29.99,50.39,50.39,50.65,1,0,0
6249,30.00,30.00,50.38,50.38,50.62,0,0,0
6250,30.00,30.02,50.37,50.37,50.61,0,0,0
6251,30.00,30.00,50.36,50.36,50.58,1,0,0
6252,30.00,29.99,50.34,50.34,50.57,1,0,0
6253,30.00,30.02,50.33,50.33,50.54,0,0,0
6254,30.00,30.00,50.32,50.32,50.57,0,0,0
6255,30.00,30.02,50.31,50.31,50.52,0,0,0
6256,30.00,30.00,50.30,50.30,50.48,1,0,0
6257,30.00,29.99,50.29,50.29,50.45,1,0,0
6258,30.00,29.99,50.28,50.28,50.41,1,0,0
6259,30.00,30.01,50.26,50.26,50.38,0,0,0
6260,30.00,29.98,50.25,50.25,50.35,1,0,0
6261,30.00,30.01,50.24,50.24,50.34,0,0,0
6262,30.00,29.99,50.23,50.23,50.29,1,0,0
6263,30.00,30.00,50.22,50.22,50.25,1,0,0
6264,30.00,30.00,50.21,50.21,50.25,1,0,0
6265,30.00,30.01,50.20,50.20,50.24,0,0,0
6266,30.00,29.99,50.19,50.19,50.22,1,0,0
6267,30.00,30.00,50.17,50.17,50.16,1,0,1
6268,30.00,30.00,50.16,50.16,50.15,0,0,0
6269,30.00,30.01,50.15,50.15,50.15,0,0,0
6270,30.00,30.02,50.14,50.14,50.19,0,0,0
6271,30.00,30.00,50.13,50.13,50.31,0,0,0
6272,30.00,30.00,50.12,50.12,50.41,1,0,0
6273,30.00,29.98,50.11,50.11,50.43,1,0,0
6274,30.00,30.00,50.09,50.09,50.43,1,0,0
6275,30.00,30.02,50.08,50.08,50.47,0,0,0
6276,30.00,30.01,50.07,50.07,50.50,0,0,0
6277,30.00,30.02,50.06,50.06,50.49,0,0,0
6278,30.00,30.00,50.05,50.05,50.46,0,0,0
6279,30.00,30.02,50.04,50.04,50.42,0,0,0
6280,30.00,30.01,50.03,50.03,50.39,0,0,0
6281,30.00,30.01,50.02,50.02,50.37,0,0,0
6282,30.00,30.03,50.00,50.00,50.35,0,0,0
6283,30.00,30.01,49.99,49.99,50.33,0,0,0
6284,30.00,30.02,49.98,49.98,50.32,0,0,0
6285,30.00,30.00,49.97,49.97,50.32,1,0,0
6286,30.00,30.00,49.96,49.96,50.25,0,0,0
6287,30.00,30.02,49.95,49.95,50.23,0,0,0
6288,30.00,30.01,49.94,49.94,50.23,0,0,0
6289,30.00,29.99,49.92,49.92,50.22,1,0,0
6290,30.00,30.02,49.91,49.91,50.21,0,0,0
6291,30.00,30.01,49.90,49.90,50.16,0,0,0
6292,30.00,30.03,49.89,49.89,50.15,0,0,0
6293,30.00,30.02,49.88,49.88,50.10,0,0,0
6294,30.00,30.00,49.87,49.87,50.06,1,0,0
6295,30.00,30.02,49.86,49.86,50.03,0,0,0
6296,30.00,30.01,49.85,49.85,50.00,0,0,0
6297,30.00,30.01,49.83,49.83,49.97,0,0,0
6298,30.00,30.01,49.82,49.82,49.93,0,0,0
6299,30.00,30.02,49.81,49.81,49.97,0,0,0
6300,30.00,29.99,49.80,49.80,49.91,1,0,0
6301,30.00,30.03,49.79,49.79,49.89,0,0,0
6302,30.00,30.00,49.78,49.78,49.86,1,0,0
6303,30.00,30.00,49.77,49.77,49.82,1,0,0
6304,30.00,30.02,49.75,49.75,49.81,0,0,0
6305,30.00,30.02,49.74,49.74,49.80,0,0,0
6306,30.00,30.03,49.73,49.73,49.77,0,0,0
6307,30.00,30.01,49.72,49.72,49.75,0,0,0
6308,30.00,30.01,49.71,49.71,49.73,0,0,0
6309,30.00,30.00,49.70,49.70,49.71,1,0,0
6310,30.00,30.04,49.69,49.69,49.69,0,0,0
6311,30.00,30.02,49.68,49.68,49.64,0,0,1
6312,30.00,30.01,49.66,49.66,49.60,0,0,0
6313,30.00,30.03,49.65,49.65,49.61,0,0,0
6314,30.00,30.03,49.64,49.64,49.69,0,0,0
6315,30.00,30.01,49.63,49.63,49.86,0,0,0
6316,30.00,30.02,49.62,49.62,49.97,0,0,0
6317,30.00,30.03,49.61,49.61,50.10,0,0,0
6318,30.00,30.01,49.60,49.60,50.12,0,0,0
6319,30.00,30.01,49.58,49.58,50.21,0,0,0
6320,30.00,30.01,49.57,49.57,50.16,0,0,0
6321,30.00,30.04,49.56,49.56,50.20,0,0,0
6322,30.00,30.01,49.55,49.55,50.20,0,0,0
6323,30.00,30.04,49.54,49.54,50.19,0,0,0
6324,30.00,30.02,49.53,49.53,50.20,0,0,0
6325,30.00,30.01,49.52,49.52,50.15,0,0,0
6326,30.00,30.03,49.51,49.51,50.13,0,0,0
6327,30.00,30.01,49.49,49.49,50.11,0,0,0
6328,30.00,30.01,49.48,49.48,50.08,0,0,0
6329,30.00,30.03,49.47,49.47,50.06,0,0,0
6330,30.00,30.03,49.46,49.46,50.03,0,0,0
6331,30.00,30.00,49.45,49.45,49.99,1,0,0
6332,30.00,30.01,49.44,49.44,49.95,0,0,0
6333,30.00,30.03,49.43,49.43,49.96,0,0,0
6334,30.00,30.04,49.41,49.41,49.91,0,0,0
6335,30.00,30.03,49.40,49.40,49.87,0,0,0
6336,30.00,30.04,49.39,49.39,49.84,0,0,0
6337,30.00,30.02,49.38,49.38,49.83,0,0,0
6338,30.00,30.01,49.37,49.37,49.79,0,0,0
6339,30.00,30.03,49.36,49.36,49.83,0,0,0
6340,30.00,30.01,49.35,49.35,49.75,0,0,0
6341,30.00,30.03,49.34,49.34,49.77,0,0,0
6342,30.00,30.03,49.32,49.32,49.72,0,0,0
6343,30.00,30.03,49.31,49.31,49.66,0,0,0
6344,30.00,30.02,49.30,49.30,49.66,0,0,0
6345,30.00,30.04,49.29,49.29,49.62,0,0,0
6346,30.00,30.04,49.28,49.28,49.61,0,0,0
6347,30.00,30.04,49.27,49.27,49.57,0,0,0
6348,30.00,30.00,49.26,49.26,49.55,0,0,0
6349,30.00,30.02,49.24,49.24,49.52,0,0,0
6350,30.00,30.04,49.23,49.23,49.49,0,0,0
6351,30.00,30.04,49.22,49.22,49.46,0,0,0
6352,30.00,30.03,49.21,49.21,49.44,0,0,0
6353,30.00,30.03,49.20,49.20,49.42,0,0,0
6354,30.00,30.03,49.19,49.19,49.41,0,0,0
6355,30.00,30.02,49.18,49.18,49.40,0,0,0
6356,30.00,30.03,49.17,49.17,49.39,0,0,0
6357,30.00,30.04,49.15,49.15,49.34,0,0,0
6358,30.00,30.04,49.14,49.14,49.35,0,0,0
6359,30.00,30.02,49.13,49.13,49.32,0,0,0
6360,30.00,30.03,49.12,49.12,49.30,0,0,0
6361,30.00,30.03,49.11,49.11,49.26,0,0,0
6362,30.00,30.03,49.10,49.10,49.24,0,0,0
6363,30.00,30.05,49.09,49.09,49.18,0,0,0
6364,30.00,30.05,49.07,49.07,49.19,0,0,0
6365,30.00,30.03,49.06,49.06,49.18,0,0,0
6366,30.00,30.02,49.05,49.05,49.14,0,0,0
6367,30.00,30.03,49.04,49.04,49.12,0,0,0
6368,30.00,30.03,49.03,49.03,49.10,0,0,0
6369,30.00,30.05,49.02,49.02,49.08,0,0,0
6370,30.00,30.04,49.01,49.01,49.06,0,0,0
6371,30.00,30.03,49.00,49.00,49.05,0,0,0
6372,30.00,30.04,48.98,48.98,49.00,0,0,0
6373,30.00,30.03,48.97,48.97,49.01,0,0,0
6374,30.00,30.05,48.96,48.96,48.97,0,0,0
6375,30.00,30.04,48.95,48.95,48.95,0,0,0
6376,30.00,30.03,48.94,48.94,48.89,0,0,1
6377,30.00,30.04,48.93,48.93,48.90,0,0,0
6378,30.00,30.03,48.92,48.92,48.92,0,0,0
6379,30.00,30.02,48.90,48.90,49.06,0,0,0
6380,30.00,30.03,48.89,48.89,49.19,0,0,0
6381,30.00,30.04,48.88,48.88,49.26,0,0,0
6382,30.00,30.04,48.87,48.87,49.28,0,0,0
6383,30.00,30.00,48.86,48.86,49.32,0,0,0
6384,30.00,30.03,48.85,48.85,49.33,0,0,0
6385,30.00,30.01,48.84,48.84,49.35,0,0,0
6386,30.00,30.01,48.83,48.83,49.33,0,0,0
6387,30.00,30.01,48.81,48.81,49.32,0,0,0
6388,30.00,30.03,48.80,48.80,49.30,0,0,0
6389,30.00,30.03,48.79,48.79,49.34,0,0,0
6390,30.00,30.02,48.78,48.78,49.31,0,0,0
6391,30.00,30.03,48.77,48.77,49.29,0,0,0
6392,30.00,30.04,48.76,48.76,49.28,0,0,0
6393,30.00,30.02,48.75,48.75,49.24,0,0,0
6394,30.00,30.03,48.73,48.73,49.22,0,0,0
6395,30.00,30.03,48.72,48.72,49.25,0,0,0
6396,30.00,30.01,48.71,48.71,49.24,0,0,0
6397,30.00,30.03,48.70,48.70,49.19,0,0,0
6398,30.00,30.01,48.69,48.69,49.13,0,0,0
6399,30.00,30.05,48.68,48.68,49.11,0,0,0
6400,30.00,30.01,48.67,48.67,49.10,0,0,0
6401,30.00,30.03,48.66,48.66,49.09,0,0,0
6402,30.00,30.02,48.64,48.64,49.07,0,0,0
6403,30.00,30.04,48.63,48.63,49.05,0,0,0
6404,30.00,30.02,48.62,48.62,49.04,0,0,0
6405,30.00,30.03,48.61,48.61,49.00,0,0,0
6406,30.00,30.04,48.60,48.60,48.99,0,0,0
6407,30.00,30.01,48.59,48.59,48.96,0,0,0
6408,30.00,30.04,48.58,48.58,48.96,0,0,0
6409,30.00,30.03,48.56,48.56,48.94,0,0,0
6410,30.00,30.02,48.55,48.55,48.87,0,0,0
6411,30.00,30.01,48.54,48.54,48.89,0,0,0
6412,30.00,30.01,48.53,48.53,48.85,0,0,0
6413,30.00,30.00,48.52,48.52,48.83,0,0,0
6414,30.00,30.03,48.51,48.51,48.80,0,0,0
6415,30.00,30.03,48.50,48.50,48.80,0,0,0
6416,30.00,30.03,48.49,48.49,48.77,0,0,0
6417,30.00,30.01,48.47,48.47,48.68,0,0,0
6418,30.00,30.03,48.46,48.46,48.68,0,0,0
6419,30.00,30.03,48.45,48.45,48.67,0,0,0
6420,30.00,30.03,48.44,48.44,48.64,0,0,0
6421,30.00,30.03,48.43,48.43,48.62,0,0,0
6422,30.00,30.03,48.42,48.42,48.66,0,0,0
6423,30.00,30.04,48.41,48.41,48.63,0,0,0
6424,30.00,30.00,48.39,48.39,48.58,0,0,0
6425,30.00,30.04,48.38,48.38,48.55,0,0,0
6426,30.00,30.03,48.37,48.37,48.53,0,0,0
6427,30.00,30.01,48.36,48.36,48.53,0,0,0
6428,30.00,30.03,48.35,48.35,48.50,0,0,0
6429,30.00,30.01,48.34,48.34,48.48,0,0,0
6430,30.00,30.02,48.33,48.33,48.44,0,0,0
6431,30.00,30.04,48.32,48.32,48.43,0,0,0
6432,30.00,30.01,48.30,48.30,48.42,0,0,0
6433,30.00,30.02,48.29,48.29,48.36,0,0,0
6434,30.00,30.03,48.28,48.28,48.37,0,0,0
6435,30.00,30.04,48.27,48.27,48.34,0,0,0
6436,30.00,30.03,48.26,48.26,48.32,0,0,0
6437,30.00,30.03,48.25,48.25,48.31,0,0,0
6438,30.00,30.01,48.24,48.24,48.28,0,0,0
6439,30.00,30.01,48.22,48.22,48.26,0,0,0
6440,30.00,30.01,48.21,48.21,48.21,0,0,0
6441,30.00,30.01,48.20,48.20,48.21,0,0,0
6442,30.00,30.01,48.19,48.19,48.21,0,0,0
6443,30.00,30.04,48.18,48.18,48.17,0,0,1
6444,30.00,30.00,48.17,48.17,48.15,0,0,0
6445,30.00,30.03,48.16,48.16,48.18,0,0,0
6446,30.00,30.01,48.15,48.15,48.32,0,0,0
6447,30.00,30.00,48.13,48.13,48.45,1,0,0
6448,30.00,30.00,48.12,48.12,48.57,1,0,0
6449,30.00,30.00,48.11,48.11,48.62,1,0,0
6450,30.00,30.01,48.10,48.10,48.65,0,0,0
6451,30.00,30.02,48.09,48.09,48.63,0,0,0
6452,30.00,30.00,48.08,48.08,48.60,1,0,0
6453,30.00,30.02,48.07,48.07,48.61,0,0,0
6454,30.00,30.03,48.05,48.05,48.61,0,0,0
6455,30.00,30.01,48.04,48.04,48.57,0,0,0
6456,30.00,30.01,48.03,48.03,48.55,0,0,0
6457,30.00,29.99,48.02,48.02,48.54,1,0,0
6458,30.00,30.01,48.01,48.01,48.53,0,0,0
6459,30.00,30.02,48.00,48.00,48.51,0,0,0
6460,30.00,30.01,47.99,47.99,48.47,0,0,0
6461,30.00,30.02,47.98,47.98,48.43,0,0,0
6462,30.00,30.03,47.96,47.96,48.42,0,0,0
6463,30.00,30.01,47.95,47.95,48.38,0,0,0
6464,30.00,30.02,47.94,47.94,48.38,0,0,0
6465,30.00,29.99,47.93,47.93,48.36,1,0,0
6466,30.00,30.03,47.92,47.92,48.34,0,0,0
6467,30.00,30.03,47.91,47.91,48.33,0,0,0
6468,30.00,30.03,47.90,47.90,48.30,0,0,0
6469,30.00,30.04,47.88,47.88,48.30,0,0,0
6470,30.00,30.02,47.87,47.87,48.29,0,0,0
6471,30.00,30.03,47.86,47.86,48.22,0,0,0
6472,30.00,30.01,47.85,47.85,48.19,0,0,0
6473,30.00,30.00,47.84,47.84,48.17,0,0,0
6474,30.00,30.03,47.83,47.83,48.18,0,0,0
6475,30.00,30.03,47.82,47.82,48.14,0,0,0
6476,30.00,29.99,47.81,47.81,48.14,1,0,0
6477,30.00,30.02,47.79,47.79,48.14,0,0,0
6478,30.00,30.00,47.78,47.78,48.09,1,0,0
6479,30.00,30.01,47.77,47.77,48.09,0,0,0
6480,30.00,30.01,47.76,47.76,48.02,0,0,0
6481,30.00,30.00,47.75,47.75,48.02,0,0,0
6482,30.00,30.00,47.74,47.74,47.96,0,0,0
6483,30.00,30.00,47.73,47.73,47.92,1,0,0
6484,30.00,30.02,47.71,47.71,47.93,0,0,0
6485,30.00,30.03,47.70,47.70,47.95,0,0,0
6486,30.00,30.00,47.69,47.69,47.91,0,0,0
6487,30.00,29.99,47.68,47.68,47.87,1,0,0
6488,30.00,30.00,47.67,47.67,47.80,1,0,0
6489,30.00,30.00,47.66,47.66,47.83,1,0,0
6490,30.00,30.01,47.65,47.65,47.80,0,0,0
6491,30.00,30.00,47.64,47.64,47.81,0,0,0
6492,30.00,30.01,47.62,47.62,47.75,0,0,0
6493,30.00,29.98,47.61,47.61,47.75,1,0,0
6494,30.00,30.00,47.60,47.60,47.71,0,0,0
6495,30.00,30.00,47.59,47.59,47.69,1,0,0
6496,30.00,30.01,47.58,47.58,47.69,0,0,0
6497,30.00,30.01,47.57,47.57,47.69,0,0,0
6498,30.00,30.00,47.56,47.56,47.67,1,0,0
6499,30.00,30.02,47.54,47.54,47.66,0,0,0
6500,30.00,30.01,47.53,47.53,47.62,0,0,0
6501,30.00,30.01,47.52,47.52,47.61,0,0,0
6502,30.00,30.01,47.51,47.51,47.57,0,0,0
6503,30.00,29.99,47.50,47.50,47.55,1,0,0
6504,30.00,30.01,47.49,47.49,47.52,0,0,0
6505,30.00,30.00,47.48,47.48,47.49,1,0,0
6506,30.00,30.00,47.47,47.47,47.45,1,0,1
6507,30.00,30.00,47.45,47.45,47.44,1,0,0
6508,30.00,30.00,47.44,47.44,47.44,1,0,0
6509,30.00,29.98,47.43,47.43,47.60,1,0,0
6510,30.00,30.01,47.42,47.42,47.83,0,0,0
6511,30.00,30.00,47.41,47.41,47.92,0,0,0
6512,30.00,30.00,47.40,47.40,48.05,1,0,0
6513,30.00,30.00,47.39,47.39,48.11,0,0,0
6514,30.00,30.00,47.37,47.37,48.15,0,0,0
6515,30.00,30.01,47.36,47.36,48.15,0,0,0
6516,30.00,29.99,47.35,47.35,48.15,1,0,0
6517,30.00,29.99,47.34,47.34,48.20,1,0,0
6518,30.00,30.01,47.33,47.33,48.18,0,0,0
6519,30.00,30.00,47.32,47.32,48.13,0,0,0
6520,30.00,30.00,47.31,47.31,48.14,1,0,0
6521,30.00,29.99,47.30,47.30,48.11,1,0,0
6522,30.00,30.00,47.28,47.28,48.10,0,0,0
6523,30.00,30.00,47.27,47.27,48.06,0,0,0
6524,30.00,30.03,47.26,47.26,48.06,0,0,0
6525,30.00,29.99,47.25,47.25,48.03,1,0,0
6526,30.00,30.00,47.24,47.24,48.00,1,0,0
6527,30.00,30.00,47.23,47.23,47.98,1,0,0
6528,30.00,30.00,47.22,47.22,47.93,0,0,0
6529,30.00,29.99,47.20,47.20,47.92,1,0,0
6530,30.00,30.01,47.19,47.19,47.91,0,0,0
6531,30.00,30.01,47.18,47.18,47.87,0,0,0
6532,30.00,30.00,47.17,47.17,47.86,1,0,0
6533,30.00,30.01,47.16,47.16,47.82,0,0,0
6534,30.00,30.00,47.15,47.15,47.77,0,0,0
6535,30.00,29.98,47.14,47.14,47.77,1,0,0
6536,30.00,30.01,47.13,47.13,47.74,0,0,0
6537,30.00,30.04,47.11,47.11,47.73,0,0,0
6538,30.00,30.01,47.10,47.10,47.69,0,0,0
6539,30.00,30.00,47.09,47.09,47.67,0,0,0
6540,30.00,30.01,47.08,47.08,47.67,0,0,0
6541,30.00,29.99,47.07,47.07,47.64,1,0,0
6542,30.00,30.01,47.06,47.06,47.62,0,0,0
6543,30.00,30.00,47.05,47.05,47.60,1,0,0
6544,30.00,30.02,47.03,47.03,47.57,0,0,0
6545,30.00,30.00,47.02,47.02,47.60,1,0,0
6546,30.00,30.04,47.01,47.01,47.56,0,0,0
6547,30.00,30.01,47.00,47.00,47.54,0,0,0
6548,30.00,30.01,46.99,46.99,47.51,0,0,0
6549,30.00,30.01,46.98,46.98,47.49,0,0,0
6550,30.00,30.01,46.97,46.97,47.45,0,0,0
6551,30.00,30.01,46.96,46.96,47.40,0,0,0
6552,30.00,30.00,46.94,46.94,47.39,1,0,0
6553,30.00,30.01,46.93,46.93,47.39,0,0,0
6554,30.00,30.02,46.92,46.92,47.35,0,0,0
6555,30.00,30.02,46.91,46.91,47.33,0,0,0
6556,30.00,30.01,46.90,46.90,47.32,0,0,0
6557,30.00,30.02,46.89,46.89,47.33,0,0,0
6558,30.00,30.01,46.88,46.88,47.31,0,0,0
6559,30.00,30.03,46.86,46.86,47.29,0,0,0
6560,30.00,29.99,46.85,46.85,47.29,1,0,0
6561,30.00,30.03,46.84,46.84,47.22,0,0,0
6562,30.00,30.01,46.83,46.83,47.22,0,0,0
6563,30.00,30.00,46.82,46.82,47.22,1,0,0
6564,30.00,30.03,46.81,46.81,47.20,0,0,0
6565,30.00,29.99,46.80,46.80,47.13,1,0,0
6566,30.00,30.02,46.79,46.79,47.12,0,0,0
6567,30.00,30.01,46.77,46.77,47.14,0,0,0
6568,30.00,29.99,46.76,46.76,47.11,1,0,0
6569,30.00,30.00,46.75,46.75,47.11,1,0,0
6570,30.00,30.01,46.74,46.74,47.02,0,0,0
6571,30.00,30.02,46.73,46.73,47.00,0,0,0
6572,30.00,30.03,46.72,46.72,47.01,0,0,0
6573,30.00,30.01,46.71,46.71,46.96,0,0,0
6574,30.00,30.03,46.69,46.69,46.93,0,0,0
6575,30.00,30.02,46.68,46.68,46.93,0,0,0
6576,30.00,30.01,46.67,46.67,46.90,0,0,0
6577,30.00,30.02,46.66,46.66,46.89,0,0,0
6578,30.00,30.01,46.65,46.65,46.83,0,0,0
6579,30.00,29.99,46.64,46.64,46.83,1,0,0
6580,30.00,30.00,46.63,46.63,46.88,0,0,0
6581,30.00,30.01,46.62,46.62,46.81,0,0,0
6582,30.00,30.00,46.60,46.60,46.79,1,0,0
6583,30.00,30.03,46.59,46.59,46.78,0,0,0
6584,30.00,30.00,46.58,46.58,46.75,0,0,0
6585,30.00,30.02,46.57,46.57,46.71,0,0,0
6586,30.00,30.00,46.56,46.56,46.70,0,0,0
6587,30.00,30.03,46.55,46.55,46.67,0,0,0
6588,30.00,30.03,46.54,46.54,46.66,0,0,0
6589,30.00,30.03,46.52,46.52,46.65,0,0,0
6590,30.00,30.03,46.51,46.51,46.62,0,0,0
6591,30.00,30.01,46.50,46.50,46.62,0,0,0
6592,30.00,30.00,46.49,46.49,46.58,1,0,0
6593,30.00,30.03,46.48,46.48,46.55,0,0,0
6594,30.00,30.02,46.47,46.47,46.55,0,0,0
6595,30.00,30.02,46.46,46.46,46.53,0,0,0
6596,30.00,30.03,46.45,46.45,46.51,0,0,0
6597,30.00,30.03,46.43,46.43,46.46,0,0,0
6598,30.00,30.03,46.42,46.42,46.48,0,0,0
6599,30.00,30.02,46.41,46.41,46.47,0,0,0
6600,30.00,30.00,46.40,46.40,46.44,0,0,0
6601,30.00,30.01,46.39,46.39,46.41,0,0,0
6602,30.00,30.03,46.38,46.38,46.39,0,0,0
6603,30.00,30.01,46.37,46.37,46.39,0,0,0
6604,30.00,30.03,46.35,46.35,46.37,0,0,0
6605,30.00,30.01,46.34,46.34,46.35,0,0,0
6606,30.00,30.01,46.33,46.33,46.34,0,0,0
6607,30.00,30.01,46.32,46.32,46.35,0,0,0
6608,30.00,30.04,46.31,46.31,46.30,0,0,1
6609,30.00,30.01,46.30,46.30,46.29,0,0,0
6610,30.00,30.03,46.29,46.29,46.28,0,0,0
6611,30.00,30.02,46.28,46.28,46.31,0,0,0
6612,30.00,30.00,46.26,46.26,46.34,0,0,0
6613,30.00,30.03,46.25,46.25,46.41,0,0,0
6614,30.00,30.02,46.24,46.24,46.51,0,0,0
6615,30.00,30.03,46.23,46.23,46.52,0,0,0
6616,30.00,30.01,46.22,46.22,46.54,0,0,0
6617,30.00,30.02,46.21,46.21,46.57,0,0,0
6618,30.00,30.01,46.20,46.20,46.62,0,0,0
6619,30.00,30.03,46.18,46.18,46.57,0,0,0
6620,30.00,30.02,46.17,46.17,46.60,0,0,0
6621,30.00,30.04,46.16,46.16,46.57,0,0,0
6622,30.00,30.02,46.15,46.15,46.54,0,0,0
6623,30.00,30.04,46.14,46.14,46.53,0,0,0
6624,30.00,30.02,46.13,46.13,46.53,0,0,0
6625,30.00,30.01,46.12,46.12,46.52,0,0,0
6626,30.00,30.02,46.11,46.11,46.47,0,0,0
6627,30.00,30.03,46.09,46.09,46.46,0,0,0
6628,30.00,30.01,46.08,46.08,46.41,0,0,0
6629,30.00,30.04,46.07,46.07,46.46,0,0,0
6630,30.00,30.02,46.06,46.06,46.39,0,0,0
6631,30.00,30.02,46.05,46.05,46.39,0,0,0
6632,30.00,30.00,46.04,46.04,46.35,1,0,0
6633,30.00,30.02,46.03,46.03,46.34,0,0,0
6634,30.00,30.03,46.01,46.01,46.33,0,0,0
6635,30.00,30.03,46.00,46.00,46.31,0,0,0
6636,30.00,30.01,45.99,45.99,46.31,0,0,0
6637,30.00,30.02,45.98,45.98,46.29,0,0,0
6638,30.00,30.04,45.97,45.97,46.27,0,0,0
6639,30.00,30.05,45.96,45.96,46.25,0,0,0
6640,30.00,30.04,45.95,45.95,46.24,0,0,0
6641,30.00,30.03,45.94,45.94,46.21,0,0,0
6642,30.00,30.03,45.92,45.92,46.21,0,0,0
6643,30.00,30.02,45.91,45.91,46.18,0,0,0
6644,30.00,30.03,45.90,45.90,46.15,0,0,0
6645,30.00,30.02,45.89,45.89,46.13,0,0,0
6646,30.00,30.03,45.88,45.88,46.11,0,0,0
6647,30.00,30.02,45.87,45.87,46.08,0,0,0
6648,30.00,30.01,45.86,45.86,46.05,0,0,0
6649,30.00,30.04,45.84,45.84,46.05,0,0,0
6650,30.00,30.05,45.83,45.83,46.04,0,0,0
6651,30.00,30.03,45.82,45.82,46.04,0,0,0
6652,30.00,30.02,45.81,45.81,46.02,0,0,0
6653,30.00,30.03,45.80,45.80,45.99,0,0,0
6654,30.00,30.04,45.79,45.79,45.99,0,0,0
6655,30.00,30.03,45.78,45.78,45.98,0,0,0
6656,30.00,30.02,45.77,45.77,45.98,0,0,0
6657,30.00,30.02,45.75,45.75,45.96,0,0,0
6658,30.00,30.04,45.74,45.74,45.90,0,0,0
6659,30.00,30.03,45.73,45.73,45.89,0,0,0
6660,30.00,30.03,45.72,45.72,45.90,0,0,0
6661,30.00,30.02,45.71,45.71,45.82,0,0,0
6662,30.00,30.01,45.70,45.70,45.84,0,0,0
6663,30.00,30.01,45.69,45.69,45.79,0,0,0
6664,30.00,30.04,45.67,45.67,45.82,0,0,0
6665,30.00,30.03,45.66,45.66,45.79,0,0,0
6666,30.00,30.02,45.65,45.65,45.79,0,0,0
6667,30.00,30.05,45.64,45.64,45.74,0,0,0
6668,30.00,30.03,45.63,45.63,45.73,0,0,0
6669,30.00,30.00,45.62,45.62,45.71,1,0,0
6670,30.00,30.04,45.61,45.61,45.69,0,0,0
6671,30.00,30.02,45.60,45.60,45.66,0,0,0
6672,30.00,30.03,45.58,45.58,45.67,0,0,0
6673,30.00,30.00,45.57,45.57,45.65,0,0,0
6674,30.00,30.01,45.56,45.56,45.63,0,0,0
6675,30.00,30.04,45.55,45.55,45.60,0,0,0
6676,30.00,30.04,45.54,45.54,45.56,0,0,0
6677,30.00,30.01,45.53,45.53,45.59,0,0,0
6678,30.00,30.04,45.52,45.52,45.59,0,0,0
6679,30.00,30.02,45.50,45.50,45.55,0,0,0
6680,30.00,30.03,45.49,45.49,45.49,0,0,1
6681,30.00,30.01,45.48,45.48,45.51,0,0,0
6682,30.00,30.03,45.47,45.47,45.48,0,0,0
6683,30.00,30.01,45.46,45.46,45.65,0,0,0
6684,30.00,30.01,45.45,45.45,45.81,0,0,0
6685,30.00,30.02,45.44,45.44,46.00,0,0,0
6686,30.00,30.01,45.43,45.43,46.12,0,0,0
6687,30.00,30.01,45.41,45.41,46.16,0,0,0
6688,30.00,30.01,45.40,45.40,46.23,0,0,0
6689,30.00,30.01,45.39,45.39,46.26,0,0,0
6690,30.00,30.01,45.38,45.38,46.24,0,0,0
6691,30.00,30.02,45.37,45.37,46.22,0,0,0
6692,30.00,30.01,45.36,45.36,46.21,0,0,0
6693,30.00,30.03,45.35,45.35,46.23,0,0,0
6694,30.00,30.02,45.33,45.33,46.23,0,0,0
6695,30.00,30.02,45.32,45.32,46.18,0,0,0
6696,30.00,30.02,45.31,45.31,46.22,0,0,0
6697,30.00,30.02,45.30,45.30,46.18,0,0,0
6698,30.00,30.01,45.29,45.29,46.14,0,0,0
6699,30.00,30.03,45.28,45.28,46.15,0,0,0
6700,30.00,30.01,45.27,45.27,46.12,0,0,0
6701,30.00,30.01,45.26,45.26,46.13,0,0,0
6702,30.00,30.01,45.24,45.24,46.11,0,0,0
6703,30.00,30.02,45.23,45.23,46.09,0,0,0
6704,30.00,30.02,45.22,45.22,46.09,0,0,0
6705,30.00,30.01,45.21,45.21,46.09,0,0,0
6706,30.00,30.03,45.20,45.20,46.05,0,0,0
6707,30.00,30.03,45.19,45.19,46.02,0,0,0
6708,30.00,30.01,45.18,45.18,45.99,0,0,0
6709,30.00,30.01,45.16,45.16,45.98,0,0,0
6710,30.00,30.03,45.15,45.15,45.97,0,0,0
6711,30.00,30.01,45.14,45.14,45.94,0,0,0
6712,30.00,30.00,45.13,45.13,45.90,1,0,0
6713,30.00,30.02,45.12,45.12,45.94,0,0,0
6714,30.00,30.01,45.11,45.11,45.91,0,0,0
6715,30.00,30.00,45.10,45.10,45.86,0,0,0
6716,30.00,30.00,45.09,45.09,45.83,1,0,0
6717,30.00,30.03,45.07,45.07,45.80,0,0,0
6718,30.00,30.01,45.06,45.06,45.85,0,0,0
6719,30.00,30.02,45.05,45.05,45.82,0,0,0
6720,30.00,29.99,45.04,45.04,45.75,1,0,0
6721,30.00,30.00,45.03,45.03,45.74,0,0,0
6722,30.00,30.01,45.02,45.02,45.72,0,0,0
6723,30.00,29.99,45.01,45.01,45.67,1,0,0
6724,30.00,30.00,44.99,44.99,45.69,0,0,0
6725,30.00,30.00,44.98,44.98,45.70,1,0,0
6726,30.00,30.01,44.97,44.97,45.71,0,0,0
6727,30.00,30.01,44.96,44.96,45.66,0,0,0
6728,30.00,30.01,44.95,44.95,45.67,0,0,0
6729,30.00,29.99,44.94,44.94,45.59,1,0,0
6730,30.00,30.00,44.93,44.93,45.62,0,0,0
6731,30.00,30.01,44.92,44.92,45.58,0,0,0
6732,30.00,29.99,44.90,44.90,45.57,1,0,0
6733,30.00,30.01,44.89,44.89,45.55,0,0,0
6734,30.00,30.03,44.88,44.88,45.52,0,0,0
6735,30.00,30.01,44.87,44.87,45.54,0,0,0
6736,30.00,30.00,44.86,44.86,45.49,0,0,0
6737,30.00,30.02,44.85,44.85,45.44,0,0,0
6738,30.00,29.99,44.84,44.84,45.46,1,0,0
6739,30.00,30.02,44.82,44.82,45.43,0,0,0
6740,30.00,30.02,44.81,44.81,45.42,0,0,0
6741,30.00,30.00,44.80,44.80,45.43,0,0,0
6742,30.00,30.00,44.79,44.79,45.37,1,0,0
6743,30.00,30.00,44.78,44.78,45.33,1,0,0
6744,30.00,30.02,44.77,44.77,45.37,0,0,0
6745,30.00,30.00,44.76,44.76,45.36,1,0,0
6746,30.00,30.01,44.75,44.75,45.33,0,0,0
6747,30.00,30.00,44.73,44.73,45.29,1,0,0
6748,30.00,30.01,44.72,44.72,45.30,0,0,0
6749,30.00,30.00,44.71,44.71,45.28,1,0,0
6750,30.00,30.03,44.70,44.70,45.23,0,0,0
6751,30.00,30.02,44.69,44.69,45.22,0,0,0
6752,30.00,30.01,44.68,44.68,45.23,0,0,0
6753,30.00,30.01,44.67,44.67,45.22,0,0,0
6754,30.00,30.01,44.65,44.65,45.17,0,0,0
6755,30.00,30.00,44.64,44.64,45.17,0,0,0
6756,30.00,30.00,44.63,44.63,45.14,0,0,0
6757,30.00,30.01,44.62,44.62,45.13,0,0,0
6758,30.00,29.99,44.61,44.61,45.11,1,0,0
6759,30.00,30.00,44.60,44.60,45.12,0,0,0
6760,30.00,29.99,44.59,44.59,45.08,1,0,0
6761,30.00,30.00,44.58,44.58,45.10,1,0,0
6762,30.00,30.00,44.56,44.56,45.10,1,0,0
6763,30.00,30.01,44.55,44.55,45.07,0,0,0
6764,30.00,30.01,44.54,44.54,45.05,0,0,0
6765,30.00,30.01,44.53,44.53,45.03,0,0,0
6766,30.00,30.04,44.52,44.52,45.00,0,0,0
6767,30.00,30.00,44.51,44.51,44.98,0,0,0
6768,30.00,30.00,44.50,44.50,44.97,1,0,0
6769,30.00,30.00,44.48,44.48,44.92,1,0,0
6770,30.00,30.01,44.47,44.47,44.93,0,0,0
6771,30.00,30.00,44.46,44.46,44.96,0,0,0
6772,30.00,30.00,44.45,44.45,44.91,1,0,0
6773,30.00,30.01,44.44,44.44,44.91,0,0,0
6774,30.00,29.99,44.43,44.43,44.85,1,0,0
6775,30.00,30.00,44.42,44.42,44.83,1,0,0
6776,30.00,30.01,44.41,44.41,44.79,0,0,0
6777,30.00,30.03,44.39,44.39,44.81,0,0,0
6778,30.00,30.01,44.38,44.38,44.82,0,0,0
6779,30.00,30.00,44.37,44.37,44.78,0,0,0
6780,30.00,30.01,44.36,44.36,44.77,0,0,0
6781,30.00,30.01,44.35,44.35,44.73,0,0,0
6782,30.00,30.00,44.34,44.34,44.73,0,0,0
6783,30.00,29.99,44.33,44.33,44.70,1,0,0
6784,30.00,29.99,44.31,44.31,44.72,1,0,0
6785,30.00,30.03,44.30,44.30,44.69,0,0,0
6786,30.00,30.00,44.29,44.29,44.71,0,0,0
6787,30.00,30.00,44.28,44.28,44.63,1,0,0
6788,30.00,29.98,44.27,44.27,44.66,1,0,0
6789,30.00,30.03,44.26,44.26,44.62,0,0,0
6790,30.00,30.02,44.25,44.25,44.64,0,0,0
6791,30.00,29.99,44.24,44.24,44.61,1,0,0
6792,30.00,29.98,44.22,44.22,44.57,1,0,0
6793,30.00,30.01,44.21,44.21,44.58,0,0,0
6794,30.00,30.02,44.20,44.20,44.57,0,0,0
6795,30.00,30.01,44.19,44.19,44.59,0,0,0
6796,30.00,30.00,44.18,44.18,44.54,1,0,0
6797,30.00,30.00,44.17,44.17,44.52,0,0,0
6798,30.00,30.01,44.16,44.16,44.49,0,0,0
6799,30.00,30.00,44.14,44.14,44.46,0,0,0
6800,30.00,29.99,44.13,44.13,44.44,1,0,0
6801,30.00,29.99,44.12,44.12,44.43,1,0,0
6802,30.00,30.00,44.11,44.11,44.44,0,0,0
6803,30.00,30.00,44.10,44.10,44.41,1,0,0
6804,30.00,30.02,44.09,44.09,44.39,0,0,0
6805,30.00,30.03,44.08,44.08,44.38,0,0,0
6806,30.00,30.01,44.07,44.07,44.36,0,0,0
6807,30.00,30.04,44.05,44.05,44.37,0,0,0
6808,30.00,30.02,44.04,44.04,44.35,0,0,0
6809,30.00,30.03,44.03,44.03,44.33,0,0,0
6810,30.00,30.02,44.02,44.02,44.31,0,0,0
6811,30.00,30.02,44.01,44.01,44.31,0,0,0
6812,30.00,30.01,44.00,44.00,44.28,0,0,0
6813,30.00,30.02,43.99,43.99,44.28,0,0,0
6814,30.00,30.00,43.97,43.97,44.27,0,0,0
6815,30.00,30.01,43.96,43.96,44.26,0,0,0
6816,30.00,30.00,43.95,43.95,44.24,0,0,0
6817,30.00,30.01,43.94,43.94,44.20,0,0,0
6818,30.00,30.03,43.93,43.93,44.18,0,0,0
6819,30.00,30.01,43.92,43.92,44.20,0,0,0
6820,30.00,30.03,43.91,43.91,44.21,0,0,0
6821,30.00,30.01,43.90,43.90,44.17,0,0,0
6822,30.00,30.02,43.88,43.88,44.13,0,0,0
6823,30.00,30.00,43.87,43.87,44.11,1,0,0
6824,30.00,30.01,43.86,43.86,44.12,0,0,0
6825,30.00,30.02,43.85,43.85,44.10,0,0,0
6826,30.00,30.00,43.84,43.84,44.08,1,0,0
6827,30.00,30.02,43.83,43.83,44.11,0,0,0
6828,30.00,30.01,43.82,43.82,44.06,0,0,0
6829,30.00,30.01,43.80,43.80,44.07,0,0,0
6830,30.00,30.03,43.79,43.79,44.04,0,0,0
6831,30.00,30.02,43.78,43.78,44.04,0,0,0
6832,30.00,30.02,43.77,43.77,44.00,0,0,0
6833,30.00,30.02,43.76,43.76,43.98,0,0,0
6834,30.00,30.03,43.75,43.75,43.97,0,0,0
6835,30.00,30.03,43.74,43.74,43.94,0,0,0
6836,30.00,30.01,43.73,43.73,43.97,0,0,0
6837,30.00,30.02,43.71,43.71,43.95,0,0,0
6838,30.00,30.03,43.70,43.70,43.96,0,0,0
6839,30.00,30.02,43.69,43.69,43.90,0,0,0
6840,30.00,30.02,43.68,43.68,43.93,0,0,0
6841,30.00,30.03,43.67,43.67,43.90,0,0,0
6842,30.00,30.03,43.66,43.66,43.89,0,0,0
6843,30.00,30.03,43.65,43.65,43.87,0,0,0
6844,30.00,30.02,43.63,43.63,43.84,0,0,0
6845,30.00,30.01,43.62,43.62,43.82,0,0,0
6846,30.00,30.03,43.61,43.61,43.85,0,0,0
6847,30.00,30.01,43.60,43.60,43.83,0,0,0
6848,30.00,30.02,43.59,43.59,43.79,0,0,0
6849,30.00,30.02,43.58,43.58,43.76,0,0,0
6850,30.00,30.02,43.57,43.57,43.77,0,0,0
6851,30.00,30.02,43.56,43.56,43.76,0,0,0
6852,30.00,30.01,43.54,43.54,43.74,0,0,0
6853,30.00,30.03,43.53,43.53,43.74,0,0,0
6854,30.00,30.03,43.52,43.52,43.74,0,0,0
6855,30.00,30.03,43.51,43.51,43.73,0,0,0
6856,30.00,30.04,43.50,43.50,43.72,0,0,0
6857,30.00,30.04,43.49,43.49,43.66,0,0,0
6858,30.00,30.01,43.48,43.48,43.64,0,0,0
6859,30.00,30.04,43.46,43.46,43.65,0,0,0
6860,30.00,30.03,43.45,43.45,43.63,0,0,0
6861,30.00,30.03,43.44,43.44,43.61,0,0,0
6862,30.00,30.03,43.43,43.43,43.62,0,0,0
6863,30.00,30.04,43.42,43.42,43.57,0,0,0
6864,30.00,30.02,43.41,43.41,43.61,0,0,0
6865,30.00,30.02,43.40,43.40,43.59,0,0,0
6866,30.00,30.01,43.39,43.39,43.57,0,0,0
6867,30.00,30.03,43.37,43.37,43.57,0,0,0
6868,30.00,30.03,43.36,43.36,43.53,0,0,0
6869,30.00,30.03,43.35,43.35,43.54,0,0,0
6870,30.00,30.02,43.34,43.34,43.53,0,0,0
6871,30.00,30.03,43.33,43.33,43.52,0,0,0
6872,30.00,30.00,43.32,43.32,43.49,1,0,0
6873,30.00,30.02,43.31,43.31,43.42,0,0,0
6874,30.00,30.02,43.29,43.29,43.46,0,0,0
6875,30.00,30.04,43.28,43.28,43.44,0,0,0
6876,30.00,30.01,43.27,43.27,43.41,0,0,0
6877,30.00,30.04,43.26,43.26,43.46,0,0,0
6878,30.00,30.01,43.25,43.25,43.40,0,0,0
6879,30.00,30.02,43.24,43.24,43.39,0,0,0
6880,30.00,30.04,43.23,43.23,43.40,0,0,0
6881,30.00,30.02,43.22,43.22,43.37,0,0,0
6882,30.00,30.04,43.20,43.20,43.34,0,0,0
6883,30.00,30.04,43.19,43.19,43.34,0,0,0
6884,30.00,30.04,43.18,43.18,43.38,0,0,0
6885,30.00,30.01,43.17,43.17,43.34,0,0,0
6886,30.00,30.01,43.16,43.16,43.33,0,0,0
6887,30.00,30.01,43.15,43.15,43.30,0,0,0
6888,30.00,30.03,43.14,43.14,43.28,0,0,0
6889,30.00,30.03,43.12,43.12,43.30,0,0,0
6890,30.00,30.03,43.11,43.11,43.25,0,0,0
6891,30.00,30.02,43.10,43.10,43.27,0,0,0
6892,30.00,30.03,43.09,43.09,43.26,0,0,0
6893,30.00,30.03,43.08,43.08,43.24,0,0,0
6894,30.00,30.02,43.07,43.07,43.21,0,0,0
6895,30.00,30.04,43.06,43.06,43.24,0,0,0
6896,30.00,30.00,43.05,43.05,43.20,0,0,0
6897,30.00,30.02,43.03,43.03,43.19,0,0,0
6898,30.00,30.03,43.02,43.02,43.19,0,0,0
6899,30.00,30.03,43.01,43.01,43.17,0,0,0
6900,30.00,30.04,43.00,43.00,43.18,0,0,0
6901,30.00,30.03,42.99,42.99,43.16,0,0,0
6902,30.00,30.03,42.98,42.98,43.16,0,0,0
6903,30.00,30.03,42.97,42.97,43.15,0,0,0
6904,30.00,30.03,42.95,42.95,43.10,0,0,0
6905,30.00,30.01,42.94,42.94,43.10,0,0,0
6906,30.00,30.03,42.93,42.93,43.09,0,0,0
6907,30.00,30.01,42.92,42.92,43.08,0,0,0
6908,30.00,30.02,42.91,42.91,43.03,0,0,0
6909,30.00,30.03,42.90,42.90,43.06,0,0,0
6910,30.00,30.03,42.89,42.89,43.04,0,0,0
6911,30.00,30.02,42.88,42.88,43.03,0,0,0
6912,30.00,30.01,42.86,42.86,43.02,0,0,0
6913,30.00,30.03,42.85,42.85,43.03,0,0,0
6914,30.00,30.04,42.84,42.84,43.02,0,0,0
6915,30.00,30.03,42.83,42.83,42.99,0,0,0
6916,30.00,30.00,42.82,42.82,42.95,0,0,0
6917,30.00,30.01,42.81,42.81,42.97,0,0,0
6918,30.00,30.02,42.80,42.80,42.94,0,0,0
6919,30.00,30.03,42.78,42.78,42.92,0,0,0
6920,30.00,30.01,42.77,42.77,42.94,0,0,0
6921,30.00,30.01,42.76,42.76,42.90,0,0,0
6922,30.00,30.03,42.75,42.75,42.89,0,0,0
6923,30.00,30.01,42.74,42.74,42.86,0,0,0
6924,30.00,30.02,42.73,42.73,42.85,0,0,0
6925,30.00,30.04,42.72,42.72,42.85,0,0,0
6926,30.00,30.00,42.71,42.71,42.86,0,0,0
6927,30.00,30.02,42.69,42.69,42.90,0,0,0
6928,30.00,30.04,42.68,42.68,42.83,0,0,0
6929,30.00,30.03,42.67,42.67,42.82,0,0,0
6930,30.00,30.03,42.66,42.66,42.78,0,0,0
6931,30.00,30.03,42.65,42.65,42.81,0,0,0
6932,30.00,30.04,42.64,42.64,42.80,0,0,0
6933,30.00,30.02,42.63,42.63,42.74,0,0,0
6934,30.00,30.01,42.61,42.61,42.78,0,0,0
6935,30.00,30.01,42.60,42.60,42.74,0,0,0
6936,30.00,30.01,42.59,42.59,42.78,0,0,0
6937,30.00,30.01,42.58,42.58,42.77,0,0,0
6938,30.00,30.01,42.57,42.57,42.73,0,0,0
6939,30.00,30.02,42.56,42.56,42.73,0,0,0
6940,30.00,30.01,42.55,42.55,42.72,0,0,0
6941,30.00,30.01,42.54,42.54,42.68,0,0,0
6942,30.00,30.01,42.52,42.52,42.67,0,0,0
6943,30.00,29.99,42.51,42.51,42.72,1,0,0
6944,30.00,30.01,42.50,42.50,42.68,0,0,0
6945,30.00,30.01,42.49,42.49,42.67,0,0,0
6946,30.00,30.01,42.48,42.48,42.62,0,0,0
6947,30.00,30.01,42.47,42.47,42.66,0,0,0
6948,30.00,30.01,42.46,42.46,42.65,0,0,0
6949,30.00,30.02,42.44,42.44,42.62,0,0,0
6950,30.00,30.00,42.43,42.43,42.61,1,0,0
6951,30.00,30.01,42.42,42.42,42.61,0,0,0
6952,30.00,30.00,42.41,42.41,42.56,0,0,0
6953,30.00,30.02,42.40,42.40,42.56,0,0,0
6954,30.00,30.02,42.39,42.39,42.58,0,0,0
6955,30.00,30.02,42.38,42.38,42.55,0,0,0
6956,30.00,30.00,42.37,42.37,42.56,1,0,0
6957,30.00,30.00,42.35,42.35,42.50,1,0,0
6958,30.00,30.02,42.34,42.34,42.54,0,0,0
6959,30.00,30.02,42.33,42.33,42.52,0,0,0
6960,30.00,30.00,42.32,42.32,42.50,0,0,0
6961,30.00,29.99,42.31,42.31,42.49,1,0,0
6962,30.00,30.00,42.30,42.30,42.48,0,0,0
6963,30.00,30.02,42.29,42.29,42.48,0,0,0
6964,30.00,30.01,42.27,42.27,42.46,0,0,0
6965,30.00,30.01,42.26,42.26,42.43,0,0,0
6966,30.00,29.99,42.25,42.25,42.44,1,0,0
6967,30.00,30.02,42.24,42.24,42.46,0,0,0
6968,30.00,30.01,42.23,42.23,42.42,0,0,0
6969,30.00,30.01,42.22,42.22,42.41,0,0,0
6970,30.00,30.00,42.21,42.21,42.39,0,0,0
6971,30.00,30.00,42.20,42.20,42.39,0,0,0
6972,30.00,29.98,42.18,42.18,42.40,1,0,0
6973,30.00,30.01,42.17,42.17,42.39,0,0,0
6974,30.00,30.01,42.16,42.16,42.39,0,0,0
6975,30.00,30.00,42.15,42.15,42.35,0,0,0
6976,30.00,30.01,42.14,42.14,42.36,0,0,0
6977,30.00,30.01,42.13,42.13,42.31,0,0,0
6978,30.00,30.01,42.12,42.12,42.36,0,0,0
6979,30.00,30.00,42.10,42.10,42.33,0,0,0
6980,30.00,29.99,42.09,42.09,42.33,1,0,0
6981,30.00,30.00,42.08,42.08,42.26,0,0,0
6982,30.00,30.01,42.07,42.07,42.31,0,0,0
6983,30.00,30.01,42.06,42.06,42.25,0,0,0
6984,30.00,29.99,42.05,42.05,42.25,1,0,0
6985,30.00,29.99,42.04,42.04,42.26,1,0,0
6986,30.00,29.98,42.03,42.03,42.25,1,0,0
6987,30.00,30.01,42.01,42.01,42.28,0,0,0
6988,30.00,29.99,42.00,42.00,42.28,1,0,0
6989,30.00,30.00,41.99,41.99,42.24,1,0,0
6990,30.00,30.01,41.98,41.98,42.23,0,0,0
6991,30.00,29.98,41.97,41.97,42.21,1,0,0
6992,30.00,30.00,41.96,41.96,42.21,1,0,0
6993,30.00,30.02,41.95,41.95,42.21,0,0,0
6994,30.00,30.02,41.93,41.93,42.18,0,0,0
6995,30.00,30.00,41.92,41.92,42.17,0,0,0
6996,30.00,30.00,41.91,41.91,42.21,0,0,0
6997,30.00,30.00,41.90,41.90,42.16,0,0,0
6998,30.00,30.00,41.89,41.89,42.14,1,0,0
6999,30.00,30.02,41.88,41.88,42.14,0,0,0
7000,30.00,30.00,41.87,41.87,42.13,1,0,0
7001,30.00,30.00,41.86,41.86,42.16,1,0,0
7002,30.00,29.99,41.84,41.84,42.12,1,0,0
7003,30.00,30.00,41.83,41.83,42.11,0,0,0
7004,30.00,30.00,41.82,41.82,42.15,0,0,0
7005,30.00,30.01,41.81,41.81,42.10,0,0,0
7006,30.00,29.99,41.80,41.80,42.09,1,0,0
7007,30.00,29.99,41.79,41.79,42.10,1,0,0
7008,30.00,30.00,41.78,41.78,42.03,0,0,0
7009,30.00,30.03,41.76,41.76,42.07,0,0,0
7010,30.00,30.02,41.75,41.75,42.05,0,0,0
7011,30.00,30.01,41.74,41.74,42.05,0,0,0
7012,30.00,29.98,41.73,41.73,42.04,1,0,0
7013,30.00,30.00,41.72,41.72,42.03,1,0,0
7014,30.00,30.02,41.71,41.71,41.99,0,0,0
7015,30.00,30.01,41.70,41.70,42.00,0,0,0
7016,30.00,30.01,41.69,41.69,42.02,0,0,0
7017,30.00,30.00,41.67,41.67,41.99,0,0,0
7018,30.00,30.01,41.66,41.66,41.98,0,0,0
7019,30.00,29.99,41.65,41.65,41.96,1,0,0
7020,30.00,30.00,41.64,41.64,41.97,1,0,0
7021,30.00,29.99,41.63,41.63,41.95,1,0,0
7022,30.00,30.00,41.62,41.62,41.91,1,0,0
7023,30.00,30.00,41.61,41.61,41.97,1,0,0
7024,30.00,30.02,41.59,41.59,41.94,0,0,0
7025,30.00,30.00,41.58,41.58,41.91,1,0,0
7026,30.00,29.99,41.57,41.57,41.89,1,0,0
7027,30.00,30.00,41.56,41.56,41.91,0,0,0
7028,30.00,29.99,41.55,41.55,41.92,1,0,0
7029,30.00,30.00,41.54,41.54,41.91,1,0,0
7030,30.00,30.01,41.53,41.53,41.90,0,0,0
7031,30.00,30.02,41.52,41.52,41.91,0,0,0
7032,30.00,30.02,41.50,41.50,41.88,0,0,0
7033,30.00,30.02,41.49,41.49,41.88,0,0,0
7034,30.00,30.03,41.48,41.48,41.87,0,0,0
7035,30.00,30.00,41.47,41.47,41.84,0,0,0
7036,30.00,30.00,41.46,41.46,41.84,0,0,0
7037,30.00,30.03,41.45,41.45,41.86,0,0,0
7038,30.00,30.00,41.44,41.44,41.81,1,0,0
7039,30.00,30.01,41.42,41.42,41.81,0,0,0
7040,30.00,30.00,41.41,41.41,41.82,1,0,0
7041,30.00,30.00,41.40,41.40,41.77,1,0,0
7042,30.00,30.01,41.39,41.39,41.78,0,0,0
7043,30.00,29.99,41.38,41.38,41.76,1,0,0
7044,30.00,30.03,41.37,41.37,41.74,0,0,0
7045,30.00,30.02,41.36,41.36,41.79,0,0,0
7046,30.00,30.00,41.35,41.35,41.73,1,0,0
7047,30.00,29.99,41.33,41.33,41.74,1,0,0
7048,30.00,30.00,41.32,41.32,41.76,1,0,0
7049,30.00,30.01,41.31,41.31,41.78,0,0,0
7050,30.00,30.00,41.30,41.30,41.75,0,0,0
7051,30.00,30.01,41.29,41.29,41.73,0,0,0
7052,30.00,30.01,41.28,41.28,41.71,0,0,0
7053,30.00,30.01,41.27,41.27,41.72,0,0,0
7054,30.00,30.04,41.25,41.25,41.68,0,0,0
7055,30.00,30.02,41.24,41.24,41.71,0,0,0
7056,30.00,30.01,41.23,41.23,41.68,0,0,0
7057,30.00,30.01,41.22,41.22,41.69,0,0,0
7058,30.00,30.03,41.21,41.21,41.68,0,0,0
7059,30.00,30.00,41.20,41.20,41.66,0,0,0
7060,30.00,30.02,41.19,41.19,41.68,0,0,0
7061,30.00,30.01,41.18,41.18,41.64,0,0,0
7062,30.00,30.02,41.16,41.16,41.62,0,0,0
7063,30.00,30.01,41.15,41.15,41.66,0,0,0
7064,30.00,30.02,41.14,41.14,41.62,0,0,0
7065,30.00,30.03,41.13,41.13,41.60,0,0,0
7066,30.00,30.03,41.12,41.12,41.61,0,0,0
7067,30.00,30.04,41.11,41.11,41.59,0,0,0
7068,30.00,30.04,41.10,41.10,41.60,0,0,0
7069,30.00,30.00,41.08,41.08,41.60,0,0,0
7070,30.00,30.01,41.07,41.07,41.61,0,0,0
7071,30.00,30.01,41.06,41.06,41.58,0,0,0
7072,30.00,30.03,41.05,41.05,41.59,0,0,0
7073,30.00,30.03,41.04,41.04,41.60,0,0,0
7074,30.00,30.03,41.03,41.03,41.54,0,0,0
7075,30.00,30.03,41.02,41.02,41.55,0,0,0
7076,30.00,30.02,41.01,41.01,41.53,0,0,0
7077,30.00,30.03,40.99,40.99,41.49,0,0,0
7078,30.00,29.99,40.98,40.98,41.50,1,0,0
7079,30.00,30.02,40.97,40.97,41.48,0,0,0
7080,30.00,30.04,40.96,40.96,41.46,0,0,0
7081,30.00,30.04,40.95,40.95,41.47,0,0,0
7082,30.00,30.01,40.94,40.94,41.48,0,0,0
7083,30.00,30.03,40.93,40.93,41.47,0,0,0
7084,30.00,30.03,40.91,40.91,41.45,0,0,0
7085,30.00,30.01,40.90,40.90,41.47,0,0,0
7086,30.00,30.03,40.89,40.89,41.46,0,0,0
7087,30.00,30.04,40.88,40.88,41.46,0,0,0
7088,30.00,30.03,40.87,40.87,41.43,0,0,0
7089,30.00,30.02,40.86,40.86,41.43,0,0,0
7090,30.00,30.02,40.85,40.85,41.40,0,0,0
7091,30.00,30.02,40.84,40.84,41.43,0,0,0
7092,30.00,30.03,40.82,40.82,41.42,0,0,0
7093,30.00,30.02,40.81,40.81,41.36,0,0,0
7094,30.00,30.03,40.80,40.80,41.40,0,0,0
7095,30.00,30.02,40.79,40.79,41.39,0,0,0
7096,30.00,30.01,40.78,40.78,41.34,0,0,0
7097,30.00,30.01,40.77,40.77,41.39,0,0,0
7098,30.00,30.03,40.76,40.76,41.35,0,0,0
7099,30.00,30.04,40.74,40.74,41.36,0,0,0
7100,30.00,30.03,40.73,40.73,41.38,0,0,0
7101,30.00,30.03,40.72,40.72,41.34,0,0,0
7102,30.00,30.02,40.71,40.71,41.29,0,0,0
7103,30.00,30.02,40.70,40.70,41.32,0,0,0
7104,30.00,30.04,40.69,40.69,41.32,0,0,0
7105,30.00,30.02,40.68,40.68,41.31,0,0,0
7106,30.00,30.03,40.67,40.67,41.30,0,0,0
7107,30.00,30.02,40.65,40.65,41.28,0,0,0
7108,30.00,30.03,40.64,40.64,41.27,0,0,0
7109,30.00,30.04,40.63,40.63,41.27,0,0,0
7110,30.00,30.04,40.62,40.62,41.26,0,0,0
7111,30.00,30.03,40.61,40.61,41.23,0,0,0
7112,30.00,30.01,40.60,40.60,41.22,0,0,0
7113,30.00,30.04,40.59,40.59,41.25,0,0,0
7114,30.00,30.03,40.57,40.57,41.22,0,0,0
7115,30.00,30.02,40.56,40.56,41.22,0,0,0
7116,30.00,30.01,40.55,40.55,41.24,0,0,0
7117,30.00,30.03,40.54,40.54,41.17,0,0,0
7118,30.00,30.01,40.53,40.53,41.18,0,0,0
7119,30.00,30.01,40.52,40.52,41.21,0,0,0
7120,30.00,30.03,40.51,40.51,41.17,0,0,0
7121,30.00,30.01,40.50,40.50,41.20,0,0,0
7122,30.00,30.04,40.48,40.48,41.18,0,0,0
7123,30.00,30.04,40.47,40.47,41.16,0,0,0
7124,30.00,30.03,40.46,40.46,41.16,0,0,0
7125,30.00,30.04,40.45,40.45,41.19,0,0,0
7126,30.00,30.04,40.44,40.44,41.19,0,0,0
7127,30.00,30.03,40.43,40.43,41.17,0,0,0
7128,30.00,30.05,40.42,40.42,41.16,0,0,0
7129,30.00,30.02,40.40,40.40,41.14,0,0,0
7130,30.00,30.04,40.39,40.39,41.12,0,0,0
7131,30.00,30.03,40.38,40.38,41.15,0,0,0
7132,30.00,30.03,40.37,40.37,41.13,0,0,0
7133,30.00,30.00,40.36,40.36,41.11,0,0,0
7134,30.00,30.03,40.35,40.35,41.10,0,0,0
7135,30.00,30.02,40.34,40.34,41.09,0,0,0
7136,30.00,30.02,40.33,40.33,41.10,0,0,0
7137,30.00,30.04,40.31,40.31,41.12,0,0,0
7138,30.00,30.01,40.30,40.30,41.06,0,0,0
7139,30.00,30.05,40.29,40.29,41.09,0,0,0
7140,30.00,30.03,40.28,40.28,41.06,0,0,0
7141,30.00,30.05,40.27,40.27,41.04,0,0,0
7142,30.00,30.01,40.26,40.26,41.07,0,0,0
7143,30.00,30.03,40.25,40.25,41.06,0,0,0
7144,30.00,30.04,40.23,40.23,41.08,0,0,0
7145,30.00,30.01,40.22,40.22,41.04,0,0,0
7146,30.00,30.01,40.21,40.21,41.04,0,0,0
7147,30.00,30.04,40.20,40.20,41.05,0,0,0
7148,30.00,30.04,40.19,40.19,40.99,0,0,0
7149,30.00,30.03,40.18,40.18,41.00,0,0,0
7150,30.00,30.03,40.17,40.17,40.98,0,0,0
7151,30.00,30.03,40.16,40.16,40.99,0,0,0
7152,30.00,30.03,40.14,40.14,40.98,0,0,0
7153,30.00,30.02,40.13,40.13,40.96,0,0,0
7154,30.00,30.03,40.12,40.12,40.95,0,0,0
7155,30.00,30.04,40.11,40.11,40.94,0,0,0
7156,30.00,30.02,40.10,40.10,40.96,0,0,0
7157,30.00,30.03,40.09,40.09,40.93,0,0,0
7158,30.00,30.01,40.08,40.08,40.95,0,0,0
7159,30.00,30.03,40.06,40.06,40.95,0,0,0
7160,30.00,30.01,40.05,40.05,40.93,0,0,0
7161,30.00,30.01,40.04,40.04,40.93,0,0,0
7162,30.00,30.00,40.03,40.03,40.90,0,0,0
7163,30.00,30.04,40.02,40.02,40.91,0,0,0
7164,30.00,30.03,40.01,40.01,40.89,0,0,0
7165,30.00,30.02,40.00,40.00,40.90,0,0,0
7166,30.00,30.03,39.99,39.99,40.89,0,0,0
7167,30.00,30.01,39.97,39.97,40.86,0,0,0
7168,30.00,30.06,39.96,39.96,40.87,0,0,0
7169,30.00,30.04,39.95,39.95,40.89,0,0,0
7170,30.00,30.05,39.94,39.94,40.85,0,0,0
7171,30.00,30.03,39.93,39.93,40.84,0,0,0
7172,30.00,30.05,39.92,39.92,40.82,0,0,0
7173,30.00,30.02,39.91,39.91,40.84,0,0,0
7174,30.00,30.02,39.89,39.89,40.83,0,0,0
7175,30.00,30.05,39.88,39.88,40.85,0,0,0
7176,30.00,30.04,39.87,39.87,40.82,0,0,0
7177,30.00,30.00,39.86,39.86,40.79,1,0,0
7178,30.00,30.03,39.85,39.85,40.78,0,0,0
7179,30.00,30.04,39.84,39.84,40.82,0,0,0
7180,30.00,30.04,39.83,39.83,40.77,0,0,0
7181,30.00,30.01,39.82,39.82,40.79,0,0,0
7182,30.00,30.03,39.80,39.80,40.79,0,0,0
7183,30.00,30.01,39.79,39.79,40.77,0,0,0
7184,30.00,30.02,39.78,39.78,40.77,0,0,0
7185,30.00,30.01,39.77,39.77,40.75,0,0,0
7186,30.00,30.02,39.76,39.76,40.78,0,0,0
7187,30.00,30.01,39.75,39.75,40.76,0,0,0
7188,30.00,30.03,39.74,39.74,40.75,0,0,0
7189,30.00,30.01,39.72,39.72,40.76,0,0,0
7190,30.00,30.03,39.71,39.71,40.76,0,0,0
7191,30.00,30.02,39.70,39.70,40.73,0,0,0
7192,30.00,30.02,39.69,39.69,40.69,0,0,0
7193,30.00,30.02,39.68,39.68,40.69,0,0,0
7194,30.00,30.02,39.67,39.67,40.71,0,0,0
7195,30.00,30.02,39.66,39.66,40.70,0,0,0
7196,30.00,30.02,39.65,39.65,40.72,0,0,0
7197,30.00,30.02,39.63,39.63,40.71,0,0,0
7198,30.00,30.03,39.62,39.62,40.68,0,0,0
7199,30.00,30.03,39.61,39.61,40.67,0,0,0
7200,30.00,30.04,39.60,39.60,40.67,0,0,0
7201,30.00,30.00,39.60,39.60,40.69,0,0,0
7202,30.00,30.00,39.60,39.60,40.65,1,0,0
7203,30.00,30.01,39.60,39.60,40.67,0,0,0
7204,30.00,30.02,39.60,39.60,40.67,0,0,0
7205,30.00,30.00,39.60,39.60,40.66,1,0,0
7206,30.00,30.03,39.60,39.60,40.63,0,0,0
7207,30.00,30.04,39.60,39.60,40.65,0,0,0
7208,30.00,30.01,39.60,39.60,40.63,0,0,0
7209,30.00,30.02,39.60,39.60,40.61,0,0,0
7210,30.00,30.02,39.60,39.60,40.60,0,0,0
7211,30.00,30.02,39.60,39.60,40.60,0,0,0
7212,30.00,30.03,39.60,39.60,40.60,0,0,0
7213,30.00,30.02,39.60,39.60,40.60,0,0,0
7214,30.00,30.01,39.60,39.60,40.60,0,0,0
7215,30.00,30.01,39.60,39.60,40.60,0,0,0
7216,30.00,30.01,39.60,39.60,40.58,0,0,0
7217,30.00,30.02,39.60,39.60,40.58,0,0,0
7218,30.00,30.01,39.60,39.60,40.58,0,0,0
7219,30.00,30.00,39.60,39.60,40.57,0,0,0
7220,30.00,30.01,39.60,39.60,40.57,0,0,0
7221,30.00,29.99,39.60,39.60,40.53,1,0,0
7222,30.00,30.01,39.60,39.60,40.56,0,0,0
7223,30.00,30.01,39.60,39.60,40.52,0,0,0
7224,30.00,30.02,39.60,39.60,40.56,0,0,0
7225,30.00,30.01,39.60,39.60,40.52,0,0,0
7226,30.00,30.01,39.60,39.60,40.51,0,0,0
7227,30.00,30.00,39.60,39.60,40.46,0,0,0
7228,30.00,30.01,39.60,39.60,40.46,0,0,0
7229,30.00,30.00,39.60,39.60,40.49,0,0,0
7230,30.00,30.02,39.60,39.60,40.52,0,0,0
7231,30.00,30.00,39.60,39.60,40.54,0,0,0
7232,30.00,30.00,39.60,39.60,40.48,1,0,0
7233,30.00,30.01,39.60,39.60,40.49,0,0,0
7234,30.00,30.02,39.60,39.60,40.50,0,0,0
7235,30.00,30.01,39.60,39.60,40.50,0,0,0
7236,30.00,30.01,39.60,39.60,40.49,0,0,0
7237,30.00,30.03,39.60,39.60,40.49,0,0,0
7238,30.00,30.01,39.60,39.60,40.49,0,0,0
7239,30.00,30.00,39.60,39.60,40.47,1,0,0
7240,30.00,30.00,39.60,39.60,40.46,0,0,0
7241,30.00,30.04,39.60,39.60,40.47,0,0,0
7242,30.00,30.01,39.60,39.60,40.46,0,0,0
7243,30.00,30.00,39.60,39.60,40.43,0,0,0
7244,30.00,30.00,39.60,39.60,40.42,0,0,0
7245,30.00,30.00,39.60,39.60,40.42,0,0,0
7246,30.00,30.01,39.60,39.60,40.42,0,0,0
7247,30.00,30.01,39.60,39.60,40.43,0,0,0
7248,30.00,30.00,39.60,39.60,40.42,1,0,0
7249,30.00,30.00,39.60,39.60,40.42,1,0,0
7250,30.00,30.00,39.60,39.60,40.41,0,0,0
7251,30.00,30.02,39.60,39.60,40.40,0,0,0
7252,30.00,30.00,39.60,39.60,40.39,1,0,0
7253,30.00,30.03,39.60,39.60,40.35,0,0,0
7254,30.00,30.02,39.60,39.60,40.40,0,0,0
7255,30.00,30.00,39.60,39.60,40.38,1,0,0
7256,30.00,30.00,39.60,39.60,40.36,0,0,0
7257,30.00,29.99,39.60,39.60,40.40,1,0,0
7258,30.00,29.98,39.60,39.60,40.35,1,0,0
7259,30.00,30.00,39.60,39.60,40.33,1,0,0
7260,30.00,30.01,39.60,39.60,40.34,0,0,0
7261,30.00,30.01,39.60,39.60,40.35,0,0,0
7262,30.00,30.00,39.60,39.60,40.32,1,0,0
7263,30.00,30.00,39.60,39.60,40.37,1,0,0
7264,30.00,30.01,39.60,39.60,40.31,0,0,0
7265,30.00,30.01,39.60,39.60,40.30,0,0,0
7266,30.00,30.01,39.60,39.60,40.33,0,0,0
7267,30.00,29.99,39.60,39.60,40.29,1,0,0
7268,30.00,30.00,39.60,39.60,40.31,1,0,0
7269,30.00,29.99,39.60,39.60,40.27,1,0,0
7270,30.00,30.00,39.60,39.60,40.29,0,0,0
7271,30.00,29.99,39.60,39.60,40.28,1,0,0
7272,30.00,29.99,39.60,39.60,40.31,1,0,0
7273,30.00,30.01,39.60,39.60,40.27,0,0,0
7274,30.00,29.99,39.60,39.60,40.26,1,0,0
7275,30.00,30.03,39.60,39.60,40.31,0,0,0
7276,30.00,30.00,39.60,39.60,40.30,1,0,0
7277,30.00,30.00,39.60,39.60,40.29,0,0,0
7278,30.00,29.98,39.60,39.60,40.27,1,0,0
7279,30.00,30.00,39.60,39.60,40.26,0,0,0
7280,30.00,30.00,39.60,39.60,40.24,1,0,0
7281,30.00,29.99,39.60,39.60,40.24,1,0,0
7282,30.00,29.98,39.60,39.60,40.23,1,0,0
7283,30.00,30.01,39.60,39.60,40.23,0,0,0
7284,30.00,30.00,39.60,39.60,40.24,0,0,0
7285,30.00,30.00,39.60,39.60,40.24,1,0,0
7286,30.00,30.00,39.60,39.60,40.22,1,0,0
7287,30.00,30.00,39.60,39.60,40.20,0,0,0
7288,30.00,30.01,39.60,39.60,40.21,0,0,0
7289,30.00,30.01,39.60,39.60,40.20,0,0,0
7290,30.00,30.03,39.60,39.60,40.19,0,0,0
7291,30.00,30.00,39.60,39.60,40.19,0,0,0
7292,30.00,30.01,39.60,39.60,40.18,0,0,0
7293,30.00,30.00,39.60,39.60,40.20,0,0,0
7294,30.00,30.01,39.60,39.60,40.22,0,0,0
7295,30.00,30.00,39.60,39.60,40.22,0,0,0
7296,30.00,30.01,39.60,39.60,40.17,0,0,0
7297,30.00,30.01,39.60,39.60,40.18,0,0,0
7298,30.00,30.01,39.60,39.60,40.18,0,0,0
7299,30.00,29.99,39.60,39.60,40.17,1,0,0
7300,30.00,30.00,39.60,39.60,40.19,1,0,0
7301,30.00,29.99,39.60,39.60,40.17,1,0,0
7302,30.00,30.00,39.60,39.60,40.14,0,0,0
7303,30.00,30.01,39.60,39.60,40.15,0,0,0
7304,30.00,30.01,39.60,39.60,40.17,0,0,0
7305,30.00,29.98,39.60,39.60,40.12,1,0,0
7306,30.00,30.03,39.60,39.60,40.11,0,0,0
7307,30.00,29.99,39.60,39.60,40.11,1,0,0
7308,30.00,30.01,39.60,39.60,40.11,0,0,0
7309,30.00,29.99,39.60,39.60,40.15,1,0,0
7310,30.00,30.01,39.60,39.60,40.12,0,0,0
7311,30.00,30.01,39.60,39.60,40.11,0,0,0
7312,30.00,30.01,39.60,39.60,40.07,0,0,0
7313,30.00,30.00,39.60,39.60,40.06,1,0,0
7314,30.00,30.00,39.60,39.60,40.11,0,0,0
7315,30.00,30.01,39.60,39.60,40.09,0,0,0
7316,30.00,30.01,39.60,39.60,40.10,0,0,0
7317,30.00,30.00,39.60,39.60,40.10,0,0,0
7318,30.00,30.01,39.60,39.60,40.07,0,0,0
7319,30.00,30.01,39.60,39.60,40.08,0,0,0
7320,30.00,30.01,39.60,39.60,40.04,0,0,0
7321,30.00,30.00,39.60,39.60,40.05,1,0,0
7322,30.00,30.03,39.60,39.60,40.06,0,0,0
7323,30.00,30.01,39.60,39.60,40.05,0,0,0
7324,30.00,30.00,39.60,39.60,40.03,0,0,0
7325,30.00,30.03,39.60,39.60,40.04,0,0,0
7326,30.00,29.99,39.60,39.60,40.03,1,0,0
7327,30.00,30.01,39.60,39.60,40.01,0,0,0
7328,30.00,30.02,39.60,39.60,40.04,0,0,0
7329,30.00,30.02,39.60,39.60,40.04,0,0,0
7330,30.00,30.00,39.60,39.60,40.01,0,0,0
7331,30.00,29.99,39.60,39.60,39.98,1,0,0
7332,30.00,30.00,39.60,39.60,40.00,1,0,0
7333,30.00,30.02,39.60,39.60,39.95,0,0,0
7334,30.00,30.02,39.60,39.60,40.00,0,0,0
7335,30.00,30.02,39.60,39.60,39.99,0,0,0
7336,30.00,30.03,39.60,39.60,39.97,0,0,0
7337,30.00,30.02,39.60,39.60,39.99,0,0,0
7338,30.00,30.03,39.60,39.60,39.97,0,0,0
7339,30.00,30.02,39.60,39.60,39.95,0,0,0
7340,30.00,29.99,39.60,39.60,39.93,1,0,0
7341,30.00,30.00,39.60,39.60,39.93,0,0,0
7342,30.00,30.03,39.60,39.60,39.92,0,0,0
7343,30.00,30.01,39.60,39.60,39.93,0,0,0
7344,30.00,30.00,39.60,39.60,39.93,0,0,0
7345,30.00,30.00,39.60,39.60,39.94,1,0,0
7346,30.00,30.01,39.60,39.60,39.94,0,0,0
7347,30.00,30.01,39.60,39.60,39.90,0,0,0
7348,30.00,30.01,39.60,39.60,39.90,0,0,0
7349,30.00,30.03,39.60,39.60,39.93,0,0,0
7350,30.00,30.03,39.60,39.60,39.90,0,0,0
7351,30.00,30.01,39.60,39.60,39.87,0,0,0
7352,30.00,30.01,39.60,39.60,39.90,0,0,0
7353,30.00,30.02,39.60,39.60,39.89,0,0,0
7354,30.00,30.03,39.60,39.60,39.86,0,0,0
7355,30.00,30.03,39.60,39.60,39.88,0,0,0
7356,30.00,30.01,39.60,39.60,39.87,0,0,0
7357,30.00,30.02,39.60,39.60,39.86,0,0,0
7358,30.00,30.02,39.60,39.60,39.86,0,0,0
7359,30.00,30.02,39.60,39.60,39.85,0,0,0
7360,30.00,30.01,39.60,39.60,39.85,0,0,0
7361,30.00,30.01,39.60,39.60,39.87,0,0,0
7362,30.00,30.00,39.60,39.60,39.81,1,0,0
7363,30.00,30.01,39.60,39.60,39.82,0,0,0
7364,30.00,30.02,39.60,39.60,39.80,0,0,0
7365,30.00,30.00,39.60,39.60,39.79,1,0,0
7366,30.00,30.03,39.60,39.60,39.81,0,0,0
7367,30.00,30.00,39.60,39.60,39.80,1,0,0
7368,30.00,30.00,39.60,39.60,39.80,1,0,0
7369,30.00,30.01,39.60,39.60,39.77,0,0,0
7370,30.00,30.02,39.60,39.60,39.79,0,0,0
7371,30.00,30.01,39.60,39.60,39.80,0,0,0
7372,30.00,30.01,39.60,39.60,39.76,0,0,0
7373,30.00,30.02,39.60,39.60,39.75,0,0,0
7374,30.00,30.01,39.60,39.60,39.76,0,0,0
7375,30.00,30.01,39.60,39.60,39.76,0,0,0
7376,30.00,30.01,39.60,39.60,39.76,0,0,0
7377,30.00,30.02,39.60,39.60,39.77,0,0,0
7378,30.00,30.00,39.60,39.60,39.78,0,0,0
7379,30.00,30.03,39.60,39.60,39.78,0,0,0
7380,30.00,30.03,39.60,39.60,39.75,0,0,0
7381,30.00,30.02,39.60,39.60,39.76,0,0,0
7382,30.00,30.05,39.60,39.60,39.70,0,0,0
7383,30.00,30.02,39.60,39.60,39.74,0,0,0
7384,30.00,30.04,39.60,39.60,39.72,0,0,0
7385,30.00,30.03,39.60,39.60,39.75,0,0,0
7386,30.00,30.04,39.60,39.60,39.72,0,0,0
7387,30.00,30.03,39.60,39.60,39.71,0,0,0
7388,30.00,30.03,39.60,39.60,39.71,0,0,0
7389,30.00,30.03,39.60,39.60,39.71,0,0,0
7390,30.00,30.01,39.60,39.60,39.66,0,0,0
7391,30.00,30.04,39.60,39.60,39.68,0,0,0
7392,30.00,30.03,39.60,39.60,39.67,0,0,0
7393,30.00,30.04,39.60,39.60,39.71,0,0,0
7394,30.00,30.03,39.60,39.60,39.66,0,0,0
7395,30.00,30.02,39.60,39.60,39.65,0,0,0
7396,30.00,30.03,39.60,39.60,39.67,0,0,0
7397,30.00,30.04,39.60,39.60,39.65,0,0,0
7398,30.00,30.03,39.60,39.60,39.66,0,0,0
7399,30.00,30.05,39.60,39.60,39.66,0,0,0
7400,30.00,30.04,39.60,39.60,39.61,0,0,0
7401,30.00,30.01,39.60,39.60,39.63,0,0,0
7402,30.00,30.04,39.60,39.60,39.62,0,0,0
7403,30.00,30.03,39.60,39.60,39.61,0,0,0
7404,30.00,30.03,39.60,39.60,39.62,0,0,0
7405,30.00,30.02,39.60,39.60,39.60,0,0,0
7406,30.00,30.01,39.60,39.60,39.58,0,0,1
7407,30.00,30.03,39.60,39.60,39.61,0,0,0
7408,30.00,30.03,39.60,39.60,39.62,0,0,0
7409,30.00,30.03,39.60,39.60,39.82,0,0,0
7410,30.00,30.02,39.60,39.60,39.98,0,0,0
7411,30.00,30.00,39.60,39.60,40.15,0,0,0
7412,30.00,30.01,39.60,39.60,40.27,0,0,0
7413,30.00,30.02,39.60,39.60,40.33,0,0,0
7414,30.00,30.01,39.60,39.60,40.35,0,0,0
7415,30.00,30.04,39.60,39.60,40.40,0,0,0
7416,30.00,30.00,39.60,39.60,40.44,1,0,0
7417,30.00,30.01,39.60,39.60,40.41,0,0,0
7418,30.00,30.04,39.60,39.60,40.45,0,0,0
7419,30.00,30.03,39.60,39.60,40.42,0,0,0
7420,30.00,30.04,39.60,39.60,40.42,0,0,0
7421,30.00,30.00,39.60,39.60,40.43,1,0,0
7422,30.00,30.03,39.60,39.60,40.42,0,0,0
7423,30.00,30.01,39.60,39.60,40.40,0,0,0
7424,30.00,30.00,39.60,39.60,40.38,0,0,0
7425,30.00,30.01,39.60,39.60,40.39,0,0,0
7426,30.00,30.03,39.60,39.60,40.37,0,0,0
7427,30.00,30.02,39.60,39.60,40.37,0,0,0
7428,30.00,30.03,39.60,39.60,40.35,0,0,0
7429,30.00,30.03,39.60,39.60,40.37,0,0,0
7430,30.00,30.03,39.60,39.60,40.34,0,0,0
7431,30.00,30.03,39.60,39.60,40.37,0,0,0
7432,30.00,30.04,39.60,39.60,40.33,0,0,0
7433,30.00,30.02,39.60,39.60,40.37,0,0,0
7434,30.00,30.00,39.60,39.60,40.29,0,0,0
7435,30.00,30.02,39.60,39.60,40.35,0,0,0
7436,30.00,30.03,39.60,39.60,40.34,0,0,0
7437,30.00,30.03,39.60,39.60,40.33,0,0,0
7438,30.00,30.03,39.60,39.60,40.31,0,0,0
7439,30.00,30.02,39.60,39.60,40.31,0,0,0
7440,30.00,30.02,39.60,39.60,40.31,0,0,0
7441,30.00,30.03,39.60,39.60,40.32,0,0,0
7442,30.00,30.02,39.60,39.60,40.29,0,0,0
7443,30.00,30.01,39.60,39.60,40.27,0,0,0
7444,30.00,30.03,39.60,39.60,40.30,0,0,0
7445,30.00,30.03,39.60,39.60,40.29,0,0,0
7446,30.00,30.01,39.60,39.60,40.23,0,0,0
7447,30.00,30.01,39.60,39.60,40.26,0,0,0
7448,30.00,29.99,39.60,39.60,40.27,1,0,0
7449,30.00,30.02,39.60,39.60,40.24,0,0,0
7450,30.00,30.03,39.60,39.60,40.26,0,0,0
7451,30.00,30.00,39.60,39.60,40.23,0,0,0
7452,30.00,30.01,39.60,39.60,40.21,0,0,0
7453,30.00,30.02,39.60,39.60,40.20,0,0,0
7454,30.00,30.03,39.60,39.60,40.20,0,0,0
7455,30.00,30.03,39.60,39.60,40.22,0,0,0
7456,30.00,30.01,39.60,39.60,40.15,0,0,0
7457,30.00,30.00,39.60,39.60,40.20,0,0,0
7458,30.00,30.01,39.60,39.60,40.20,0,0,0
7459,30.00,30.00,39.60,39.60,40.19,0,0,0
7460,30.00,30.03,39.60,39.60,40.19,0,0,0
7461,30.00,30.03,39.60,39.60,40.18,0,0,0
7462,30.00,30.00,39.60,39.60,40.18,0,0,0
7463,30.00,30.03,39.60,39.60,40.17,0,0,0
7464,30.00,30.01,39.60,39.60,40.15,0,0,0
7465,30.00,30.01,39.60,39.60,40.13,0,0,0
7466,30.00,30.02,39.60,39.60,40.12,0,0,0
7467,30.00,30.01,39.60,39.60,40.11,0,0,0
7468,30.00,30.03,39.60,39.60,40.10,0,0,0
7469,30.00,30.02,39.60,39.60,40.12,0,0,0
7470,30.00,30.01,39.60,39.60,40.10,0,0,0
7471,30.00,30.01,39.60,39.60,40.12,0,0,0
7472,30.00,30.01,39.60,39.60,40.11,0,0,0
7473,30.00,30.01,39.60,39.60,40.10,0,0,0
7474,30.00,30.02,39.60,39.60,40.07,0,0,0
7475,30.00,29.99,39.60,39.60,40.08,1,0,0
7476,30.00,30.01,39.60,39.60,40.04,0,0,0
7477,30.00,30.00,39.60,39.60,40.04,0,0,0
7478,30.00,30.02,39.60,39.60,40.06,0,0,0
7479,30.00,30.01,39.60,39.60,40.04,0,0,0
7480,30.00,30.01,39.60,39.60,40.04,0,0,0
7481,30.00,30.01,39.60,39.60,40.05,0,0,0
7482,30.00,30.01,39.60,39.60,40.03,0,0,0
7483,30.00,30.01,39.60,39.60,40.04,0,0,0
7484,30.00,30.02,39.60,39.60,40.01,0,0,0
7485,30.00,30.00,39.60,39.60,40.02,1,0,0
7486,30.00,30.02,39.60,39.60,39.98,0,0,0
7487,30.00,30.01,39.60,39.60,40.01,0,0,0
7488,30.00,30.01,39.60,39.60,40.00,0,0,0
7489,30.00,30.01,39.60,39.60,40.00,0,0,0
7490,30.00,30.01,39.60,39.60,39.99,0,0,0
7491,30.00,30.03,39.60,39.60,39.97,0,0,0
7492,30.00,30.01,39.60,39.60,39.99,0,0,0
7493,30.00,30.02,39.60,39.60,39.95,0,0,0
7494,30.00,30.01,39.60,39.60,39.96,0,0,0
7495,30.00,30.02,39.60,39.60,39.96,0,0,0
7496,30.00,30.00,39.60,39.60,39.97,1,0,0
7497,30.00,30.01,39.60,39.60,39.97,0,0,0
7498,30.00,30.00,39.60,39.60,39.95,1,0,0
7499,30.00,30.01,39.60,39.60,39.96,0,0,0
7500,30.00,30.01,39.60,39.60,39.94,0,0,0
7501,30.00,30.01,39.60,39.60,39.95,0,0,0
7502,30.00,30.00,39.60,39.60,39.93,1,0,0
7503,30.00,30.01,39.60,39.60,39.94,0,0,0
7504,30.00,30.03,39.60,39.60,39.94,0,0,0
7505,30.00,30.00,39.60,39.60,39.93,1,0,0
7506,30.00,30.00,39.60,39.60,39.91,1,0,0
7507,30.00,30.01,39.60,39.60,39.89,0,0,0
7508,30.00,30.02,39.60,39.60,39.93,0,0,0
7509,30.00,30.02,39.60,39.60,39.89,0,0,0
7510,30.00,30.02,39.60,39.60,39.91,0,0,0
7511,30.00,30.03,39.60,39.60,39.91,0,0,0
7512,30.00,30.01,39.60,39.60,39.90,0,0,0
7513,30.00,30.00,39.60,39.60,39.89,0,0,0
7514,30.00,30.00,39.60,39.60,39.85,0,0,0
7515,30.00,30.00,39.60,39.60,39.86,0,0,0
7516,30.00,30.00,39.60,39.60,39.82,1,0,0
7517,30.00,30.00,39.60,39.60,39.83,0,0,0
7518,30.00,30.00,39.60,39.60,39.85,1,0,0
7519,30.00,30.00,39.60,39.60,39.84,0,0,0
7520,30.00,30.00,39.60,39.60,39.85,1,0,0
7521,30.00,30.00,39.60,39.60,39.85,0,0,0
7522,30.00,30.01,39.60,39.60,39.84,0,0,0
7523,30.00,30.00,39.60,39.60,39.84,0,0,0
7524,30.00,30.00,39.60,39.60,39.81,0,0,0
7525,30.00,29.98,39.60,39.60,39.81,1,0,0
7526,30.00,30.01,39.60,39.60,39.78,0,0,0
7527,30.00,30.03,39.60,39.60,39.79,0,0,0
7528,30.00,30.02,39.60,39.60,39.80,0,0,0
7529,30.00,30.01,39.60,39.60,39.82,0,0,0
7530,30.00,30.02,39.60,39.60,39.80,0,0,0
7531,30.00,30.01,39.60,39.60,39.78,0,0,0
7532,30.00,30.01,39.60,39.60,39.78,0,0,0
7533,30.00,30.02,39.60,39.60,39.79,0,0,0
7534,30.00,29.99,39.60,39.60,39.80,1,0,0
7535,30.00,30.02,39.60,39.60,39.78,0,0,0
7536,30.00,30.01,39.60,39.60,39.78,0,0,0
7537,30.00,29.99,39.60,39.60,39.74,1,0,0
7538,30.00,30.01,39.60,39.60,39.77,0,0,0
7539,30.00,30.00,39.60,39.60,39.75,0,0,0
7540,30.00,29.99,39.60,39.60,39.74,1,0,0
7541,30.00,29.99,39.60,39.60,39.76,1,0,0
7542,30.00,30.01,39.60,39.60,39.74,0,0,0
7543,30.00,30.00,39.60,39.60,39.72,1,0,0
7544,30.00,30.02,39.60,39.60,39.72,0,0,0
7545,30.00,29.98,39.60,39.60,39.70,1,0,0
7546,30.00,30.01,39.60,39.60,39.71,0,0,0
7547,30.00,30.01,39.60,39.60,39.72,0,0,0
7548,30.00,29.99,39.60,39.60,39.74,1,0,0
7549,30.00,30.00,39.60,39.60,39.73,0,0,0
7550,30.00,30.02,39.60,39.60,39.71,0,0,0
7551,30.00,30.00,39.60,39.60,39.69,0,0,0
7552,30.00,30.03,39.60,39.60,39.68,0,0,0
7553,30.00,30.03,39.60,39.60,39.68,0,0,0
7554,30.00,30.02,39.60,39.60,39.70,0,0,0
7555,30.00,30.00,39.60,39.60,39.62,1,0,0
7556,30.00,30.01,39.60,39.60,39.65,0,0,0
7557,30.00,30.03,39.60,39.60,39.67,0,0,0
7558,30.00,29.98,39.60,39.60,39.65,1,0,0
7559,30.00,30.01,39.60,39.60,39.63,0,0,0
7560,30.00,30.01,39.60,39.60,39.62,0,0,0
7561,30.00,30.00,39.60,39.60,39.61,0,0,0
7562,30.00,30.00,39.60,39.60,39.64,1,0,0
7563,30.00,30.00,39.60,39.60,39.60,1,0,0
7564,30.00,30.01,39.60,39.60,39.64,0,0,0
7565,30.00,30.03,39.60,39.60,39.64,0,0,0
7566,30.00,30.01,39.60,39.60,39.58,0,0,1
7567,30.00,30.00,39.60,39.60,39.56,1,0,0
7568,30.00,30.03,39.60,39.60,39.58,0,0,0
7569,30.00,30.03,39.60,39.60,39.77,0,0,0
7570,30.00,30.00,39.60,39.60,39.84,0,0,0
7571,30.00,30.02,39.60,39.60,39.98,0,0,0
7572,30.00,30.01,39.60,39.60,40.09,0,0,0
7573,30.00,30.02,39.60,39.60,40.19,0,0,0
7574,30.00,30.00,39.60,39.60,40.24,1,0,0
7575,30.00,30.00,39.60,39.60,40.28,1,0,0
7576,30.00,30.00,39.60,39.60,40.31,0,0,0
7577,30.00,30.00,39.60,39.60,40.31,1,0,0
7578,30.00,30.00,39.60,39.60,40.31,1,0,0
7579,30.00,30.00,39.60,39.60,40.31,1,0,0
7580,30.00,30.00,39.60,39.60,40.32,1,0,0
7581,30.00,29.99,39.60,39.60,40.27,1,0,0
7582,30.00,30.01,39.60,39.60,40.29,0,0,0
7583,30.00,30.01,39.60,39.60,40.28,0,0,0
7584,30.00,30.02,39.60,39.60,40.27,0,0,0
7585,30.00,30.01,39.60,39.60,40.27,0,0,0
7586,30.00,30.00,39.60,39.60,40.23,0,0,0
7587,30.00,30.00,39.60,39.60,40.26,0,0,0
7588,30.00,30.03,39.60,39.60,40.25,0,0,0
7589,30.00,30.00,39.60,39.60,40.25,1,0,0
7590,30.00,30.02,39.60,39.60,40.27,0,0,0
7591,30.00,29.99,39.60,39.60,40.23,1,0,0
7592,30.00,30.01,39.60,39.60,40.23,0,0,0
7593,30.00,30.03,39.60,39.60,40.25,0,0,0
7594,30.00,30.00,39.60,39.60,40.22,1,0,0
7595,30.00,30.01,39.60,39.60,40.22,0,0,0
7596,30.00,30.00,39.60,39.60,40.24,0,0,0
7597,30.00,30.02,39.60,39.60,40.19,0,0,0
7598,30.00,30.00,39.60,39.60,40.20,0,0,0
7599,30.00,30.01,39.60,39.60,40.17,0,0,0
7600,30.00,29.99,39.60,39.60,40.15,1,0,0
7601,30.00,30.03,39.60,39.60,40.14,0,0,0
7602,30.00,30.00,39.60,39.60,40.17,1,0,0
7603,30.00,30.03,39.60,39.60,40.15,0,0,0
7604,30.00,30.00,39.60,39.60,40.13,0,0,0
7605,30.00,30.02,39.60,39.60,40.16,0,0,0
7606,30.00,30.00,39.60,39.60,40.15,1,0,0
7607,30.00,30.01,39.60,39.60,40.13,0,0,0
7608,30.00,29.99,39.60,39.60,40.13,1,0,0
7609,30.00,30.01,39.60,39.60,40.12,0,0,0
7610,30.00,30.00,39.60,39.60,40.12,0,0,0
7611,30.00,30.02,39.60,39.60,40.09,0,0,0
7612,30.00,30.00,39.60,39.60,40.10,1,0,0
7613,30.00,30.03,39.60,39.60,40.10,0,0,0
7614,30.00,30.00,39.60,39.60,40.05,0,0,0
7615,30.00,30.02,39.60,39.60,40.06,0,0,0
7616,30.00,30.00,39.60,39.60,40.07,1,0,0
7617,30.00,30.03,39.60,39.60,40.03,0,0,0
7618,30.00,30.01,39.60,39.60,40.03,0,0,0
7619,30.00,30.02,39.60,39.60,40.04,0,0,0
7620,30.00,30.02,39.60,39.60,40.01,0,0,0
7621,30.00,30.00,39.60,39.60,40.04,1,0,0
7622,30.00,30.01,39.60,39.60,39.98,0,0,0
7623,30.00,30.00,39.60,39.60,40.00,1,0,0
7624,30.00,30.01,39.60,39.60,40.02,0,0,0
7625,30.00,30.01,39.60,39.60,39.96,0,0,0
7626,30.00,30.01,39.60,39.60,39.99,0,0,0
7627,30.00,30.02,39.60,39.60,39.97,0,0,0
7628,30.00,29.99,39.60,39.60,39.95,1,0,0
7629,30.00,30.03,39.60,39.60,39.96,0,0,0
7630,30.00,29.99,39.60,39.60,39.97,1,0,0
7631,30.00,30.01,39.60,39.60,39.94,0,0,0
7632,30.00,30.01,39.60,39.60,39.93,0,0,0
7633,30.00,30.02,39.60,39.60,39.93,0,0,0
7634,30.00,30.02,39.60,39.60,39.96,0,0,0
7635,30.00,30.04,39.60,39.60,39.94,0,0,0
7636,30.00,30.01,39.60,39.60,39.93,0,0,0
7637,30.00,30.02,39.60,39.60,39.95,0,0,0
7638,30.00,30.00,39.60,39.60,39.93,1,0,0
7639,30.00,30.04,39.60,39.60,39.89,0,0,0
7640,30.00,30.01,39.60,39.60,39.91,0,0,0
7641,30.00,30.04,39.60,39.60,39.86,0,0,0
7642,30.00,30.03,39.60,39.60,39.90,0,0,0
7643,30.00,30.01,39.60,39.60,39.90,0,0,0
7644,30.00,30.03,39.60,39.60,39.88,0,0,0
7645,30.00,30.02,39.60,39.60,39.87,0,0,0
7646,30.00,30.02,39.60,39.60,39.88,0,0,0
7647,30.00,30.03,39.60,39.60,39.85,0,0,0
7648,30.00,30.01,39.60,39.60,39.87,0,0,0
7649,30.00,30.01,39.60,39.60,39.85,0,0,0
7650,30.00,30.03,39.60,39.60,39.86,0,0,0
7651,30.00,30.03,39.60,39.60,39.86,0,0,0
7652,30.00,30.03,39.60,39.60,39.87,0,0,0
7653,30.00,30.03,39.60,39.60,39.84,0,0,0
7654,30.00,30.03,39.60,39.60,39.83,0,0,0
7655,30.00,30.03,39.60,39.60,39.84,0,0,0
7656,30.00,30.03,39.60,39.60,39.80,0,0,0
7657,30.00,30.03,39.60,39.60,39.81,0,0,0
7658,30.00,30.01,39.60,39.60,39.78,0,0,0
7659,30.00,30.02,39.60,39.60,39.82,0,0,0
7660,30.00,30.04,39.60,39.60,39.80,0,0,0
7661,30.00,30.00,39.60,39.60,39.79,0,0,0
7662,30.00,30.03,39.60,39.60,39.77,0,0,0
7663,30.00,30.03,39.60,39.60,39.76,0,0,0
7664,30.00,30.04,39.60,39.60,39.76,0,0,0
7665,30.00,30.04,39.60,39.60,39.73,0,0,0
7666,30.00,30.03,39.60,39.60,39.75,0,0,0
7667,30.00,30.03,39.60,39.60,39.74,0,0,0
7668,30.00,30.02,39.60,39.60,39.71,0,0,0
7669,30.00,30.03,39.60,39.60,39.71,0,0,0
7670,30.00,30.02,39.60,39.60,39.72,0,0,0
7671,30.00,30.03,39.60,39.60,39.72,0,0,0
7672,30.00,30.03,39.60,39.60,39.72,0,0,0
7673,30.00,30.03,39.60,39.60,39.72,0,0,0
7674,30.00,30.02,39.60,39.60,39.70,0,0,0
7675,30.00,30.03,39.60,39.60,39.66,0,0,0
7676,30.00,30.04,39.60,39.60,39.69,0,0,0
7677,30.00,30.01,39.60,39.60,39.68,0,0,0
7678,30.00,30.03,39.60,39.60,39.68,0,0,0
7679,30.00,30.04,39.60,39.60,39.66,0,0,0
7680,30.00,30.04,39.60,39.60,39.69,0,0,0
7681,30.00,30.04,39.60,39.60,39.66,0,0,0
7682,30.00,30.02,39.60,39.60,39.65,0,0,0
7683,30.00,30.04,39.60,39.60,39.67,0,0,0
7684,30.00,30.05,39.60,39.60,39.67,0,0,0
7685,30.00,30.04,39.60,39.60,39.68,0,0,0
7686,30.00,30.03,39.60,39.60,39.64,0,0,0
7687,30.00,30.03,39.60,39.60,39.63,0,0,0
7688,30.00,30.05,39.60,39.60,39.58,0,0,1
7689,30.00,30.03,39.60,39.60,39.57,0,0,0
7690,30.00,30.02,39.60,39.60,39.61,0,0,0
7691,30.00,30.03,39.60,39.60,39.74,0,0,0
7692,30.00,30.03,39.60,39.60,39.90,0,0,0
7693,30.00,30.03,39.60,39.60,39.99,0,0,0
7694,30.00,30.04,39.60,39.60,40.06,0,0,0
7695,30.00,30.03,39.60,39.60,40.06,0,0,0
7696,30.00,30.03,39.60,39.60,40.10,0,0,0
7697,30.00,30.03,39.60,39.60,40.11,0,0,0
7698,30.00,30.04,39.60,39.60,40.10,0,0,0
7699,30.00,30.01,39.60,39.60,40.10,0,0,0
7700,30.00,30.03,39.60,39.60,40.08,0,0,0
7701,30.00,30.03,39.60,39.60,40.08,0,0,0
7702,30.00,30.03,39.60,39.60,40.07,0,0,0
7703,30.00,30.03,39.60,39.60,40.05,0,0,0
7704,30.00,30.04,39.60,39.60,40.09,0,0,0
7705,30.00,30.04,39.60,39.60,40.06,0,0,0
7706,30.00,30.03,39.60,39.60,40.07,0,0,0
7707,30.00,30.01,39.60,39.60,40.06,0,0,0
7708,30.00,30.03,39.60,39.60,40.04,0,0,0
7709,30.00,30.03,39.60,39.60,40.02,0,0,0
7710,30.00,30.02,39.60,39.60,40.05,0,0,0
7711,30.00,30.02,39.60,39.60,40.03,0,0,0
7712,30.00,30.05,39.60,39.60,40.03,0,0,0
7713,30.00,30.03,39.60,39.60,40.00,0,0,0
7714,30.00,30.03,39.60,39.60,39.99,0,0,0
7715,30.00,30.01,39.60,39.60,39.99,0,0,0
7716,30.00,30.02,39.60,39.60,39.99,0,0,0
7717,30.00,30.03,39.60,39.60,39.95,0,0,0
7718,30.00,30.03,39.60,39.60,40.01,0,0,0
7719,30.00,30.04,39.60,39.60,39.95,0,0,0
7720,30.00,30.03,39.60,39.60,39.96,0,0,0
7721,30.00,30.03,39.60,39.60,39.94,0,0,0
7722,30.00,30.01,39.60,39.60,39.96,0,0,0
7723,30.00,30.04,39.60,39.60,39.93,0,0,0
7724,30.00,30.03,39.60,39.60,39.91,0,0,0
7725,30.00,30.04,39.60,39.60,39.94,0,0,0
7726,30.00,30.02,39.60,39.60,39.89,0,0,0
7727,30.00,30.03,39.60,39.60,39.91,0,0,0
7728,30.00,30.01,39.60,39.60,39.93,0,0,0
7729,30.00,30.04,39.60,39.60,39.91,0,0,0
7730,30.00,30.02,39.60,39.60,39.87,0,0,0
7731,30.00,30.03,39.60,39.60,39.87,0,0,0
7732,30.00,30.01,39.60,39.60,39.89,0,0,0
7733,30.00,30.02,39.60,39.60,39.91,0,0,0
7734,30.00,30.00,39.60,39.60,39.86,0,0,0
7735,30.00,30.02,39.60,39.60,39.87,0,0,0
7736,30.00,30.04,39.60,39.60,39.82,0,0,0
7737,30.00,30.02,39.60,39.60,39.85,0,0,0
7738,30.00,30.03,39.60,39.60,39.84,0,0,0
7739,30.00,30.03,39.60,39.60,39.81,0,0,0
7740,30.00,30.00,39.60,39.60,39.81,1,0,0
7741,30.00,30.04,39.60,39.60,39.82,0,0,0
7742,30.00,30.04,39.60,39.60,39.80,0,0,0
7743,30.00,30.01,39.60,39.60,39.80,0,0,0
7744,30.00,30.03,39.60,39.60,39.82,0,0,0
7745,30.00,30.04,39.60,39.60,39.85,0,0,0
7746,30.00,30.04,39.60,39.60,39.79,0,0,0
7747,30.00,30.03,39.60,39.60,39.78,0,0,0
7748,30.00,30.03,39.60,39.60,39.79,0,0,0
7749,30.00,30.04,39.60,39.60,39.78,0,0,0
7750,30.00,30.02,39.60,39.60,39.80,0,0,0
7751,30.00,30.02,39.60,39.60,39.78,0,0,0
7752,30.00,30.02,39.60,39.60,39.79,0,0,0
7753,30.00,30.00,39.60,39.60,39.77,0,0,0
7754,30.00,30.03,39.60,39.60,39.77,0,0,0
7755,30.00,30.01,39.60,39.60,39.75,0,0,0
7756,30.00,30.01,39.60,39.60,39.72,0,0,0
7757,30.00,30.03,39.60,39.60,39.75,0,0,0
7758,30.00,30.01,39.60,39.60,39.74,0,0,0
7759,30.00,30.02,39.60,39.60,39.75,0,0,0
7760,30.00,30.00,39.60,39.60,39.70,1,0,0
7761,30.00,30.01,39.60,39.60,39.70,0,0,0
7762,30.00,30.00,39.60,39.60,39.70,1,0,0
7763,30.00,30.00,39.60,39.60,39.71,1,0,0
7764,30.00,30.02,39.60,39.60,39.68,0,0,0
7765,30.00,30.01,39.60,39.60,39.71,0,0,0
7766,30.00,30.01,39.60,39.60,39.70,0,0,0
7767,30.00,30.01,39.60,39.60,39.68,0,0,0
7768,30.00,30.01,39.60,39.60,39.67,0,0,0
7769,30.00,30.03,39.60,39.60,39.71,0,0,0
7770,30.00,30.03,39.60,39.60,39.65,0,0,0
7771,30.00,30.03,39.60,39.60,39.69,0,0,0
7772,30.00,30.01,39.60,39.60,39.63,0,0,0
7773,30.00,30.02,39.60,39.60,39.64,0,0,0
7774,30.00,30.00,39.60,39.60,39.65,0,0,0
7775,30.00,30.00,39.60,39.60,39.64,0,0,0
7776,30.00,30.03,39.60,39.60,39.62,0,0,0
7777,30.00,30.03,39.60,39.60,39.64,0,0,0
7778,30.00,30.01,39.60,39.60,39.60,0,0,0
7779,30.00,30.00,39.60,39.60,39.62,0,0,0
7780,30.00,30.04,39.60,39.60,39.61,0,0,0
7781,30.00,30.03,39.60,39.60,39.61,0,0,0
7782,30.00,30.01,39.60,39.60,39.62,0,0,0
7783,30.00,30.00,39.60,39.60,39.60,0,0,0
7784,30.00,30.03,39.60,39.60,39.59,0,0,1
7785,30.00,29.99,39.60,39.60,39.55,1,0,0
7786,30.00,30.01,39.60,39.60,39.61,0,0,0
7787,30.00,30.03,39.60,39.60,39.76,0,0,0
7788,30.00,30.01,39.60,39.60,39.96,0,0,0
7789,30.00,30.01,39.60,39.60,40.06,0,0,0
7790,30.00,30.03,39.60,39.60,40.13,0,0,0
7791,30.00,30.01,39.60,39.60,40.19,0,0,0
7792,30.00,30.01,39.60,39.60,40.18,0,0,0
7793,30.00,30.02,39.60,39.60,40.21,0,0,0
7794,30.00,30.02,39.60,39.60,40.17,0,0,0
7795,30.00,30.00,39.60,39.60,40.17,0,0,0
7796,30.00,30.03,39.60,39.60,40.20,0,0,0
7797,30.00,30.04,39.60,39.60,40.19,0,0,0
7798,30.00,30.00,39.60,39.60,40.16,0,0,0
7799,30.00,30.01,39.60,39.60,40.20,0,0,0
7800,30.00,30.00,39.60,39.60,40.18,0,0,0
7801,30.00,29.99,39.60,39.60,40.13,1,0,0
7802,30.00,30.03,39.60,39.60,40.17,0,0,0
7803,30.00,30.02,39.60,39.60,40.16,0,0,0
7804,30.00,30.00,39.60,39.60,40.12,0,0,0
7805,30.00,30.01,39.60,39.60,40.14,0,0,0
7806,30.00,30.01,39.60,39.60,40.15,0,0,0
7807,30.00,30.00,39.60,39.60,40.13,0,0,0
7808,30.00,30.01,39.60,39.60,40.12,0,0,0
7809,30.00,30.00,39.60,39.60,40.10,1,0,0
7810,30.00,30.02,39.60,39.60,40.12,0,0,0
7811,30.00,30.02,39.60,39.60,40.08,0,0,0
7812,30.00,29.99,39.60,39.60,40.10,1,0,0
7813,30.00,30.02,39.60,39.60,40.05,0,0,0
7814,30.00,30.02,39.60,39.60,40.08,0,0,0
7815,30.00,30.00,39.60,39.60,40.07,0,0,0
7816,30.00,30.00,39.60,39.60,40.07,1,0,0
7817,30.00,30.00,39.60,39.60,40.05,0,0,0
7818,30.00,29.99,39.60,39.60,40.05,1,0,0
7819,30.00,30.01,39.60,39.60,40.04,0,0,0
7820,30.00,30.00,39.60,39.60,40.04,1,0,0
7821,30.00,30.01,39.60,39.60,40.04,0,0,0
7822,30.00,30.00,39.60,39.60,40.02,1,0,0
7823,30.00,30.03,39.60,39.60,40.05,0,0,0
7824,30.00,30.01,39.60,39.60,40.05,0,0,0
7825,30.00,29.99,39.60,39.60,39.99,1,0,0
7826,30.00,30.00,39.60,39.60,40.00,1,0,0
7827,30.00,29.99,39.60,39.60,40.03,1,0,0
7828,30.00,29.98,39.60,39.60,40.00,1,0,0
7829,30.00,30.00,39.60,39.60,39.99,1,0,0
7830,30.00,29.99,39.60,39.60,39.97,1,0,0
7831,30.00,30.01,39.60,39.60,39.96,0,0,0
7832,30.00,30.00,39.60,39.60,39.97,1,0,0
7833,30.00,30.02,39.60,39.60,39.94,0,0,0
7834,30.00,30.02,39.60,39.60,39.96,0,0,0
7835,30.00,29.99,39.60,39.60,39.93,1,0,0
7836,30.00,30.00,39.60,39.60,39.90,1,0,0
7837,30.00,30.00,39.60,39.60,39.89,0,0,0
7838,30.00,29.99,39.60,39.60,39.92,1,0,0
7839,30.00,30.00,39.60,39.60,39.92,1,0,0
7840,30.00,30.01,39.60,39.60,39.89,0,0,0
7841,30.00,30.00,39.60,39.60,39.89,0,0,0
7842,30.00,30.00,39.60,39.60,39.91,1,0,0
7843,30.00,30.01,39.60,39.60,39.91,0,0,0
7844,30.00,30.02,39.60,39.60,39.90,0,0,0
7845,30.00,30.00,39.60,39.60,39.90,0,0,0
7846,30.00,30.00,39.60,39.60,39.87,1,0,0
7847,30.00,30.00,39.60,39.60,39.86,1,0,0
7848,30.00,29.99,39.60,39.60,39.86,1,0,0
7849,30.00,30.03,39.60,39.60,39.86,0,0,0
7850,30.00,30.01,39.60,39.60,39.87,0,0,0
7851,30.00,29.99,39.60,39.60,39.86,1,0,0
7852,30.00,30.00,39.60,39.60,39.86,1,0,0
7853,30.00,30.00,39.60,39.60,39.86,1,0,0
7854,30.00,30.01,39.60,39.60,39.86,0,0,0
7855,30.00,30.01,39.60,39.60,39.82,0,0,0
7856,30.00,30.03,39.60,39.60,39.82,0,0,0
7857,30.00,30.01,39.60,39.60,39.85,0,0,0
7858,30.00,30.00,39.60,39.60,39.83,0,0,0
7859,30.00,30.00,39.60,39.60,39.79,1,0,0
7860,30.00,30.01,39.60,39.60,39.76,0,0,0
7861,30.00,29.99,39.60,39.60,39.79,1,0,0
7862,30.00,30.00,39.60,39.60,39.80,0,0,0
7863,30.00,30.00,39.60,39.60,39.80,0,0,0
7864,30.00,30.00,39.60,39.60,39.77,0,0,0
7865,30.00,30.01,39.60,39.60,39.78,0,0,0
7866,30.00,30.00,39.60,39.60,39.82,1,0,0
7867,30.00,30.02,39.60,39.60,39.76,0,0,0
7868,30.00,29.99,39.60,39.60,39.75,1,0,0
7869,30.00,30.01,39.60,39.60,39.74,0,0,0
7870,30.00,30.04,39.60,39.60,39.77,0,0,0
7871,30.00,30.01,39.60,39.60,39.76,0,0,0
7872,30.00,30.01,39.60,39.60,39.73,0,0,0
7873,30.00,30.00,39.60,39.60,39.74,0,0,0
7874,30.00,30.01,39.60,39.60,39.75,0,0,0
7875,30.00,30.01,39.60,39.60,39.72,0,0,0
7876,30.00,30.01,39.60,39.60,39.72,0,0,0
7877,30.00,30.00,39.60,39.60,39.73,0,0,0
7878,30.00,30.02,39.60,39.60,39.72,0,0,0
7879,30.00,30.01,39.60,39.60,39.72,0,0,0
7880,30.00,30.01,39.60,39.60,39.71,0,0,0
7881,30.00,30.00,39.60,39.60,39.69,1,0,0
7882,30.00,30.01,39.60,39.60,39.68,0,0,0
7883,30.00,30.01,39.60,39.60,39.68,0,0,0
7884,30.00,30.02,39.60,39.60,39.69,0,0,0
7885,30.00,30.01,39.60,39.60,39.65,0,0,0
7886,30.00,30.01,39.60,39.60,39.68,0,0,0
7887,30.00,30.02,39.60,39.60,39.65,0,0,0
7888,30.00,30.02,39.60,39.60,39.66,0,0,0
7889,30.00,30.01,39.60,39.60,39.65,0,0,0
7890,30.00,30.02,39.60,39.60,39.64,0,0,0
7891,30.00,30.02,39.60,39.60,39.66,0,0,0
7892,30.00,30.00,39.60,39.60,39.68,1,0,0
7893,30.00,30.02,39.60,39.60,39.62,0,0,0
7894,30.00,30.04,39.60,39.60,39.62,0,0,0
7895,30.00,30.02,39.60,39.60,39.63,0,0,0
7896,30.00,30.00,39.60,39.60,39.61,1,0,0
7897,30.00,30.03,39.60,39.60,39.62,0,0,0
7898,30.00,30.02,39.60,39.60,39.61,0,0,0
7899,30.00,30.03,39.60,39.60,39.59,0,0,1
7900,30.00,30.02,39.60,39.60,39.57,0,0,0
7901,30.00,30.03,39.60,39.60,39.57,0,0,0
7902,30.00,30.01,39.60,39.60,39.73,0,0,0
7903,30.00,30.00,39.60,39.60,39.92,0,0,0
7904,30.00,30.01,39.60,39.60,40.02,0,0,0
7905,30.00,30.00,39.60,39.60,40.14,1,0,0
7906,30.00,29.99,39.60,39.60,40.21,1,0,0
7907,30.00,30.03,39.60,39.60,40.25,0,0,0
7908,30.00,30.04,39.60,39.60,40.29,0,0,0
7909,30.00,30.02,39.60,39.60,40.24,0,0,0
7910,30.00,30.03,39.60,39.60,40.27,0,0,0
7911,30.00,30.02,39.60,39.60,40.27,0,0,0
7912,30.00,30.01,39.60,39.60,40.26,0,0,0
7913,30.00,30.02,39.60,39.60,40.27,0,0,0
7914,30.00,30.01,39.60,39.60,40.27,0,0,0
7915,30.00,30.02,39.60,39.60,40.27,0,0,0
7916,30.00,30.03,39.60,39.60,40.24,0,0,0
7917,30.00,30.02,39.60,39.60,40.24,0,0,0
7918,30.00,30.04,39.60,39.60,40.22,0,0,0
7919,30.00,30.02,39.60,39.60,40.24,0,0,0
7920,30.00,30.03,39.60,39.60,40.23,0,0,0
7921,30.00,30.02,39.60,39.60,40.23,0,0,0
7922,30.00,30.01,39.60,39.60,40.22,0,0,0
7923,30.00,30.01,39.60,39.60,40.19,0,0,0
7924,30.00,30.03,39.60,39.60,40.20,0,0,0
7925,30.00,30.04,39.60,39.60,40.18,0,0,0
7926,30.00,30.01,39.60,39.60,40.19,0,0,0
7927,30.00,30.03,39.60,39.60,40.16,0,0,0
7928,30.00,30.02,39.60,39.60,40.17,0,0,0
7929,30.00,30.03,39.60,39.60,40.14,0,0,0
7930,30.00,30.03,39.60,39.60,40.15,0,0,0
7931,30.00,30.02,39.60,39.60,40.13,0,0,0
7932,30.00,30.01,39.60,39.60,40.09,0,0,0
7933,30.00,30.03,39.60,39.60,40.08,0,0,0
7934,30.00,30.03,39.60,39.60,40.11,0,0,0
7935,30.00,30.03,39.60,39.60,40.09,0,0,0
7936,30.00,30.03,39.60,39.60,40.06,0,0,0
7937,30.00,30.02,39.60,39.60,40.04,0,0,0
7938,30.00,30.01,39.60,39.60,40.05,0,0,0
7939,30.00,30.02,39.60,39.60,40.07,0,0,0
7940,30.00,30.03,39.60,39.60,40.04,0,0,0
7941,30.00,30.03,39.60,39.60,40.05,0,0,0
7942,30.00,30.03,39.60,39.60,40.02,0,0,0
7943,30.00,30.01,39.60,39.60,39.99,0,0,0
7944,30.00,30.02,39.60,39.60,40.02,0,0,0
7945,30.00,30.02,39.60,39.60,40.01,0,0,0
7946,30.00,30.03,39.60,39.60,40.01,0,0,0
7947,30.00,30.04,39.60,39.60,40.02,0,0,0
7948,30.00,30.03,39.60,39.60,40.00,0,0,0
7949,30.00,30.01,39.60,39.60,39.96,0,0,0
7950,30.00,30.02,39.60,39.60,39.98,0,0,0
7951,30.00,30.03,39.60,39.60,39.92,0,0,0
7952,30.00,30.03,39.60,39.60,39.94,0,0,0
7953,30.00,30.03,39.60,39.60,39.97,0,0,0
7954,30.00,30.03,39.60,39.60,39.95,0,0,0
7955,30.00,30.03,39.60,39.60,39.93,0,0,0
7956,30.00,30.03,39.60,39.60,39.92,0,0,0
7957,30.00,30.02,39.60,39.60,39.91,0,0,0
7958,30.00,30.05,39.60,39.60,39.93,0,0,0
7959,30.00,30.04,39.60,39.60,39.93,0,0,0
7960,30.00,30.05,39.60,39.60,39.90,0,0,0
7961,30.00,30.03,39.60,39.60,39.87,0,0,0
7962,30.00,30.03,39.60,39.60,39.91,0,0,0
7963,30.00,30.02,39.60,39.60,39.90,0,0,0
7964,30.00,30.01,39.60,39.60,39.88,0,0,0
7965,30.00,30.01,39.60,39.60,39.89,0,0,0
7966,30.00,30.00,39.60,39.60,39.85,0,0,0
7967,30.00,30.01,39.60,39.60,39.84,0,0,0
7968,30.00,30.04,39.60,39.60,39.85,0,0,0
7969,30.00,30.02,39.60,39.60,39.84,0,0,0
7970,30.00,30.02,39.60,39.60,39.84,0,0,0
7971,30.00,30.02,39.60,39.60,39.84,0,0,0
7972,30.00,30.03,39.60,39.60,39.81,0,0,0
7973,30.00,30.03,39.60,39.60,39.80,0,0,0
7974,30.00,30.03,39.60,39.60,39.81,0,0,0
7975,30.00,30.03,39.60,39.60,39.78,0,0,0
7976,30.00,30.04,39.60,39.60,39.81,0,0,0
7977,30.00,30.02,39.60,39.60,39.80,0,0,0
7978,30.00,30.02,39.60,39.60,39.78,0,0,0
7979,30.00,30.01,39.60,39.60,39.74,0,0,0
7980,30.00,30.01,39.60,39.60,39.75,0,0,0
7981,30.00,30.02,39.60,39.60,39.75,0,0,0
7982,30.00,30.01,39.60,39.60,39.74,0,0,0
7983,30.00,30.01,39.60,39.60,39.75,0,0,0
7984,30.00,30.02,39.60,39.60,39.75,0,0,0
7985,30.00,30.03,39.60,39.60,39.73,0,0,0
7986,30.00,30.01,39.60,39.60,39.75,0,0,0
7987,30.00,30.00,39.60,39.60,39.75,0,0,0
7988,30.00,30.04,39.60,39.60,39.72,0,0,0
7989,30.00,30.02,39.60,39.60,39.74,0,0,0
7990,30.00,30.03,39.60,39.60,39.70,0,0,0
7991,30.00,30.02,39.60,39.60,39.69,0,0,0
7992,30.00,30.02,39.60,39.60,39.69,0,0,0
7993,30.00,30.03,39.60,39.60,39.70,0,0,0
7994,30.00,30.04,39.60,39.60,39.70,0,0,0
7995,30.00,30.04,39.60,39.60,39.67,0,0,0
7996,30.00,30.01,39.60,39.60,39.68,0,0,0
7997,30.00,30.02,39.60,39.60,39.69,0,0,0
7998,30.00,30.01,39.60,39.60,39.63,0,0,0
7999,30.00,30.03,39.60,39.60,39.64,0,0,0
8000,30.00,30.03,39.60,39.60,39.64,0,0,0
8001,30.00,30.03,39.60,39.60,39.68,0,0,0
8002,30.00,30.04,39.60,39.60,39.63,0,0,0
8003,30.00,30.01,39.60,39.60,39.61,0,0,0
8004,30.00,30.02,39.60,39.60,39.61,0,0,0
8005,30.00,30.04,39.60,39.60,39.61,0,0,0
8006,30.00,30.01,39.60,39.60,39.59,0,0,1
8007,30.00,30.03,39.60,39.60,39.58,0,0,0
8008,30.00,30.03,39.60,39.60,39.62,0,0,0
8009,30.00,29.99,39.60,39.60,39.72,1,0,0
8010,30.00,30.02,39.60,39.60,39.89,0,0,0
8011,30.00,30.02,39.60,39.60,39.99,0,0,0
8012,30.00,30.00,39.60,39.60,40.11,1,0,0
8013,30.00,30.01,39.60,39.60,40.11,0,0,0
8014,30.00,30.04,39.60,39.60,40.19,0,0,0
8015,30.00,30.04,39.60,39.60,40.19,0,0,0
8016,30.00,30.03,39.60,39.60,40.18,0,0,0
8017,30.00,30.00,39.60,39.60,40.19,0,0,0
8018,30.00,30.01,39.60,39.60,40.19,0,0,0
8019,30.00,30.01,39.60,39.60,40.17,0,0,0
8020,30.00,30.02,39.60,39.60,40.17,0,0,0
8021,30.00,30.01,39.60,39.60,40.21,0,0,0
8022,30.00,30.00,39.60,39.60,40.16,1,0,0
8023,30.00,30.00,39.60,39.60,40.15,1,0,0
8024,30.00,30.01,39.60,39.60,40.16,0,0,0
8025,30.00,30.00,39.60,39.60,40.15,0,0,0
8026,30.00,30.00,39.60,39.60,40.18,0,0,0
8027,30.00,30.01,39.60,39.60,40.14,0,0,0
8028,30.00,30.00,39.60,39.60,40.13,0,0,0
8029,30.00,30.01,39.60,39.60,40.11,0,0,0
8030,30.00,30.02,39.60,39.60,40.13,0,0,0
8031,30.00,30.03,39.60,39.60,40.07,0,0,0
8032,30.00,30.01,39.60,39.60,40.10,0,0,0
8033,30.00,30.02,39.60,39.60,40.09,0,0,0
8034,30.00,30.01,39.60,39.60,40.08,0,0,0
8035,30.00,29.99,39.60,39.60,40.09,1,0,0
8036,30.00,30.00,39.60,39.60,40.07,0,0,0
8037,30.00,30.01,39.60,39.60,40.04,0,0,0
8038,30.00,30.01,39.60,39.60,40.07,0,0,0
8039,30.00,30.01,39.60,39.60,40.04,0,0,0
8040,30.00,30.00,39.60,39.60,40.04,0,0,0
8041,30.00,30.00,39.60,39.60,40.04,1,0,0
8042,30.00,30.00,39.60,39.60,40.06,1,0,0
8043,30.00,29.98,39.60,39.60,40.02,1,0,0
8044,30.00,30.00,39.60,39.60,40.00,0,0,0
8045,30.00,30.00,39.60,39.60,40.01,1,0,0
8046,30.00,30.00,39.60,39.60,39.99,1,0,0
8047,30.00,30.01,39.60,39.60,40.02,0,0,0
8048,30.00,29.99,39.60,39.60,40.03,1,0,0
8049,30.00,29.99,39.60,39.60,39.99,1,0,0
8050,30.00,30.02,39.60,39.60,39.98,0,0,0
8051,30.00,30.02,39.60,39.60,39.98,0,0,0
8052,30.00,29.98,39.60,39.60,39.97,1,0,0
8053,30.00,30.02,39.60,39.60,40.02,0,0,0
8054,30.00,30.01,39.60,39.60,39.98,0,0,0
8055,30.00,30.01,39.60,39.60,39.96,0,0,0
8056,30.00,30.03,39.60,39.60,39.92,0,0,0
8057,30.00,30.00,39.60,39.60,39.93,0,0,0
8058,30.00,30.03,39.60,39.60,39.97,0,0,0
8059,30.00,30.00,39.60,39.60,39.94,0,0,0
8060,30.00,29.99,39.60,39.60,39.92,1,0,0
8061,30.00,30.00,39.60,39.60,39.94,0,0,0
8062,30.00,30.00,39.60,39.60,39.90,0,0,0
8063,30.00,30.00,39.60,39.60,39.91,1,0,0
8064,30.00,30.00,39.60,39.60,39.90,1,0,0
8065,30.00,30.00,39.60,39.60,39.86,1,0,0
8066,30.00,30.00,39.60,39.60,39.89,0,0,0
8067,30.00,30.02,39.60,39.60,39.90,0,0,0
8068,30.00,30.01,39.60,39.60,39.87,0,0,0
8069,30.00,30.03,39.60,39.60,39.85,0,0,0
8070,30.00,30.03,39.60,39.60,39.85,0,0,0
8071,30.00,30.02,39.60,39.60,39.87,0,0,0
8072,30.00,30.01,39.60,39.60,39.86,0,0,0
8073,30.00,30.00,39.60,39.60,39.85,0,0,0
8074,30.00,30.01,39.60,39.60,39.82,0,0,0
8075,30.00,30.00,39.60,39.60,39.86,1,0,0
8076,30.00,30.01,39.60,39.60,39.84,0,0,0
8077,30.00,29.99,39.60,39.60,39.80,1,0,0
8078,30.00,30.02,39.60,39.60,39.78,0,0,0
8079,30.00,30.00,39.60,39.60,39.80,0,0,0
8080,30.00,30.01,39.60,39.60,39.80,0,0,0
8081,30.00,30.01,39.60,39.60,39.78,0,0,0
8082,30.00,30.01,39.60,39.60,39.78,0,0,0
8083,30.00,30.01,39.60,39.60,39.79,0,0,0
8084,30.00,30.02,39.60,39.60,39.77,0,0,0
8085,30.00,29.99,39.60,39.60,39.82,1,0,0
8086,30.00,30.00,39.60,39.60,39.78,0,0,0
8087,30.00,29.99,39.60,39.60,39.74,1,0,0
8088,30.00,30.01,39.60,39.60,39.76,0,0,0
8089,30.00,30.00,39.60,39.60,39.74,1,0,0
8090,30.00,30.02,39.60,39.60,39.73,0,0,0
8091,30.00,29.99,39.60,39.60,39.74,1,0,0
8092,30.00,30.00,39.60,39.60,39.70,1,0,0
8093,30.00,30.00,39.60,39.60,39.72,1,0,0
8094,30.00,30.00,39.60,39.60,39.74,0,0,0
8095,30.00,30.02,39.60,39.60,39.69,0,0,0
8096,30.00,30.01,39.60,39.60,39.72,0,0,0
8097,30.00,30.01,39.60,39.60,39.70,0,0,0
8098,30.00,30.00,39.60,39.60,39.71,0,0,0
8099,30.00,30.03,39.60,39.60,39.66,0,0,0
8100,30.00,30.00,39.60,39.60,39.69,1,0,0
8101,30.00,29.99,39.60,39.60,39.63,1,0,0
8102,30.00,30.01,39.60,39.60,39.67,0,0,0
8103,30.00,30.00,39.60,39.60,39.65,1,0,0
8104,30.00,30.02,39.60,39.60,39.64,0,0,0
8105,30.00,30.00,39.60,39.60,39.65,1,0,0
8106,30.00,30.01,39.60,39.60,39.60,0,0,0
8107,30.00,30.00,39.60,39.60,39.60,1,0,0
8108,30.00,30.00,39.60,39.60,39.61,1,0,0
8109,30.00,30.00,39.60,39.60,39.62,0,0,0
8110,30.00,30.02,39.60,39.60,39.60,0,0,1
8111,30.00,30.01,39.60,39.60,39.66,0,0,0
8112,30.00,30.02,39.60,39.60,39.63,0,0,0
8113,30.00,30.01,39.60,39.60,39.70,0,0,0
8114,30.00,30.00,39.60,39.60,39.76,0,0,0
8115,30.00,30.01,39.60,39.60,39.82,0,0,0
8116,30.00,30.01,39.60,39.60,39.91,0,0,0
8117,30.00,30.00,39.60,39.60,39.96,0,0,0
8118,30.00,30.01,39.60,39.60,39.99,0,0,0
8119,30.00,30.02,39.60,39.60,40.00,0,0,0
8120,30.00,29.99,39.60,39.60,39.97,1,0,0
8121,30.00,30.02,39.60,39.60,40.00,0,0,0
8122,30.00,30.01,39.60,39.60,40.00,0,0,0
8123,30.00,30.00,39.60,39.60,40.01,1,0,0
8124,30.00,30.01,39.60,39.60,39.97,0,0,0
8125,30.00,30.01,39.60,39.60,39.96,0,0,0
8126,30.00,30.00,39.60,39.60,39.95,0,0,0
8127,30.00,29.99,39.60,39.60,39.95,1,0,0
8128,30.00,30.01,39.60,39.60,39.93,0,0,0
8129,30.00,30.01,39.60,39.60,39.95,0,0,0
8130,30.00,30.03,39.60,39.60,39.95,0,0,0
8131,30.00,30.02,39.60,39.60,39.91,0,0,0
8132,30.00,30.01,39.60,39.60,39.93,0,0,0
8133,30.00,30.00,39.60,39.60,39.88,0,0,0
8134,30.00,30.02,39.60,39.60,39.94,0,0,0
8135,30.00,30.00,39.60,39.60,39.89,1,0,0
8136,30.00,30.01,39.60,39.60,39.89,0,0,0
8137,30.00,30.02,39.60,39.60,39.90,0,0,0
8138,30.00,30.00,39.60,39.60,39.86,1,0,0
8139,30.00,30.03,39.60,39.60,39.89,0,0,0
8140,30.00,30.01,39.60,39.60,39.87,0,0,0
8141,30.00,30.04,39.60,39.60,39.88,0,0,0
8142,30.00,30.01,39.60,39.60,39.85,0,0,0
8143,30.00,30.03,39.60,39.60,39.88,0,0,0
8144,30.00,30.02,39.60,39.60,39.84,0,0,0
8145,30.00,30.03,39.60,39.60,39.84,0,0,0
8146,30.00,30.03,39.60,39.60,39.82,0,0,0
8147,30.00,30.01,39.60,39.60,39.80,0,0,0
8148,30.00,30.03,39.60,39.60,39.79,0,0,0
8149,30.00,30.01,39.60,39.60,39.76,0,0,0
8150,30.00,30.03,39.60,39.60,39.78,0,0,0
8151,30.00,30.01,39.60,39.60,39.79,0,0,0
8152,30.00,30.00,39.60,39.60,39.78,0,0,0
8153,30.00,30.02,39.60,39.60,39.80,0,0,0
8154,30.00,30.03,39.60,39.60,39.78,0,0,0
8155,30.00,30.02,39.60,39.60,39.77,0,0,0
8156,30.00,30.01,39.60,39.60,39.76,0,0,0
8157,30.00,30.01,39.60,39.60,39.75,0,0,0
8158,30.00,30.03,39.60,39.60,39.71,0,0,0
8159,30.00,30.03,39.60,39.60,39.72,0,0,0
8160,30.00,30.03,39.60,39.60,39.73,0,0,0
8161,30.00,30.03,39.60,39.60,39.70,0,0,0
8162,30.00,30.03,39.60,39.60,39.72,0,0,0
8163,30.00,30.03,39.60,39.60,39.73,0,0,0
8164,30.00,30.01,39.60,39.60,39.73,0,0,0
8165,30.00,30.02,39.60,39.60,39.63,0,0,0
8166,30.00,30.01,39.60,39.60,39.68,0,0,0
8167,30.00,30.01,39.60,39.60,39.68,0,0,0
8168,30.00,30.01,39.60,39.60,39.67,0,0,0
8169,30.00,30.01,39.60,39.60,39.69,0,0,0
8170,30.00,30.03,39.60,39.60,39.61,0,0,0
8171,30.00,30.03,39.60,39.60,39.64,0,0,0
8172,30.00,30.03,39.60,39.60,39.61,0,0,0
8173,30.00,30.02,39.60,39.60,39.61,0,0,0
8174,30.00,30.02,39.60,39.60,39.62,0,0,0
8175,30.00,30.02,39.60,39.60,39.63,0,0,0
8176,30.00,30.01,39.60,39.60,39.61,0,0,0
8177,30.00,30.02,39.60,39.60,39.61,0,0,0
8178,30.00,30.00,39.60,39.60,39.59,0,0,1
8179,30.00,30.02,39.60,39.60,39.59,0,0,0
8180,30.00,30.03,39.60,39.60,39.58,0,0,0
8181,30.00,30.01,39.60,39.60,39.63,0,0,0
8182,30.00,30.03,39.60,39.60,39.69,0,0,0
8183,30.00,29.99,39.60,39.60,39.77,1,0,0
8184,30.00,30.01,39.60,39.60,39.83,0,0,0
8185,30.00,30.01,39.60,39.60,39.87,0,0,0
8186,30.00,30.03,39.60,39.60,39.90,0,0,0
8187,30.00,30.03,39.60,39.60,39.95,0,0,0
8188,30.00,30.01,39.60,39.60,39.96,0,0,0
8189,30.00,30.03,39.60,39.60,39.96,0,0,0
8190,30.00,30.02,39.60,39.60,39.95,0,0,0
8191,30.00,30.02,39.60,39.60,39.96,0,0,0
8192,30.00,30.01,39.60,39.60,39.94,0,0,0
8193,30.00,30.03,39.60,39.60,39.92,0,0,0
8194,30.00,30.02,39.60,39.60,39.91,0,0,0
8195,30.00,30.01,39.60,39.60,39.90,0,0,0
8196,30.00,30.03,39.60,39.60,39.92,0,0,0
8197,30.00,30.03,39.60,39.60,39.90,0,0,0
8198,30.00,30.01,39.60,39.60,39.88,0,0,0
8199,30.00,30.01,39.60,39.60,39.90,0,0,0
8200,30.00,30.03,39.60,39.60,39.89,0,0,0
8201,30.00,30.01,39.60,39.60,39.87,0,0,0
8202,30.00,30.00,39.60,39.60,39.90,0,0,0
8203,30.00,30.01,39.60,39.60,39.84,0,0,0
8204,30.00,30.03,39.60,39.60,39.86,0,0,0
8205,30.00,30.01,39.60,39.60,39.86,0,0,0
8206,30.00,30.01,39.60,39.60,39.86,0,0,0
8207,30.00,30.02,39.60,39.60,39.82,0,0,0
8208,30.00,30.03,39.60,39.60,39.83,0,0,0
8209,30.00,30.03,39.60,39.60,39.80,0,0,0
8210,30.00,30.02,39.60,39.60,39.82,0,0,0
8211,30.00,30.03,39.60,39.60,39.81,0,0,0
8212,30.00,30.03,39.60,39.60,39.80,0,0,0
8213,30.00,30.02,39.60,39.60,39.78,0,0,0
8214,30.00,30.03,39.60,39.60,39.79,0,0,0
8215,30.00,30.04,39.60,39.60,39.78,0,0,0
8216,30.00,30.03,39.60,39.60,39.77,0,0,0
8217,30.00,30.03,39.60,39.60,39.78,0,0,0
8218,30.00,30.02,39.60,39.60,39.74,0,0,0
8219,30.00,30.01,39.60,39.60,39.76,0,0,0
8220,30.00,30.02,39.60,39.60,39.70,0,0,0
8221,30.00,30.01,39.60,39.60,39.69,0,0,0
8222,30.00,30.03,39.60,39.60,39.70,0,0,0
8223,30.00,30.00,39.60,39.60,39.73,0,0,0
8224,30.00,30.04,39.60,39.60,39.72,0,0,0
8225,30.00,30.00,39.60,39.60,39.71,0,0,0
8226,30.00,30.03,39.60,39.60,39.72,0,0,0
8227,30.00,30.02,39.60,39.60,39.72,0,0,0
8228,30.00,30.03,39.60,39.60,39.69,0,0,0
8229,30.00,30.04,39.60,39.60,39.71,0,0,0
8230,30.00,30.02,39.60,39.60,39.65,0,0,0
8231,30.00,30.02,39.60,39.60,39.65,0,0,0
8232,30.00,30.01,39.60,39.60,39.68,0,0,0
8233,30.00,30.04,39.60,39.60,39.65,0,0,0
8234,30.00,30.02,39.60,39.60,39.65,0,0,0
8235,30.00,30.02,39.60,39.60,39.63,0,0,0
8236,30.00,30.01,39.60,39.60,39.60,0,0,0
8237,30.00,30.02,39.60,39.60,39.63,0,0,0
8238,30.00,30.03,39.60,39.60,39.62,0,0,0
8239,30.00,30.02,39.60,39.60,39.67,0,0,0
8240,30.00,30.01,39.60,39.60,39.62,0,0,0
8241,30.00,30.01,39.60,39.60,39.62,0,0,0
8242,30.00,30.01,39.60,39.60,39.63,0,0,0
8243,30.00,30.04,39.60,39.60,39.56,0,0,1
8244,30.00,30.02,39.60,39.60,39.62,0,0,0
8245,30.00,30.02,39.60,39.60,39.59,0,0,0
8246,30.00,30.03,39.60,39.60,39.73,0,0,0
8247,30.00,30.00,39.60,39.60,39.91,1,0,0
8248,30.00,30.02,39.60,39.60,40.07,0,0,0
8249,30.00,30.01,39.60,39.60,40.19,0,0,0
8250,30.00,29.99,39.60,39.60,40.29,1,0,0
8251,30.00,30.01,39.60,39.60,40.34,0,0,0
8252,30.00,30.01,39.60,39.60,40.42,0,0,0
8253,30.00,30.02,39.60,39.60,40.39,0,0,0
8254,30.00,30.02,39.60,39.60,40.40,0,0,0
8255,30.00,30.01,39.60,39.60,40.41,0,0,0
8256,30.00,30.00,39.60,39.60,40.42,1,0,0
8257,30.00,30.01,39.60,39.60,40.39,0,0,0
8258,30.00,30.01,39.60,39.60,40.41,0,0,0
8259,30.00,30.00,39.60,39.60,40.41,0,0,0
8260,30.00,30.00,39.60,39.60,40.35,1,0,0
8261,30.00,30.00,39.60,39.60,40.43,1,0,0
8262,30.00,30.00,39.60,39.60,40.38,1,0,0
8263,30.00,30.03,39.60,39.60,40.35,0,0,0
8264,30.00,30.00,39.60,39.60,40.36,0,0,0
8265,30.00,30.00,39.60,39.60,40.35,0,0,0
8266,30.00,30.00,39.60,39.60,40.36,1,0,0
8267,30.00,30.00,39.60,39.60,40.34,0,0,0
8268,30.00,30.00,39.60,39.60,40.27,0,0,0
8269,30.00,30.00,39.60,39.60,40.30,1,0,0
8270,30.00,30.00,39.60,39.60,40.32,0,0,0
8271,30.00,30.02,39.60,39.60,40.30,0,0,0
8272,30.00,30.00,39.60,39.60,40.28,1,0,0
8273,30.00,30.02,39.60,39.60,40.25,0,0,0
8274,30.00,30.01,39.60,39.60,40.30,0,0,0
8275,30.00,30.02,39.60,39.60,40.29,0,0,0
8276,30.00,30.01,39.60,39.60,40.28,0,0,0
8277,30.00,30.01,39.60,39.60,40.25,0,0,0
8278,30.00,30.00,39.60,39.60,40.25,0,0,0
8279,30.00,30.01,39.60,39.60,40.25,0,0,0
8280,30.00,30.00,39.60,39.60,40.23,1,0,0
8281,30.00,29.99,39.60,39.60,40.20,1,0,0
8282,30.00,30.01,39.60,39.60,40.17,0,0,0
8283,30.00,30.01,39.60,39.60,40.20,0,0,0
8284,30.00,30.00,39.60,39.60,40.20,0,0,0
8285,30.00,30.00,39.60,39.60,40.21,1,0,0
8286,30.00,30.01,39.60,39.60,40.22,0,0,0
8287,30.00,30.00,39.60,39.60,40.18,1,0,0
8288,30.00,30.00,39.60,39.60,40.17,0,0,0
8289,30.00,30.01,39.60,39.60,40.17,0,0,0
8290,30.00,30.01,39.60,39.60,40.17,0,0,0
8291,30.00,30.02,39.60,39.60,40.13,0,0,0
8292,30.00,29.99,39.60,39.60,40.15,1,0,0
8293,30.00,30.03,39.60,39.60,40.14,0,0,0
8294,30.00,30.02,39.60,39.60,40.13,0,0,0
8295,30.00,30.01,39.60,39.60,40.15,0,0,0
8296,30.00,30.01,39.60,39.60,40.12,0,0,0
8297,30.00,29.99,39.60,39.60,40.11,1,0,0
8298,30.00,30.00,39.60,39.60,40.12,1,0,0
8299,30.00,30.01,39.60,39.60,40.08,0,0,0
8300,30.00,30.00,39.60,39.60,40.10,1,0,0
8301,30.00,30.01,39.60,39.60,40.06,0,0,0
8302,30.00,29.99,39.60,39.60,40.07,1,0,0
8303,30.00,30.00,39.60,39.60,40.05,1,0,0
8304,30.00,29.99,39.60,39.60,40.07,1,0,0
8305,30.00,30.01,39.60,39.60,40.05,0,0,0
8306,30.00,30.03,39.60,39.60,40.07,0,0,0
8307,30.00,30.03,39.60,39.60,40.04,0,0,0
8308,30.00,30.00,39.60,39.60,40.03,1,0,0
8309,30.00,30.00,39.60,39.60,39.99,1,0,0
8310,30.00,30.03,39.60,39.60,39.98,0,0,0
8311,30.00,30.03,39.60,39.60,40.01,0,0,0
8312,30.00,30.00,39.60,39.60,40.02,1,0,0
8313,30.00,30.02,39.60,39.60,39.99,0,0,0
8314,30.00,30.01,39.60,39.60,40.00,0,0,0
8315,30.00,30.00,39.60,39.60,39.99,0,0,0
8316,30.00,30.01,39.60,39.60,39.93,0,0,0
8317,30.00,30.00,39.60,39.60,39.98,0,0,0
8318,30.00,30.01,39.60,39.60,39.94,0,0,0
8319,30.00,30.00,39.60,39.60,39.96,0,0,0
8320,30.00,30.03,39.60,39.60,39.96,0,0,0
8321,30.00,30.01,39.60,39.60,39.94,0,0,0
8322,30.00,30.01,39.60,39.60,39.93,0,0,0
8323,30.00,30.00,39.60,39.60,39.91,1,0,0
8324,30.00,30.03,39.60,39.60,39.91,0,0,0
8325,30.00,30.01,39.60,39.60,39.93,0,0,0
8326,30.00,30.02,39.60,39.60,39.93,0,0,0
8327,30.00,30.01,39.60,39.60,39.89,0,0,0
8328,30.00,30.00,39.60,39.60,39.90,0,0,0
8329,30.00,30.01,39.60,39.60,39.87,0,0,0
8330,30.00,30.00,39.60,39.60,39.89,0,0,0
8331,30.00,30.01,39.60,39.60,39.86,0,0,0
8332,30.00,30.03,39.60,39.60,39.86,0,0,0
8333,30.00,30.02,39.60,39.60,39.87,0,0,0
8334,30.00,30.01,39.60,39.60,39.82,0,0,0
8335,30.00,30.02,39.60,39.60,39.86,0,0,0
8336,30.00,30.00,39.60,39.60,39.84,0,0,0
8337,30.00,30.02,39.60,39.60,39.84,0,0,0
8338,30.00,30.01,39.60,39.60,39.80,0,0,0
8339,30.00,30.02,39.60,39.60,39.84,0,0,0
8340,30.00,29.99,39.60,39.60,39.82,1,0,0
8341,30.00,30.01,39.60,39.60,39.83,0,0,0
8342,30.00,30.02,39.60,39.60,39.79,0,0,0
8343,30.00,30.00,39.60,39.60,39.80,1,0,0
8344,30.00,30.00,39.60,39.60,39.78,0,0,0
8345,30.00,30.03,39.60,39.60,39.76,0,0,0
8346,30.00,30.01,39.60,39.60,39.74,0,0,0
8347,30.00,30.01,39.60,39.60,39.77,0,0,0
8348,30.00,29.99,39.60,39.60,39.77,1,0,0
8349,30.00,30.01,39.60,39.60,39.71,0,0,0
8350,30.00,30.01,39.60,39.60,39.75,0,0,0
8351,30.00,30.01,39.60,39.60,39.72,0,0,0
8352,30.00,30.03,39.60,39.60,39.74,0,0,0
8353,30.00,30.02,39.60,39.60,39.73,0,0,0
8354,30.00,30.01,39.60,39.60,39.72,0,0,0
8355,30.00,30.02,39.60,39.60,39.74,0,0,0
8356,30.00,30.00,39.60,39.60,39.74,1,0,0
8357,30.00,30.00,39.60,39.60,39.70,0,0,0
8358,30.00,30.03,39.60,39.60,39.66,0,0,0
8359,30.00,30.00,39.60,39.60,39.69,0,0,0
8360,30.00,30.03,39.60,39.60,39.66,0,0,0
8361,30.00,30.03,39.60,39.60,39.69,0,0,0
8362,30.00,30.03,39.60,39.60,39.66,0,0,0
8363,30.00,30.02,39.60,39.60,39.65,0,0,0
8364,30.00,30.03,39.60,39.60,39.65,0,0,0
8365,30.00,29.99,39.60,39.60,39.64,1,0,0
8366,30.00,30.00,39.60,39.60,39.63,0,0,0
8367,30.00,30.02,39.60,39.60,39.64,0,0,0
8368,30.00,30.03,39.60,39.60,39.60,0,0,0
8369,30.00,30.00,39.60,39.60,39.59,0,0,1
8370,30.00,30.01,39.60,39.60,39.61,0,0,0
8371,30.00,30.01,39.60,39.60,39.60,0,0,0
8372,30.00,30.00,39.60,39.60,39.81,0,0,0
8373,30.00,30.02,39.60,39.60,39.99,0,0,0
8374,30.00,30.00,39.60,39.60,40.14,1,0,0
8375,30.00,30.01,39.60,39.60,40.21,0,0,0
8376,30.00,30.01,39.60,39.60,40.29,0,0,0
8377,30.00,30.02,39.60,39.60,40.35,0,0,0
8378,30.00,30.00,39.60,39.60,40.34,1,0,0
8379,30.00,30.02,39.60,39.60,40.36,0,0,0
8380,30.00,30.00,39.60,39.60,40.36,0,0,0
8381,30.00,30.00,39.60,39.60,40.37,0,0,0
8382,30.00,30.00,39.60,39.60,40.39,0,0,0
8383,30.00,30.03,39.60,39.60,40.38,0,0,0
8384,30.00,30.03,39.60,39.60,40.36,0,0,0
8385,30.00,30.03,39.60,39.60,40.39,0,0,0
8386,30.00,30.00,39.60,39.60,40.37,1,0,0
8387,30.00,30.00,39.60,39.60,40.37,0,0,0
8388,30.00,30.00,39.60,39.60,40.36,1,0,0
8389,30.00,30.01,39.60,39.60,40.33,0,0,0
8390,30.00,30.01,39.60,39.60,40.32,0,0,0
8391,30.00,30.03,39.60,39.60,40.32,0,0,0
8392,30.00,30.01,39.60,39.60,40.30,0,0,0
8393,30.00,30.03,39.60,39.60,40.33,0,0,0
8394,30.00,30.00,39.60,39.60,40.25,0,0,0
8395,30.00,30.02,39.60,39.60,40.29,0,0,0
8396,30.00,30.02,39.60,39.60,40.28,0,0,0
8397,30.00,30.00,39.60,39.60,40.28,0,0,0
8398,30.00,30.02,39.60,39.60,40.25,0,0,0
8399,30.00,30.02,39.60,39.60,40.25,0,0,0
8400,30.00,30.03,39.60,39.60,40.26,0,0,0
8401,30.00,30.03,39.60,39.60,40.25,0,0,0
8402,30.00,30.00,39.60,39.60,40.25,0,0,0
8403,30.00,30.02,39.60,39.60,40.24,0,0,0
8404,30.00,30.03,39.60,39.60,40.23,0,0,0
8405,30.00,30.04,39.60,39.60,40.25,0,0,0
8406,30.00,30.00,39.60,39.60,40.20,1,0,0
8407,30.00,30.01,39.60,39.60,40.19,0,0,0
8408,30.00,30.00,39.60,39.60,40.21,0,0,0
8409,30.00,30.04,39.60,39.60,40.18,0,0,0
8410,30.00,30.02,39.60,39.60,40.17,0,0,0
8411,30.00,30.00,39.60,39.60,40.15,0,0,0
8412,30.00,30.04,39.60,39.60,40.16,0,0,0
8413,30.00,30.03,39.60,39.60,40.18,0,0,0
8414,30.00,30.02,39.60,39.60,40.19,0,0,0
8415,30.00,30.01,39.60,39.60,40.12,0,0,0
8416,30.00,30.03,39.60,39.60,40.12,0,0,0
8417,30.00,30.02,39.60,39.60,40.11,0,0,0
8418,30.00,29.99,39.60,39.60,40.12,1,0,0
8419,30.00,30.03,39.60,39.60,40.12,0,0,0
8420,30.00,30.04,39.60,39.60,40.07,0,0,0
8421,30.00,30.02,39.60,39.60,40.13,0,0,0
8422,30.00,30.01,39.60,39.60,40.09,0,0,0
8423,30.00,30.01,39.60,39.60,40.09,0,0,0
8424,30.00,30.01,39.60,39.60,40.10,0,0,0
8425,30.00,30.02,39.60,39.60,40.06,0,0,0
8426,30.00,30.02,39.60,39.60,40.07,0,0,0
8427,30.00,30.02,39.60,39.60,40.05,0,0,0
8428,30.00,30.01,39.60,39.60,40.04,0,0,0
8429,30.00,30.02,39.60,39.60,40.01,0,0,0
8430,30.00,30.03,39.60,39.60,40.02,0,0,0
8431,30.00,30.00,39.60,39.60,40.01,0,0,0
8432,30.00,30.01,39.60,39.60,40.01,0,0,0
8433,30.00,30.04,39.60,39.60,40.03,0,0,0
8434,30.00,30.02,39.60,39.60,40.00,0,0,0
8435,30.00,30.02,39.60,39.60,39.99,0,0,0
8436,30.00,30.03,39.60,39.60,39.98,0,0,0
8437,30.00,30.03,39.60,39.60,39.96,0,0,0
8438,30.00,30.01,39.60,39.60,39.95,0,0,0
8439,30.00,30.02,39.60,39.60,39.96,0,0,0
8440,30.00,30.01,39.60,39.60,39.96,0,0,0
8441,30.00,29.99,39.60,39.60,39.95,1,0,0
8442,30.00,30.03,39.60,39.60,39.95,0,0,0
8443,30.00,30.00,39.60,39.60,39.91,0,0,0
8444,30.00,30.03,39.60,39.60,39.91,0,0,0
8445,30.00,30.00,39.60,39.60,39.91,0,0,0
8446,30.00,30.03,39.60,39.60,39.92,0,0,0
8447,30.00,30.03,39.60,39.60,39.89,0,0,0
8448,30.00,30.03,39.60,39.60,39.93,0,0,0
8449,30.00,30.01,39.60,39.60,39.90,0,0,0
8450,30.00,30.02,39.60,39.60,39.89,0,0,0
8451,30.00,30.04,39.60,39.60,39.86,0,0,0
8452,30.00,29.99,39.60,39.60,39.88,1,0,0
8453,30.00,30.04,39.60,39.60,39.87,0,0,0
8454,30.00,30.01,39.60,39.60,39.84,0,0,0
8455,30.00,30.04,39.60,39.60,39.84,0,0,0
8456,30.00,30.03,39.60,39.60,39.86,0,0,0
8457,30.00,30.01,39.60,39.60,39.83,0,0,0
8458,30.00,30.01,39.60,39.60,39.79,0,0,0
8459,30.00,30.02,39.60,39.60,39.84,0,0,0
8460,30.00,30.03,39.60,39.60,39.83,0,0,0
8461,30.00,30.01,39.60,39.60,39.77,0,0,0
8462,30.00,30.03,39.60,39.60,39.76,0,0,0
8463,30.00,30.03,39.60,39.60,39.80,0,0,0
8464,30.00,30.03,39.60,39.60,39.79,0,0,0
8465,30.00,30.03,39.60,39.60,39.79,0,0,0
8466,30.00,30.01,39.60,39.60,39.77,0,0,0
8467,30.00,30.02,39.60,39.60,39.77,0,0,0
8468,30.00,30.01,39.60,39.60,39.78,0,0,0
8469,30.00,30.00,39.60,39.60,39.74,1,0,0
8470,30.00,30.02,39.60,39.60,39.76,0,0,0
8471,30.00,30.02,39.60,39.60,39.74,0,0,0
8472,30.00,30.01,39.60,39.60,39.73,0,0,0
8473,30.00,30.02,39.60,39.60,39.72,0,0,0
8474,30.00,30.04,39.60,39.60,39.72,0,0,0
8475,30.00,30.01,39.60,39.60,39.70,0,0,0
8476,30.00,30.04,39.60,39.60,39.69,0,0,0
8477,30.00,30.03,39.60,39.60,39.69,0,0,0
8478,30.00,30.01,39.60,39.60,39.69,0,0,0
8479,30.00,30.00,39.60,39.60,39.71,0,0,0
8480,30.00,30.01,39.60,39.60,39.70,0,0,0
8481,30.00,30.02,39.60,39.60,39.68,0,0,0
8482,30.00,30.00,39.60,39.60,39.63,0,0,0
8483,30.00,30.03,39.60,39.60,39.63,0,0,0
8484,30.00,30.01,39.60,39.60,39.64,0,0,0
8485,30.00,30.02,39.60,39.60,39.65,0,0,0
8486,30.00,30.02,39.60,39.60,39.62,0,0,0
8487,30.00,30.01,39.60,39.60,39.64,0,0,0
8488,30.00,30.00,39.60,39.60,39.68,0,0,0
8489,30.00,30.02,39.60,39.60,39.61,0,0,0
8490,30.00,30.00,39.60,39.60,39.63,0,0,0
8491,30.00,30.01,39.60,39.60,39.60,0,0,1
8492,30.00,30.01,39.60,39.60,39.64,0,0,0
8493,30.00,30.03,39.60,39.60,39.64,0,0,0
8494,30.00,30.01,39.60,39.60,39.72,0,0,0
8495,30.00,30.01,39.60,39.60,39.81,0,0,0
8496,30.00,30.02,39.60,39.60,39.87,0,0,0
8497,30.00,30.00,39.60,39.60,39.89,0,0,0
8498,30.00,30.03,39.60,39.60,39.98,0,0,0
8499,30.00,30.01,39.60,39.60,39.93,0,0,0
8500,30.00,30.01,39.60,39.60,39.95,0,0,0
8501,30.00,30.01,39.60,39.60,39.98,0,0,0
8502,30.00,30.03,39.60,39.60,39.94,0,0,0
8503,30.00,30.00,39.60,39.60,39.98,1,0,0
8504,30.00,30.02,39.60,39.60,39.95,0,0,0
8505,30.00,30.01,39.60,39.60,39.97,0,0,0
8506,30.00,30.01,39.60,39.60,39.96,0,0,0
8507,30.00,29.98,39.60,39.60,39.94,1,0,0
8508,30.00,29.99,39.60,39.60,39.96,1,0,0
8509,30.00,30.01,39.60,39.60,39.91,0,0,0
8510,30.00,30.03,39.60,39.60,39.95,0,0,0
8511,30.00,30.02,39.60,39.60,39.91,0,0,0
8512,30.00,30.01,39.60,39.60,39.93,0,0,0
8513,30.00,30.03,39.60,39.60,39.94,0,0,0
8514,30.00,30.00,39.60,39.60,39.92,0,0,0
8515,30.00,29.99,39.60,39.60,39.90,1,0,0
8516,30.00,30.03,39.60,39.60,39.91,0,0,0
8517,30.00,29.99,39.60,39.60,39.88,1,0,0
8518,30.00,30.00,39.60,39.60,39.84,1,0,0
8519,30.00,30.00,39.60,39.60,39.86,0,0,0
8520,30.00,30.01,39.60,39.60,39.84,0,0,0
8521,30.00,29.99,39.60,39.60,39.86,1,0,0
8522,30.00,30.00,39.60,39.60,39.84,1,0,0
8523,30.00,30.00,39.60,39.60,39.87,0,0,0
8524,30.00,30.02,39.60,39.60,39.81,0,0,0
8525,30.00,30.01,39.60,39.60,39.82,0,0,0
8526,30.00,30.00,39.60,39.60,39.79,1,0,0
8527,30.00,30.01,39.60,39.60,39.85,0,0,0
8528,30.00,30.01,39.60,39.60,39.80,0,0,0
8529,30.00,30.01,39.60,39.60,39.78,0,0,0
8530,30.00,30.01,39.60,39.60,39.78,0,0,0
8531,30.00,30.01,39.60,39.60,39.78,0,0,0
8532,30.00,30.00,39.60,39.60,39.79,0,0,0
8533,30.00,30.00,39.60,39.60,39.74,0,0,0
8534,30.00,30.01,39.60,39.60,39.77,0,0,0
8535,30.00,30.01,39.60,39.60,39.76,0,0,0
8536,30.00,30.00,39.60,39.60,39.79,1,0,0
8537,30.00,30.02,39.60,39.60,39.74,0,0,0
8538,30.00,30.00,39.60,39.60,39.75,0,0,0
8539,30.00,30.00,39.60,39.60,39.74,0,0,0
8540,30.00,30.00,39.60,39.60,39.74,0,0,0
8541,30.00,30.01,39.60,39.60,39.71,0,0,0
8542,30.00,30.01,39.60,39.60,39.70,0,0,0
8543,30.00,30.01,39.60,39.60,39.72,0,0,0
8544,30.00,30.02,39.60,39.60,39.68,0,0,0
8545,30.00,30.00,39.60,39.60,39.66,1,0,0
8546,30.00,30.00,39.60,39.60,39.68,1,0,0
8547,30.00,29.98,39.60,39.60,39.69,1,0,0
8548,30.00,30.01,39.60,39.60,39.65,0,0,0
8549,30.00,30.02,39.60,39.60,39.65,0,0,0
8550,30.00,30.02,39.60,39.60,39.64,0,0,0
8551,30.00,30.01,39.60,39.60,39.69,0,0,0
8552,30.00,30.01,39.60,39.60,39.63,0,0,0
8553,30.00,30.02,39.60,39.60,39.63,0,0,0
8554,30.00,30.01,39.60,39.60,39.61,0,0,0
8555,30.00,30.00,39.60,39.60,39.66,1,0,0
8556,30.00,30.01,39.60,39.60,39.63,0,0,0
8557,30.00,30.01,39.60,39.60,39.64,0,0,0
8558,30.00,30.00,39.60,39.60,39.59,0,0,1
8559,30.00,30.00,39.60,39.60,39.63,1,0,0
8560,30.00,30.01,39.60,39.60,39.63,0,0,0
8561,30.00,30.00,39.60,39.60,39.79,0,0,0
8562,30.00,30.00,39.60,39.60,39.83,0,0,0
8563,30.00,29.99,39.60,39.60,39.93,1,0,0
8564,30.00,30.02,39.60,39.60,40.00,0,0,0
8565,30.00,30.03,39.60,39.60,39.99,0,0,0
8566,30.00,30.01,39.60,39.60,40.01,0,0,0
8567,30.00,30.00,39.60,39.60,40.01,1,0,0
8568,30.00,29.99,39.60,39.60,40.01,1,0,0
8569,30.00,30.00,39.60,39.60,40.01,1,0,0
8570,30.00,30.01,39.60,39.60,40.01,0,0,0
8571,30.00,30.00,39.60,39.60,40.04,1,0,0
8572,30.00,30.01,39.60,39.60,40.00,0,0,0
8573,30.00,30.00,39.60,39.60,39.99,0,0,0
8574,30.00,30.02,39.60,39.60,40.01,0,0,0
8575,30.00,30.03,39.60,39.60,40.01,0,0,0
8576,30.00,30.01,39.60,39.60,39.99,0,0,0
8577,30.00,30.00,39.60,39.60,39.99,0,0,0
8578,30.00,29.99,39.60,39.60,39.97,1,0,0
8579,30.00,30.01,39.60,39.60,39.96,0,0,0
8580,30.00,30.01,39.60,39.60,39.94,0,0,0
8581,30.00,30.00,39.60,39.60,39.97,0,0,0
8582,30.00,30.01,39.60,39.60,39.92,0,0,0
8583,30.00,30.00,39.60,39.60,39.92,0,0,0
8584,30.00,30.02,39.60,39.60,39.90,0,0,0
8585,30.00,30.03,39.60,39.60,39.90,0,0,0
8586,30.00,30.01,39.60,39.60,39.90,0,0,0
8587,30.00,30.01,39.60,39.60,39.88,0,0,0
8588,30.00,30.00,39.60,39.60,39.83,1,0,0
8589,30.00,30.01,39.60,39.60,39.89,0,0,0
8590,30.00,30.00,39.60,39.60,39.89,1,0,0
8591,30.00,29.99,39.60,39.60,39.88,1,0,0
8592,30.00,29.99,39.60,39.60,39.88,1,0,0
8593,30.00,30.00,39.60,39.60,39.86,0,0,0
8594,30.00,29.99,39.60,39.60,39.83,1,0,0
8595,30.00,30.01,39.60,39.60,39.83,0,0,0
8596,30.00,30.01,39.60,39.60,39.85,0,0,0
8597,30.00,30.00,39.60,39.60,39.84,1,0,0
8598,30.00,30.00,39.60,39.60,39.80,0,0,0
8599,30.00,30.00,39.60,39.60,39.81,0,0,0
8600,30.00,30.00,39.60,39.60,39.79,1,0,0
8601,30.00,29.97,39.60,39.60,39.84,1,0,0
8602,30.00,30.01,39.60,39.60,39.78,0,0,0
8603,30.00,30.00,39.60,39.60,39.76,1,0,0
8604,30.00,30.00,39.60,39.60,39.74,0,0,0
8605,30.00,30.00,39.60,39.60,39.79,1,0,0
8606,30.00,30.03,39.60,39.60,39.77,0,0,0
8607,30.00,30.02,39.60,39.60,39.74,0,0,0
8608,30.00,30.00,39.60,39.60,39.74,1,0,0
8609,30.00,30.01,39.60,39.60,39.71,0,0,0
8610,30.00,30.02,39.60,39.60,39.71,0,0,0
8611,30.00,30.03,39.60,39.60,39.73,0,0,0
8612,30.00,30.03,39.60,39.60,39.74,0,0,0
8613,30.00,30.01,39.60,39.60,39.73,0,0,0
8614,30.00,30.02,39.60,39.60,39.74,0,0,0
8615,30.00,30.01,39.60,39.60,39.70,0,0,0
8616,30.00,30.00,39.60,39.60,39.69,1,0,0
8617,30.00,30.03,39.60,39.60,39.69,0,0,0
8618,30.00,30.00,39.60,39.60,39.68,1,0,0
8619,30.00,30.02,39.60,39.60,39.68,0,0,0
8620,30.00,30.03,39.60,39.60,39.68,0,0,0
8621,30.00,30.00,39.60,39.60,39.62,0,0,0
8622,30.00,30.00,39.60,39.60,39.65,0,0,0
8623,30.00,30.01,39.60,39.60,39.63,0,0,0
8624,30.00,30.01,39.60,39.60,39.62,0,0,0
8625,30.00,30.01,39.60,39.60,39.62,0,0,0
8626,30.00,30.01,39.60,39.60,39.66,0,0,0
8627,30.00,30.02,39.60,39.60,39.63,0,0,0
8628,30.00,30.00,39.60,39.60,39.62,0,0,0
8629,30.00,30.01,39.60,39.60,39.62,0,0,0
8630,30.00,30.03,39.60,39.60,39.62,0,0,0
8631,30.00,30.01,39.60,39.60,39.62,0,0,0
8632,30.00,30.00,39.60,39.60,39.57,0,0,1
8633,30.00,30.02,39.60,39.60,39.61,0,0,0
8634,30.00,30.01,39.60,39.60,39.61,0,0,0
8635,30.00,29.99,39.60,39.60,39.63,1,0,0
8636,30.00,30.03,39.60,39.60,39.71,0,0,0
8637,30.00,30.01,39.60,39.60,39.79,0,0,0
8638,30.00,30.01,39.60,39.60,39.86,0,0,0
8639,30.00,30.03,39.60,39.60,39.89,0,0,0
8640,30.00,30.03,39.60,39.60,39.95,0,0,0
8641,30.00,30.04,39.60,39.60,39.93,0,0,0
8642,30.00,29.99,39.60,39.60,39.91,1,0,0
8643,30.00,30.03,39.60,39.60,39.95,0,0,0
8644,30.00,30.01,39.60,39.60,39.93,0,0,0
8645,30.00,30.00,39.60,39.60,39.96,1,0,0
8646,30.00,30.01,39.60,39.60,39.94,0,0,0
8647,30.00,30.00,39.60,39.60,39.96,1,0,0
8648,30.00,30.01,39.60,39.60,39.91,0,0,0
8649,30.00,30.00,39.60,39.60,39.89,0,0,0
8650,30.00,30.03,39.60,39.60,39.93,0,0,0
8651,30.00,30.01,39.60,39.60,39.91,0,0,0
8652,30.00,30.03,39.60,39.60,39.88,0,0,0
8653,30.00,30.01,39.60,39.60,39.88,0,0,0
8654,30.00,30.02,39.60,39.60,39.89,0,0,0
8655,30.00,30.02,39.60,39.60,39.87,0,0,0
8656,30.00,30.01,39.60,39.60,39.89,0,0,0
8657,30.00,30.03,39.60,39.60,39.85,0,0,0
8658,30.00,30.04,39.60,39.60,39.86,0,0,0
8659,30.00,30.03,39.60,39.60,39.85,0,0,0
8660,30.00,30.01,39.60,39.60,39.81,0,0,0
8661,30.00,30.03,39.60,39.60,39.78,0,0,0
8662,30.00,30.02,39.60,39.60,39.85,0,0,0
8663,30.00,30.03,39.60,39.60,39.84,0,0,0
8664,30.00,30.02,39.60,39.60,39.81,0,0,0
8665,30.00,30.02,39.60,39.60,39.81,0,0,0
8666,30.00,30.03,39.60,39.60,39.79,0,0,0
8667,30.00,30.01,39.60,39.60,39.79,0,0,0
8668,30.00,30.03,39.60,39.60,39.78,0,0,0
8669,30.00,30.03,39.60,39.60,39.79,0,0,0
8670,30.00,30.03,39.60,39.60,39.78,0,0,0
8671,30.00,30.02,39.60,39.60,39.80,0,0,0
8672,30.00,30.03,39.60,39.60,39.75,0,0,0
8673,30.00,30.03,39.60,39.60,39.73,0,0,0
8674,30.00,30.03,39.60,39.60,39.75,0,0,0
8675,30.00,30.03,39.60,39.60,39.76,0,0,0
8676,30.00,30.01,39.60,39.60,39.77,0,0,0
8677,30.00,30.01,39.60,39.60,39.74,0,0,0
8678,30.00,30.01,39.60,39.60,39.72,0,0,0
8679,30.00,30.03,39.60,39.60,39.73,0,0,0
8680,30.00,30.03,39.60,39.60,39.70,0,0,0
8681,30.00,30.01,39.60,39.60,39.69,0,0,0
8682,30.00,30.03,39.60,39.60,39.70,0,0,0
8683,30.00,30.03,39.60,39.60,39.68,0,0,0
8684,30.00,30.03,39.60,39.60,39.67,0,0,0
8685,30.00,30.02,39.60,39.60,39.64,0,0,0
8686,30.00,30.04,39.60,39.60,39.66,0,0,0
8687,30.00,30.03,39.60,39.60,39.63,0,0,0
8688,30.00,30.03,39.60,39.60,39.63,0,0,0
8689,30.00,30.01,39.60,39.60,39.67,0,0,0
8690,30.00,30.02,39.60,39.60,39.65,0,0,0
8691,30.00,30.04,39.60,39.60,39.65,0,0,0
8692,30.00,30.01,39.60,39.60,39.64,0,0,0
8693,30.00,30.03,39.60,39.60,39.62,0,0,0
8694,30.00,30.01,39.60,39.60,39.57,0,0,1
8695,30.00,30.02,39.60,39.60,39.57,0,0,0
8696,30.00,30.02,39.60,39.60,39.62,0,0,0
8697,30.00,30.04,39.60,39.60,39.74,0,0,0
8698,30.00,30.02,39.60,39.60,39.86,0,0,0
8699,30.00,30.03,39.60,39.60,39.96,0,0,0
8700,30.00,30.04,39.60,39.60,40.02,0,0,0
8701,30.00,30.02,39.60,39.60,40.01,0,0,0
8702,30.00,30.00,39.60,39.60,40.06,0,0,0
8703,30.00,30.01,39.60,39.60,40.05,0,0,0
8704,30.00,30.03,39.60,39.60,40.06,0,0,0
8705,30.00,30.00,39.60,39.60,40.07,0,0,0
8706,30.00,30.01,39.60,39.60,40.05,0,0,0
8707,30.00,30.03,39.60,39.60,40.07,0,0,0
8708,30.00,30.02,39.60,39.60,40.06,0,0,0
8709,30.00,30.03,39.60,39.60,40.05,0,0,0
8710,30.00,30.02,39.60,39.60,40.05,0,0,0
8711,30.00,30.05,39.60,39.60,40.04,0,0,0
8712,30.00,30.03,39.60,39.60,40.02,0,0,0
8713,30.00,30.03,39.60,39.60,40.04,0,0,0
8714,30.00,30.03,39.60,39.60,40.00,0,0,0
8715,30.00,30.02,39.60,39.60,40.02,0,0,0
8716,30.00,30.03,39.60,39.60,39.98,0,0,0
8717,30.00,30.03,39.60,39.60,39.99,0,0,0
8718,30.00,30.03,39.60,39.60,39.95,0,0,0
8719,30.00,30.02,39.60,39.60,39.97,0,0,0
8720,30.00,30.01,39.60,39.60,39.93,0,0,0
8721,30.00,30.04,39.60,39.60,39.96,0,0,0
8722,30.00,30.04,39.60,39.60,39.97,0,0,0
8723,30.00,30.01,39.60,39.60,39.96,0,0,0
8724,30.00,30.03,39.60,39.60,39.95,0,0,0
8725,30.00,30.03,39.60,39.60,39.94,0,0,0
8726,30.00,30.04,39.60,39.60,39.94,0,0,0
8727,30.00,30.00,39.60,39.60,39.94,0,0,0
8728,30.00,30.03,39.60,39.60,39.91,0,0,0
8729,30.00,30.03,39.60,39.60,39.89,0,0,0
8730,30.00,30.02,39.60,39.60,39.92,0,0,0
8731,30.00,30.03,39.60,39.60,39.89,0,0,0
8732,30.00,30.01,39.60,39.60,39.90,0,0,0
8733,30.00,30.04,39.60,39.60,39.86,0,0,0
8734,30.00,30.03,39.60,39.60,39.88,0,0,0
8735,30.00,30.03,39.60,39.60,39.90,0,0,0
8736,30.00,30.00,39.60,39.60,39.87,0,0,0
8737,30.00,30.02,39.60,39.60,39.86,0,0,0
8738,30.00,30.03,39.60,39.60,39.84,0,0,0
8739,30.00,30.03,39.60,39.60,39.81,0,0,0
8740,30.00,30.01,39.60,39.60,39.83,0,0,0
8741,30.00,30.04,39.60,39.60,39.81,0,0,0
8742,30.00,30.04,39.60,39.60,39.82,0,0,0
8743,30.00,30.01,39.60,39.60,39.83,0,0,0
8744,30.00,30.04,39.60,39.60,39.81,0,0,0
8745,30.00,30.02,39.60,39.60,39.82,0,0,0
8746,30.00,30.03,39.60,39.60,39.79,0,0,0
8747,30.00,30.00,39.60,39.60,39.79,1,0,0
8748,30.00,30.02,39.60,39.60,39.77,0,0,0
8749,30.00,30.03,39.60,39.60,39.82,0,0,0
8750,30.00,30.03,39.60,39.60,39.79,0,0,0
8751,30.00,30.01,39.60,39.60,39.76,0,0,0
8752,30.00,30.03,39.60,39.60,39.77,0,0,0
8753,30.00,30.01,39.60,39.60,39.76,0,0,0
8754,30.00,30.02,39.60,39.60,39.74,0,0,0
8755,30.00,30.02,39.60,39.60,39.76,0,0,0
8756,30.00,30.01,39.60,39.60,39.71,0,0,0
8757,30.00,30.03,39.60,39.60,39.72,0,0,0
8758,30.00,30.01,39.60,39.60,39.68,0,0,0
8759,30.00,30.00,39.60,39.60,39.68,0,0,0
8760,30.00,30.01,39.60,39.60,39.72,0,0,0
8761,30.00,30.03,39.60,39.60,39.71,0,0,0
8762,30.00,30.01,39.60,39.60,39.69,0,0,0
8763,30.00,30.02,39.60,39.60,39.71,0,0,0
8764,30.00,30.01,39.60,39.60,39.67,0,0,0
8765,30.00,30.02,39.60,39.60,39.68,0,0,0
8766,30.00,30.01,39.60,39.60,39.66,0,0,0
8767,30.00,30.04,39.60,39.60,39.67,0,0,0
8768,30.00,30.01,39.60,39.60,39.64,0,0,0
8769,30.00,30.03,39.60,39.60,39.64,0,0,0
8770,30.00,30.03,39.60,39.60,39.60,0,0,1
8771,30.00,30.03,39.60,39.60,39.61,0,0,0
8772,30.00,30.02,39.60,39.60,39.66,0,0,0
8773,30.00,30.02,39.60,39.60,39.77,0,0,0
8774,30.00,30.02,39.60,39.60,39.89,0,0,0
8775,30.00,30.02,39.60,39.60,40.00,0,0,0
8776,30.00,29.99,39.60,39.60,40.07,1,0,0
8777,30.00,30.03,39.60,39.60,40.18,0,0,0
8778,30.00,30.01,39.60,39.60,40.21,0,0,0
8779,30.00,30.00,39.60,39.60,40.19,1,0,0
8780,30.00,30.00,39.60,39.60,40.19,1,0,0
8781,30.00,29.99,39.60,39.60,40.23,1,0,0
8782,30.00,30.01,39.60,39.60,40.22,0,0,0
8783,30.00,30.01,39.60,39.60,40.22,0,0,0
8784,30.00,30.01,39.60,39.60,40.19,0,0,0
8785,30.00,30.00,39.60,39.60,40.21,1,0,0
8786,30.00,30.01,39.60,39.60,40.19,0,0,0
8787,30.00,30.01,39.60,39.60,40.18,0,0,0
8788,30.00,30.00,39.60,39.60,40.19,0,0,0
8789,30.00,30.00,39.60,39.60,40.14,0,0,0
8790,30.00,30.02,39.60,39.60,40.20,0,0,0
8791,30.00,30.00,39.60,39.60,40.12,0,0,0
8792,30.00,30.01,39.60,39.60,40.12,0,0,0
8793,30.00,30.02,39.60,39.60,40.12,0,0,0
8794,30.00,30.00,39.60,39.60,40.12,0,0,0
8795,30.00,30.01,39.60,39.60,40.09,0,0,0
8796,30.00,30.01,39.60,39.60,40.11,0,0,0
8797,30.00,29.99,39.60,39.60,40.08,1,0,0
8798,30.00,30.02,39.60,39.60,40.11,0,0,0
8799,30.00,30.00,39.60,39.60,40.10,0,0,0
8800,30.00,30.01,39.60,39.60,40.12,0,0,0
8801,30.00,29.99,39.60,39.60,40.08,1,0,0
8802,30.00,30.01,39.60,39.60,40.06,0,0,0
8803,30.00,30.00,39.60,39.60,40.06,1,0,0
8804,30.00,30.00,39.60,39.60,40.05,0,0,0
8805,30.00,29.99,39.60,39.60,40.05,1,0,0
8806,30.00,30.00,39.60,39.60,40.06,0,0,0
8807,30.00,30.01,39.60,39.60,40.05,0,0,0
8808,30.00,30.01,39.60,39.60,40.02,0,0,0
8809,30.00,30.01,39.60,39.60,40.03,0,0,0
8810,30.00,30.02,39.60,39.60,39.99,0,0,0
8811,30.00,29.99,39.60,39.60,39.98,1,0,0
8812,30.00,30.00,39.60,39.60,39.99,1,0,0
8813,30.00,30.02,39.60,39.60,40.01,0,0,0
8814,30.00,30.02,39.60,39.60,40.00,0,0,0
8815,30.00,30.00,39.60,39.60,39.96,1,0,0
8816,30.00,29.99,39.60,39.60,39.96,1,0,0
8817,30.00,30.01,39.60,39.60,39.94,0,0,0
8818,30.00,29.99,39.60,39.60,39.98,1,0,0
8819,30.00,30.00,39.60,39.60,39.91,0,0,0
8820,30.00,30.01,39.60,39.60,39.99,0,0,0
8821,30.00,30.01,39.60,39.60,39.95,0,0,0
8822,30.00,30.00,39.60,39.60,39.93,1,0,0
8823,30.00,29.99,39.60,39.60,39.91,1,0,0
8824,30.00,30.00,39.60,39.60,39.93,0,0,0
8825,30.00,29.99,39.60,39.60,39.89,1,0,0
8826,30.00,30.00,39.60,39.60,39.91,1,0,0
8827,30.00,30.00,39.60,39.60,39.88,1,0,0
8828,30.00,29.99,39.60,39.60,39.92,1,0,0
8829,30.00,30.03,39.60,39.60,39.89,0,0,0
8830,30.00,30.02,39.60,39.60,39.90,0,0,0
8831,30.00,30.02,39.60,39.60,39.89,0,0,0
8832,30.00,29.99,39.60,39.60,39.87,1,0,0
8833,30.00,30.00,39.60,39.60,39.84,1,0,0
8834,30.00,30.03,39.60,39.60,39.85,0,0,0
8835,30.00,30.03,39.60,39.60,39.89,0,0,0
8836,30.00,30.01,39.60,39.60,39.85,0,0,0
8837,30.00,30.02,39.60,39.60,39.86,0,0,0
8838,30.00,30.00,39.60,39.60,39.87,1,0,0
8839,30.00,30.00,39.60,39.60,39.85,0,0,0
8840,30.00,30.00,39.60,39.60,39.84,1,0,0
8841,30.00,30.01,39.60,39.60,39.83,0,0,0
8842,30.00,30.01,39.60,39.60,39.84,0,0,0
8843,30.00,30.01,39.60,39.60,39.82,0,0,0
8844,30.00,30.01,39.60,39.60,39.82,0,0,0
8845,30.00,30.02,39.60,39.60,39.78,0,0,0
8846,30.00,30.00,39.60,39.60,39.77,1,0,0
8847,30.00,30.01,39.60,39.60,39.77,0,0,0
8848,30.00,29.99,39.60,39.60,39.75,1,0,0
8849,30.00,30.00,39.60,39.60,39.79,1,0,0
8850,30.00,30.00,39.60,39.60,39.78,0,0,0
8851,30.00,30.02,39.60,39.60,39.77,0,0,0
8852,30.00,30.00,39.60,39.60,39.76,1,0,0
8853,30.00,30.03,39.60,39.60,39.74,0,0,0
8854,30.00,30.01,39.60,39.60,39.74,0,0,0
8855,30.00,30.01,39.60,39.60,39.75,0,0,0
8856,30.00,30.01,39.60,39.60,39.74,0,0,0
8857,30.00,30.02,39.60,39.60,39.76,0,0,0
8858,30.00,30.01,39.60,39.60,39.70,0,0,0
8859,30.00,30.01,39.60,39.60,39.74,0,0,0
8860,30.00,30.02,39.60,39.60,39.74,0,0,0
8861,30.00,30.00,39.60,39.60,39.71,1,0,0
8862,30.00,29.99,39.60,39.60,39.69,1,0,0
8863,30.00,30.01,39.60,39.60,39.67,0,0,0
8864,30.00,30.03,39.60,39.60,39.70,0,0,0
8865,30.00,30.00,39.60,39.60,39.69,1,0,0
8866,30.00,30.01,39.60,39.60,39.70,0,0,0
8867,30.00,30.03,39.60,39.60,39.69,0,0,0
8868,30.00,30.01,39.60,39.60,39.64,0,0,0
8869,30.00,30.03,39.60,39.60,39.67,0,0,0
8870,30.00,30.02,39.60,39.60,39.64,0,0,0
8871,30.00,30.02,39.60,39.60,39.66,0,0,0
8872,30.00,30.03,39.60,39.60,39.63,0,0,0
8873,30.00,30.01,39.60,39.60,39.64,0,0,0
8874,30.00,30.02,39.60,39.60,39.60,0,0,0
8875,30.00,30.03,39.60,39.60,39.63,0,0,0
8876,30.00,30.02,39.60,39.60,39.64,0,0,0
8877,30.00,30.00,39.60,39.60,39.62,0,0,0
8878,30.00,30.02,39.60,39.60,39.59,0,0,1
8879,30.00,30.03,39.60,39.60,39.57,0,0,0
8880,30.00,30.03,39.60,39.60,39.56,0,0,0
8881,30.00,30.04,39.60,39.60,39.76,0,0,0
8882,30.00,30.03,39.60,39.60,40.02,0,0,0
8883,30.00,30.01,39.60,39.60,40.08,0,0,0
8884,30.00,30.00,39.60,39.60,40.18,1,0,0
8885,30.00,30.03,39.60,39.60,40.19,0,0,0
8886,30.00,30.00,39.60,39.60,40.27,0,0,0
8887,30.00,29.99,39.60,39.60,40.25,1,0,0
8888,30.00,30.03,39.60,39.60,40.32,0,0,0
8889,30.00,30.00,39.60,39.60,40.29,1,0,0
8890,30.00,30.02,39.60,39.60,40.32,0,0,0
8891,30.00,30.03,39.60,39.60,40.34,0,0,0
8892,30.00,30.01,39.60,39.60,40.29,0,0,0
8893,30.00,30.01,39.60,39.60,40.31,0,0,0
8894,30.00,30.01,39.60,39.60,40.26,0,0,0
8895,30.00,30.02,39.60,39.60,40.30,0,0,0
8896,30.00,30.01,39.60,39.60,40.28,0,0,0
8897,30.00,30.00,39.60,39.60,40.24,1,0,0
8898,30.00,30.01,39.60,39.60,40.30,0,0,0
8899,30.00,30.02,39.60,39.60,40.28,0,0,0
8900,30.00,30.00,39.60,39.60,40.23,0,0,0
8901,30.00,30.03,39.60,39.60,40.23,0,0,0
8902,30.00,30.02,39.60,39.60,40.24,0,0,0
8903,30.00,30.04,39.60,39.60,40.24,0,0,0
8904,30.00,30.01,39.60,39.60,40.23,0,0,0
8905,30.00,30.03,39.60,39.60,40.21,0,0,0
8906,30.00,29.99,39.60,39.60,40.22,1,0,0
8907,30.00,30.03,39.60,39.60,40.19,0,0,0
8908,30.00,30.01,39.60,39.60,40.19,0,0,0
8909,30.00,30.01,39.60,39.60,40.19,0,0,0
8910,30.00,30.02,39.60,39.60,40.18,0,0,0
8911,30.00,30.02,39.60,39.60,40.17,0,0,0
8912,30.00,30.01,39.60,39.60,40.13,0,0,0
8913,30.00,30.04,39.60,39.60,40.15,0,0,0
8914,30.00,30.02,39.60,39.60,40.16,0,0,0
8915,30.00,30.02,39.60,39.60,40.12,0,0,0
8916,30.00,30.01,39.60,39.60,40.11,0,0,0
8917,30.00,30.02,39.60,39.60,40.09,0,0,0
8918,30.00,30.01,39.60,39.60,40.09,0,0,0
8919,30.00,30.02,39.60,39.60,40.09,0,0,0
8920,30.00,30.02,39.60,39.60,40.06,0,0,0
8921,30.00,30.01,39.60,39.60,40.05,0,0,0
8922,30.00,30.03,39.60,39.60,40.06,0,0,0
8923,30.00,30.01,39.60,39.60,40.02,0,0,0
8924,30.00,30.02,39.60,39.60,40.03,0,0,0
8925,30.00,30.00,39.60,39.60,40.02,1,0,0
8926,30.00,29.99,39.60,39.60,40.02,1,0,0
8927,30.00,30.03,39.60,39.60,40.01,0,0,0
8928,30.00,30.02,39.60,39.60,39.99,0,0,0
8929,30.00,30.02,39.60,39.60,40.00,0,0,0
8930,30.00,30.02,39.60,39.60,39.94,0,0,0
8931,30.00,30.03,39.60,39.60,39.99,0,0,0
8932,30.00,30.03,39.60,39.60,39.97,0,0,0
8933,30.00,30.02,39.60,39.60,39.98,0,0,0
8934,30.00,30.03,39.60,39.60,39.94,0,0,0
8935,30.00,30.04,39.60,39.60,39.94,0,0,0
8936,30.00,30.03,39.60,39.60,39.94,0,0,0
8937,30.00,30.02,39.60,39.60,39.95,0,0,0
8938,30.00,30.03,39.60,39.60,39.94,0,0,0
8939,30.00,30.02,39.60,39.60,39.91,0,0,0
8940,30.00,30.01,39.60,39.60,39.94,0,0,0
8941,30.00,30.02,39.60,39.60,39.89,0,0,0
8942,30.00,30.01,39.60,39.60,39.92,0,0,0
8943,30.00,30.03,39.60,39.60,39.86,0,0,0
8944,30.00,30.02,39.60,39.60,39.89,0,0,0
8945,30.00,30.03,39.60,39.60,39.87,0,0,0
8946,30.00,30.04,39.60,39.60,39.85,0,0,0
8947,30.00,30.04,39.60,39.60,39.83,0,0,0
8948,30.00,30.00,39.60,39.60,39.82,0,0,0
8949,30.00,30.01,39.60,39.60,39.84,0,0,0
8950,30.00,30.02,39.60,39.60,39.82,0,0,0
8951,30.00,30.02,39.60,39.60,39.82,0,0,0
8952,30.00,30.04,39.60,39.60,39.81,0,0,0
8953,30.00,30.02,39.60,39.60,39.81,0,0,0
8954,30.00,30.00,39.60,39.60,39.82,0,0,0
8955,30.00,30.03,39.60,39.60,39.80,0,0,0
8956,30.00,30.01,39.60,39.60,39.77,0,0,0
8957,30.00,30.02,39.60,39.60,39.77,0,0,0
8958,30.00,30.00,39.60,39.60,39.78,0,0,0
8959,30.00,30.04,39.60,39.60,39.75,0,0,0
8960,30.00,30.04,39.60,39.60,39.76,0,0,0
8961,30.00,30.04,39.60,39.60,39.72,0,0,0
8962,30.00,30.04,39.60,39.60,39.74,0,0,0
8963,30.00,30.01,39.60,39.60,39.73,0,0,0
8964,30.00,30.02,39.60,39.60,39.71,0,0,0
8965,30.00,30.03,39.60,39.60,39.71,0,0,0
8966,30.00,30.01,39.60,39.60,39.70,0,0,0
8967,30.00,30.01,39.60,39.60,39.70,0,0,0
8968,30.00,30.03,39.60,39.60,39.68,0,0,0
8969,30.00,30.01,39.60,39.60,39.69,0,0,0
8970,30.00,30.04,39.60,39.60,39.69,0,0,0
8971,30.00,30.03,39.60,39.60,39.63,0,0,0
8972,30.00,30.03,39.60,39.60,39.68,0,0,0
8973,30.00,30.02,39.60,39.60,39.68,0,0,0
8974,30.00,30.02,39.60,39.60,39.63,0,0,0
8975,30.00,30.03,39.60,39.60,39.59,0,0,1
8976,30.00,30.03,39.60,39.60,39.60,0,0,0
8977,30.00,30.04,39.60,39.60,39.62,0,0,0
8978,30.00,30.01,39.60,39.60,39.74,0,0,0
8979,30.00,30.03,39.60,39.60,39.89,0,0,0
8980,30.00,30.02,39.60,39.60,39.91,0,0,0
8981,30.00,30.01,39.60,39.60,39.97,0,0,0
8982,30.00,30.02,39.60,39.60,40.02,0,0,0
8983,30.00,30.02,39.60,39.60,40.03,0,0,0
8984,30.00,30.00,39.60,39.60,39.98,0,0,0
8985,30.00,30.01,39.60,39.60,40.06,0,0,0
8986,30.00,30.01,39.60,39.60,40.01,0,0,0
8987,30.00,30.03,39.60,39.60,40.00,0,0,0
8988,30.00,30.04,39.60,39.60,39.97,0,0,0
8989,30.00,30.01,39.60,39.60,40.00,0,0,0
8990,30.00,30.03,39.60,39.60,40.00,0,0,0
8991,30.00,30.01,39.60,39.60,40.00,0,0,0
8992,30.00,30.01,39.60,39.60,39.99,0,0,0
8993,30.00,30.04,39.60,39.60,39.97,0,0,0
8994,30.00,30.03,39.60,39.60,39.98,0,0,0
8995,30.00,30.01,39.60,39.60,39.96,0,0,0
8996,30.00,30.04,39.60,39.60,39.92,0,0,0
8997,30.00,30.03,39.60,39.60,39.93,0,0,0
8998,30.00,30.03,39.60,39.60,39.91,0,0,0
8999,30.00,30.02,39.60,39.60,39.90,0,0,0
